idPlayer,shortName,nick,birthdate,fullName,nameTeam,position,price,initialPrice,injuredDays,fisicStatus,isExtraCommunity,isNational,license,partidos_actual,sum_points_actual,media_actual_sin_bonus,rival_logo,prox_local,idPlayer_2526,partidos_2526,media_2526_sin_bonus,media_2526_con_bonus,minutos_2526,nameTeam_2526,cambio_equipo,win_pct_equipo_2526,fuerza_equipo,rival,fuerza_rival,hfa,p_win,W,factor_hist,peso_hist,peso_actual,media_sin_bonus,puntos_esperados,reval_euros,p_sube_15,p_baja_15,reval_esperada,reval_euros_norm,N_actual,media_implicita,umbral_mantiene,umbral_sube_15,umbral_baja_15,pronostico,alerta_lesion,partidos_rincon,minutos_medios,minutos_max,minutos_min,sm_medios,val_medios,puntos_medios,ultima_jornada,minutos_ultimo,minutos_tendencia,ppm_sm,ppm_val
18,A. Verge,Verge,17/10/1998,Alonzo Verge Jr.,Leyma Coruña,1,767050.0,580000.0,0,fit,True,False,EXT,2,37.2,17.0,2425CasademontZaragoza.png,True,,,,,,,False,0.5,0.5,Casademont Zaragoza,0.3627450980392157,0.1,0.740586592542888,0.3333333333333333,1.0,0.6666666666666667,0.3333333333333332,12.696969696969695,14.577610801669517,52946.74084769271,0.432,0.06175,0.0690264530965291,0.5294674084769271,2,15.341,8.822999999999993,15.726449999999986,1.9195499999999937,up,False,2.0,26.62,30.32,22.92,18.6,17.0,22.5,2.0,30.32,3.6999999999999993,0.6987227648384673,0.6386175807663411
81,R. Blumbergs,Blumbergs,29/04/1998,Roberts Blumbergs,Casademont Zaragoza,5,502550.0,380000.0,0,fit,False,False,EUR,2,33.2,14.5,202627LeymaCorunaLogoPositivoOK.png,False,,,,,,,False,0.2941176470588235,0.3627450980392157,Leyma Coruña,0.5,-0.1,0.2594134074571121,0.3333333333333333,1.0,0.6666666666666667,0.3333333333333332,9.61851851851852,10.117553051234164,69070.91045272967,0.8915,0.0065,0.1374408724559341,0.6907091045272967,2,10.051,-3.047000000000004,1.4759499999999974,-7.569950000000002,upup,False,2.0,27.775,30.35,25.2,16.6,14.5,10.0,2.0,30.35,2.575000000000003,0.5976597659765978,0.5220522052205221
15,C. Pacheco,Pacheco,22/02/1999,Caio Pacheco,Leyma Coruña,1,462875.0,350000.0,0,fit,False,False,EUR,2,32.6,15.0,2425CasademontZaragoza.png,True,,,,,,,False,0.5,0.5,Casademont Zaragoza,0.3627450980392157,0.1,0.740586592542888,0.3333333333333333,1.0,0.6666666666666667,0.3333333333333332,9.242424242424242,10.611387337730791,66729.81325552135,0.938,0.003,0.1441637877515989,0.6672981325552135,2,9.2575,-4.827500000000001,-0.6616250000000008,-8.993375,upup,False,2.0,25.16,28.2,22.12,16.3,15.0,12.0,2.0,28.2,3.039999999999999,0.6478537360890302,0.5961844197138315
14,D. Skapintsev,Skapintsev,12/05/1998,Dmytro Skapintsev,Leyma Coruña,5,515775.0,390000.0,0,fit,False,False,EUR,2,31.2,14.0,2425CasademontZaragoza.png,True,,,,,,,False,0.5,0.5,Casademont Zaragoza,0.3627450980392157,0.1,0.740586592542888,0.3333333333333333,1.0,0.6666666666666667,0.3333333333333332,9.393939393939394,10.78534450720179,66103.46615308069,0.8135,0.01275,0.1281633777385113,0.6610346615308069,2,10.3155,-0.2534999999999989,4.388474999999996,-4.895475000000001,upup,False,2.0,18.785,20.07,17.5,15.6,14.0,10.0,2.0,20.07,1.2850000000000001,0.8304498269896193,0.7452754857599149
90,A. Olaseni,Olaseni,29/12/1991,Gabriel Olaseni,Casademont Zaragoza,5,469200.0,480000.0,0,fit,False,False,EUR,2,29.0,14.0,202627LeymaCorunaLogoPositivoOK.png,False,333.0,3.0,7.0,7.466666666666666,20.038888888888888,Casademont Zaragoza,False,0.2941176470588235,0.3627450980392157,Leyma Coruña,0.5,-0.1,0.2594134074571121,0.3333333333333333,1.0,0.6666666666666667,0.3333333333333332,9.333333333333332,9.81757169391994,59850.8771720638,0.815,0.01525,0.1275594142627105,0.598508771720638,2,9.384,-0.847999999999999,3.3747999999999934,-5.070799999999998,upup,False,2.0,18.945,23.32,14.57,14.5,14.0,7.0,2.0,23.32,4.375,0.7653734494589601,0.7389812615465822
84,J. Jaworski,Jaworski,21/06/1999,Justin Jaworski,Casademont Zaragoza,3,396750.0,300000.0,0,fit,True,False,EXT,2,27.4,12.5,202627LeymaCorunaLogoPositivoOK.png,False,156.0,32.0,6.4375,7.575,22.7546875,Surne Bilbao,True,0.2941176470588235,0.3627450980392157,Leyma Coruña,0.5,-0.1,0.2594134074571121,0.3333333333333333,1.0,0.6666666666666667,0.3333333333333332,8.458333333333332,8.897174347614946,54985.345923752175,0.91175,0.00925,0.1385894037145612,0.5498534592375217,2,7.935,-3.594999999999999,-0.0242500000000021,-7.165749999999999,upup,False,2.0,27.365000000000002,27.48,27.25,13.7,12.5,18.5,2.0,27.48,0.11499999999999844,0.5006395030147999,0.45678786771423346
82,T. Bell-Haynes,Bell-Haynes,05/09/1995,Trae Bell-Haynes,Casademont Zaragoza,1,650000.0,580000.0,0,fit,False,False,COT,2,26.0,11.0,202627LeymaCorunaLogoPositivoOK.png,False,112.0,20.0,14.2,15.49,25.62,Casademont Zaragoza,False,0.2941176470588235,0.3627450980392157,Leyma Coruña,0.5,-0.1,0.2594134074571121,0.3333333333333333,1.0,0.6666666666666667,0.3333333333333332,13.133333333333333,13.814725883587348,7126.888489276869,0.267,0.1965,0.0109644438296567,0.0712688848927687,2,13.0,13.0,18.849999999999994,7.149999999999999,up,False,2.0,19.975,23.57,16.38,13.0,11.0,12.0,2.0,16.38,-3.5950000000000024,0.6508135168961201,0.5506883604505631
21,G. Conditt,Conditt,22/08/2000,George Conditt,Leyma Coruña,5,590000.0,540000.0,0,fit,True,False,EXT,2,23.6,11.5,2425CasademontZaragoza.png,True,,,,,,,False,0.5,0.5,Casademont Zaragoza,0.3627450980392157,0.1,0.740586592542888,0.3333333333333333,1.0,0.6666666666666667,0.3333333333333332,10.37878787878788,11.916066108763268,1663.5500407458749,0.24325,0.22675,0.0028195763402472,0.0166355004074587,2,11.8,11.800000000000004,17.11,6.490000000000002,flat,False,,,,,,,,,,,,
19,D. Cuevas,Cuevas,20/06/2000,Dídac Cuevas,Leyma Coruña,1,264500.0,200000.0,0,fit,False,True,JFL,2,22.4,10.5,2425CasademontZaragoza.png,True,,,,,,,False,0.5,0.5,Casademont Zaragoza,0.3627450980392157,0.1,0.740586592542888,0.3333333333333333,1.0,0.6666666666666667,0.3333333333333332,5.924242424242424,6.801725326315967,38427.829347504594,0.9635,0.00475,0.145284799045386,0.3842782934750459,2,5.29,-6.529999999999998,-4.1495,-8.910499999999999,upup,False,2.0,14.625,16.47,12.78,11.2,10.5,7.0,2.0,12.78,-1.8450000000000006,0.7658119658119658,0.717948717948718
17,L. Uleckas,Uleckas,06/08/1999,Lukas Uleckas,Leyma Coruña,3,351900.0,360000.0,0,fit,False,False,EUR,2,22.0,9.5,2425CasademontZaragoza.png,True,,,,,,,False,0.5,0.5,Casademont Zaragoza,0.3627450980392157,0.1,0.740586592542888,0.3333333333333333,1.0,0.6666666666666667,0.3333333333333332,7.530303030303031,8.645671322708532,44041.41988431668,0.83425,0.02925,0.125153225019371,0.4404141988431668,2,7.038,-0.8859999999999992,2.281100000000002,-4.053100000000001,upup,False,2.0,26.064999999999998,29.23,22.9,11.0,9.5,10.0,2.0,29.23,3.1650000000000027,0.42202186840590833,0.36447343180510267
85,G. Vives,Vives,16/06/1993,Guillem Vives,Casademont Zaragoza,1,276000.0,220000.0,0,fit,False,True,JFL,2,17.8,8.5,202627LeymaCorunaLogoPositivoOK.png,False,97.0,27.0,3.5185185185185186,3.985185185185185,12.78641975308642,Asisa Joventut,True,0.2941176470588235,0.3627450980392157,Leyma Coruña,0.5,-0.1,0.2594134074571121,0.3333333333333333,1.0,0.6666666666666667,0.3333333333333332,5.179012345679012,5.44771339365002,31329.43823982397,0.784,0.04975,0.1135124573906665,0.3132943823982397,2,5.52,-1.240000000000002,1.2439999999999962,-3.724000000000004,upup,False,2.0,18.25,19.38,17.12,8.9,8.5,8.5,2.0,19.38,1.129999999999999,0.4876712328767123,0.4657534246575342
91,C. Homesley,Homesley,27/11/1996,Caleb Homesley,Casademont Zaragoza,3,385000.0,500000.0,0,fit,True,False,EXT,2,15.4,7.0,202627LeymaCorunaLogoPositivoOK.png,False,,,,,,,False,0.2941176470588235,0.3627450980392157,Leyma Coruña,0.5,-0.1,0.2594134074571121,0.3333333333333333,1.0,0.6666666666666667,0.3333333333333332,8.62962962962963,9.077357955092646,9254.313558906955,0.38825,0.234,0.024037178075083,0.0925431355890695,2,7.7,7.700000000000001,11.164999999999996,4.234999999999998,up,False,2.0,20.814999999999998,24.2,17.43,7.7,7.0,11.0,2.0,17.43,-3.384999999999998,0.36992553447033394,0.3362959404275763
23,J. Diaz,Diaz,23/07/1996,Jacobo Diaz,Leyma Coruña,3,205275.0,210000.0,0,fit,False,True,JFL,2,15.0,6.5,2425CasademontZaragoza.png,True,,,,,,,False,0.5,0.5,Casademont Zaragoza,0.3627450980392157,0.1,0.740586592542888,0.3333333333333333,1.0,0.6666666666666667,0.3333333333333332,4.712121212121212,5.410067970547994,25462.175505831896,0.859,0.0465,0.1240393399382871,0.2546217550583189,2,4.1055,-2.6834999999999987,-0.8360249999999994,-4.530975,upup,False,2.0,10.15,16.28,4.02,7.5,6.5,3.5,2.0,16.28,6.130000000000001,0.7389162561576355,0.6403940886699507
89,L. Birutis,Birutis,27/08/1997,Laurynas Birutis,Casademont Zaragoza,5,476850.0,660000.0,0,fit,False,False,EUR,2,14.2,6.5,202627LeymaCorunaLogoPositivoOK.png,False,,,,,,,False,0.2941176470588235,0.3627450980392157,Leyma Coruña,0.5,-0.1,0.2594134074571121,0.3333333333333333,1.0,0.6666666666666667,0.3333333333333332,10.477777777777778,11.021392984960126,-23857.348029691668,0.1435,0.43875,-0.0500311377365873,-0.2385734802969167,2,9.537,14.411000000000003,18.702649999999995,10.11935,down,False,2.0,20.715,24.75,16.68,7.1,6.5,5.5,2.0,16.68,-4.035,0.34274680183441947,0.313782283369539
16,P. Jorgensen,Jorgensen,21/07/1996,Paul Jorgensen,Leyma Coruña,3,320000.0,320000.0,0,fit,False,False,EUR,2,12.8,6.0,2425CasademontZaragoza.png,True,,,,,,,False,0.5,0.5,Casademont Zaragoza,0.3627450980392157,0.1,0.740586592542888,0.3333333333333333,1.0,0.6666666666666667,0.3333333333333332,5.878787878787879,6.749538175474668,1668.5372484309482,0.341,0.3095,0.0052141789013467,0.0166853724843094,2,6.4,6.400000000000002,9.279999999999998,3.52,up,False,2.0,18.735,18.97,18.5,6.4,6.0,11.0,2.0,18.97,0.23499999999999943,0.34160661862823594,0.32025620496397117
24,G. Jou,Jou,15/07/1997,Guillem Jou,Leyma Coruña,3,251275.0,190000.0,0,fit,False,True,JFL,2,12.6,6.0,2425CasademontZaragoza.png,True,,,,,,,False,0.5,0.5,Casademont Zaragoza,0.3627450980392157,0.1,0.740586592542888,0.3333333333333333,1.0,0.6666666666666667,0.3333333333333332,4.303030303030303,4.940383612976303,12923.180027192866,0.5265,0.19875,0.0514304249415694,0.1292318002719286,2,5.0255,2.4765,4.7379750000000005,0.2150250000000007,upup,False,2.0,11.99,14.15,9.83,6.3,6.0,6.0,2.0,9.83,-2.16,0.5254378648874062,0.5004170141784821
86,M. González,González,20/03/1999,Miguel González,Casademont Zaragoza,3,264500.0,200000.0,0,fit,False,True,JFL,2,10.8,5.0,202627LeymaCorunaLogoPositivoOK.png,False,122.0,30.0,4.433333333333334,4.739999999999999,18.22,Casademont Zaragoza,False,0.2941176470588235,0.3627450980392157,Leyma Coruña,0.5,-0.1,0.2594134074571121,0.3333333333333333,1.0,0.6666666666666667,0.3333333333333332,4.622222222222223,4.862035505560353,-1319.535508055007,0.331,0.35525,-0.0049887920909452,-0.01319535508055,2,5.29,5.07,7.450499999999998,2.689499999999999,up,False,2.0,13.649999999999999,15.03,12.27,5.4,5.0,3.0,2.0,12.27,-1.379999999999999,0.3956043956043957,0.36630036630036633
22,D. Radoncic,Radoncic,08/01/1999,Dino Radoncic,Leyma Coruña,5,260100.0,360000.0,0,fit,False,True,JFL,2,8.8,4.0,2425CasademontZaragoza.png,True,,,,,,,False,0.5,0.5,Casademont Zaragoza,0.3627450980392157,0.1,0.740586592542888,0.3333333333333333,1.0,0.6666666666666667,0.3333333333333332,5.696969696969697,6.540789572109473,-1148.9369407711492,0.336,0.363,-0.0044172892763212,-0.0114893694077114,2,5.202,6.805999999999999,9.1469,4.465099999999998,up,False,2.0,21.21,21.32,21.1,4.4,4.0,5.0,2.0,21.32,0.10999999999999943,0.20744931636020747,0.1885902876001886
83,N. Brussino,Brussino,02/03/1993,Nico Brussino,Casademont Zaragoza,3,397375.0,550000.0,0,fit,False,False,EUR,2,7.2,3.5,202627LeymaCorunaLogoPositivoOK.png,False,142.0,31.0,12.193548387096774,13.303225806451612,27.788172043010757,Dreamland Gran Canaria,True,0.2941176470588235,0.3627450980392157,Leyma Coruña,0.5,-0.1,0.2594134074571121,0.3333333333333333,1.0,0.6666666666666667,0.3333333333333332,9.295698924731184,9.77798471128317,-38966.4985615933,0.063,0.67625,-0.0980597636026254,-0.389664985615933,2,7.9475,16.642500000000002,20.218875,13.066125,downdown,False,2.0,20.884999999999998,22.82,18.95,3.6,3.5,5.5,2.0,22.82,1.9350000000000023,0.1723725161599234,0.16758439071103665
20,K. Silins,Silins,22/07/1997,Karlis Silins,Leyma Coruña,5,238425.0,330000.0,0,fit,False,False,EUR,2,5.2,2.0,2425CasademontZaragoza.png,True,,,,,,,False,0.5,0.5,Casademont Zaragoza,0.3627450980392157,0.1,0.740586592542888,0.3333333333333333,1.0,0.6666666666666667,0.3333333333333332,4.666666666666667,5.357880819706696,-17833.994802855013,0.14275,0.62425,-0.0747991813058824,-0.1783399480285501,2,4.7685,9.105500000000005,11.251324999999998,6.959675,downdown,False,2.0,18.155,18.48,17.83,2.6,2.0,4.0,2.0,18.48,0.3249999999999993,0.14321123657394658,0.11016248967226659
88,J. Fernández,Fernández,15/07/2000,Jaime Fernández,Casademont Zaragoza,5,110000.0,150000.0,0,fit,False,True,JFL,2,4.4,2.0,202627LeymaCorunaLogoPositivoOK.png,False,124.0,25.0,2.56,2.728,9.781333333333333,Casademont Zaragoza,False,0.2941176470588235,0.3627450980392157,Leyma Coruña,0.5,-0.1,0.2594134074571121,0.3333333333333333,1.0,0.6666666666666667,0.3333333333333332,2.373333333333333,2.496468230739642,505.6986058786715,0.439,0.406,0.0045972600534424,0.0050569860587867,2,2.2,2.2,3.1899999999999995,1.21,up,False,2.0,17.375,17.63,17.12,11.9,10.5,11.5,2.0,17.63,0.254999999999999,0.6848920863309352,0.60431654676259
25,T. Dimsa,Dimsa,02/01/1994,Tomas Dimsa,Leyma Coruña,3,410000.0,410000.0,0,fit,False,False,EUR,2,0.0,0.0,2425CasademontZaragoza.png,True,,,,,,,False,0.5,0.5,Casademont Zaragoza,0.3627450980392157,0.1,0.740586592542888,0.3333333333333333,1.0,0.6666666666666667,0.3333333333333332,4.96969696969697,5.705795158648688,-61408.70451878593,0.0,0.99525,-0.1497773280945998,-0.6140870451878593,2,8.2,24.6,28.289999999999992,20.91,downdown,False,,,,,,,,,,,,
87,S. García,García,17/02/1997,Sergi García,Casademont Zaragoza,1,130050.0,180000.0,0,fit,False,True,JFL,2,0.0,0.0,202627LeymaCorunaLogoPositivoOK.png,False,110.0,14.0,7.428571428571429,8.0,19.9,Hiopos Lleida,True,0.2941176470588235,0.3627450980392157,Leyma Coruña,0.5,-0.1,0.2594134074571121,0.3333333333333333,1.0,0.6666666666666667,0.3333333333333332,4.952380952380953,5.209323755957522,-6417.0400964808505,0.2615,0.59325,-0.0493428688695182,-0.0641704009648085,2,2.601,7.803,8.97345,6.632549999999999,up,False,2.0,4.055,4.23,3.88,0.0,0.0,0.0,2.0,4.23,0.1750000000000007,0.0,0.0
247,M. Lukic,,19/10/2009,Matija Lukic,Casademont Zaragoza,3,130000.0,130000.0,0,fit,False,False,EUR,1,0.0,0.0,202627LeymaCorunaLogoPositivoOK.png,False,,,,,,,False,0.2941176470588235,0.3627450980392157,Leyma Coruña,0.5,-0.1,0.2594134074571121,0.2,1.0,0.8,0.1999999999999999,1.9644444444444449,2.06636508986315,-9155.958634889408,0.22,0.68525,-0.0704304510376108,-0.091559586348894,1,2.6,5.2,5.98,4.42,downdown,False,,,,,,,,,,,,
45,A. Noua,Noua,07/02/1997,Amine Noua,Unicaja,5,555450.0,420000.0,0,fit,False,False,EUR,2,39.0,19.5,20252026MorabancAndorraLogoPositivoOK.png,True,,,,,,,False,0.5,0.3333333333333333,MoraBanc Andorra,0.2352941176470588,0.1,0.7093350727006906,0.3333333333333333,1.0,0.6666666666666667,0.3333333333333332,11.59090909090909,13.23527675944251,81503.9659665688,0.96225,0.00125,0.1467350183933185,0.8150396596656879,2,11.109,-5.673000000000002,-0.6739500000000049,-10.67205,upup,False,2.0,24.6,26.77,22.43,19.5,19.5,15.5,2.0,22.43,-2.1700000000000017,0.7926829268292682,0.7926829268292682
188,L. Radosevic,Radosevic,26/02/1990,Leon Radosevic,MoraBanc Andorra,5,379500.0,330000.0,0,fit,False,False,EUR,1,17.0,17.0,2324UnicajaLogo.png,False,,,,,,,False,0.3529411764705882,0.2352941176470588,Unicaja,0.3333333333333333,-0.1,0.2906649272993093,0.2,1.0,0.8,0.1999999999999999,8.331868131868132,8.816224500831508,49649.85848292161,0.88825,0.02925,0.1308296666216643,0.4964985848292161,1,7.59,-1.8200000000000005,0.4569999999999972,-4.097000000000001,upup,False,1.0,18.3,18.3,18.3,17.0,17.0,10.0,1.0,18.3,0.0,0.9289617486338797,0.9289617486338797
42,W. Hernangómez,Hernangómez,27/05/1994,Willy Hernangómez,Unicaja,5,780275.0,590000.0,0,fit,False,True,JFL,2,32.0,16.0,20252026MorabancAndorraLogoPositivoOK.png,True,200.0,33.0,12.212121212121213,14.133333333333333,16.11969696969697,Barça,True,0.5,0.3333333333333333,MoraBanc Andorra,0.2352941176470588,0.1,0.7093350727006906,0.3333333333333333,1.0,0.6666666666666667,0.3333333333333332,13.474747474747476,15.386369670672169,4457.71449696424,0.20825,0.18725,0.0057130043855874,0.0445771449696423,2,15.6055,14.816499999999998,21.83897499999999,7.794024999999998,flat,False,2.0,18.965,22.68,15.25,16.0,16.0,13.0,2.0,15.25,-3.715,0.8436593725283417,0.8436593725283417
183,J. Akinjo,Akinjo,27/11/2000,James Akinjo,MoraBanc Andorra,1,540500.0,470000.0,0,fit,True,False,EXT,1,16.0,16.0,2324UnicajaLogo.png,False,,,,,,,False,0.3529411764705882,0.2352941176470588,Unicaja,0.3333333333333333,-0.1,0.2906649272993093,0.2,1.0,0.8,0.1999999999999999,10.224175824175823,10.818537688701708,42013.70529736171,0.6035,0.11375,0.077731184638967,0.4201370529736171,1,10.81,5.620000000000001,8.863,2.376999999999999,upup,False,1.0,28.43,28.43,28.43,16.0,16.0,9.0,1.0,28.43,0.0,0.5627857896588111,0.5627857896588111
190,A. Pustovyi,Pustovyi,25/06/1992,Artem Pustovyi,MoraBanc Andorra,5,632500.0,550000.0,0,fit,False,False,EUR,1,16.0,16.0,2324UnicajaLogo.png,False,206.0,34.0,14.323529411764708,15.258823529411764,18.998529411764707,MoraBanc Andorra,False,0.3529411764705882,0.2352941176470588,Unicaja,0.3333333333333333,-0.1,0.2906649272993093,0.2,1.0,0.8,0.1999999999999999,14.658823529411766,15.51098470450574,50624.968723852886,0.61825,0.117,0.0800394762432456,0.5062496872385288,1,12.65,9.3,13.095,5.504999999999999,upup,False,1.0,19.45,19.45,19.45,16.0,16.0,12.0,1.0,19.45,0.0,0.8226221079691517,0.8226221079691517
51,K. Perry,Perry,23/12/1992,Kendrick Perry,Unicaja,1,596275.0,610000.0,0,fit,False,False,EUR,2,30.0,15.0,20252026MorabancAndorraLogoPositivoOK.png,True,217.0,32.0,13.21875,14.90625,21.867708333333333,Unicaja,False,0.5,0.3333333333333333,MoraBanc Andorra,0.2352941176470588,0.1,0.7093350727006906,0.3333333333333333,1.0,0.6666666666666667,0.3333333333333332,13.8125,15.772038138335658,65748.09917208622,0.70375,0.03075,0.1102647254573581,0.6574809917208623,2,11.9255,5.776499999999999,11.142974999999993,0.4100249999999974,upup,False,2.0,26.475,26.97,25.98,15.0,15.0,16.0,2.0,26.97,0.49499999999999744,0.56657223796034,0.56657223796034
185,W. Iwundu,Iwundu,20/12/1994,Wes Iwundu,MoraBanc Andorra,3,650000.0,570000.0,0,fit,False,False,COT,1,13.0,13.0,2324UnicajaLogo.png,False,,,,,,,False,0.3529411764705882,0.2352941176470588,Unicaja,0.3333333333333333,-0.1,0.2906649272993093,0.2,1.0,0.8,0.1999999999999999,11.11868131868132,11.76504345811306,-10344.332720322418,0.25,0.3435,-0.0159143580312652,-0.1034433272032241,1,13.0,13.0,16.9,9.099999999999998,up,False,1.0,23.6,23.6,23.6,13.0,13.0,12.0,1.0,23.6,0.0,0.5508474576271186,0.5508474576271186
192,K. Robertson,Robertson,20/04/1994,Kassius Robertson,MoraBanc Andorra,3,460000.0,400000.0,0,fit,False,False,COT,1,12.0,12.0,2324UnicajaLogo.png,False,285.0,16.0,4.3125,4.525,20.589583333333334,Dreamland Gran Canaria,True,0.3529411764705882,0.2352941176470588,Unicaja,0.3333333333333333,-0.1,0.2906649272993093,0.2,1.0,0.8,0.1999999999999999,5.85,6.190077964940191,-3215.5864346232265,0.3035,0.34775,-0.0069904052926591,-0.0321558643462322,1,9.2,6.399999999999999,9.159999999999997,3.639999999999999,up,False,1.0,30.68,30.68,30.68,12.0,12.0,15.0,1.0,30.68,0.0,0.39113428943937417,0.39113428943937417
40,I. Brazdeikis,Brazdeikis,08/01/1999,Ignas Brazdeikis,Unicaja,3,425000.0,400000.0,0,fit,False,False,EUR,2,17.0,8.5,20252026MorabancAndorraLogoPositivoOK.png,True,,,,,,,False,0.5,0.3333333333333333,MoraBanc Andorra,0.2352941176470588,0.1,0.7093350727006906,0.3333333333333333,1.0,0.6666666666666667,0.3333333333333332,7.681818181818182,8.77161479351288,1795.6262244643294,0.29425,0.272,0.0042250028810925,0.0179562622446432,2,8.5,8.5,12.324999999999996,4.674999999999997,up,False,2.0,24.59,30.48,18.7,8.5,8.5,9.0,2.0,18.7,-5.890000000000001,0.34566897112647416,0.34566897112647416
49,C. Hunt,Hunt,25/08/1997,Cameron Hunt,Unicaja,3,425000.0,500000.0,0,fit,True,False,EXT,2,17.0,8.5,20252026MorabancAndorraLogoPositivoOK.png,True,91.0,31.0,14.096774193548388,15.961290322580645,27.78924731182796,Asisa Joventut,True,0.5,0.3333333333333333,MoraBanc Andorra,0.2352941176470588,0.1,0.7093350727006906,0.3333333333333333,1.0,0.6666666666666667,0.3333333333333332,12.231182795698926,13.966384183219434,31815.400129438374,0.58725,0.12125,0.0748597650104432,0.3181540012943837,2,8.5,8.5,12.324999999999996,4.674999999999997,upup,False,2.0,26.6,33.97,19.23,8.5,8.5,10.0,2.0,33.97,7.369999999999997,0.31954887218045114,0.31954887218045114
50,M. Pantzar,Pantzar,10/04/2000,Melwin Pantzar,Unicaja,1,459425.0,470000.0,0,fit,False,True,JFL,2,16.0,8.0,20252026MorabancAndorraLogoPositivoOK.png,True,158.0,31.0,17.129032258064516,19.116129032258065,24.74301075268817,Surne Bilbao,True,0.5,0.3333333333333333,MoraBanc Andorra,0.2352941176470588,0.1,0.7093350727006906,0.3333333333333333,1.0,0.6666666666666667,0.3333333333333332,14.086021505376344,16.08436332309227,26274.27123903163,0.51475,0.15275,0.057189467789153,0.2627427123903163,2,9.1885,11.5655,15.700324999999992,7.430674999999997,upup,False,2.0,18.725,21.92,15.53,8.0,8.0,4.5,2.0,15.53,-3.195000000000002,0.42723631508678234,0.42723631508678234
194,A. Best,Best,01/09/1992,Aaron Best,MoraBanc Andorra,3,322000.0,280000.0,0,fit,False,False,COT,1,8.0,8.0,2324UnicajaLogo.png,False,202.0,33.0,6.121212121212121,6.551515151515151,21.855555555555554,MoraBanc Andorra,False,0.3529411764705882,0.2352941176470588,Unicaja,0.3333333333333333,-0.1,0.2906649272993093,0.2,1.0,0.8,0.1999999999999999,6.496969696969697,6.874657941896799,11651.21811929962,0.49975,0.26475,0.0361839072027938,0.1165121811929962,1,6.44,4.880000000000001,6.811999999999999,2.9480000000000004,up,False,1.0,23.08,23.08,23.08,8.0,8.0,9.0,1.0,23.08,0.0,0.3466204506065858,0.3466204506065858
43,D. Kravish,Kravish,12/09/1992,David Kravish,Unicaja,5,224825.0,230000.0,0,fit,False,False,EUR,2,10.0,5.0,20252026MorabancAndorraLogoPositivoOK.png,True,220.0,9.0,5.777777777777778,6.533333333333333,15.055555555555555,Unicaja,False,0.5,0.3333333333333333,MoraBanc Andorra,0.2352941176470588,0.1,0.7093350727006906,0.3333333333333333,1.0,0.6666666666666667,0.3333333333333332,5.518518518518518,6.301414265425207,11531.17280828292,0.54475,0.21225,0.0512895487969884,0.1153117280828292,2,4.4965,3.4895,5.512924999999999,1.466075,upup,False,2.0,20.365000000000002,24.7,16.03,5.0,5.0,6.0,2.0,24.7,4.334999999999997,0.24551927326295112,0.24551927326295112
193,C. Ortega,Ortega,13/08/1997,Chumi Ortega,MoraBanc Andorra,3,172500.0,150000.0,0,fit,False,True,JFL,1,5.0,5.0,2324UnicajaLogo.png,False,211.0,33.0,2.4242424242424243,2.624242424242424,11.646969696969698,MoraBanc Andorra,False,0.3529411764705882,0.2352941176470588,Unicaja,0.3333333333333333,-0.1,0.2906649272993093,0.2,1.0,0.8,0.1999999999999999,2.9393939393939394,3.110269684533533,5015.652155683289,0.524,0.33125,0.0290762443807726,0.0501565215568328,1,3.45,1.9000000000000004,2.935,0.8650000000000002,upup,False,1.0,9.33,9.33,9.33,5.0,5.0,6.0,1.0,9.33,0.0,0.5359056806002144,0.5359056806002144
46,J. Barreiro,Barreiro,16/01/1997,Jonathan Barreiro,Unicaja,3,166175.0,170000.0,0,fit,False,True,JFL,2,9.0,4.5,20252026MorabancAndorraLogoPositivoOK.png,True,222.0,31.0,5.225806451612903,5.838709677419355,15.773118279569893,Unicaja,False,0.5,0.3333333333333333,MoraBanc Andorra,0.2352941176470588,0.1,0.7093350727006906,0.3333333333333333,1.0,0.6666666666666667,0.3333333333333332,4.983870967741936,5.690917862788754,14321.95076954423,0.70925,0.14325,0.0861859531791438,0.1432195076954423,2,3.3235,0.9705000000000013,2.466075,-0.5250749999999993,upup,False,2.0,12.235,13.67,10.8,4.5,4.5,2.5,2.0,13.67,1.4350000000000005,0.36779730281977935,0.36779730281977935
191,K. Kuric,Kuric,25/08/1989,Kyle Kuric,MoraBanc Andorra,3,365500.0,430000.0,0,fit,False,False,EUR,1,4.0,4.0,2324UnicajaLogo.png,False,208.0,32.0,10.84375,11.60625,21.628125,MoraBanc Andorra,False,0.3529411764705882,0.2352941176470588,Unicaja,0.3333333333333333,-0.1,0.2906649272993093,0.2,1.0,0.8,0.1999999999999999,9.475,10.025810037232192,-5063.369702010299,0.32725,0.418,-0.0138532686785507,-0.0506336970201029,1,7.31,10.62,12.813,8.427,up,False,1.0,17.02,17.02,17.02,4.0,4.0,5.0,1.0,17.02,0.0,0.23501762632197415,0.23501762632197415
39,S. Lukosius,Lukosius,13/08/2002,Simonas Lukosius,Unicaja,3,312800.0,320000.0,0,fit,False,False,EUR,2,7.0,3.5,20252026MorabancAndorraLogoPositivoOK.png,True,,,,,,,False,0.5,0.3333333333333333,MoraBanc Andorra,0.2352941176470588,0.1,0.7093350727006906,0.3333333333333333,1.0,0.6666666666666667,0.3333333333333332,5.045454545454546,5.761238118816152,-31334.13406314829,0.07025,0.70575,-0.1001730628617272,-0.3133413406314829,2,6.256,11.768,14.583199999999998,8.9528,downdown,False,2.0,13.525,13.8,13.25,3.5,3.5,4.5,2.0,13.8,0.27500000000000036,0.2587800369685767,0.2587800369685767
189,L. Mutic,Mutic,06/01/1999,Lazar Mutic,MoraBanc Andorra,3,263500.0,310000.0,0,fit,False,True,JFL,1,2.0,2.0,2324UnicajaLogo.png,False,,,,,,,False,0.3529411764705882,0.2352941176470588,Unicaja,0.3333333333333333,-0.1,0.2906649272993093,0.2,1.0,0.8,0.1999999999999999,5.032967032967034,5.32554843231447,-16034.102090270697,0.209,0.60525,-0.0608504823160178,-0.1603410209027069,1,5.27,8.54,10.121,6.959,downdown,False,1.0,16.4,16.4,16.4,2.0,2.0,5.0,1.0,16.4,0.0,0.12195121951219513,0.12195121951219513
52,A. Díaz,Díaz,23/04/1994,Alberto Díaz,Unicaja,1,297500.0,350000.0,0,injured,False,True,JFL,1,1.0,1.0,20252026MorabancAndorraLogoPositivoOK.png,True,225.0,29.0,8.827586206896552,10.013793103448275,18.96264367816092,Unicaja,False,0.5,0.3333333333333333,MoraBanc Andorra,0.2352941176470588,0.1,0.7093350727006906,0.2,1.0,0.8,0.1999999999999999,7.2620689655172415,8.292317009039762,-13191.089691929694,0.2535,0.54375,-0.0443397972837972,-0.1319108969192969,1,5.95,10.9,12.685,9.115,up,True,1.0,12.38,12.38,12.38,1.0,1.0,0.0,1.0,12.38,0.0,0.08077544426494346,0.08077544426494346
186,O. Aquino,Aquino,08/01/2003,Owen Aquino,MoraBanc Andorra,5,170000.0,200000.0,0,fit,False,True,JFL,1,1.0,1.0,2324UnicajaLogo.png,False,,,,,,,False,0.3529411764705882,0.2352941176470588,Unicaja,0.3333333333333333,-0.1,0.2906649272993093,0.2,1.0,0.8,0.1999999999999999,3.189010989010989,3.3743977184665046,-8122.670466247015,0.2765,0.5925,-0.0477804145073353,-0.0812267046624701,1,3.4,5.8,6.819999999999999,4.779999999999999,up,False,1.0,2.25,2.25,2.25,1.0,1.0,2.0,1.0,2.25,0.0,0.4444444444444444,0.4444444444444444
41,Y. Nzosa,Nzosa,15/11/2003,Yannick Nzosa,Unicaja,5,150000.0,150000.0,0,injured,False,True,JFL,0,0.0,,20252026MorabancAndorraLogoPositivoOK.png,True,9.0,28.0,2.25,2.4642857142857144,7.192857142857143,Recoletas Salud San Pablo Burgos,True,0.5,0.3333333333333333,MoraBanc Andorra,0.2352941176470588,0.1,0.7093350727006906,0.0,1.0,1.0,0.0,2.25,2.5692007827153107,0.0,0.0,0.0,0.0,0.0,0,3.0,3.0,3.45,2.55,flat,True,,,,,,,,,,,,
44,T. Pérez,Tyson,29/01/1996,Tyson Pérez,Unicaja,5,450000.0,450000.0,0,injured,False,True,JFL,0,0.0,,20252026MorabancAndorraLogoPositivoOK.png,True,223.0,19.0,10.789473684210526,12.168421052631578,17.121052631578948,Unicaja,False,0.5,0.3333333333333333,MoraBanc Andorra,0.2352941176470588,0.1,0.7093350727006906,0.0,1.0,1.0,0.0,10.789473684210526,12.32014410424886,0.0,0.0,0.0,0.0,0.0,0,9.0,9.0,10.35,7.649999999999999,flat,True,,,,,,,,,,,,
47,T. Kalinoski,Kalinoski,19/12/1992,Tyler Kalinoski,Unicaja,3,200000.0,200000.0,0,fit,False,False,EUR,1,0.0,0.0,20252026MorabancAndorraLogoPositivoOK.png,True,213.0,29.0,4.862068965517241,5.710344827586207,19.15632183908046,Unicaja,False,0.5,0.3333333333333333,MoraBanc Andorra,0.2352941176470588,0.1,0.7093350727006906,0.2,1.0,0.8,0.1999999999999999,3.889655172413793,4.441468939314744,-14423.541334856129,0.1895,0.6695,-0.0721177066742806,-0.1442354133485612,1,4.0,8.0,9.2,6.8,downdown,False,,,,,,,,,,,,
184,C. McGriff,McGriff,30/09/1997,Cameron McGriff,MoraBanc Andorra,5,380000.0,380000.0,0,doubtful,True,False,EXT,0,0.0,,2324UnicajaLogo.png,False,,,,,,,False,0.3529411764705882,0.2352941176470588,Unicaja,0.3333333333333333,-0.1,0.2906649272993093,0.0,1.0,1.0,0.0,7.0989010989010985,7.511581413264513,0.0,0.0,0.0,0.0,0.0,0,7.6,7.6,8.739999999999998,6.46,flat,True,,,,,,,,,,,,
187,L. Bottiroli,Bottiroli,10/01/2009,Luka Bottiroli,MoraBanc Andorra,1,120000.0,120000.0,0,fit,False,True,JFL,1,0.0,0.0,2324UnicajaLogo.png,False,,,,,,,False,0.3529411764705882,0.2352941176470588,Unicaja,0.3333333333333333,-0.1,0.2906649272993093,0.2,1.0,0.8,0.1999999999999999,1.7934065934065937,1.8976626728247192,-7851.271996673211,0.23275,0.66425,-0.0654272666389434,-0.0785127199667321,1,2.4,4.8,5.52,4.08,downdown,False,,,,,,,,,,,,
195,R. Luz,Luz,11/02/1992,Rafa Luz,MoraBanc Andorra,1,297500.0,350000.0,0,fit,False,True,JFL,1,0.0,0.0,2324UnicajaLogo.png,False,209.0,28.0,8.107142857142858,8.914285714285715,15.61904761904762,MoraBanc Andorra,False,0.3529411764705882,0.2352941176470588,Unicaja,0.3333333333333333,-0.1,0.2906649272993093,0.2,1.0,0.8,0.1999999999999999,6.485714285714287,6.862748219982533,-25648.35226767976,0.13925,0.70625,-0.0862129487989235,-0.2564835226767976,1,5.95,11.9,13.685,10.115,downdown,False,1.0,11.45,11.45,11.45,0.0,0.0,0.0,1.0,11.45,0.0,0.0,0.0
256,Andronikashvili,Andronikash.,19/03/2001,Rati Andronikashvili,MoraBanc Andorra,1,210000.0,210000.0,0,fit,False,True,JFL,0,0.0,,2324UnicajaLogo.png,False,,,,,,,False,0.3529411764705882,0.2352941176470588,Unicaja,0.3333333333333333,-0.1,0.2906649272993093,0.0,1.0,1.0,0.0,3.9230769230769234,4.1511370968040735,0.0,0.0,0.0,0.0,0.0,0,4.2,4.2,4.83,3.57,flat,False,,,,,,,,,,,,
48,N. Djedovic,Djedovic,12/01/1990,Nihad Djedovic,Unicaja,3,173400.0,240000.0,0,fit,False,True,JFL,2,-2.0,-1.0,20252026MorabancAndorraLogoPositivoOK.png,True,214.0,23.0,6.478260869565218,7.321739130434783,17.476086956521737,Unicaja,False,0.5,0.3333333333333333,MoraBanc Andorra,0.2352941176470588,0.1,0.7093350727006906,0.3333333333333333,1.0,0.6666666666666667,0.3333333333333332,3.985507246376813,4.550919260848378,-21467.09699216837,0.05075,0.8645,-0.1238010207160805,-0.2146709699216837,2,3.468,12.404,13.9646,10.8434,downdown,False,2.0,4.325,8.18,0.47,-1.0,-1.0,0.0,2.0,8.18,3.8549999999999995,-0.23121387283236994,-0.23121387283236994
254,M. Thomas,Thomas,04/08/1994,Matt Thomas,Unicaja,3,340000.0,400000.0,0,fit,True,False,EXT,1,-3.0,-3.0,20252026MorabancAndorraLogoPositivoOK.png,True,,,,,,,False,0.5,0.3333333333333333,MoraBanc Andorra,0.2352941176470588,0.1,0.7093350727006906,0.2,1.0,0.8,0.1999999999999999,5.218181818181819,5.958469694054903,-47033.56367995253,0.01725,0.927,-0.1383340108233897,-0.4703356367995252,1,6.8,16.6,18.64,14.56,downdown,False,1.0,6.8,6.8,6.8,-3.0,-3.0,0.0,2.0,6.8,0.0,-0.4411764705882353,-0.4411764705882353
220,D. Mavra,Mavra,15/06/1994,Dominik Mavra,Río Breogán,1,608350.0,460000.0,0,fit,False,False,EUR,2,57.6,24.0,202627FIATCGironaLogoPositivo.png,True,80.0,34.0,10.735294117647058,11.605882352941178,18.676470588235293,Río Breogán,False,0.4411764705882353,0.6274509803921569,FIATC Girona,0.5,0.1,0.7329817746209201,0.3333333333333333,1.0,0.6666666666666667,0.3333333333333332,15.15686274509804,17.37880357561557,91225.23350838106,0.9995,0.0,0.1499551795978977,0.9122523350838108,2,12.167,-21.099000000000004,-15.623850000000004,-26.574150000000003,upup,False,2.0,22.225,26.27,18.18,28.8,24.0,19.0,2.0,26.27,4.044999999999998,1.295838020247469,1.0798650168728907
213,D. Brankovic,Brankovic,05/11/2000,Danko Brankovic,Río Breogán,5,767050.0,580000.0,0,fit,False,False,EUR,2,49.2,20.5,202627FIATCGironaLogoPositivo.png,True,78.0,34.0,12.794117647058824,14.088235294117649,16.92156862745098,Río Breogán,False,0.4411764705882353,0.6274509803921569,FIATC Girona,0.5,0.1,0.7329817746209201,0.3333333333333333,1.0,0.6666666666666667,0.3333333333333332,15.362745098039216,17.614867531041142,111622.29655517532,0.94375,0.00075,0.145521539085034,1.1162229655517533,2,15.341,-3.177,3.7264499999999927,-10.08045,upup,False,2.0,19.04,21.6,16.48,24.599999999999998,20.5,11.5,2.0,16.48,-2.5599999999999987,1.292016806722689,1.0766806722689075
137,J. Pérez,Pérez,12/09/2001,Jassel Perez,FIATC Girona,3,529000.0,400000.0,0,fit,False,False,COT,2,47.8,21.0,breogan_00.png,False,271.0,23.0,11.608695652173912,11.921739130434782,21.63768115942029,Coviran Granada,True,0.5,0.5,Río Breogán,0.6274509803921569,-0.1,0.2670182253790799,0.3333333333333333,1.0,0.6666666666666667,0.3333333333333332,14.739130434782608,15.526253725247894,79273.18693053862,0.99875,0.0,0.1498547957099028,0.7927318693053862,2,10.58,-16.059999999999995,-11.299,-20.821,upup,False,2.0,20.869999999999997,21.97,19.77,23.9,21.0,17.5,2.0,19.77,-1.0999999999999979,1.1451844753234308,1.0062290368950648
209,T. Brown,Brown,23/09/1998,Tevin Brown,Río Breogán,3,687700.0,520000.0,0,fit,True,False,EXT,2,40.8,17.0,202627FIATCGironaLogoPositivo.png,True,,,,,,,False,0.4411764705882353,0.6274509803921569,FIATC Girona,0.5,0.1,0.7329817746209201,0.3333333333333333,1.0,0.6666666666666667,0.3333333333333332,12.037837837837838,13.802540986033286,89674.94169045659,0.8165,0.00725,0.1303983447585525,0.8967494169045659,2,13.754,0.4620000000000033,6.651299999999999,-5.7273,upup,False,2.0,26.215,26.38,26.05,20.4,17.0,15.5,2.0,26.05,-0.16499999999999915,0.778180431050925,0.6484836925424375
218,F. Alonso,Alonso,25/05/1996,Francis Alonso,Río Breogán,3,806725.0,610000.0,0,fit,False,True,JFL,2,39.6,16.5,202627FIATCGironaLogoPositivo.png,True,84.0,34.0,13.764705882352942,15.070588235294116,22.234803921568627,Río Breogán,False,0.4411764705882353,0.6274509803921569,FIATC Girona,0.5,0.1,0.7329817746209201,0.3333333333333333,1.0,0.6666666666666667,0.3333333333333332,14.676470588235292,16.82798767962258,70967.40395751141,0.52525,0.03625,0.0879697591589592,0.7096740395751141,2,16.1345,8.803499999999993,16.064024999999987,1.542974999999991,upup,False,2.0,24.299999999999997,26.72,21.88,19.8,16.5,13.5,2.0,21.88,-2.419999999999998,0.814814814814815,0.6790123456790125
210,R. Bolton,Bolton,27/09/1999,Rasir Bolton,Río Breogán,1,502550.0,380000.0,0,fit,True,False,EXT,2,34.8,14.5,202627FIATCGironaLogoPositivo.png,True,,,,,,,False,0.4411764705882353,0.6274509803921569,FIATC Girona,0.5,0.1,0.7329817746209201,0.3333333333333333,1.0,0.6666666666666667,0.3333333333333332,9.48918918918919,10.880269735510298,71659.18470096681,0.93125,0.00375,0.1425911545139126,0.7165918470096682,2,10.051,-4.646999999999999,-0.1240499999999968,-9.169949999999996,upup,False,2.0,21.225,21.82,20.63,17.4,14.5,15.0,2.0,20.63,-0.5950000000000024,0.8197879858657242,0.6831566548881036
141,M. Geben,Geben,20/10/1994,Martinas Geben,FIATC Girona,5,815000.0,620000.0,0,fit,False,False,EUR,2,32.6,14.500000000000002,breogan_00.png,False,25.0,34.0,13.705882352941176,14.823529411764708,21.21029411764706,Bàsquet Girona,True,0.5,0.5,Río Breogán,0.6274509803921569,-0.1,0.2670182253790799,0.3333333333333333,1.0,0.6666666666666667,0.3333333333333332,13.97058823529412,14.716668570912136,-18622.88890062191,0.131,0.24925,-0.0228501704302109,-0.1862288890062191,2,16.3,16.300000000000004,23.635,8.964999999999996,flat,False,2.0,23.12,24.42,21.82,16.3,14.5,10.5,2.0,21.82,-1.3000000000000007,0.7050173010380623,0.6271626297577855
208,A. García,García,23/08/2000,Andersson García,Río Breogán,5,489325.0,370000.0,0,fit,False,False,COT,2,27.6,11.5,202627FIATCGironaLogoPositivo.png,True,110.0,14.0,7.428571428571429,8.0,19.9,Hiopos Lleida,True,0.4411764705882353,0.6274509803921569,FIATC Girona,0.5,0.1,0.7329817746209201,0.3333333333333333,1.0,0.6666666666666667,0.3333333333333332,8.785714285714286,10.073667975405332,54858.63948103308,0.7175,0.03175,0.1121108455137854,0.5485863948103308,2,9.7865,1.7594999999999992,6.163424999999997,-2.6444250000000054,upup,False,2.0,19.6,20.18,19.02,13.8,11.5,8.5,2.0,19.02,-0.5800000000000018,0.7040816326530612,0.586734693877551
131,D. N'Guessan,N'Guessan,12/06/2000,David N'Guessan,FIATC Girona,5,655000.0,540000.0,0,fit,False,False,EUR,2,26.2,12.0,breogan_00.png,False,,,,,,,False,0.5,0.5,Río Breogán,0.6274509803921569,-0.1,0.2670182253790799,0.3333333333333333,1.0,0.6666666666666667,0.3333333333333332,10.545454545454549,11.108620257163151,-17897.71661752148,0.1445,0.289,-0.0273247581946892,-0.1789771661752148,2,13.1,13.099999999999998,18.994999999999997,7.205000000000002,down,False,,,,,,,,,,,,
133,S. Whittaker,Whittaker,21/10/1994,Stanley Whittaker,FIATC Girona,1,634800.0,480000.0,0,fit,True,False,EXT,2,25.6,11.000000000000002,breogan_00.png,False,,,,,,,False,0.5,0.5,Río Breogán,0.6274509803921569,-0.1,0.2670182253790799,0.3333333333333333,1.0,0.6666666666666667,0.3333333333333332,9.484848484848484,9.991373966931224,-23180.23455026152,0.1195,0.32175,-0.0365158074200717,-0.2318023455026152,2,12.696,12.488,18.201199999999996,6.774799999999992,down,False,2.0,23.015,25.98,20.05,12.8,11.0,13.5,2.0,20.05,-2.965,0.5561590267217033,0.4779491635889637
211,J. Kasibabu,Kasibabu,24/04/1996,Jonathan Kasibabu,Río Breogán,5,287500.0,250000.0,0,fit,False,True,JFL,2,9.6,4.0,202627FIATCGironaLogoPositivo.png,True,,,,,,,False,0.4411764705882353,0.6274509803921569,FIATC Girona,0.5,0.1,0.7329817746209201,0.3333333333333333,1.0,0.6666666666666667,0.3333333333333332,4.396396396396397,5.040892082909926,-15320.533293833025,0.17825,0.50825,-0.0532888114568105,-0.1532053329383302,2,5.75,7.65,10.2375,5.062500000000002,downdown,False,,,,,,,,,,,,
212,A. Ilić,Ilić,17/09/1996,Aleksa Ilić,Río Breogán,5,391000.0,400000.0,0,fit,False,False,EUR,2,12.2,5.0,202627FIATCGironaLogoPositivo.png,True,,,,,,,False,0.4411764705882353,0.6274509803921569,FIATC Girona,0.5,0.1,0.7329817746209201,0.3333333333333333,1.0,0.6666666666666667,0.3333333333333332,6.567567567567568,7.530349033691263,-24586.73466399481,0.132,0.51,-0.0628816743324675,-0.245867346639948,2,7.82,11.260000000000002,14.779,7.741000000000003,downdown,False,2.0,15.61,18.15,13.07,6.1,5.0,7.5,2.0,13.07,-2.539999999999999,0.39077514413837283,0.3203074951953876
132,M. McClung,McClung,06/01/1999,Mac McClung,FIATC Girona,1,599675.0,830000.0,0,fit,True,False,EXT,2,11.2,5.5,breogan_00.png,False,,,,,,,False,0.5,0.5,Río Breogán,0.6274509803921569,-0.1,0.2670182253790799,0.3333333333333333,1.0,0.6666666666666667,0.3333333333333332,11.893939393939396,12.5291191118866,-76887.45916114532,0.01175,0.8035,-0.1282152151767963,-0.7688745916114532,2,11.9935,24.7805,30.177574999999997,19.383425,downdown,False,2.0,18.435000000000002,18.87,18.0,5.6,5.5,11.5,2.0,18.87,0.4349999999999987,0.3037700027122321,0.29834553837808514
140,P. Busquets,Busquets,02/03/1999,Pep Busquets,FIATC Girona,3,252875.0,350000.0,0,fit,False,True,JFL,2,9.0,4.5,breogan_00.png,False,32.0,34.0,8.764705882352942,9.53529411764706,23.35686274509804,Bàsquet Girona,True,0.5,0.5,Río Breogán,0.6274509803921569,-0.1,0.2670182253790799,0.3333333333333333,1.0,0.6666666666666667,0.3333333333333332,7.343137254901961,7.735287550605747,6350.293256935227,0.445,0.28275,0.0251123806502628,0.0635029325693522,2,5.0575,6.172499999999999,8.448374999999999,3.896625,up,False,2.0,22.075000000000003,24.3,19.85,4.5,4.5,8.0,2.0,19.85,-2.2250000000000014,0.20385050962627405,0.20385050962627405
216,A. Aranitovic,Aranitovic,24/01/1998,Aleksandar Aranitovic,Río Breogán,3,255000.0,300000.0,0,fit,False,False,EUR,2,8.4,3.5,202627FIATCGironaLogoPositivo.png,True,77.0,34.0,8.5,9.388235294117647,21.296078431372543,Río Breogán,False,0.4411764705882353,0.6274509803921569,FIATC Girona,0.5,0.1,0.7329817746209201,0.3333333333333333,1.0,0.6666666666666667,0.3333333333333332,6.833333333333334,7.835075091981925,3976.031105475704,0.41,0.30625,0.0155922788450027,0.039760311054757,2,5.1,6.899999999999999,9.195,4.604999999999999,up,False,2.0,16.575,19.58,13.57,4.2,3.5,5.5,2.0,19.58,3.004999999999999,0.2533936651583711,0.21116138763197587
136,N. Maric,Maric,19/12/1998,Nikola Maric,FIATC Girona,5,200000.0,240000.0,0,fit,False,True,JFL,2,8.0,4.0,breogan_00.png,False,30.0,30.0,6.333333333333333,6.986666666666666,12.05722222222222,Bàsquet Girona,True,0.5,0.5,Río Breogán,0.6274509803921569,-0.1,0.2670182253790799,0.3333333333333333,1.0,0.6666666666666667,0.3333333333333332,5.555555555555555,5.852242472643422,7090.206376922375,0.50325,0.26725,0.0354510318846118,0.0709020637692237,2,4.0,4.0,5.799999999999999,2.1999999999999997,upup,False,2.0,16.0,16.42,15.58,4.0,4.0,5.0,2.0,16.42,0.4200000000000017,0.25,0.25
214,M. Andric,Andric,04/01/1994,Mihajlo Andric,Río Breogán,5,255000.0,330000.0,0,fit,False,False,EUR,2,6.0,2.5,202627FIATCGironaLogoPositivo.png,True,244.0,30.0,8.6,9.626666666666669,22.63888888888889,Río Breogán,False,0.4411764705882353,0.6274509803921569,FIATC Girona,0.5,0.1,0.7329817746209201,0.3333333333333333,1.0,0.6666666666666667,0.3333333333333332,6.566666666666666,7.529316064002141,-8028.732420201588,0.26825,0.46575,-0.0314852251772611,-0.0802873242020158,2,5.1,9.3,11.595,7.004999999999999,up,False,2.0,20.45,21.08,19.82,3.0,2.5,5.0,2.0,21.08,0.629999999999999,0.1466992665036675,0.12224938875305624
138,S. Martínez,Martínez,10/05/1999,Sergi Martínez,FIATC Girona,3,306000.0,340000.0,0,fit,False,True,JFL,2,4.2,1.5,breogan_00.png,False,29.0,31.0,8.483870967741936,9.33548387096774,24.4741935483871,Bàsquet Girona,True,0.5,0.5,Río Breogán,0.6274509803921569,-0.1,0.2670182253790799,0.3333333333333333,1.0,0.6666666666666667,0.3333333333333332,6.155913978494625,6.484662223719406,-35128.90779110923,0.0465,0.779,-0.1148003522585269,-0.3512890779110923,2,6.12,14.16,16.913999999999998,11.406,downdown,False,2.0,22.8,22.8,22.8,2.1,1.5,2.5,2.0,22.8,0.0,0.09210526315789473,0.06578947368421052
250,K. Brunot,Brunot,20/08/2006,Khory Brunot,FIATC Girona,3,110500.0,130000.0,0,fit,False,False,EUR,1,2.0,2.0,breogan_00.png,False,313.0,7.0,0.4285714285714285,0.5714285714285714,6.288095238095238,Bàsquet Girona,True,0.5,0.5,Río Breogán,0.6274509803921569,-0.1,0.2670182253790799,0.2,1.0,0.8,0.1999999999999999,0.7428571428571428,0.7825284220563203,-4394.240499276013,0.31475,0.579,-0.0397668823463892,-0.0439424049927601,1,2.21,2.42,3.0829999999999997,1.7569999999999997,up,False,1.0,5.07,5.07,5.07,2.0,2.0,0.0,2.0,5.07,0.0,0.3944773175542406,0.3944773175542406
234,A. Pluta,Pluta,03/06/2000,Andrzej Pluta,FIATC Girona,1,231200.0,320000.0,0,fit,False,True,JFL,2,3.4,1.5,breogan_00.png,False,,,,,,,False,0.5,0.5,Río Breogán,0.6274509803921569,-0.1,0.2670182253790799,0.3333333333333333,1.0,0.6666666666666667,0.3333333333333332,4.378787878787879,4.612631112528952,-24311.03896148165,0.07375,0.7525,-0.1051515526015642,-0.2431103896148165,2,4.624,10.472,12.552799999999996,8.3912,downdown,False,2.0,15.785,16.5,15.07,1.7,1.5,3.0,2.0,15.07,-0.7149999999999999,0.10769718086791256,0.09502692429521697
219,E. Quintela,Quintela,17/08/1991,Erik Quintela,Río Breogán,1,110500.0,130000.0,0,fit,False,True,JFL,2,1.2,0.5,202627FIATCGironaLogoPositivo.png,True,85.0,18.0,2.2777777777777777,2.477777777777778,4.261111111111111,Río Breogán,False,0.4411764705882353,0.6274509803921569,FIATC Girona,0.5,0.1,0.7329817746209201,0.3333333333333333,1.0,0.6666666666666667,0.3333333333333332,1.6851851851851851,1.9322271907055693,-8478.36608635317,0.183,0.6935,-0.0767272948991237,-0.0847836608635317,2,2.21,5.43,6.424499999999999,4.435499999999999,downdown,False,1.0,1.77,1.77,1.77,1.2,1.0,0.0,1.0,1.77,0.0,0.6779661016949152,0.5649717514124294
135,I. Vázquez,Vázquez,10/10/2004,Isaac Vazquez,FIATC Girona,1,200000.0,200000.0,0,injured,False,True,JFL,0,0.0,,breogan_00.png,False,,,,,,,False,0.5,0.5,Río Breogán,0.6274509803921569,-0.1,0.2670182253790799,0.0,1.0,1.0,0.0,3.636363636363636,3.830558709366604,0.0,0.0,0.0,0.0,0.0,0,4.0,4.0,4.6,3.4,flat,True,,,,,,,,,,,,
139,M. Fjellerup,Fjellerup,25/11/1997,Maxi Fjellerup,FIATC Girona,3,300000.0,300000.0,0,injured,False,False,EUR,0,0.0,,breogan_00.png,False,24.0,3.0,4.0,4.266666666666667,13.077777777777778,Bàsquet Girona,True,0.5,0.5,Río Breogán,0.6274509803921569,-0.1,0.2670182253790799,0.0,1.0,1.0,0.0,4.0,4.213614580303264,0.0,0.0,0.0,0.0,0.0,0,6.0,6.0,6.9,5.1,flat,True,,,,,,,,,,,,
215,E. Vicedo,Vicedo,24/08/1994,Edgar Vicedo,Río Breogán,5,190000.0,190000.0,0,injured,False,True,JFL,0,0.0,,202627FIATCGironaLogoPositivo.png,True,,,,,,,False,0.4411764705882353,0.6274509803921569,FIATC Girona,0.5,0.1,0.7329817746209201,0.0,1.0,1.0,0.0,3.491891891891892,4.003790515032557,0.0,0.0,0.0,0.0,0.0,0,3.8,3.8,4.369999999999999,3.23,flat,True,,,,,,,,,,,,
251,E. Sanmartín,Sanmartín,11/01/2007,Enric Sanmartín,FIATC Girona,3,120000.0,120000.0,0,fit,False,True,JFL,0,0.0,,breogan_00.png,False,312.0,2.0,1.0,1.0,0.9083333333333332,Bàsquet Girona,True,0.5,0.5,Río Breogán,0.6274509803921569,-0.1,0.2670182253790799,0.0,1.0,1.0,0.0,1.0,1.053403645075816,0.0,0.0,0.0,0.0,0.0,0,2.4,2.4,2.76,2.04,flat,False,,,,,,,,,,,,
134,A. Kunc,Kunc,30/07/1999,Aljaz Kunc,FIATC Girona,5,382500.0,450000.0,0,fit,False,False,EUR,1,-1.0,-1.0,breogan_00.png,False,,,,,,,False,0.5,0.5,Río Breogán,0.6274509803921569,-0.1,0.2670182253790799,0.2,1.0,0.8,0.1999999999999999,6.345454545454546,6.684324947844724,-50004.8878527378,0.026,0.8805,-0.1307317329483341,-0.500048878527378,1,7.65,16.3,18.595,14.005,downdown,False,1.0,9.17,9.17,9.17,-1.0,-1.0,0.0,2.0,9.17,0.0,-0.10905125408942203,-0.10905125408942203
217,J. Peris,Peris,08/08/2000,Josep Peris,Río Breogán,3,187850.0,260000.0,0,fit,False,True,JFL,2,-3.0,-1.5,202627FIATCGironaLogoPositivo.png,True,,,,,,,False,0.4411764705882353,0.6274509803921569,FIATC Girona,0.5,0.1,0.7329817746209201,0.3333333333333333,1.0,0.6666666666666667,0.3333333333333332,2.6855855855855864,3.079282643269364,-27302.11708093615,0.0055,0.96875,-0.1453399897840625,-0.2730211708093615,2,3.757,14.271,15.96165,12.58035,downdown,False,2.0,8.7,11.82,5.58,-1.5,-1.5,2.5,2.0,5.58,-3.119999999999999,-0.1724137931034483,-0.1724137931034483
233,D. Stenionis,Stenionis,03/07/2002,Dominykas Stenionis,FIATC Girona,1,144500.0,200000.0,0,fit,False,False,EUR,2,-6.0,-3.0,breogan_00.png,False,,,,,,,False,0.5,0.5,Río Breogán,0.6274509803921569,-0.1,0.2670182253790799,0.3333333333333333,1.0,0.6666666666666667,0.3333333333333332,1.4242424242424243,1.5003021611685865,-21484.142879767154,0.00225,0.99225,-0.1486791894793574,-0.2148414287976715,2,2.89,14.67,15.9705,13.3695,downdown,False,2.0,5.585,6.25,4.92,-3.0,-3.0,0.0,2.0,6.25,0.665,-0.5371530886302597,-0.5371530886302597
65,T. Maledon,Maledon,12/06/2001,Theo Maledon,Real Madrid,1,780275.0,590000.0,0,fit,False,False,EUR,2,73.2,30.5,202526KidsUsManresa.png,True,166.0,28.0,11.071428571428571,12.914285714285716,19.52380952380952,Real Madrid,False,0.7647058823529411,0.8431372549019609,Kids&Us Manresa,0.3333333333333333,0.1,0.9268456657284484,0.3333333333333333,1.0,0.6666666666666667,0.3333333333333332,17.547619047619044,20.800405979246975,117041.24999999988,1.0,0.0,0.1499999999999998,1.1704124999999987,2,15.6055,-26.383500000000005,-19.36102500000001,-33.405975000000005,upup,False,2.0,25.96,27.92,24.0,36.6,30.5,21.0,2.0,27.92,1.9600000000000009,1.4098613251155625,1.174884437596302
119,T. Allen,Allen,09/01/2000,Timmy Allen,Kids&Us Manresa,5,356500.0,310000.0,0,fit,True,False,EXT,1,35.0,35.0,2324RealMadrid_Logoweb.png,False,93.0,21.0,1.2857142857142858,1.5238095238095235,7.815873015873016,Asisa Joventut,True,0.5,0.3333333333333333,Real Madrid,0.8431372549019609,-0.1,0.0731543342715516,0.2,1.0,0.8,0.1999999999999999,8.028571428571427,8.146036388173174,53474.99999999994,1.0,0.0,0.1499999999999998,0.5347499999999994,1,7.13,-20.74,-18.601000000000003,-22.879,upup,False,1.0,27.52,27.52,27.52,35.0,35.0,30.0,2.0,27.52,0.0,1.2718023255813953,1.2718023255813953
61,Luwawu-Cabarrot,Luwawu,09/05/1995,Timothé Luwawu-Cabarrot,Real Madrid,3,828000.0,700000.0,0,fit,False,False,EUR,2,38.4,16.0,202526KidsUsManresa.png,True,40.0,30.0,16.933333333333334,19.69333333333333,23.005555555555556,Kosner Baskonia,True,0.7647058823529411,0.8431372549019609,Kids&Us Manresa,0.3333333333333333,0.1,0.9268456657284484,0.3333333333333333,1.0,0.6666666666666667,0.3333333333333332,16.62222222222222,19.70346914651057,74134.29036504647,0.54025,0.042,0.089534167107544,0.7413429036504647,2,16.56,11.279999999999994,18.731999999999992,3.827999999999996,upup,False,2.0,27.6,31.27,23.93,19.2,16.0,19.5,2.0,31.27,3.669999999999998,0.6956521739130435,0.5797101449275363
55,M. Jantunen,Jantunen,20/04/2000,Mika Jantunen,Real Madrid,5,333500.0,290000.0,0,fit,False,False,EUR,1,18.0,15.0,202526KidsUsManresa.png,True,,,,,,,False,0.7647058823529411,0.8431372549019609,Kids&Us Manresa,0.3333333333333333,0.1,0.9268456657284484,0.2,1.0,0.8,0.1999999999999999,7.024489795918368,8.326613380178499,47416.632938854455,0.9505,0.012,0.1421788094118574,0.4741663293885445,1,6.67,-4.66,-2.6590000000000007,-6.661,upup,False,,,,,,,,,,,,
67,F. Campazzo,Campazzo,23/03/1991,Facu Campazzo,Real Madrid,1,529000.0,460000.0,0,injured,False,False,EUR,1,18.0,15.0,202526KidsUsManresa.png,True,164.0,28.0,11.678571428571429,13.44285714285714,21.90773809523809,Real Madrid,False,0.7647058823529411,0.8431372549019609,Kids&Us Manresa,0.3333333333333333,0.1,0.9268456657284484,0.2,1.0,0.8,0.1999999999999999,12.342857142857142,14.630841871969654,65542.01348567009,0.84775,0.03925,0.123897946097675,0.6554201348567009,1,10.58,3.16,6.334,-0.0139999999999993,upup,True,1.0,20.8,20.8,20.8,18.0,15.0,15.0,1.0,20.8,0.0,0.8653846153846153,0.7211538461538461
66,A. Feliz,Feliz,15/07/1997,Andrés Feliz,Real Madrid,1,425500.0,370000.0,0,fit,False,False,EUR,1,16.8,14.000000000000002,202526KidsUsManresa.png,True,165.0,28.0,8.571428571428571,9.985714285714286,16.59107142857143,Real Madrid,False,0.7647058823529411,0.8431372549019609,Kids&Us Manresa,0.3333333333333333,0.1,0.9268456657284484,0.2,1.0,0.8,0.1999999999999999,9.657142857142858,11.44727905723552,55575.55320924608,0.87825,0.029,0.1306123459676758,0.5557555320924608,1,8.51,0.2199999999999988,2.772999999999996,-2.333000000000002,upup,False,1.0,26.92,26.92,26.92,16.8,14.0,6.0,2.0,26.92,0.0,0.6240713224368499,0.5200594353640415
53,D. Jones,Jones,30/06/1995,Damian Jones,Real Madrid,5,391000.0,340000.0,0,injured,True,False,EXT,1,13.2,11.0,202526KidsUsManresa.png,True,,,,,,,False,0.7647058823529411,0.8431372549019609,Kids&Us Manresa,0.3333333333333333,0.1,0.9268456657284484,0.2,1.0,0.8,0.1999999999999999,6.918367346938776,8.200819104824262,35853.13375564432,0.7055,0.11275,0.0916959942599598,0.3585313375564432,1,7.82,2.4400000000000013,4.786000000000001,0.0940000000000012,upup,True,1.0,15.8,15.8,15.8,13.2,11.0,8.0,1.0,15.8,0.0,0.8354430379746834,0.6962025316455696
58,J. Pradilla,Pradilla,03/01/2001,Jaime Pradilla,Real Madrid,5,596275.0,610000.0,0,fit,False,True,JFL,2,26.4,11.000000000000002,202526KidsUsManresa.png,True,61.0,28.0,16.214285714285715,18.842857142857145,20.83095238095238,Valencia Basket,True,0.7647058823529411,0.8431372549019609,Kids&Us Manresa,0.3333333333333333,0.1,0.9268456657284484,0.3333333333333333,1.0,0.6666666666666667,0.3333333333333332,14.476190476190478,17.159629356013795,54122.678056534845,0.60775,0.06625,0.0907679813115338,0.5412267805653485,2,11.9255,9.376499999999997,14.74297499999999,4.010024999999995,upup,False,2.0,20.295,20.37,20.22,13.200000000000001,11.0,7.5,2.0,20.22,-0.07500000000000284,0.6504065040650406,0.5420054200542005
121,N. Ongenda,Ongenda,29/09/2000,Nick Ongenda,Kids&Us Manresa,5,621575.0,470000.0,0,fit,False,False,COT,2,25.0,12.5,2324RealMadrid_Logoweb.png,False,,,,,,,False,0.5,0.3333333333333333,Real Madrid,0.8431372549019609,-0.1,0.0731543342715516,0.3333333333333333,1.0,0.6666666666666667,0.3333333333333332,9.863636363636363,10.00794991397206,-22102.61844263156,0.1295,0.3225,-0.0355590531193042,-0.2210261844263155,2,12.4315,12.2945,17.888674999999992,6.700324999999999,down,False,2.0,17.77,22.57,12.97,12.5,12.5,12.0,2.0,12.97,-4.799999999999999,0.7034327518289252,0.7034327518289252
124,L. Kolenda,Kolenda,28/07/1999,Lukasz Kolenda,Kids&Us Manresa,3,423200.0,320000.0,0,fit,False,False,EUR,2,25.0,12.5,2324RealMadrid_Logoweb.png,False,,,,,,,False,0.5,0.3333333333333333,Real Madrid,0.8431372549019609,-0.1,0.0731543342715516,0.3333333333333333,1.0,0.6666666666666667,0.3333333333333332,8.045454545454545,8.163166519691496,47582.61514171027,0.73475,0.03575,0.1124352909775762,0.4758261514171026,2,8.464,0.392000000000003,4.200799999999997,-3.416800000000002,upup,False,2.0,22.16,25.5,18.82,12.5,12.5,11.5,2.0,18.82,-3.34,0.5640794223826715,0.5640794223826715
57,W. Tavares,Tavares,22/03/1992,Edy Tavares,Real Madrid,5,600000.0,750000.0,0,fit,False,True,JFL,2,24.0,10.0,202526KidsUsManresa.png,True,175.0,21.0,16.428571428571427,19.16190476190476,21.703968253968256,Real Madrid,False,0.7647058823529411,0.8431372549019609,Kids&Us Manresa,0.3333333333333333,0.1,0.9268456657284484,0.3333333333333333,1.0,0.6666666666666667,0.3333333333333332,14.285714285714285,16.933844759224137,37650.20693164901,0.47475,0.1135,0.0627503448860816,0.3765020693164901,2,12.0,12.0,17.4,6.599999999999998,up,False,2.0,21.445,23.02,19.87,12.0,10.0,6.0,2.0,23.02,1.5749999999999993,0.559570995570063,0.4663091629750524
118,JD Notae,Notae,27/10/1998,JD Notae,Kids&Us Manresa,1,550000.0,580000.0,0,fit,True,False,EXT,2,22.0,11.0,2324RealMadrid_Logoweb.png,False,,,,,,,False,0.5,0.3333333333333333,Real Madrid,0.8431372549019609,-0.1,0.0731543342715516,0.3333333333333333,1.0,0.6666666666666667,0.3333333333333332,10.696969696969695,10.853475636350652,1028.8135681236165,0.24875,0.24,0.0018705701238611,0.0102881356812361,2,11.0,11.0,15.949999999999996,6.049999999999997,flat,False,2.0,21.505000000000003,22.73,20.28,11.0,11.0,17.0,2.0,20.28,-1.2250000000000014,0.5115089514066495,0.5115089514066495
60,C. Okeke,Okeke,18/08/1998,Chuma Okeke,Real Madrid,5,303025.0,310000.0,0,fit,True,False,EXT,2,20.4,8.5,202526KidsUsManresa.png,True,170.0,25.0,8.0,9.352,19.199333333333332,Real Madrid,False,0.7647058823529411,0.8431372549019609,Kids&Us Manresa,0.3333333333333333,0.1,0.9268456657284484,0.3333333333333333,1.0,0.6666666666666667,0.3333333333333332,8.166666666666666,9.680514587356464,41380.814475097286,0.90475,0.016,0.1365590775516782,0.4138081447509729,2,6.0605,-2.218499999999999,0.5087250000000019,-4.945725,upup,False,2.0,16.11,19.37,12.85,10.2,8.5,5.0,2.0,19.37,3.2600000000000016,0.633147113594041,0.5276225946617008
63,A. Abalde,Abalde,15/12/1995,Alberto Abalde,Real Madrid,3,299000.0,260000.0,0,injured,False,True,JFL,1,9.6,8.0,202526KidsUsManresa.png,True,173.0,29.0,5.0,5.744827586206896,16.541954022988506,Real Madrid,False,0.7647058823529411,0.8431372549019609,Kids&Us Manresa,0.3333333333333333,0.1,0.9268456657284484,0.2,1.0,0.8,0.1999999999999999,5.6,6.638067145615862,22614.512122148823,0.651,0.16725,0.0756338198065178,0.2261451212214882,1,5.98,2.360000000000001,4.154,0.5660000000000007,upup,True,1.0,15.27,15.27,15.27,9.6,8.0,9.0,1.0,15.27,0.0,0.6286836935166994,0.5239030779305829
120,C. Agbo,Agbo,28/11/2001,Chibuzo Agbo,Kids&Us Manresa,3,263925.0,270000.0,0,fit,False,False,COT,2,16.0,8.0,2324RealMadrid_Logoweb.png,False,,,,,,,False,0.5,0.3333333333333333,Real Madrid,0.8431372549019609,-0.1,0.0731543342715516,0.3333333333333333,1.0,0.6666666666666667,0.3333333333333332,5.9393939393939394,6.026292421316509,26414.083758233814,0.722,0.07975,0.1000817798929006,0.2641408375823381,2,5.2785,-0.1645000000000003,2.210825,-2.5398250000000004,upup,False,2.0,22.16,24.35,19.97,8.0,8.0,10.5,2.0,24.35,2.1900000000000013,0.36101083032490977,0.36101083032490977
125,P. Tamba,Tamba,04/09/2003,Pablo Tamba,Kids&Us Manresa,3,264500.0,200000.0,0,fit,False,True,JFL,2,16.0,8.0,2324RealMadrid_Logoweb.png,False,,,,,,,False,0.5,0.3333333333333333,Real Madrid,0.8431372549019609,-0.1,0.0731543342715516,0.3333333333333333,1.0,0.6666666666666667,0.3333333333333332,5.090909090909091,5.165393503985579,25116.147997117776,0.69375,0.087,0.0949570812745473,0.2511614799711777,2,5.29,-0.129999999999999,2.250499999999999,-2.5105000000000004,upup,False,2.0,14.190000000000001,14.38,14.0,8.0,8.0,5.5,2.0,14.0,-0.19000000000000128,0.5637773079633545,0.5637773079633545
123,Y. Minchev,Minchev,17/10/1998,Yordan Minchev,Kids&Us Manresa,5,425000.0,450000.0,0,fit,False,False,EUR,2,14.0,7.0,2324RealMadrid_Logoweb.png,False,,,,,,,False,0.5,0.3333333333333333,Real Madrid,0.8431372549019609,-0.1,0.0731543342715516,0.3333333333333333,1.0,0.6666666666666667,0.3333333333333332,7.787878787878788,7.90182220550175,-25063.61196228029,0.135,0.48975,-0.0589732046171301,-0.2506361196228029,2,8.5,11.5,15.324999999999996,7.674999999999997,down,False,2.0,18.43,19.43,17.43,7.0,7.0,5.5,2.0,19.43,1.0,0.3798155181768855,0.3798155181768855
127,R. Villar,Villar,09/08/2004,Rafael Villar,Kids&Us Manresa,1,350000.0,280000.0,0,fit,False,True,JFL,2,14.0,7.0,2324RealMadrid_Logoweb.png,False,44.0,32.0,3.875,4.45625,12.015625,Kosner Baskonia,True,0.5,0.3333333333333333,Real Madrid,0.8431372549019609,-0.1,0.0731543342715516,0.3333333333333333,1.0,0.6666666666666667,0.3333333333333332,4.916666666666666,4.988601762033691,-13373.340217139106,0.18375,0.40825,-0.0382095434775403,-0.133733402171391,2,7.0,7.0,10.15,3.8500000000000014,down,False,2.0,20.08,21.28,18.88,7.0,7.0,8.0,2.0,18.88,-1.1999999999999993,0.34860557768924305,0.34860557768924305
62,G. Procida,Procida,01/06/2002,Gabriele Procida,Real Madrid,3,241500.0,210000.0,0,fit,False,False,EUR,1,6.0,5.0,202526KidsUsManresa.png,True,168.0,29.0,5.827586206896552,6.944827586206896,14.147701149425288,Real Madrid,False,0.7647058823529411,0.8431372549019609,Kids&Us Manresa,0.3333333333333333,0.1,0.9268456657284484,0.2,1.0,0.8,0.1999999999999999,5.662068965517242,6.711641781466285,13098.632421347807,0.59,0.23525,0.0542386435666575,0.130986324213478,1,4.83,3.66,5.109,2.2110000000000003,upup,False,1.0,13.57,13.57,13.57,6.0,5.0,6.0,2.0,13.57,0.0,0.4421518054532056,0.36845983787767134
130,F. Bassas,Bassas,29/04/1992,Ferran Bassas,Kids&Us Manresa,1,371450.0,380000.0,0,fit,False,True,JFL,2,9.0,4.5,2324RealMadrid_Logoweb.png,False,212.0,31.0,7.935483870967742,8.922580645161291,18.07365591397849,Kids&Us Manresa,False,0.5,0.3333333333333333,Real Madrid,0.8431372549019609,-0.1,0.0731543342715516,0.3333333333333333,1.0,0.6666666666666667,0.3333333333333332,6.790322580645162,6.889670886220397,-37258.07171226957,0.062,0.6885,-0.100304406278825,-0.3725807171226956,2,7.429,13.287,16.63005,9.94395,downdown,False,2.0,21.11,21.62,20.6,4.5,4.5,2.5,2.0,20.6,-0.509999999999998,0.21316911416390336,0.21316911416390336
56,M. Shulga,Shulga,25/06/2002,Max Shulga,Real Madrid,3,204000.0,250000.0,0,fit,False,True,JFL,2,6.0,2.5,202526KidsUsManresa.png,True,,,,,,,False,0.7647058823529411,0.8431372549019609,Kids&Us Manresa,0.3333333333333333,0.1,0.9268456657284484,0.3333333333333333,1.0,0.6666666666666667,0.3333333333333332,3.724489795918368,4.414895240797723,-7144.968451060879,0.269,0.49475,-0.0350243551522592,-0.0714496845106087,2,4.08,6.24,8.075999999999997,4.404,up,False,2.0,9.18,14.03,4.33,3.0,2.5,3.5,2.0,4.33,-4.85,0.32679738562091504,0.27233115468409586
64,S. Llull,Llull,15/11/1987,Sergio Llull,Real Madrid,3,216750.0,300000.0,0,fit,False,True,JFL,2,4.8,2.0,202526KidsUsManresa.png,True,174.0,33.0,6.2727272727272725,7.218181818181818,17.215656565656566,Real Madrid,False,0.7647058823529411,0.8431372549019609,Kids&Us Manresa,0.3333333333333333,0.1,0.9268456657284484,0.3333333333333333,1.0,0.6666666666666667,0.3333333333333332,4.8484848484848495,5.747244281918497,-10652.44906626761,0.22375,0.5345,-0.0491462471338759,-0.1065244906626761,2,4.335,8.204999999999998,10.155749999999998,6.25425,downdown,False,2.0,8.925,12.45,5.4,2.4,2.0,1.0,2.0,12.45,3.5249999999999986,0.2689075630252101,0.22408963585434172
255,N. Smith,Smith,18/04/2004,Nick Smith Jr.,Real Madrid,3,348500.0,410000.0,0,fit,True,False,EXT,1,2.4,2.0,202526KidsUsManresa.png,True,,,,,,,False,0.7647058823529411,0.8431372549019609,Kids&Us Manresa,0.3333333333333333,0.1,0.9268456657284484,0.2,1.0,0.8,0.1999999999999999,6.089795918367348,7.218656108789262,-26365.214315214194,0.15375,0.6405,-0.0756534126691942,-0.2636521431521419,1,6.97,11.54,13.630999999999998,9.448999999999998,downdown,False,1.0,18.55,18.55,18.55,2.4,2.0,10.0,2.0,18.55,0.0,0.12938005390835577,0.10781671159029649
122,L. Beaufort,Beaufort,24/05/2002,Lucas Beaufort,Kids&Us Manresa,1,158950.0,220000.0,0,fit,False,False,EUR,2,4.0,2.0,2324RealMadrid_Logoweb.png,False,,,,,,,False,0.5,0.3333333333333333,Real Madrid,0.8431372549019609,-0.1,0.0731543342715516,0.3333333333333333,1.0,0.6666666666666667,0.3333333333333332,3.333333333333333,3.382102889514368,-7738.976197100856,0.23775,0.55825,-0.0486881169996908,-0.0773897619710085,2,3.179,5.536999999999999,6.967549999999999,4.106449999999999,downdown,False,2.0,9.045,9.72,8.37,2.0,2.0,3.5,2.0,9.72,0.6750000000000007,0.22111663902708678,0.22111663902708678
126,E. Vila,Vila,15/05/1998,Eric Vila,Kids&Us Manresa,5,130050.0,180000.0,0,fit,False,True,JFL,2,2.0,1.0,2324RealMadrid_Logoweb.png,False,148.0,23.0,2.391304347826087,2.608695652173913,9.54782608695652,Dreamland Gran Canaria,True,0.5,0.3333333333333333,Real Madrid,0.8431372549019609,-0.1,0.0731543342715516,0.3333333333333333,1.0,0.6666666666666667,0.3333333333333332,1.927536231884058,1.955737757849613,-10766.95533982724,0.158,0.69925,-0.0827908907330045,-0.1076695533982724,2,2.601,5.803,6.97345,4.632549999999999,downdown,False,2.0,13.265,20.7,5.83,1.0,1.0,1.5,2.0,5.83,-7.4350000000000005,0.07538635506973237,0.07538635506973237
129,P. Oriola,Oriola,25/09/1992,Pierre Oriola,Kids&Us Manresa,5,530000.0,530000.0,0,injured,False,True,JFL,0,0.0,,2324RealMadrid_Logoweb.png,False,257.0,27.0,12.925925925925926,14.488888888888887,20.196913580246918,Kids&Us Manresa,False,0.5,0.3333333333333333,Real Madrid,0.8431372549019609,-0.1,0.0731543342715516,0.0,1.0,1.0,0.0,12.925925925925926,13.115043427116824,0.0,0.0,0.0,0.0,0.0,0,10.6,10.6,12.19,9.01,flat,True,,,,,,,,,,,,
246,G. Deck,Deck,08/02/1995,Gabriel Deck,Real Madrid,3,330000.0,330000.0,0,injured,False,False,EUR,0,0.0,,202526KidsUsManresa.png,True,169.0,17.0,7.411764705882353,8.4,20.85,Real Madrid,False,0.7647058823529411,0.8431372549019609,Kids&Us Manresa,0.3333333333333333,0.1,0.9268456657284484,0.0,1.0,1.0,0.0,7.411764705882353,8.785677104491583,0.0,0.0,0.0,0.0,0.0,0,6.6,6.6,7.589999999999999,5.609999999999999,flat,True,1.0,23.92,23.92,23.92,9.6,8.0,9.0,1.0,23.92,0.0,0.4013377926421404,0.33444816053511706
249,M. Enabulele,Enabulele,09/03/2006,Michael Enabulele,Kids&Us Manresa,5,110500.0,130000.0,0,fit,False,True,JFL,1,0.0,0.0,2324RealMadrid_Logoweb.png,False,,,,,,,False,0.5,0.3333333333333333,Real Madrid,0.8431372549019609,-0.1,0.0731543342715516,0.2,1.0,0.8,0.1999999999999999,1.8909090909090909,1.9185747300517864,-6406.016195577831,0.26175,0.64575,-0.0579729972450482,-0.0640601619557783,1,2.21,4.42,5.082999999999999,3.757,up,False,1.0,7.6,7.6,7.6,0.0,0.0,0.0,2.0,7.6,0.0,0.0,0.0
128,H. Benitez,Benitez,20/01/2001,Hugo Benitez,Kids&Us Manresa,1,340000.0,400000.0,0,injured,False,False,EUR,1,-1.0,-1.0,2324RealMadrid_Logoweb.png,False,67.0,13.0,11.153846153846152,12.184615384615386,21.88205128205129,Kids&Us Manresa,False,0.5,0.3333333333333333,Real Madrid,0.8431372549019609,-0.1,0.0731543342715516,0.2,1.0,0.8,0.1999999999999999,8.723076923076924,8.850703100098368,-30262.09703597997,0.12275,0.6995,-0.0890061677528822,-0.3026209703597997,1,6.8,14.6,16.64,12.56,downdown,True,1.0,5.45,5.45,5.45,-1.0,-1.0,2.0,1.0,5.45,0.0,-0.18348623853211007,-0.18348623853211007
54,O. Sarr,Sarr,20/02/1999,Olivier Sarr,Real Madrid,5,260100.0,360000.0,0,fit,False,False,EUR,2,-5.0,-2.5,202526KidsUsManresa.png,True,,,,,,,False,0.7647058823529411,0.8431372549019609,Kids&Us Manresa,0.3333333333333333,0.1,0.9268456657284484,0.3333333333333333,1.0,0.6666666666666667,0.3333333333333332,3.329931972789117,3.947198576019152,-38835.79356406999,0.00075,0.99425,-0.1493110094735485,-0.3883579356406998,2,5.202,20.606,22.9469,18.2651,downdown,False,2.0,5.935,8.1,3.77,-2.5,-2.5,0.0,2.0,8.1,2.165,-0.4212299915754002,-0.4212299915754002
205,J. Batemon,Batemon,08/04/1997,James Batemon,iLERNA Lleida,3,872850.0,660000.0,0,fit,True,False,EXT,2,55.0,24.5,202627MonbusObradoiroLogoPositivoOK.png,False,183.0,32.0,14.21875,15.625,25.95052083333333,Hiopos Lleida,True,0.5,0.5,Monbus Obradoiro,0.5,-0.1,0.3775406687981454,0.3333333333333333,1.0,0.6666666666666667,0.3333333333333332,17.645833333333332,18.978237276966787,125969.64441023256,0.92825,0.00025,0.1443199225642808,1.2596964441023255,2,17.457,-2.628999999999998,5.226649999999999,-10.484650000000002,upup,False,2.0,23.995,26.07,21.92,27.5,24.5,19.5,2.0,26.07,2.0749999999999993,1.1460720983538237,1.0210460512606792
7,J. Soriano,Soriano,30/01/2000,Joel Soriano,Monbus Obradoiro,5,462875.0,350000.0,0,fit,False,False,COT,2,40.6,18.5,202526IlernaLleidaLogoPositivo.png,True,,,,,,,False,0.5,0.5,iLERNA Lleida,0.5,0.1,0.6224593312018546,0.3333333333333333,1.0,0.6666666666666667,0.3333333333333332,10.40909090909091,11.704938062229315,69348.4954245236,0.99775,0.0,0.1498212161480391,0.693484954245236,2,9.2575,-12.8275,-8.661625,-16.993375,upup,False,2.0,25.115000000000002,27.05,23.18,20.3,18.5,14.0,2.0,23.18,-1.9350000000000023,0.8082819032450727,0.7366115867011745
197,Z. Perrin,Perrin,30/08/2004,Zach Perrin,iLERNA Lleida,5,555450.0,420000.0,0,fit,False,False,EUR,2,40.0,18.5,202627MonbusObradoiroLogoPositivoOK.png,False,,,,,,,False,0.5,0.5,Monbus Obradoiro,0.5,-0.1,0.3775406687981454,0.3333333333333333,1.0,0.6666666666666667,0.3333333333333332,11.257575757575758,12.107614293687943,81714.05379562452,0.96525,0.00125,0.1471132483493105,0.8171405379562452,2,11.109,-6.673000000000002,-1.673950000000005,-11.67205,upup,False,,,,,,,,,,,,
237,D. McGhee,McGhee,02/06/1999,Darius McGhee,iLERNA Lleida,1,502550.0,380000.0,0,fit,False,False,EUR,2,37.6,16.0,202627MonbusObradoiroLogoPositivoOK.png,False,,,,,,,False,0.5,0.5,Monbus Obradoiro,0.5,-0.1,0.3775406687981454,0.3333333333333333,1.0,0.6666666666666667,0.3333333333333332,9.93939393939394,10.689899026459344,74199.72688313131,0.97575,0.00125,0.147646456836397,0.7419972688313131,2,10.051,-7.447000000000003,-2.924050000000001,-11.96995,upup,False,2.0,24.885,25.85,23.92,18.8,16.0,12.0,2.0,25.85,0.9649999999999999,0.7554751858549327,0.6429576049829214
4,B. Childress,Childress,31/08/1997,Brandon Childress,Monbus Obradoiro,1,846400.0,640000.0,0,fit,True,False,EXT,2,37.0,16.5,202526IlernaLleidaLogoPositivo.png,True,,,,,,,False,0.5,0.5,iLERNA Lleida,0.5,0.1,0.6224593312018546,0.3333333333333333,1.0,0.6666666666666667,0.3333333333333332,13.257575757575758,14.908036105459464,12755.449856231571,0.21775,0.138,0.0150702384879862,0.1275544985623157,2,16.928,13.784000000000006,21.401599999999995,6.166399999999996,flat,False,2.0,24.75,27.17,22.33,18.5,16.5,20.5,2.0,27.17,2.4200000000000017,0.7474747474747475,0.6666666666666666
202,O. Paulí,Paulí,20/05/1994,Oriol Paulí,iLERNA Lleida,3,740600.0,560000.0,0,fit,False,True,JFL,2,34.6,15.500000000000002,202627MonbusObradoiroLogoPositivoOK.png,False,185.0,34.0,12.852941176470589,13.741176470588234,22.97254901960784,Hiopos Lleida,True,0.5,0.5,Monbus Obradoiro,0.5,-0.1,0.3775406687981454,0.3333333333333333,1.0,0.6666666666666667,0.3333333333333332,13.73529411764706,14.7724205431102,43845.10089690879,0.40425,0.08375,0.0592021346164039,0.4384510089690878,2,14.812,9.836,16.501399999999997,3.1706000000000003,up,False,2.0,22.04,22.53,21.55,17.3,15.5,9.0,2.0,21.55,-0.48999999999999844,0.7849364791288567,0.7032667876588022
6,F. Dos Anjos,Dos Anjos,30/04/1998,Felipe Dos Anjos,Monbus Obradoiro,5,595125.0,450000.0,0,fit,False,True,JFL,2,31.6,14.000000000000002,202526IlernaLleidaLogoPositivo.png,True,,,,,,,False,0.5,0.5,iLERNA Lleida,0.5,0.1,0.6224593312018546,0.3333333333333333,1.0,0.6666666666666667,0.3333333333333332,10.12121212121212,11.381220706796482,57809.52733736544,0.619,0.041,0.0971384622345985,0.5780952733736543,2,11.9025,4.107499999999995,9.463624999999992,-1.248625000000004,upup,False,2.0,17.384999999999998,21.82,12.95,15.8,14.0,10.5,2.0,21.82,4.435000000000002,0.9088294506758702,0.8052919183203913
11,C. Agada,Agada,31/08/1994,Caleb Agada,Monbus Obradoiro,3,317400.0,240000.0,0,fit,False,False,COT,2,30.4,14.0,202526IlernaLleidaLogoPositivo.png,True,176.0,34.0,5.0,5.629411764705883,16.445098039215686,Hiopos Lleida,True,0.5,0.5,iLERNA Lleida,0.5,0.1,0.6224593312018546,0.3333333333333333,1.0,0.6666666666666667,0.3333333333333332,8.0,8.995934929922967,47393.74579135847,0.99275,0.0,0.1493186697900392,0.4739374579135846,2,6.348,-11.355999999999998,-8.499400000000001,-14.212600000000002,upup,False,2.0,17.835,20.15,15.52,15.2,14.0,11.5,2.0,20.15,2.3149999999999977,0.8522567984300532,0.784973366975049
9,Y. Barrueta,Barrueta,15/04/1993,Yunio Barrueta,Monbus Obradoiro,3,436425.0,330000.0,0,fit,False,False,EUR,2,26.6,12.0,202526IlernaLleidaLogoPositivo.png,True,,,,,,,False,0.5,0.5,iLERNA Lleida,0.5,0.1,0.6224593312018546,0.3333333333333333,1.0,0.6666666666666667,0.3333333333333332,8.0,8.995934929922967,52848.05677511112,0.784,0.02275,0.1210931013922463,0.5284805677511112,2,8.7285,-0.4145000000000003,3.5133249999999983,-4.342325000000002,upup,False,2.0,23.8,24.07,23.53,13.3,12.0,12.0,2.0,23.53,-0.2699999999999996,0.5588235294117647,0.5042016806722689
200,M. Ejim,Ejim,04/03/1991,Melvin Ejim,iLERNA Lleida,5,527850.0,540000.0,0,fit,False,False,COT,2,22.2,10.5,202627MonbusObradoiroLogoPositivoOK.png,False,177.0,33.0,12.636363636363637,13.86060606060606,24.75959595959596,Hiopos Lleida,True,0.5,0.5,Monbus Obradoiro,0.5,-0.1,0.3775406687981454,0.3333333333333333,1.0,0.6666666666666667,0.3333333333333332,11.924242424242426,12.824619716194366,24998.756811479107,0.42425,0.145,0.0473595847522574,0.249987568114791,2,10.557,9.471,14.22165,4.72035,up,False,2.0,22.075000000000003,24.98,19.17,11.1,10.5,12.0,2.0,24.98,2.9049999999999976,0.5028312570781426,0.4756511891279728
198,K. Kuath,Kuath,12/08/1998,Kur Kuath,iLERNA Lleida,5,545000.0,500000.0,0,fit,True,False,EXT,2,21.8,10.0,202627MonbusObradoiroLogoPositivoOK.png,False,139.0,26.0,7.615384615384615,8.238461538461538,13.505128205128203,Dreamland Gran Canaria,True,0.5,0.5,Monbus Obradoiro,0.5,-0.1,0.3775406687981454,0.3333333333333333,1.0,0.6666666666666667,0.3333333333333332,8.41025641025641,9.04529917623483,-18810.62050634832,0.1485,0.339,-0.0345149000116482,-0.1881062050634832,2,10.9,10.900000000000002,15.805000000000003,5.995000000000001,down,False,2.0,13.27,13.42,13.12,10.9,10.0,7.5,2.0,13.12,-0.15000000000000036,0.8214016578749058,0.7535795026375283
10,L. Meindl,Meindl,20/03/1993,Leo Meindl,Monbus Obradoiro,3,405000.0,460000.0,0,fit,False,False,EUR,2,16.2,7.5,202526IlernaLleidaLogoPositivo.png,True,5.0,32.0,10.625,11.73125,23.629166666666663,Recoletas Salud San Pablo Burgos,True,0.5,0.5,iLERNA Lleida,0.5,0.1,0.6224593312018546,0.3333333333333333,1.0,0.6666666666666667,0.3333333333333332,9.583333333333334,10.776380384803556,15423.535738167991,0.4235,0.1965,0.0380828042917728,0.1542353573816799,2,8.1,8.099999999999998,11.745,4.455000000000002,up,False,2.0,24.77,25.82,23.72,8.1,7.5,10.5,2.0,25.82,1.0500000000000007,0.3270084779975777,0.3027856277755349
1,A. Barcello,Barcello,31/08/1998,Alex Barcello,Monbus Obradoiro,3,400775.0,410000.0,0,fit,True,False,EXT,2,16.0,7.0,202526IlernaLleidaLogoPositivo.png,True,,,,,,,False,0.5,0.5,iLERNA Lleida,0.5,0.1,0.6224593312018546,0.3333333333333333,1.0,0.6666666666666667,0.3333333333333332,7.303030303030303,8.212198174664527,491.1052119883825,0.29975,0.286,0.0012253888390952,0.0049110521198838,2,8.0155,8.046499999999998,11.653474999999991,4.439524999999996,up,False,2.0,18.475,20.93,16.02,8.0,7.0,9.5,2.0,16.02,-2.455000000000002,0.4330175913396481,0.37889039242219213
203,M. Sanz,Sanz,01/02/1999,Mikel Sanz,iLERNA Lleida,3,264500.0,200000.0,0,fit,False,True,JFL,2,11.8,5.5,202627MonbusObradoiroLogoPositivoOK.png,False,187.0,33.0,4.212121212121212,4.472727272727273,14.623232323232322,Hiopos Lleida,True,0.5,0.5,Monbus Obradoiro,0.5,-0.1,0.3775406687981454,0.3333333333333333,1.0,0.6666666666666667,0.3333333333333332,4.641414141414142,4.991878661237875,4639.810424657422,0.39475,0.28525,0.0175418163503116,0.0463981042465742,2,5.29,4.07,6.450499999999998,1.689499999999999,up,False,2.0,10.469999999999999,10.77,10.17,5.9,5.5,6.0,2.0,10.17,-0.29999999999999893,0.5635148042024833,0.5253104106972303
2,E. Abogidi,Abogidi,11/10/2001,Efe Abogidi,Monbus Obradoiro,5,357000.0,370000.0,0,fit,False,False,COT,2,11.4,5.0,202526IlernaLleidaLogoPositivo.png,True,,,,,,,False,0.5,0.5,iLERNA Lleida,0.5,0.1,0.6224593312018546,0.3333333333333333,1.0,0.6666666666666667,0.3333333333333332,6.151515151515152,6.917328752933192,-19905.93345994852,0.155,0.494,-0.0557589172547577,-0.1990593345994851,2,7.14,10.019999999999998,13.232999999999995,6.807,down,False,2.0,14.565000000000001,19.1,10.03,5.7,5.0,2.5,2.0,10.03,-4.535000000000002,0.39134912461380017,0.3432887058015791
201,J. Shurna,Shurna,30/04/1990,John Shurna,iLERNA Lleida,5,293250.0,300000.0,0,fit,False,False,EUR,2,10.8,4.500000000000001,202627MonbusObradoiroLogoPositivoOK.png,False,180.0,29.0,6.689655172413793,7.096551724137932,18.28103448275862,Hiopos Lleida,True,0.5,0.5,Monbus Obradoiro,0.5,-0.1,0.3775406687981454,0.3333333333333333,1.0,0.6666666666666667,0.3333333333333332,5.959770114942529,6.40978123395825,-1531.1273541687406,0.3155,0.34825,-0.0052212356493392,-0.0153112735416874,2,5.865,6.794999999999998,9.43425,4.155749999999998,up,False,2.0,17.924999999999997,20.83,15.02,5.4,4.5,2.5,2.0,15.02,-2.9049999999999976,0.3012552301255231,0.25104602510460255
206,D. García,García,30/01/1998,Dani García,iLERNA Lleida,1,273700.0,280000.0,0,fit,False,True,JFL,2,9.4,4.0,202627MonbusObradoiroLogoPositivoOK.png,False,110.0,14.0,7.428571428571429,8.0,19.9,Hiopos Lleida,True,0.5,0.5,Monbus Obradoiro,0.5,-0.1,0.3775406687981454,0.3333333333333333,1.0,0.6666666666666667,0.3333333333333332,6.285714285714287,6.760336840774812,-1941.7307804016164,0.31875,0.36275,-0.0070943762528374,-0.0194173078040161,2,5.474,7.022,9.4853,4.5587,up,False,2.0,15.635000000000002,16.8,14.47,4.7,4.0,5.0,2.0,14.47,-1.165000000000001,0.3006076111288775,0.255836264790534
3,D. Brito,Brito,24/04/1997,Diogo Brito,Monbus Obradoiro,3,158950.0,220000.0,0,fit,False,False,EUR,2,3.2,1.5,202526IlernaLleidaLogoPositivo.png,True,,,,,,,False,0.5,0.5,iLERNA Lleida,0.5,0.1,0.6224593312018546,0.3333333333333333,1.0,0.6666666666666667,0.3333333333333332,3.166666666666667,3.560890909761175,-8748.640527167387,0.2245,0.59025,-0.0550402046377312,-0.0874864052716738,2,3.179,6.336999999999999,7.767549999999999,4.906449999999999,downdown,False,2.0,15.375,18.08,12.67,1.6,1.5,2.0,2.0,18.08,2.7049999999999983,0.1040650406504065,0.0975609756097561
204,M. Hughes,Hughes,15/02/1997,Mark Hughes,iLERNA Lleida,3,255000.0,350000.0,0,fit,True,False,EUR,2,3.0,1.0,202627MonbusObradoiroLogoPositivoOK.png,False,28.0,34.0,7.705882352941177,8.58235294117647,19.001470588235293,Bàsquet Girona,True,0.5,0.5,Monbus Obradoiro,0.5,-0.1,0.3775406687981454,0.3333333333333333,1.0,0.6666666666666667,0.3333333333333332,5.470588235294118,5.883662143508559,-27778.857676849817,0.06925,0.76725,-0.10893669677196,-0.2777885767684981,2,5.1,12.3,14.595,10.005,downdown,False,2.0,20.4,22.4,18.4,1.5,1.0,5.5,2.0,18.4,-2.0,0.07352941176470588,0.04901960784313726
12,S. Quintela,Quintela,21/04/1996,Sergi Quintela,Monbus Obradoiro,3,166175.0,230000.0,0,fit,False,True,JFL,2,1.0,0.5,202526IlernaLleidaLogoPositivo.png,True,85.0,18.0,2.2777777777777777,2.477777777777778,4.261111111111111,Río Breogán,True,0.5,0.5,iLERNA Lleida,0.5,0.1,0.6224593312018546,0.3333333333333333,1.0,0.6666666666666667,0.3333333333333332,1.6851851851851851,1.8949770338495135,-20771.063205697952,0.042,0.86,-0.1249951148229153,-0.2077106320569795,2,3.3235,8.970500000000001,10.466075,7.474925000000001,downdown,False,2.0,12.629999999999999,15.73,9.53,0.5,0.5,3.5,2.0,15.73,3.1000000000000014,0.03958828186856691,0.03958828186856691
5,A. Faure,Faure,20/02/2002,Alonso Faure,Monbus Obradoiro,5,250000.0,250000.0,0,fit,False,True,JFL,2,0.0,0.0,202526IlernaLleidaLogoPositivo.png,True,,,,,,,False,0.5,0.5,iLERNA Lleida,0.5,0.1,0.6224593312018546,0.3333333333333333,1.0,0.6666666666666667,0.3333333333333332,3.0303030303030303,3.407551109819306,-36155.30300166237,0.00625,0.955,-0.1446212120066494,-0.3615530300166236,2,5.0,15.0,17.25,12.75,downdown,False,,,,,,,,,,,,
8,A. Galán,Galán,12/09/1999,Álex Galán,Monbus Obradoiro,5,137275.0,190000.0,0,fit,False,True,JFL,2,0.0,0.0,202526IlernaLleidaLogoPositivo.png,True,,,,,,,False,0.5,0.5,iLERNA Lleida,0.5,0.1,0.6224593312018546,0.3333333333333333,1.0,0.6666666666666667,0.3333333333333332,2.303030303030303,2.5897388434626727,-14812.430070450311,0.0965,0.799,-0.107903333239485,-0.1481243007045031,2,2.7455,8.2365,9.471975,7.001025,downdown,False,,,,,,,,,,,,
13,O. Lundqvist,Lundqvist,21/11/1999,Olle Lundqvist,Monbus Obradoiro,1,200000.0,200000.0,0,injured,False,False,EUR,0,0.0,,202526IlernaLleidaLogoPositivo.png,True,,,,,,,False,0.5,0.5,iLERNA Lleida,0.5,0.1,0.6224593312018546,0.0,1.0,1.0,0.0,3.636363636363636,4.089061331783166,0.0,0.0,0.0,0.0,0.0,0,4.0,4.0,4.6,3.4,flat,True,,,,,,,,,,,,
199,A. Diagne,Diagne,31/12/1998,Atoumane Diagne,iLERNA Lleida,5,270000.0,270000.0,0,injured,False,True,JFL,0,0.0,,202627MonbusObradoiroLogoPositivoOK.png,False,186.0,33.0,6.696969696969697,7.090909090909091,12.752525252525253,Hiopos Lleida,True,0.5,0.5,Monbus Obradoiro,0.5,-0.1,0.3775406687981454,0.0,1.0,1.0,0.0,6.696969696969697,7.202645380632668,0.0,0.0,0.0,0.0,0.0,0,5.4,5.4,6.21,4.59,flat,True,,,,,,,,,,,,
207,A. Rodriguez,Rodriguez,28/04/2003,Adria Rodriguez,iLERNA Lleida,1,122825.0,170000.0,0,fit,False,True,JFL,2,0.0,0.0,202627MonbusObradoiroLogoPositivoOK.png,False,320.0,9.0,4.333333333333333,4.733333333333333,12.144444444444444,Hiopos Lleida,True,0.5,0.5,Monbus Obradoiro,0.5,-0.1,0.3775406687981454,0.3333333333333333,1.0,0.6666666666666667,0.3333333333333332,2.888888888888889,3.107023497527817,-10400.24350722671,0.16275,0.7175,-0.084675298247317,-0.1040024350722671,2,2.4565,7.3695,8.474924999999999,6.264075,downdown,False,2.0,2.5949999999999998,3.52,1.67,0.0,0.0,0.0,2.0,3.52,0.9250000000000003,0.0,0.0
244,M. Caicedo,Caicedo,21/06/2003,Michael Caicedo,Monbus Obradoiro,3,180000.0,180000.0,0,fit,False,True,JFL,0,0.0,,202526IlernaLleidaLogoPositivo.png,True,,,,,,,False,0.5,0.5,iLERNA Lleida,0.5,0.1,0.6224593312018546,0.0,1.0,1.0,0.0,3.2727272727272725,3.68015519860485,0.0,0.0,0.0,0.0,0.0,0,3.6,3.6,4.14,3.06,flat,False,,,,,,,,,,,,
37,M. Huertas,Huertas,25/05/1983,Marcelinho Huertas,La Laguna Tenerife,1,690000.0,680000.0,0,fit,False,False,EUR,2,37.2,16.5,202627ucamcblogoverticalcolor.png,False,129.0,29.0,16.20689655172414,18.24137931034483,23.39655172413793,La Laguna Tenerife,False,0.5294117647058824,0.5196078431372549,UCAM Murcia,0.6568627450980393,-0.1,0.259413407457112,0.3333333333333333,1.0,0.6666666666666667,0.3333333333333332,16.304597701149426,17.15052395052394,83428.02933809278,0.764,0.01725,0.1209101874465112,0.8342802933809278,2,13.8,4.200000000000003,10.409999999999997,-2.010000000000005,upup,False,2.0,21.05,23.75,18.35,18.6,16.5,14.5,2.0,23.75,2.6999999999999993,0.8836104513064134,0.7838479809976246
159,E. Cate,Cate,30/07/1997,Emanuel Cate,UCAM Murcia,5,581900.0,440000.0,0,fit,False,True,JFL,2,31.6,14.5,2425LaLagunaTenerifeLogo.png,True,111.0,34.0,10.117647058823527,11.41764705882353,19.205392156862747,UCAM Murcia,False,0.7352941176470589,0.6568627450980393,La Laguna Tenerife,0.5196078431372549,0.1,0.740586592542888,0.3333333333333333,1.0,0.6666666666666667,0.3333333333333332,11.57843137254902,13.29339757998657,67614.38212997245,0.73875,0.02325,0.1161958792403719,0.6761438212997245,2,11.638,3.314,8.551099999999998,-1.923099999999998,upup,False,2.0,17.22,20.37,14.07,15.8,14.5,9.5,2.0,14.07,-3.1499999999999986,0.9175377468060396,0.8420441347270616
154,S. Boum,Boum,26/01/1999,Souley Boum,UCAM Murcia,1,634800.0,480000.0,0,fit,False,False,COT,2,30.0,13.5,2425LaLagunaTenerifeLogo.png,True,,,,,,,False,0.7352941176470589,0.6568627450980393,La Laguna Tenerife,0.5196078431372549,0.1,0.740586592542888,0.3333333333333333,1.0,0.6666666666666667,0.3333333333333332,10.07948717948718,11.572433792454408,31281.80251059076,0.38525,0.10875,0.0492782018125248,0.3128180251059075,2,12.696,8.088000000000001,13.801199999999994,2.3747999999999934,up,False,2.0,21.515,23.05,19.98,15.0,13.5,16.5,2.0,19.98,-1.5350000000000001,0.697188008366256,0.6274692075296304
28,K. Guy,Guy,11/08/1997,Kyle Guy,La Laguna Tenerife,3,727375.0,550000.0,0,fit,True,False,EXT,2,29.8,13.5,202627ucamcblogoverticalcolor.png,False,,,,,,,False,0.5294117647058824,0.5196078431372549,UCAM Murcia,0.6568627450980393,-0.1,0.259413407457112,0.3333333333333333,1.0,0.6666666666666667,0.3333333333333332,11.131205673758863,11.70872247234601,-20896.21349205065,0.126,0.2775,-0.0287282536409013,-0.2089621349205065,2,14.5475,13.842499999999998,20.388874999999995,7.296124999999993,down,False,2.0,25.035,25.6,24.47,14.9,13.5,14.5,2.0,25.6,0.5650000000000013,0.5951667665268624,0.5392450569203115
157,T. Nakic,Nakic,01/06/1999,Toni Nakic,UCAM Murcia,3,290950.0,220000.0,0,fit,False,False,EUR,2,29.2,13.5,2425LaLagunaTenerifeLogo.png,True,105.0,33.0,6.393939393939394,7.49090909090909,19.353535353535356,UCAM Murcia,False,0.7352941176470589,0.6568627450980393,La Laguna Tenerife,0.5196078431372549,0.1,0.740586592542888,0.3333333333333333,1.0,0.6666666666666667,0.3333333333333332,8.762626262626263,10.060522967739304,43597.26155914844,0.99875,0.00025,0.1498445147246896,0.4359726155914843,2,5.819,-11.743,-9.12445,-14.361549999999998,upup,False,2.0,21.1,21.42,20.78,14.6,13.5,8.5,2.0,21.42,0.3200000000000003,0.6919431279620852,0.6398104265402843
155,J. Pansa,Pansa,20/08/1997,Jean-Marc Pansa,UCAM Murcia,5,568675.0,430000.0,0,fit,False,False,EUR,2,28.0,12.5,2425LaLagunaTenerifeLogo.png,True,,,,,,,False,0.7352941176470589,0.6568627450980393,La Laguna Tenerife,0.5196078431372549,0.1,0.740586592542888,0.3333333333333333,1.0,0.6666666666666667,0.3333333333333332,9.164957264957266,10.522446159288444,35768.02389097423,0.4605,0.0955,0.0628971273415821,0.3576802389097423,2,11.3735,6.1205,11.238574999999996,1.0024249999999988,up,False,2.0,21.24,25.65,16.83,14.0,12.5,8.5,2.0,25.65,4.41,0.6591337099811676,0.588512241054614
168,J. Radebaugh,Radebaugh,17/06/1997,Jonah Radebaugh,UCAM Murcia,1,371450.0,380000.0,0,fit,False,False,EUR,2,24.2,10.5,2425LaLagunaTenerifeLogo.png,True,103.0,31.0,8.806451612903226,10.33548387096774,20.473655913978497,UCAM Murcia,False,0.7352941176470589,0.6568627450980393,La Laguna Tenerife,0.5196078431372549,0.1,0.740586592542888,0.3333333333333333,1.0,0.6666666666666667,0.3333333333333332,9.370967741935484,10.758970355701347,50673.012812055706,0.89775,0.013,0.1364194718321596,0.5067301281205571,2,7.429,-1.9130000000000005,1.4300500000000014,-5.256049999999998,upup,False,2.0,21.735,22.4,21.07,12.1,10.5,11.0,2.0,22.4,0.6649999999999991,0.5567057740970784,0.48309178743961356
36,J. Fernández,Fernández,04/06/1993,Jaime Fernández,La Laguna Tenerife,3,402500.0,380000.0,0,fit,False,True,JFL,2,23.8,10.5,202627ucamcblogoverticalcolor.png,False,136.0,31.0,11.064516129032258,12.451612903225806,18.48548387096774,La Laguna Tenerife,False,0.5294117647058824,0.5196078431372549,UCAM Murcia,0.6568627450980393,-0.1,0.259413407457112,0.3333333333333333,1.0,0.6666666666666667,0.3333333333333332,10.876344086021504,11.440637982027674,51168.52461138641,0.84025,0.022,0.1271267692208358,0.5116852461138641,2,8.05,0.3500000000000014,3.9725,-3.272500000000001,upup,False,,,,,,,,,,,,
29,López-Arostegui,López-A.,19/05/1997,Xabi López-Arostegui,La Laguna Tenerife,3,489325.0,370000.0,0,fit,False,True,JFL,2,23.2,11.0,202627ucamcblogoverticalcolor.png,False,62.0,15.0,8.733333333333333,10.053333333333336,14.913333333333334,Valencia Basket,True,0.5294117647058824,0.5196078431372549,UCAM Murcia,0.6568627450980393,-0.1,0.259413407457112,0.3333333333333333,1.0,0.6666666666666667,0.3333333333333332,9.488888888888887,9.981197888818606,28064.5922449606,0.46875,0.123,0.0573536856791715,0.280645922449606,2,9.7865,6.159500000000001,10.563425,1.7555749999999968,up,False,2.0,22.490000000000002,25.45,19.53,11.6,11.0,8.0,2.0,19.53,-2.960000000000001,0.5157847932414406,0.4891062694530902
33,T. Abromaitis,Abromaitis,17/09/1989,Tim Abromaitis,La Laguna Tenerife,5,396750.0,300000.0,0,fit,False,False,EUR,2,22.6,10.5,202627ucamcblogoverticalcolor.png,False,125.0,33.0,7.454545454545454,8.115151515151515,17.61060606060606,La Laguna Tenerife,False,0.5294117647058824,0.5196078431372549,UCAM Murcia,0.6568627450980393,-0.1,0.259413407457112,0.3333333333333333,1.0,0.6666666666666667,0.3333333333333332,8.469696969696969,8.909127559904622,43745.25234200677,0.7315,0.04225,0.1102589851090277,0.4374525234200677,2,7.935,1.2049999999999983,4.775749999999995,-2.365750000000002,upup,False,2.0,20.04,21.1,18.98,11.3,10.5,7.0,2.0,18.98,-1.0599999999999987,0.563872255489022,0.5239520958083833
167,J. Marcos,Marcos,06/07/2000,Juani Marcos,UCAM Murcia,1,312800.0,320000.0,0,fit,False,False,EUR,2,21.8,9.5,2425LaLagunaTenerifeLogo.png,True,193.0,30.0,4.666666666666667,5.733333333333333,14.825555555555557,Barça,True,0.7352941176470589,0.6568627450980393,La Laguna Tenerife,0.5196078431372549,0.1,0.740586592542888,0.3333333333333333,1.0,0.6666666666666667,0.3333333333333332,6.277777777777778,7.207625388414959,41388.59714696871,0.8825,0.0195,0.1323164870427388,0.4138859714696871,2,6.256,-3.032,-0.2168000000000027,-5.847200000000001,upup,False,2.0,20.625,21.87,19.38,10.9,9.5,6.0,2.0,19.38,-1.245000000000001,0.5284848484848486,0.46060606060606063
27,V. Hunter,Hunter,05/08/1994,Vince Hunter,La Laguna Tenerife,5,414000.0,360000.0,0,fit,True,False,EXT,1,10.8,9.000000000000002,202627ucamcblogoverticalcolor.png,False,,,,,,,False,0.5294117647058824,0.5196078431372549,UCAM Murcia,0.6568627450980393,-0.1,0.259413407457112,0.2,1.0,0.8,0.1999999999999999,7.0085106382978735,7.372130963473928,13648.393210080569,0.4495,0.24925,0.0329671333576825,0.1364839321008057,1,8.28,5.759999999999998,8.243999999999996,3.275999999999998,up,False,1.0,19.08,19.08,19.08,10.8,9.0,5.0,2.0,19.08,0.0,0.5660377358490567,0.47169811320754723
166,M. Forrest,Forrest,02/12/1999,Michael Forrest,UCAM Murcia,1,345000.0,270000.0,0,fit,False,False,COT,2,19.2,8.5,2425LaLagunaTenerifeLogo.png,True,102.0,34.0,7.558823529411764,8.805882352941175,16.602450980392156,UCAM Murcia,False,0.7352941176470589,0.6568627450980393,La Laguna Tenerife,0.5196078431372549,0.1,0.740586592542888,0.3333333333333333,1.0,0.6666666666666667,0.3333333333333332,7.872549019607844,9.038609870219489,36954.29436255596,0.73775,0.05525,0.1071138967030607,0.3695429436255595,2,6.9,1.5000000000000036,4.605,-1.6050000000000004,upup,False,2.0,13.375,17.32,9.43,9.6,8.5,13.0,2.0,9.43,-3.9450000000000003,0.7177570093457943,0.6355140186915887
30,E. Happ,Happ,07/05/1996,Ethan Happ,La Laguna Tenerife,5,552500.0,580000.0,0,fit,False,False,EUR,2,19.0,9.0,202627ucamcblogoverticalcolor.png,False,50.0,25.0,17.32,19.008,23.464666666666663,Recoletas Salud San Pablo Burgos,True,0.5294117647058824,0.5196078431372549,UCAM Murcia,0.6568627450980393,-0.1,0.259413407457112,0.3333333333333333,1.0,0.6666666666666667,0.3333333333333332,14.546666666666669,15.301386740095223,10151.859823705512,0.3305,0.223,0.0183744069207339,0.1015185982370551,2,11.05,14.150000000000006,19.1225,9.177500000000002,up,False,2.0,18.119999999999997,21.22,15.02,9.5,9.0,10.5,2.0,15.02,-3.099999999999998,0.5242825607064019,0.4966887417218544
165,D. Ennis,Ennis,26/12/1991,Dylan Ennis,UCAM Murcia,3,397375.0,550000.0,0,fit,False,False,EUR,2,12.4,5.5,2425LaLagunaTenerifeLogo.png,True,104.0,25.0,10.28,11.912,24.436,UCAM Murcia,False,0.7352941176470589,0.6568627450980393,La Laguna Tenerife,0.5196078431372549,0.1,0.740586592542888,0.3333333333333333,1.0,0.6666666666666667,0.3333333333333332,8.686666666666667,9.973312440111178,-8385.109057003108,0.242,0.373,-0.0211012495929615,-0.083851090570031,2,7.9475,11.4425,15.018874999999996,7.8661249999999985,down,False,2.0,14.870000000000001,15.52,14.22,6.2,5.5,8.0,2.0,14.22,-0.6500000000000004,0.4169468728984532,0.36987222595830527
162,M. Steinbergs,Steinbergs,28/08/2001,Marcis Steinbergs,UCAM Murcia,5,175000.0,200000.0,0,fit,False,False,EUR,2,7.0,3.0,2425LaLagunaTenerifeLogo.png,True,65.0,34.0,4.117647058823529,4.629411764705883,20.11372549019608,Kids&Us Manresa,True,0.7352941176470589,0.6568627450980393,La Laguna Tenerife,0.5196078431372549,0.1,0.740586592542888,0.3333333333333333,1.0,0.6666666666666667,0.3333333333333332,3.7450980392156863,4.2998119183360455,3211.2201871248544,0.45125,0.32975,0.0183498296407134,0.0321122018712485,2,3.5,3.5,5.074999999999999,1.9250000000000007,up,False,2.0,15.95,19.63,12.27,3.5,3.0,3.0,2.0,12.27,-3.6799999999999997,0.219435736677116,0.18808777429467086
158,S. Raieste,Raieste,31/03/1999,Sander Raieste,UCAM Murcia,3,173400.0,240000.0,0,fit,False,True,JFL,2,6.2,2.5,2425LaLagunaTenerifeLogo.png,True,108.0,28.0,6.571428571428571,7.714285714285714,19.582142857142856,UCAM Murcia,False,0.7352941176470589,0.6568627450980393,La Laguna Tenerife,0.5196078431372549,0.1,0.740586592542888,0.3333333333333333,1.0,0.6666666666666667,0.3333333333333332,5.214285714285714,5.986611732223298,6218.865842824016,0.5195,0.2835,0.0358642782169781,0.0621886584282401,2,3.468,4.204,5.764599999999999,2.643399999999999,upup,False,2.0,19.475,22.57,16.38,3.1,2.5,3.5,2.0,22.57,3.094999999999999,0.15917843388960204,0.12836970474967907
38,B. Fitipaldo,Fitipaldo,02/08/1991,Bruno Fitipaldo,La Laguna Tenerife,1,283475.0,290000.0,0,fit,False,False,EUR,2,6.0,3.0,202627ucamcblogoverticalcolor.png,False,130.0,32.0,6.3125,7.30625,20.7390625,La Laguna Tenerife,False,0.5294117647058824,0.5196078431372549,UCAM Murcia,0.6568627450980393,-0.1,0.259413407457112,0.3333333333333333,1.0,0.6666666666666667,0.3333333333333332,5.208333333333334,5.478555632767826,-27091.09858401821,0.084,0.6865,-0.0955678581321746,-0.2709109858401821,2,5.6695,11.008500000000002,13.559774999999998,8.457225,downdown,False,2.0,17.564999999999998,21.4,13.73,3.0,3.0,4.0,2.0,13.73,-3.8349999999999973,0.17079419299743812,0.17079419299743812
32,G. Shermadini,Shermadini,02/04/1989,Giorgi Shermadini,La Laguna Tenerife,5,592450.0,820000.0,0,fit,False,False,EUR,2,5.2,2.5,202627ucamcblogoverticalcolor.png,False,127.0,29.0,18.103448275862068,20.29655172413793,22.06494252873563,La Laguna Tenerife,False,0.5294117647058824,0.5196078431372549,UCAM Murcia,0.6568627450980393,-0.1,0.259413407457112,0.3333333333333333,1.0,0.6666666666666667,0.3333333333333332,12.902298850574711,13.571704712346223,-84328.973466506,0.0035,0.923,-0.1423393931412034,-0.84328973466506,2,11.849,30.347,35.67904999999999,25.01495,downdown,False,2.0,12.21,18.57,5.85,2.6,2.5,2.5,2.0,5.85,-6.360000000000001,0.21294021294021293,0.20475020475020472
34,A. Doornekamp,Doornekamp,05/12/1985,Aaron Doornekamp,La Laguna Tenerife,5,187850.0,260000.0,0,fit,False,False,EUR,2,3.2,1.5,202627ucamcblogoverticalcolor.png,False,131.0,31.0,7.516129032258065,8.541935483870969,22.75483870967742,La Laguna Tenerife,False,0.5294117647058824,0.5196078431372549,UCAM Murcia,0.6568627450980393,-0.1,0.259413407457112,0.3333333333333333,1.0,0.6666666666666667,0.3333333333333332,5.510752688172044,5.796665314670474,-8652.929623197997,0.249,0.542,-0.0460629737726803,-0.0865292962319799,2,3.757,8.071000000000002,9.76165,6.380349999999999,downdown,False,2.0,16.25,19.12,13.38,1.6,1.5,1.5,2.0,13.38,-2.869999999999999,0.09846153846153846,0.09230769230769231
26,TJ Bamba,Bamba,06/01/2001,TJ Bamba,La Laguna Tenerife,3,280500.0,330000.0,0,injured,False,False,COT,1,1.0,1.0,202627ucamcblogoverticalcolor.png,False,,,,,,,False,0.5294117647058824,0.5196078431372549,UCAM Murcia,0.6568627450980393,-0.1,0.259413407457112,0.2,1.0,0.8,0.1999999999999999,4.974468085106383,5.232556828355204,-25273.692314305958,0.12375,0.71475,-0.0901022898905738,-0.2527369231430595,1,5.61,10.22,11.903,8.537,downdown,True,1.0,12.48,12.48,12.48,1.0,1.0,4.0,1.0,12.48,0.0,0.08012820512820512,0.08012820512820512
156,H. Sant-Roos,Sant-Roos,13/02/1991,Howard Sant-Roos,UCAM Murcia,3,450000.0,450000.0,0,injured,False,False,EUR,0,0.0,,2425LaLagunaTenerifeLogo.png,True,106.0,34.0,11.029411764705882,12.782352941176471,20.45637254901961,UCAM Murcia,False,0.7352941176470589,0.6568627450980393,La Laguna Tenerife,0.5196078431372549,0.1,0.740586592542888,0.0,1.0,1.0,0.0,11.029411764705882,12.663058660021075,0.0,0.0,0.0,0.0,0.0,0,9.0,9.0,10.35,7.649999999999999,flat,True,,,,,,,,,,,,
160,M. Diagné,Diagné,06/03/1994,Moussa Diagne,UCAM Murcia,5,180000.0,180000.0,0,fit,False,True,JFL,2,0.0,0.0,2425LaLagunaTenerifeLogo.png,True,109.0,19.0,2.631578947368421,3.147368421052632,7.136842105263158,UCAM Murcia,False,0.7352941176470589,0.6568627450980393,La Laguna Tenerife,0.5196078431372549,0.1,0.740586592542888,0.3333333333333333,1.0,0.6666666666666667,0.3333333333333332,1.754385964912281,2.014240909664172,-24845.250904840155,0.0165,0.92575,-0.1380291716935564,-0.2484525090484015,2,3.6,10.8,12.419999999999998,9.18,downdown,False,,,,,,,,,,,,
161,R. López,López,13/03/2002,Rubén López De La Torre,UCAM Murcia,5,120000.0,120000.0,0,injured,False,True,JFL,0,0.0,,2425LaLagunaTenerifeLogo.png,True,107.0,6.0,1.0,1.3,6.008333333333333,UCAM Murcia,False,0.7352941176470589,0.6568627450980393,La Laguna Tenerife,0.5196078431372549,0.1,0.740586592542888,0.0,1.0,1.0,0.0,1.0,1.1481173185085776,0.0,0.0,0.0,0.0,0.0,0,2.4,2.4,2.76,2.04,flat,True,,,,,,,,,,,,
163,K. Gates,Gates,08/11/1996,Kaiser Gates,UCAM Murcia,5,400000.0,400000.0,0,injured,True,False,EXT,0,0.0,,2425LaLagunaTenerifeLogo.png,True,,,,,,,False,0.7352941176470589,0.6568627450980393,La Laguna Tenerife,0.5196078431372549,0.1,0.740586592542888,0.0,1.0,1.0,0.0,6.974358974358975,8.007382323957259,0.0,0.0,0.0,0.0,0.0,0,8.0,8.0,9.2,6.8,flat,True,,,,,,,,,,,,
245,W. Van Beck,Van Beck,22/01/1996,Wesley Van Beck,La Laguna Tenerife,3,250000.0,250000.0,0,injured,False,False,EUR,0,0.0,,202627ucamcblogoverticalcolor.png,False,132.0,23.0,7.086956521739131,7.878260869565217,14.219565217391304,La Laguna Tenerife,False,0.5294117647058824,0.5196078431372549,UCAM Murcia,0.6568627450980393,-0.1,0.259413407457112,0.0,1.0,1.0,0.0,7.086956521739131,7.45464682970008,0.0,0.0,0.0,0.0,0.0,0,5.0,5.0,5.75,4.25,flat,True,,,,,,,,,,,,
31,A. Kurucs,Kurucs,19/01/2000,Arturs Kurucs,La Laguna Tenerife,1,130050.0,180000.0,0,fit,False,True,JFL,2,-1.0,-0.5,202627ucamcblogoverticalcolor.png,False,86.0,34.0,3.647058823529412,4.147058823529412,20.474019607843136,Río Breogán,True,0.5294117647058824,0.5196078431372549,UCAM Murcia,0.6568627450980393,-0.1,0.259413407457112,0.3333333333333333,1.0,0.6666666666666667,0.3333333333333332,2.2647058823529416,2.38220489631881,-15071.597650271113,0.07275,0.83825,-0.1158907931585629,-0.1507159765027111,2,2.601,8.803,9.97345,7.632549999999999,downdown,False,2.0,5.9750000000000005,11.22,0.73,-0.5,-0.5,1.5,2.0,11.22,5.245,-0.08368200836820083,-0.08368200836820083
35,H. Alderete,Alderete,06/03/2002,Héctor Alderete,La Laguna Tenerife,3,102000.0,120000.0,0,fit,False,True,JFL,2,-1.0,-0.5,202627ucamcblogoverticalcolor.png,False,137.0,17.0,0.7647058823529411,0.9411764705882352,7.506862745098039,La Laguna Tenerife,False,0.5294117647058824,0.5196078431372549,UCAM Murcia,0.6568627450980393,-0.1,0.259413407457112,0.3333333333333333,1.0,0.6666666666666667,0.3333333333333332,0.3431372549019609,0.3609401358058803,-13228.785968656754,0.04375,0.90475,-0.1296939800848701,-0.1322878596865675,2,2.04,7.12,8.037999999999998,6.202,downdown,False,1.0,16.22,16.22,16.22,-1.0,-1.0,0.0,2.0,16.22,0.0,-0.06165228113440198,-0.06165228113440198
164,W. Falk,Falk,25/06/2003,Wilhelm Falk,UCAM Murcia,3,101150.0,140000.0,0,fit,False,True,JFL,2,-3.0,-1.5,2425LaLagunaTenerifeLogo.png,True,99.0,30.0,3.2,3.933333333333333,11.297222222222222,UCAM Murcia,False,0.7352941176470589,0.6568627450980393,La Laguna Tenerife,0.5196078431372549,0.1,0.740586592542888,0.3333333333333333,1.0,0.6666666666666667,0.3333333333333332,1.6333333333333335,1.875258286897344,-13025.980231252091,0.04825,0.901,-0.1287788455882559,-0.1302598023125209,2,2.023,9.069,9.97935,8.158650000000002,downdown,False,2.0,12.9,18.62,7.18,-1.5,-1.5,1.0,2.0,18.62,5.720000000000001,-0.11627906976744186,-0.11627906976744186
96,R. Rubio,Rubio,21/10/1990,Ricky Rubio,Asisa Joventut,1,977500.0,850000.0,0,fit,False,True,JFL,1,26.0,26.0,2526KosnerBaskoniaLogo.png,False,95.0,29.0,16.655172413793103,19.193103448275863,21.03103448275862,Asisa Joventut,False,0.5882352941176471,0.3921568627450981,Kosner Baskonia,0.7843137254901962,-0.1,0.1121836696223911,0.2,1.0,0.8,0.1999999999999999,18.52413793103448,18.939759084973435,64438.76262695051,0.49,0.10175,0.0659220078025069,0.6443876262695051,1,19.55,13.1,18.965,7.234999999999999,up,False,1.0,26.82,26.82,26.82,26.0,26.0,18.0,1.0,26.82,0.0,0.9694258016405667,0.9694258016405667
222,C. Duarte,Duarte,13/06/1997,Chris Duarte,Kosner Baskonia,3,555450.0,420000.0,0,fit,False,False,COT,2,44.400000000000006,18.500000000000004,202526AsisaJoventutLogoPosisitvo.png,True,215.0,26.0,11.961538461538462,13.3,18.21794871794872,Unicaja,True,0.6764705882352942,0.7843137254901962,Asisa Joventut,0.3921568627450981,0.1,0.8878163303776089,0.3333333333333333,1.0,0.6666666666666667,0.3333333333333332,14.141025641025642,16.651952339503854,83177.24848482467,0.99625,0.0,0.1497474992975509,0.8317724848482467,2,11.109,-11.073000000000008,-6.073950000000011,-16.072050000000004,upup,False,2.0,18.59,23.93,13.25,22.200000000000003,18.5,16.0,2.0,13.25,-5.34,1.194190424959656,0.9951586874663798
225,T. Sedekerskis,Sedekerskis,17/01/1998,Tadas Sedekerskis,Kosner Baskonia,5,423200.0,320000.0,0,fit,False,True,JFL,2,44.4,18.5,202526AsisaJoventutLogoPosisitvo.png,True,45.0,12.0,6.166666666666667,6.916666666666667,15.111111111111112,Kosner Baskonia,False,0.6764705882352942,0.7843137254901962,Asisa Joventut,0.3921568627450981,0.1,0.8878163303776089,0.3333333333333333,1.0,0.6666666666666667,0.3333333333333332,10.277777777777777,12.102733567998415,63478.82087651943,0.99975,0.0,0.1499972137913975,0.6347882087651943,2,8.464,-19.008,-15.1992,-22.8168,upup,False,2.0,18.285,19.97,16.6,22.2,18.5,9.5,2.0,19.97,1.6849999999999987,1.214109926168991,1.0117582718074924
93,N. Laprovittola,Laprovittola,31/01/1990,Nico Laprovittola,Asisa Joventut,1,598000.0,520000.0,0,fit,False,False,EUR,1,22.0,22.0,2526KosnerBaskoniaLogo.png,False,192.0,14.0,10.785714285714286,12.414285714285716,19.13809523809524,Barça,True,0.5882352941176471,0.3921568627450981,Kosner Baskonia,0.7843137254901962,-0.1,0.1121836696223911,0.2,1.0,0.8,0.1999999999999999,13.028571428571428,13.320890019130344,74964.39740414568,0.8335,0.026,0.1253585240872001,0.7496439740414568,1,11.96,1.9200000000000017,5.507999999999999,-1.6679999999999993,upup,False,1.0,23.58,23.58,23.58,22.0,22.0,22.0,1.0,23.58,0.0,0.9329940627650553,0.9329940627650553
232,K. Faried,Faried,19/11/1989,Kenneth Faried,Kosner Baskonia,5,595125.0,450000.0,0,fit,True,False,EXT,2,43.2,18.0,202526AsisaJoventutLogoPosisitvo.png,True,,,,,,,False,0.6764705882352942,0.7843137254901962,Asisa Joventut,0.3921568627450981,0.1,0.8878163303776089,0.3333333333333333,1.0,0.6666666666666667,0.3333333333333332,11.28497409326425,13.2887709508419,88144.02859185846,0.978,0.0,0.1481101089550236,0.8814402859185846,2,11.9025,-7.492500000000007,-2.136375000000008,-12.848625000000006,upup,False,2.0,21.325,22.07,20.58,21.6,18.0,12.0,2.0,20.58,-0.745000000000001,1.0128956623681127,0.8440797186400938
257,M. Santos,Santos,02/11/2002,Marcio Santos,Kosner Baskonia,5,437000.0,380000.0,0,fit,True,False,EXT,1,15.6,13.0,202526AsisaJoventutLogoPosisitvo.png,True,,,,,,,False,0.6764705882352942,0.7843137254901962,Asisa Joventut,0.3921568627450981,0.1,0.8878163303776089,0.2,1.0,0.8,0.1999999999999999,7.9554404145077715,9.368034397576974,46215.7471374984,0.754,0.0725,0.1057568584382114,0.462157471374984,1,8.74,1.8800000000000008,4.502000000000001,-0.7419999999999991,upup,False,1.0,16.22,16.22,16.22,15.6,13.0,11.0,2.0,16.22,0.0,0.9617755856966709,0.8014796547472257
241,D. Baugh,Baugh,03/12/2000,Damion Baugh,Kosner Baskonia,1,634800.0,480000.0,0,fit,False,False,COT,2,27.6,11.5,202526AsisaJoventutLogoPosisitvo.png,True,,,,,,,False,0.6764705882352942,0.7843137254901962,Asisa Joventut,0.3921568627450981,0.1,0.8878163303776089,0.3333333333333333,1.0,0.6666666666666667,0.3333333333333332,9.4706390328152,11.152276631304186,5507.546117004124,0.24275,0.193,0.0086760335806618,0.0550754611700412,2,12.696,10.488000000000005,16.201199999999996,4.774799999999996,flat,False,2.0,19.275,20.18,18.37,13.799999999999999,11.5,7.5,2.0,18.37,-0.9049999999999976,0.7159533073929961,0.5966277561608301
224,C. Frisch,Frisch,07/01/2002,Clement Frisch,Kosner Baskonia,5,264500.0,200000.0,0,fit,False,False,EUR,2,26.4,11.0,202526AsisaJoventutLogoPosisitvo.png,True,38.0,31.0,4.096774193548387,4.819354838709677,12.18279569892473,Kosner Baskonia,False,0.6764705882352942,0.7843137254901962,Asisa Joventut,0.3921568627450981,0.1,0.8878163303776089,0.3333333333333333,1.0,0.6666666666666667,0.3333333333333332,6.397849462365591,7.533872508762746,39497.56782051042,0.99375,0.0005,0.1493291789055214,0.3949756782051042,2,5.29,-10.529999999999998,-8.1495,-12.9105,upup,False,2.0,10.785,14.45,7.12,13.2,11.0,7.5,2.0,7.12,-3.665,1.2239221140472878,1.0199350950394066
235,AJ Lawson,Lawson,15/07/2000,AJ Lawson,Kosner Baskonia,3,660000.0,550000.0,0,fit,False,False,COT,2,26.4,11.0,202526AsisaJoventutLogoPosisitvo.png,True,,,,,,,False,0.6764705882352942,0.7843137254901962,Asisa Joventut,0.3921568627450981,0.1,0.8878163303776089,0.3333333333333333,1.0,0.6666666666666667,0.3333333333333332,10.126079447322972,11.924099186529851,-13412.053844130482,0.174,0.281,-0.020321293703228,-0.1341205384413048,2,13.2,13.199999999999996,19.139999999999997,7.259999999999998,down,False,2.0,20.439999999999998,22.95,17.93,13.2,11.0,11.0,2.0,17.93,-2.509999999999998,0.6457925636007829,0.538160469667319
59,E. Ndiaye,Ndiaye,26/06/2004,Eli Ndiaye,Asisa Joventut,5,368000.0,320000.0,0,fit,False,True,JFL,1,12.0,12.0,2526KosnerBaskoniaLogo.png,False,,,,,,,False,0.5882352941176471,0.3921568627450981,Kosner Baskonia,0.7843137254901962,-0.1,0.1121836696223911,0.2,1.0,0.8,0.1999999999999999,6.981052631578948,7.137684651986463,28630.15020957566,0.647,0.144,0.0777993212216729,0.2863015020957566,1,7.36,2.7200000000000006,4.928000000000001,0.5120000000000005,upup,False,,,,,,,,,,,,
229,K. Simmons,Simmons,04/07/1997,Kobi Simmons,Kosner Baskonia,1,570000.0,620000.0,0,fit,False,False,COT,2,22.8,9.5,202526AsisaJoventutLogoPosisitvo.png,True,252.0,25.0,10.84,12.448,22.038666666666668,Kosner Baskonia,False,0.6764705882352942,0.7843137254901962,Asisa Joventut,0.3921568627450981,0.1,0.8878163303776089,0.3333333333333333,1.0,0.6666666666666667,0.3333333333333332,10.393333333333334,12.238807545411593,8391.206717884983,0.2975,0.20375,0.014721415294535,0.0839120671788498,2,11.4,11.400000000000002,16.529999999999998,6.27,up,False,2.0,17.61,18.0,17.22,11.4,9.5,9.5,2.0,18.0,0.39000000000000057,0.647359454855196,0.5394662123793299
94,K. Cheatham,Cheatham,21/08/1995,Kwan Cheatham,Asisa Joventut,5,402500.0,350000.0,0,fit,False,False,EUR,1,11.0,11.0,2526KosnerBaskoniaLogo.png,False,,,,,,,False,0.5882352941176471,0.3921568627450981,Kosner Baskonia,0.7843137254901962,-0.1,0.1121836696223911,0.2,1.0,0.8,0.1999999999999999,7.2105263157894735,7.37230697619229,17075.598723703122,0.4965,0.235,0.0424238477607531,0.1707559872370312,1,8.05,5.100000000000001,7.515000000000001,2.6850000000000005,up,False,1.0,26.83,26.83,26.83,11.0,11.0,9.0,1.0,26.83,0.0,0.40998881848676855,0.40998881848676855
100,L. Hakanson,Hakanson,22/03/1996,Ludde Hakanson,Asisa Joventut,1,322000.0,280000.0,0,fit,False,True,JFL,1,9.0,9.0,2526KosnerBaskoniaLogo.png,False,96.0,31.0,7.290322580645161,8.30967741935484,19.781720430107526,Asisa Joventut,False,0.5882352941176471,0.3921568627450981,Kosner Baskonia,0.7843137254901962,-0.1,0.1121836696223911,0.2,1.0,0.8,0.1999999999999999,7.632258064516129,7.80350100795263,22573.267257450207,0.63325,0.1765,0.070103314464131,0.225732672574502,1,6.44,3.880000000000001,5.811999999999999,1.9480000000000004,upup,False,1.0,14.85,14.85,14.85,9.0,9.0,9.0,1.0,14.85,0.0,0.6060606060606061,0.6060606060606061
221,DJ Stewart,Stewart,28/07/1999,DJ Stewart Jr,Kosner Baskonia,3,459000.0,600000.0,0,fit,False,False,EUR,2,16.8,7.000000000000001,202526AsisaJoventutLogoPosisitvo.png,True,,,,,,,False,0.6764705882352942,0.7843137254901962,Asisa Joventut,0.3921568627450981,0.1,0.8878163303776089,0.3333333333333333,1.0,0.6666666666666667,0.3333333333333332,9.379965457685666,11.045502760027908,2285.993772575923,0.302,0.273,0.00498037858949,0.0228599377257592,2,9.18,10.739999999999998,14.870999999999997,6.608999999999998,up,False,,,,,,,,,,,,
228,M. Howard,Howard,03/03/1999,Markus Howard,Kosner Baskonia,3,420000.0,490000.0,0,injured,True,False,EXT,1,8.4,7.000000000000001,202526AsisaJoventutLogoPosisitvo.png,True,41.0,11.0,10.909090909090908,12.327272727272726,23.522727272727277,Kosner Baskonia,False,0.6764705882352942,0.7843137254901962,Asisa Joventut,0.3921568627450981,0.1,0.8878163303776089,0.2,1.0,0.8,0.1999999999999999,10.127272727272729,11.925504349164829,21066.47874481784,0.54575,0.218,0.0501582827257567,0.2106647874481784,1,8.4,8.4,10.92,5.879999999999999,upup,True,1.0,13.42,13.42,13.42,8.4,7.0,8.0,1.0,13.42,0.0,0.6259314456035768,0.5216095380029806
97,A. Reyes,Reyes,17/12/1993,Álex Reyes,Asisa Joventut,3,400000.0,460000.0,0,fit,False,True,JFL,1,8.0,8.0,2526KosnerBaskoniaLogo.png,False,73.0,33.0,13.363636363636363,14.739393939393938,24.936868686868685,Kids&Us Manresa,True,0.5882352941176471,0.3921568627450981,Kosner Baskonia,0.7843137254901962,-0.1,0.1121836696223911,0.2,1.0,0.8,0.1999999999999999,12.290909090909093,12.566676947871768,27266.54945069918,0.61575,0.17875,0.0681663736267479,0.2726654945069918,1,8.0,8.0,10.4,5.6,upup,False,1.0,23.33,23.33,23.33,8.0,8.0,13.0,1.0,23.33,0.0,0.3429061294470639,0.3429061294470639
226,R. Kurucs,Kurucs,05/02/1998,Rodions Kurucs,Kosner Baskonia,5,391000.0,400000.0,0,fit,False,True,JFL,2,15.8,6.500000000000001,202526AsisaJoventutLogoPosisitvo.png,True,43.0,24.0,7.916666666666667,9.016666666666667,20.17152777777778,Kosner Baskonia,False,0.6764705882352942,0.7843137254901962,Asisa Joventut,0.3921568627450981,0.1,0.8878163303776089,0.3333333333333333,1.0,0.6666666666666667,0.3333333333333332,7.444444444444445,8.766304314117773,9036.85308369808,0.37175,0.237,0.0231121562242917,0.0903685308369807,2,7.82,7.66,11.178999999999998,4.141000000000002,up,False,2.0,18.060000000000002,20.0,16.12,7.9,6.5,8.5,2.0,16.12,-1.9400000000000013,0.43743078626799553,0.35991140642303426
227,M. Spagnolo,Spagnolo,10/01/2003,Matteo Spagnolo,Kosner Baskonia,3,330000.0,380000.0,0,fit,False,True,JFL,2,13.2,5.500000000000001,202526AsisaJoventutLogoPosisitvo.png,True,35.0,31.0,8.709677419354838,10.187096774193549,18.745698924731183,Kosner Baskonia,False,0.6764705882352942,0.7843137254901962,Asisa Joventut,0.3921568627450981,0.1,0.8878163303776089,0.3333333333333333,1.0,0.6666666666666667,0.3333333333333332,7.639784946236559,8.996330113404927,13379.073354797438,0.4575,0.21125,0.0405426465296892,0.1337907335479743,2,6.6,6.599999999999996,9.569999999999997,3.629999999999997,up,False,2.0,12.405,17.38,7.43,6.6000000000000005,5.5,6.5,2.0,17.38,4.975,0.5320435308343411,0.4433696090286175
92,B. Ellis,Ellis,12/12/2000,Boogie Ellis,Asisa Joventut,3,408000.0,480000.0,0,fit,True,False,EXT,1,6.0,6.0,2526KosnerBaskoniaLogo.png,False,,,,,,,False,0.5882352941176471,0.3921568627450981,Kosner Baskonia,0.7843137254901962,-0.1,0.1121836696223911,0.2,1.0,0.8,0.1999999999999999,8.071578947368423,8.252678816560948,-15227.32012657472,0.2415,0.4745,-0.0373218630553301,-0.1522732012657472,1,8.16,10.32,12.767999999999995,7.872,down,False,1.0,20.25,20.25,20.25,6.0,6.0,11.0,1.0,20.25,0.0,0.2962962962962963,0.2962962962962963
95,S. Birgander,Birgander,23/10/1997,Simon Birgander,Asisa Joventut,5,365500.0,430000.0,0,fit,False,False,EUR,1,6.0,6.0,2526KosnerBaskoniaLogo.png,False,87.0,27.0,10.0,11.637037037037036,18.005555555555556,Asisa Joventut,False,0.5882352941176471,0.3921568627450981,Kosner Baskonia,0.7843137254901962,-0.1,0.1121836696223911,0.2,1.0,0.8,0.1999999999999999,9.2,9.4064179521052,4997.7606590332,0.42,0.33,0.0136737637730046,0.049977606590332,1,7.31,8.62,10.813,6.427,up,False,1.0,21.18,21.18,21.18,6.0,6.0,8.0,1.0,21.18,0.0,0.28328611898017,0.28328611898017
98,I. Nogués,Nogués,10/02/2004,Isaac Nogués,Asisa Joventut,3,250000.0,220000.0,0,fit,False,True,JFL,1,5.0,5.0,2526KosnerBaskoniaLogo.png,False,48.0,19.0,1.3157894736842106,1.6,7.413157894736842,Valencia Basket,True,0.5882352941176471,0.3921568627450981,Kosner Baskonia,0.7843137254901962,-0.1,0.1121836696223911,0.2,1.0,0.8,0.1999999999999999,2.052631578947368,2.098685927529192,-14928.400334501552,0.19875,0.5885,-0.0597136013380062,-0.1492840033450155,1,5.0,5.0,6.5,3.5,downdown,False,1.0,9.13,9.13,9.13,5.0,5.0,0.0,1.0,9.13,0.0,0.5476451259583789,0.5476451259583789
223,S. Joksimovic,Joksimovic,16/11/2008,Stefan Joksimovic,Kosner Baskonia,3,166175.0,170000.0,0,fit,False,True,JFL,2,8.8,3.500000000000001,202526AsisaJoventutLogoPosisitvo.png,True,237.0,10.0,1.9,2.42,8.258333333333333,Kosner Baskonia,False,0.6764705882352942,0.7843137254901962,Asisa Joventut,0.3921568627450981,0.1,0.8878163303776089,0.3333333333333333,1.0,0.6666666666666667,0.3333333333333332,2.4333333333333336,2.8654039474504365,6273.814063636761,0.51975,0.26925,0.0377542594471897,0.0627381406363676,2,3.3235,1.1705000000000003,2.6660749999999998,-0.325075,upup,False,2.0,10.2,18.63,1.77,4.4,3.5,5.5,2.0,18.63,8.43,0.4313725490196079,0.3431372549019608
239,A. Torres,Torres,12/09/2006,Adrián Torres,Asisa Joventut,3,138000.0,120000.0,0,fit,False,True,JFL,1,3.0,3.0,2526KosnerBaskoniaLogo.png,False,248.0,1.0,2.0,2.4,1.9833333333333332,Asisa Joventut,False,0.5882352941176471,0.3921568627450981,Kosner Baskonia,0.7843137254901962,-0.1,0.1121836696223911,0.2,1.0,0.8,0.1999999999999999,2.2,2.249360814633852,-1027.7014119629166,0.416,0.461,-0.0074471116808907,-0.0102770141196291,1,2.76,2.52,3.347999999999999,1.6919999999999993,up,False,1.0,12.15,12.15,12.15,3.0,3.0,4.0,1.0,12.15,0.0,0.24691358024691357,0.24691358024691357
99,Y. Kraag,Kraag,16/10/2002,Yannick Kraag,Asisa Joventut,3,250000.0,250000.0,0,injured,False,True,JFL,0,0.0,,2526KosnerBaskoniaLogo.png,False,94.0,32.0,7.625,8.55625,22.21614583333333,Asisa Joventut,False,0.5882352941176471,0.3921568627450981,Kosner Baskonia,0.7843137254901962,-0.1,0.1121836696223911,0.0,1.0,1.0,0.0,7.625,7.796080096174146,0.0,0.0,0.0,0.0,0.0,0,5.0,5.0,5.75,4.25,flat,True,,,,,,,,,,,,
101,A. Tomic,Tomic,17/02/1987,Ante Tomic,Asisa Joventut,5,780000.0,780000.0,0,injured,False,False,EUR,0,0.0,,2526KosnerBaskoniaLogo.png,False,88.0,23.0,16.956521739130434,19.08695652173913,19.828985507246376,Asisa Joventut,False,0.5882352941176471,0.3921568627450981,Kosner Baskonia,0.7843137254901962,-0.1,0.1121836696223911,0.0,1.0,1.0,0.0,16.956521739130434,17.336970705675935,0.0,0.0,0.0,0.0,0.0,0,15.6,15.6,17.939999999999998,13.26,flat,True,,,,,,,,,,,,
102,E. Sulejmanovic,Sulejmanovic,13/07/1995,Emir Sulejmanovic,Asisa Joventut,5,420000.0,420000.0,0,fit,False,False,EUR,0,0.0,,2526KosnerBaskoniaLogo.png,False,219.0,27.0,7.037037037037037,7.962962962962963,14.74074074074074,Unicaja,True,0.5882352941176471,0.3921568627450981,Kosner Baskonia,0.7843137254901962,-0.1,0.1121836696223911,0.0,1.0,1.0,0.0,7.037037037037037,7.194925164653736,0.0,0.0,0.0,0.0,0.0,0,8.4,8.4,9.66,7.14,flat,False,,,,,,,,,,,,
76,T. Hlinason,Hlinason,28/10/1997,Tryggvi Hlinason,Surne Bilbao,5,859625.0,650000.0,0,fit,False,False,EUR,2,51.8,23.5,2526SanPabloLogo.png,True,153.0,32.0,15.71875,17.5125,23.238541666666663,Surne Bilbao,False,0.5,0.5,Recoletas Salud San Pablo Burgos,0.4019607843137255,0.1,0.7093350727006906,0.3333333333333333,1.0,0.6666666666666667,0.3333333333333332,18.3125,20.91043970376628,122873.93124160076,0.9125,0.00125,0.1429389922833802,1.2287393124160078,2,17.1925,-0.2224999999999966,7.514125,-7.959125,upup,False,2.0,22.975,23.88,22.07,25.9,23.5,11.0,2.0,22.07,-0.9050000000000011,1.1273122959738846,1.0228509249183895
70,D. Hilliard,Hilliard,13/04/1993,Darrun Hilliard,Surne Bilbao,3,595125.0,450000.0,0,fit,True,False,EXT,2,45.0,20.0,2526SanPabloLogo.png,True,157.0,30.0,9.733333333333333,11.24,23.586111111111112,Surne Bilbao,False,0.5,0.5,Recoletas Salud San Pablo Burgos,0.4019607843137255,0.1,0.7093350727006906,0.3333333333333333,1.0,0.6666666666666667,0.3333333333333332,13.155555555555557,15.02189494683915,88830.3772184978,0.98975,0.0,0.1492633937718929,0.888303772184978,2,11.9025,-9.292500000000004,-3.936375000000005,-14.648625000000004,upup,False,2.0,27.475,30.77,24.18,22.5,20.0,18.0,2.0,30.77,3.294999999999998,0.818926296633303,0.7279344858962693
153,Z. Samar,Samar,26/01/2001,Ziga Samar,Recoletas Salud San Pablo Burgos,1,264500.0,200000.0,0,fit,False,True,JFL,2,43.0,19.5,logo_surnebb_pos.png,False,147.0,31.0,3.3870967741935485,3.612903225806452,11.779032258064516,Dreamland Gran Canaria,True,0.3529411764705882,0.4019607843137255,Surne Bilbao,0.5,-0.1,0.2906649272993093,0.3333333333333333,1.0,0.6666666666666667,0.3333333333333332,8.75806451612903,9.26719695330169,39675.0,1.0,0.0,0.15,0.39675,2,5.29,-27.13,-24.7495,-29.5105,upup,False,2.0,21.975,22.12,21.83,21.5,19.5,15.5,2.0,22.12,0.14499999999999957,0.9783845278725825,0.8873720136518771
74,H. Frey,Frey,27/05/1997,Harald Frey,Surne Bilbao,1,529000.0,400000.0,0,fit,False,False,EUR,2,38.8,17.5,2526SanPabloLogo.png,True,151.0,28.0,7.571428571428571,8.614285714285714,17.889285714285712,Surne Bilbao,False,0.5,0.5,Recoletas Salud San Pablo Burgos,0.4019607843137255,0.1,0.7093350727006906,0.3333333333333333,1.0,0.6666666666666667,0.3333333333333332,10.88095238095238,12.424600610591504,77993.37110891368,0.9725,0.00025,0.147435484137833,0.7799337110891368,2,10.58,-7.059999999999995,-2.2989999999999995,-11.820999999999998,upup,False,2.0,25.775,28.15,23.4,19.4,17.5,13.5,2.0,28.15,2.375,0.7526673132880698,0.6789524733268671
80,M. Normantas,Normantas,27/10/1996,Margiris Normantas,Surne Bilbao,3,383525.0,290000.0,0,fit,False,False,EUR,2,33.0,15.0,2526SanPabloLogo.png,True,154.0,32.0,7.0625,7.85,19.899479166666666,Surne Bilbao,False,0.5,0.5,Recoletas Salud San Pablo Burgos,0.4019607843137255,0.1,0.7093350727006906,0.3333333333333333,1.0,0.6666666666666667,0.3333333333333332,9.708333333333332,11.08562559949384,57160.442870606494,0.99025,0.00125,0.1490396789534098,0.571604428706065,2,7.6705,-9.988500000000002,-6.536775000000006,-13.440225000000002,upup,False,2.0,25.19,29.35,21.03,16.5,15.0,15.0,2.0,29.35,4.16,0.6550218340611353,0.5954743946010321
142,DJ Steward,Steward,02/10/2001,DJ Steward,Recoletas Salud San Pablo Burgos,1,586500.0,600000.0,0,fit,True,False,EXT,2,32.4,14.0,logo_surnebb_pos.png,False,,,,,,,False,0.3529411764705882,0.4019607843137255,Surne Bilbao,0.5,-0.1,0.2906649272993093,0.3333333333333333,1.0,0.6666666666666667,0.3333333333333332,12.13919413919414,12.844881735582351,68440.29531349288,0.7375,0.0245,0.1166927456325539,0.6844029531349288,2,11.73,2.789999999999999,8.0685,-2.488500000000002,upup,False,2.0,23.085,23.22,22.95,16.2,14.0,17.5,2.0,23.22,0.134999999999998,0.7017543859649122,0.6064544076239983
143,C. Sengfelder,Sengfelder,28/02/1995,Christian Sengfelder,Recoletas Salud San Pablo Burgos,5,700925.0,530000.0,0,fit,False,False,EUR,2,31.6,14.5,logo_surnebb_pos.png,False,,,,,,,False,0.3529411764705882,0.4019607843137255,Surne Bilbao,0.5,-0.1,0.2906649272993093,0.3333333333333333,1.0,0.6666666666666667,0.3333333333333332,11.434065934065934,12.09876232275809,17670.229918811005,0.27675,0.13875,0.0252098725524285,0.17670229918811,2,14.0185,10.455499999999994,16.76382499999999,4.147174999999997,up,False,2.0,24.09,24.18,24.0,15.8,14.5,12.0,2.0,24.0,-0.08999999999999986,0.6558738065587381,0.6019095060190951
151,C. Audige,Audige,29/06/1999,Chase Audige,Recoletas Salud San Pablo Burgos,3,290950.0,220000.0,0,fit,False,False,COT,2,31.0,13.5,logo_surnebb_pos.png,False,265.0,23.0,3.217391304347826,3.608695652173913,14.470289855072464,Unicaja,True,0.3529411764705882,0.4019607843137255,Surne Bilbao,0.5,-0.1,0.2906649272993093,0.3333333333333333,1.0,0.6666666666666667,0.3333333333333332,6.644927536231883,7.031217012077486,43587.39900931291,0.99825,0.0,0.1498106169765008,0.4358739900931291,2,5.819,-13.543,-10.92445,-16.16155,upup,False,2.0,19.96,22.9,17.02,15.5,13.5,16.0,2.0,22.9,2.9399999999999977,0.7765531062124248,0.6763527054108216
145,B. Koprivica,Koprivica,01/05/2000,Balsa Koprivica,Recoletas Salud San Pablo Burgos,5,581900.0,440000.0,0,fit,False,False,EUR,2,25.4,11.5,logo_surnebb_pos.png,False,,,,,,,False,0.3529411764705882,0.4019607843137255,Surne Bilbao,0.5,-0.1,0.2906649272993093,0.3333333333333333,1.0,0.6666666666666667,0.3333333333333332,9.313186813186814,9.85459016678278,3885.175594317843,0.242,0.207,0.0066767066408624,0.0388517559431784,2,11.638,9.514000000000005,14.7511,4.276900000000005,flat,False,2.0,15.725,18.43,13.02,12.7,11.5,11.5,2.0,18.43,2.705,0.807631160572337,0.7313195548489666
77,M. Krampelj,Krampelj,10/03/1995,Martin Krampelj,Surne Bilbao,5,449650.0,340000.0,0,fit,False,False,EUR,2,21.2,9.5,2526SanPabloLogo.png,True,152.0,32.0,8.78125,9.8,18.45104166666667,Surne Bilbao,False,0.5,0.5,Recoletas Salud San Pablo Burgos,0.4019607843137255,0.1,0.7093350727006906,0.3333333333333333,1.0,0.6666666666666667,0.3333333333333332,9.020833333333332,10.300592026997496,30959.842133652302,0.533,0.112,0.0688532016760865,0.309598421336523,2,8.993,5.779,9.82585,1.7321500000000007,upup,False,2.0,17.064999999999998,18.58,15.55,10.6,9.5,10.0,2.0,15.55,-1.514999999999997,0.6211544096103135,0.5566949897450924
78,L. Petrasek,Petrasek,17/08/1995,Luke Petrasek,Surne Bilbao,5,330625.0,250000.0,0,fit,False,False,EUR,2,20.2,9.5,2526SanPabloLogo.png,True,155.0,32.0,6.59375,7.31875,20.8,Surne Bilbao,False,0.5,0.5,Recoletas Salud San Pablo Burgos,0.4019607843137255,0.1,0.7093350727006906,0.3333333333333333,1.0,0.6666666666666667,0.3333333333333332,7.5625,8.635369297459794,39908.01009774493,0.81775,0.041,0.1207047564393041,0.3990801009774493,2,6.6125,-0.3625000000000007,2.613125,-3.3381250000000016,upup,False,2.0,25.490000000000002,31.68,19.3,10.1,9.5,9.5,2.0,31.68,6.189999999999998,0.39623381718320905,0.37269517457826595
149,D. Díez,Díez,07/04/1993,Dani Díez,Recoletas Salud San Pablo Burgos,5,410000.0,320000.0,0,fit,False,True,JFL,2,16.4,8.0,logo_surnebb_pos.png,False,11.0,22.0,7.5,7.972727272727273,19.26060606060606,Recoletas Salud San Pablo Burgos,False,0.3529411764705882,0.4019607843137255,Surne Bilbao,0.5,-0.1,0.2906649272993093,0.3333333333333333,1.0,0.6666666666666667,0.3333333333333332,7.666666666666667,8.112352888525608,296.04771166673163,0.28825,0.2805,0.000722067589431,0.0029604771166673,2,8.2,8.2,11.889999999999992,4.509999999999998,up,False,2.0,17.54,19.08,16.0,8.2,8.0,3.5,2.0,16.0,-1.5399999999999991,0.467502850627138,0.45610034207525657
69,B. Vautier,Vautier,15/11/1998,Bastien Vautier,Surne Bilbao,5,390000.0,350000.0,0,fit,False,False,EUR,2,15.6,6.5,2526SanPabloLogo.png,True,,,,,,,False,0.5,0.5,Recoletas Salud San Pablo Burgos,0.4019607843137255,0.1,0.7093350727006906,0.3333333333333333,1.0,0.6666666666666667,0.3333333333333332,6.40909090909091,7.318329502279978,-3339.3915233630105,0.25475,0.3075,-0.0085625423675974,-0.0333939152336301,2,7.8,7.799999999999999,11.309999999999995,4.290000000000001,up,False,2.0,17.79,20.7,14.88,7.8,6.5,7.5,2.0,20.7,2.91,0.43844856661045534,0.3653738055087128
243,S. Doumbouya,Doumbouya,23/12/2000,Sekou Doumbouya,Recoletas Salud San Pablo Burgos,3,361250.0,500000.0,0,fit,False,False,EUR,2,14.0,6.0,logo_surnebb_pos.png,False,,,,,,,False,0.3529411764705882,0.4019607843137255,Surne Bilbao,0.5,-0.1,0.2906649272993093,0.3333333333333333,1.0,0.6666666666666667,0.3333333333333332,8.227106227106228,8.705372473783333,6227.221649678831,0.373,0.27025,0.0172379838053393,0.0622722164967883,2,7.225,7.674999999999997,10.926249999999996,4.423749999999998,up,False,2.0,18.950000000000003,21.55,16.35,7.0,6.0,10.5,2.0,21.55,2.599999999999998,0.3693931398416886,0.31662269129287596
71,A. Somogyi,Somogyi,30/06/2000,Adam Somogyi,Surne Bilbao,1,280000.0,280000.0,0,fit,False,True,JFL,2,11.2,5.0,2526SanPabloLogo.png,True,,,,,,,False,0.5,0.5,Recoletas Salud San Pablo Burgos,0.4019607843137255,0.1,0.7093350727006906,0.3333333333333333,1.0,0.6666666666666667,0.3333333333333332,5.0606060606060606,5.778539134187972,-36.9080473355134,0.32725,0.333,-0.0001318144547696,-0.0003690804733551,2,5.6,5.599999999999998,8.120000000000001,3.08,up,False,2.0,16.485,16.6,16.37,5.6,5.0,7.5,2.0,16.37,-0.11499999999999844,0.33970276008492567,0.3033060357901122
147,R. Lobaco,Lobaco,29/11/2000,Raúl Lobaco,Recoletas Salud San Pablo Burgos,3,293250.0,300000.0,0,fit,False,True,JFL,2,11.0,5.5,logo_surnebb_pos.png,False,,,,,,,False,0.3529411764705882,0.4019607843137255,Surne Bilbao,0.5,-0.1,0.2906649272993093,0.3333333333333333,1.0,0.6666666666666667,0.3333333333333332,5.56959706959707,5.893374375061246,-4757.117390957603,0.2805,0.38025,-0.0162220541891137,-0.047571173909576,2,5.865,6.594999999999999,9.23425,3.9557499999999983,up,False,2.0,17.315,25.25,9.38,5.5,5.5,3.0,2.0,9.38,-7.9350000000000005,0.3176436615651169,0.3176436615651169
68,N. Darling,Darling,30/08/1998,Nate Darling,Surne Bilbao,3,303450.0,420000.0,0,fit,True,False,EXT,2,10.2,5.0,2526SanPabloLogo.png,True,,,,,,,False,0.5,0.5,Recoletas Salud San Pablo Burgos,0.4019607843137255,0.1,0.7093350727006906,0.3333333333333333,1.0,0.6666666666666667,0.3333333333333332,6.757575757575758,7.716252855831843,-879.4977350475965,0.3225,0.3495,-0.0028983283409049,-0.0087949773504759,2,6.069,8.007000000000001,10.738049999999998,5.27595,up,False,2.0,22.335,23.85,20.82,5.1,5.0,7.0,2.0,23.85,1.5150000000000006,0.2283411685695097,0.2238638907544213
148,R. Guerrero,Guerrero,22/10/1995,Rubén Guerrero,Recoletas Salud San Pablo Burgos,5,207000.0,180000.0,0,fit,False,True,JFL,2,5.0,2.5,logo_surnebb_pos.png,False,210.0,32.0,3.03125,3.24375,7.5890625,MoraBanc Andorra,True,0.3529411764705882,0.4019607843137255,Surne Bilbao,0.5,-0.1,0.2906649272993093,0.3333333333333333,1.0,0.6666666666666667,0.3333333333333332,2.8541666666666665,3.020087896000022,-18409.204719005706,0.11925,0.691,-0.0889333561304623,-0.184092047190057,2,4.14,7.419999999999998,9.282999999999998,5.556999999999999,downdown,False,1.0,7.37,7.37,7.37,5.0,5.0,4.0,1.0,7.37,0.0,0.6784260515603799,0.6784260515603799
79,A. Font,Font,11/03/1998,Aleix Font,Surne Bilbao,3,195000.0,160000.0,0,fit,False,True,JFL,2,7.8,3.5,2526SanPabloLogo.png,True,160.0,28.0,1.6071428571428572,1.9214285714285717,9.471428571428572,Surne Bilbao,False,0.5,0.5,Recoletas Salud San Pablo Burgos,0.4019607843137255,0.1,0.7093350727006906,0.3333333333333333,1.0,0.6666666666666667,0.3333333333333332,2.238095238095238,2.555607127780309,-7027.001052091713,0.25225,0.48625,-0.0360359028312395,-0.0702700105209171,2,3.9,3.9,5.654999999999999,2.1450000000000005,up,False,2.0,10.245000000000001,13.97,6.52,3.9,3.5,5.0,2.0,6.52,-3.7250000000000014,0.38067349926793553,0.34163006344558317
144,D.Radosavljevic,Radosav.,03/11/2001,Dusan Radosavljevic,Recoletas Salud San Pablo Burgos,3,238425.0,330000.0,0,fit,False,False,EUR,2,4.8,2.0,logo_surnebb_pos.png,False,,,,,,,False,0.3529411764705882,0.4019607843137255,Surne Bilbao,0.5,-0.1,0.2906649272993093,0.3333333333333333,1.0,0.6666666666666667,0.3333333333333332,4.776556776556777,5.054232282196557,-20247.79582479241,0.11975,0.665,-0.0849231239374747,-0.2024779582479241,2,4.7685,9.5055,11.651324999999996,7.359675,downdown,False,2.0,20.115,20.33,19.9,2.4,2.0,2.0,2.0,20.33,0.21499999999999986,0.11931394481730052,0.09942828734775044
72,D. Duscak,Duscak,02/07/2002,Dan Duscak,Surne Bilbao,1,180000.0,180000.0,0,fit,False,True,JFL,2,0.0,0.0,2526SanPabloLogo.png,True,,,,,,,False,0.5,0.5,Recoletas Salud San Pablo Burgos,0.4019607843137255,0.1,0.7093350727006906,0.3333333333333333,1.0,0.6666666666666667,0.3333333333333332,2.181818181818182,2.49134621354212,-24005.253389408725,0.02825,0.9035,-0.1333625188300484,-0.2400525338940872,2,3.6,10.8,12.419999999999998,9.18,downdown,False,,,,,,,,,,,,
75,O. Hustak,Hustak,04/01/2003,Ondrej Hustak,Surne Bilbao,5,170000.0,170000.0,0,injured,False,True,JFL,0,0.0,,2526SanPabloLogo.png,True,,,,,,,False,0.5,0.5,Recoletas Salud San Pablo Burgos,0.4019607843137255,0.1,0.7093350727006906,0.0,1.0,1.0,0.0,3.0909090909090904,3.5294071358513355,0.0,0.0,0.0,0.0,0.0,0,3.4,3.4,3.91,2.89,flat,True,,,,,,,,,,,,
146,V. Cancar,Cancar,10/04/1997,Vlatko Cancar,Recoletas Salud San Pablo Burgos,3,480000.0,480000.0,0,injured,False,False,EUR,0,0.0,,logo_surnebb_pos.png,False,,,,,,,False,0.3529411764705882,0.4019607843137255,Surne Bilbao,0.5,-0.1,0.2906649272993093,0.0,1.0,1.0,0.0,8.967032967032967,9.488313364123597,0.0,0.0,0.0,0.0,0.0,0,9.6,9.6,11.04,8.16,flat,True,,,,,,,,,,,,
152,R. Obasohan,Obasohan,06/07/1993,Retin Obasohan,Recoletas Salud San Pablo Burgos,1,430000.0,430000.0,0,injured,False,False,EUR,0,0.0,,logo_surnebb_pos.png,False,64.0,30.0,11.333333333333334,12.546666666666663,21.282777777777778,Kids&Us Manresa,True,0.3529411764705882,0.4019607843137255,Surne Bilbao,0.5,-0.1,0.2906649272993093,0.0,1.0,1.0,0.0,11.333333333333334,11.992173835211767,0.0,0.0,0.0,0.0,0.0,0,8.6,8.6,9.89,7.31,flat,True,,,,,,,,,,,,
150,P. Almazán,Almazán,15/01/1989,Pablo Almazán,Recoletas Salud San Pablo Burgos,3,108375.0,150000.0,0,fit,False,True,JFL,2,-1.0,-0.5,logo_surnebb_pos.png,False,8.0,28.0,1.1071428571428572,1.292857142857143,9.89047619047619,Recoletas Salud San Pablo Burgos,False,0.3529411764705882,0.4019607843137255,Surne Bilbao,0.5,-0.1,0.2906649272993093,0.3333333333333333,1.0,0.6666666666666667,0.3333333333333332,0.5714285714285716,0.6046474202627784,-14010.772982393974,0.0465,0.90175,-0.1292804888802212,-0.1401077298239397,2,2.1675,7.502499999999999,8.477875,6.527125,downdown,False,2.0,3.85,6.37,1.33,-0.5,-0.5,0.0,2.0,6.37,2.52,-0.12987012987012986,-0.12987012987012986
73,M. Ansorregi,Ansorregi,11/04/2002,Manex Ansorregi,Surne Bilbao,3,102000.0,120000.0,0,fit,False,True,JFL,2,-1.0,-0.5,2526SanPabloLogo.png,True,,,,,,,False,0.5,0.5,Recoletas Salud San Pablo Burgos,0.4019607843137255,0.1,0.7093350727006906,0.3333333333333333,1.0,0.6666666666666667,0.3333333333333332,1.2878787878787878,1.4705863066047231,-11359.843261024973,0.0935,0.83275,-0.1113710123629899,-0.1135984326102497,2,2.04,7.12,8.037999999999998,6.202,downdown,False,1.0,3.35,3.35,3.35,-1.0,-1.0,0.0,1.0,3.35,0.0,-0.29850746268656714,-0.29850746268656714
252,J. Taboada,Taboada,05/06/2007,Joaquín Taboada,Recoletas Salud San Pablo Burgos,3,136000.0,160000.0,0,fit,True,False,EXT,1,-12.0,-12.0,logo_surnebb_pos.png,False,311.0,4.0,-0.25,-0.05,11.120833333333334,Recoletas Salud San Pablo Burgos,False,0.3529411764705882,0.4019607843137255,Surne Bilbao,0.5,-0.1,0.2906649272993093,0.2,1.0,0.8,0.1999999999999999,-2.6,-2.75114576219564,-20400.0,0.0,1.0,-0.15,-0.204,1,2.72,17.44,18.256,16.624000000000002,downdown,False,2.0,13.71,15.7,11.72,-3.0,-3.0,2.0,2.0,15.7,1.9899999999999984,-0.2188183807439825,-0.2188183807439825
170,O. Balcerowski,Balcerowski,19/11/2000,Olek Balcerowski,Barça,5,462875.0,350000.0,0,fit,False,True,JFL,2,52.0,23.0,202627ValenciaBasket40Anys.png,True,224.0,32.0,11.625,12.98125,19.629166666666663,Unicaja,True,0.7058823529411765,0.6372549019607844,Valencia Basket,0.5980392156862746,0.1,0.6585552959411438,0.3333333333333333,1.0,0.6666666666666667,0.3333333333333332,15.416666666666666,17.44721216248519,69431.25,1.0,0.0,0.15,0.6943125,2,9.2575,-24.2275,-20.061625,-28.393375,upup,False,2.0,19.33,21.13,17.53,26.0,23.0,16.5,2.0,17.53,-1.7999999999999972,1.3450594930160373,1.189860320744956
104,TJ Shorts,Shorts,15/10/1997,TJ Shorts,Valencia Basket,1,723350.0,740000.0,0,fit,False,False,EUR,2,43.2,19.0,2324BarcaLogoweb.png,False,,,,,,,False,0.6470588235294118,0.5980392156862746,Barça,0.6372549019607844,-0.1,0.3414447040588562,0.3333333333333333,1.0,0.6666666666666667,0.3333333333333332,15.069444444444446,16.09852084417739,97814.85305586936,0.852,0.00575,0.1352247916719006,0.9781485305586934,2,14.467,0.2010000000000005,6.711149999999989,-6.3091500000000025,upup,False,2.0,21.18,21.58,20.78,21.6,19.0,17.0,2.0,20.78,-0.3999999999999986,1.019830028328612,0.8970727101038716
242,N. Mirotic,Mirotic,11/02/1991,Nikola Mirotic,Valencia Basket,5,793500.0,600000.0,0,fit,False,True,JFL,2,34.4,15.5,2324BarcaLogoweb.png,False,,,,,,,False,0.6470588235294118,0.5980392156862746,Barça,0.6372549019607844,-0.1,0.3414447040588562,0.3333333333333333,1.0,0.6666666666666667,0.3333333333333332,12.25,13.086539524944198,-3855.0529669382377,0.168,0.193,-0.0048582898134067,-0.0385505296693823,2,15.87,13.21,20.351499999999994,6.0685,flat,False,2.0,17.34,21.05,13.63,17.2,15.5,15.5,2.0,21.05,3.710000000000001,0.9919261822376009,0.8938869665513264
111,K. Taylor,Taylor,05/10/1994,Kameron Taylor,Valencia Basket,3,780000.0,630000.0,0,fit,True,False,EXT,2,31.2,14.5,2324BarcaLogoweb.png,False,58.0,22.0,12.772727272727272,14.681818181818182,20.725757575757576,Valencia Basket,False,0.6470588235294118,0.5980392156862746,Barça,0.6372549019607844,-0.1,0.3414447040588562,0.3333333333333333,1.0,0.6666666666666667,0.3333333333333332,13.34848484848485,14.260038740229858,-14435.189372352092,0.148,0.239,-0.018506653041477,-0.1443518937235209,2,15.6,15.599999999999998,22.619999999999997,8.580000000000002,flat,False,2.0,22.825000000000003,25.8,19.85,15.6,14.5,11.0,2.0,19.85,-2.9750000000000014,0.6834611171960568,0.6352683461117196
181,K. Punter,Punter,25/06/1993,Kevin Punter,Barça,3,714150.0,540000.0,0,fit,False,False,EUR,2,31.2,14.5,202627ValenciaBasket40Anys.png,True,189.0,31.0,12.161290322580646,14.103225806451611,23.58118279569893,Barça,False,0.7058823529411765,0.6372549019607844,Valencia Basket,0.5980392156862746,0.1,0.6585552959411438,0.3333333333333333,1.0,0.6666666666666667,0.3333333333333332,12.940860215053764,14.645314620785305,27969.294983542408,0.34525,0.13125,0.0391644542232617,0.2796929498354241,2,14.283,11.648999999999996,18.076349999999994,5.22165,up,False,2.0,20.945,22.97,18.92,15.6,14.5,14.0,2.0,22.97,2.0249999999999986,0.7448078300310337,0.692289329195512
182,J. Núñez,Núñez,04/06/2004,Juan Núñez,Barça,1,230000.0,200000.0,0,fit,False,True,JFL,2,15.6,6.5,202627ValenciaBasket40Anys.png,True,199.0,8.0,6.5,7.875,14.0875,Barça,False,0.7058823529411765,0.6372549019607844,Valencia Basket,0.5980392156862746,0.1,0.6585552959411438,0.3333333333333333,1.0,0.6666666666666667,0.3333333333333332,6.5,7.356121884723486,29226.261372462643,0.868,0.03675,0.1270707016194028,0.2922626137246264,2,4.6,-1.8000000000000007,0.2699999999999978,-3.870000000000001,upup,False,1.0,13.82,13.82,13.82,15.6,13.0,3.0,1.0,13.82,0.0,1.1287988422575976,0.9406657018813314
174,O. Nkamhoua,Nkamhoua,02/05/2000,Olivier Nkamhoua,Barça,5,449650.0,340000.0,0,fit,False,False,EUR,2,31.0,14.5,202627ValenciaBasket40Anys.png,True,,,,,,,False,0.7058823529411765,0.6372549019607844,Valencia Basket,0.5980392156862746,0.1,0.6585552959411438,0.3333333333333333,1.0,0.6666666666666667,0.3333333333333332,8.805841924398626,9.96566869130528,63394.41702059901,0.916,0.0055,0.140986138153228,0.63394417020599,2,8.993,-4.021000000000001,0.0258499999999983,-8.06785,upup,False,2.0,20.67,22.47,18.87,15.5,14.5,12.0,2.0,22.47,1.7999999999999972,0.7498790517658441,0.7014997581035316
113,J. Puerto,Puerto,08/03/1999,Josep Puerto,Valencia Basket,3,264500.0,200000.0,0,fit,False,True,JFL,2,30.0,13.0,2324BarcaLogoweb.png,False,60.0,24.0,5.541666666666667,6.4,17.310416666666665,Valencia Basket,False,0.6470588235294118,0.5980392156862746,Barça,0.6372549019607844,-0.1,0.3414447040588562,0.3333333333333333,1.0,0.6666666666666667,0.3333333333333332,8.027777777777777,8.575986219294496,39642.08944610739,0.999,0.0,0.1498755744654343,0.3964208944610739,2,5.29,-14.13,-11.7495,-16.5105,upup,False,2.0,12.555,13.18,11.93,15.0,13.0,12.5,2.0,13.18,0.625,1.1947431302270013,1.0354440461967345
169,J. Parra,Parra,04/04/2000,Joel Parra,Barça,3,634800.0,480000.0,0,fit,False,True,JFL,2,27.6,12.000000000000002,202627ValenciaBasket40Anys.png,True,197.0,32.0,11.75,13.5875,22.0875,Barça,False,0.7058823529411765,0.6372549019607844,Valencia Basket,0.5980392156862746,0.1,0.6585552959411438,0.3333333333333333,1.0,0.6666666666666667,0.3333333333333332,11.833333333333334,13.39191420039404,24838.001477003447,0.35925,0.13725,0.0391272865107174,0.2483800147700344,2,12.696,10.488,16.201199999999993,4.774799999999992,up,False,2.0,22.945,24.47,21.42,13.8,12.0,10.0,2.0,24.47,1.5249999999999986,0.6014382218348224,0.5229897581172369
176,T. Martin,Martin,07/03/1999,Tyrese Martin,Barça,3,703800.0,720000.0,0,fit,True,False,EXT,2,27.4,12.0,202627ValenciaBasket40Anys.png,True,279.0,19.0,7.263157894736842,8.557894736842105,17.092105263157894,UCAM Murcia,True,0.7058823529411765,0.6372549019607844,Valencia Basket,0.5980392156862746,0.1,0.6585552959411438,0.3333333333333333,1.0,0.6666666666666667,0.3333333333333332,8.842105263157894,10.006708312822232,-50325.01876555395,0.0485,0.4215,-0.0715047154952457,-0.5032501876555395,2,14.076,14.828000000000005,21.16220000000001,8.4938,down,False,2.0,21.525,21.77,21.28,13.7,12.0,11.0,2.0,21.28,-0.24499999999999744,0.6364692218350755,0.5574912891986064
108,N. Sako,Sako,13/08/1998,Neal Sako,Valencia Basket,5,436425.0,330000.0,0,fit,False,False,EUR,2,23.6,11.0,2324BarcaLogoweb.png,False,56.0,25.0,7.36,8.472000000000001,14.439333333333334,Valencia Basket,False,0.6470588235294118,0.5980392156862746,Barça,0.6372549019607844,-0.1,0.3414447040588562,0.3333333333333333,1.0,0.6666666666666667,0.3333333333333332,8.573333333333334,9.15879718589292,42016.8198282232,0.6485,0.05925,0.0962750067668515,0.420168198282232,2,8.7285,2.5855,6.513324999999998,-1.3423250000000024,upup,False,2.0,17.245,18.32,16.17,11.8,11.0,5.5,2.0,18.32,1.0749999999999993,0.6842563061757031,0.6378660481298927
180,D. Brizuela,Brizuela,08/11/1994,Darío Brizuela,Barça,3,423200.0,320000.0,0,fit,False,True,JFL,2,22.0,9.5,202627ValenciaBasket40Anys.png,True,198.0,31.0,6.612903225806452,7.541935483870968,15.40537634408602,Barça,False,0.7058823529411765,0.6372549019607844,Valencia Basket,0.5980392156862746,0.1,0.6585552959411438,0.3333333333333333,1.0,0.6666666666666667,0.3333333333333332,7.575268817204301,8.57301549675384,34113.398369991395,0.57475,0.0905,0.0806082192107547,0.3411339836999139,2,8.464,3.392000000000003,7.200799999999997,-0.416800000000002,upup,False,2.0,18.965,20.2,17.73,11.0,9.5,11.0,2.0,20.2,1.2349999999999994,0.5800158186132349,0.5009227524387029
179,J. Robinson,Robinson,12/10/1997,Justin Robinson,Barça,1,530000.0,640000.0,0,fit,True,False,EXT,2,21.2,10.0,202627ValenciaBasket40Anys.png,True,120.0,30.0,15.833333333333334,17.2,26.238333333333333,Casademont Zaragoza,True,0.7058823529411765,0.6372549019607844,Valencia Basket,0.5980392156862746,0.1,0.6585552959411438,0.3333333333333333,1.0,0.6666666666666667,0.3333333333333332,13.88888888888889,15.718209155392064,34203.00400519732,0.508,0.12375,0.064533969821127,0.3420300400519732,2,10.6,10.599999999999998,15.37,5.830000000000002,upup,False,2.0,18.549999999999997,23.83,13.27,10.6,10.0,13.5,2.0,23.83,5.280000000000001,0.5714285714285715,0.5390835579514826
116,A. Cárdenas,Cárdenas,29/04/2002,Álvaro Cárdenas,Valencia Basket,1,230000.0,180000.0,0,fit,False,True,JFL,2,20.8,9.0,2324BarcaLogoweb.png,False,332.0,2.0,0.0,0.7000000000000002,13.075,Valencia Basket,False,0.6470588235294118,0.5980392156862746,Barça,0.6372549019607844,-0.1,0.3414447040588562,0.3333333333333333,1.0,0.6666666666666667,0.3333333333333332,2.999999999999999,3.2048668224353127,32323.244949314685,0.9345,0.01125,0.140535847605716,0.3232324494931468,2,4.6,-7.000000000000002,-4.930000000000003,-9.070000000000002,upup,False,2.0,17.494999999999997,19.22,15.77,10.4,9.0,8.0,2.0,19.22,1.7250000000000014,0.5944555587310661,0.5144326950557303
115,G. Corbalán,Corbalán,03/03/2002,Gonzalo Corbalán,Valencia Basket,3,410550.0,420000.0,0,fit,False,False,EUR,2,13.6,6.5,2324BarcaLogoweb.png,False,231.0,33.0,16.242424242424242,17.757575757575758,25.8020202020202,Recoletas Salud San Pablo Burgos,True,0.6470588235294118,0.5980392156862746,Barça,0.6372549019607844,-0.1,0.3414447040588562,0.3333333333333333,1.0,0.6666666666666667,0.3333333333333332,12.994949494949497,13.88236083186206,15735.66602510045,0.45375,0.2115,0.0383282572770684,0.1573566602510045,2,8.211,11.033000000000005,14.727950000000002,7.338050000000001,up,False,2.0,14.809999999999999,15.5,14.12,6.8,6.5,6.0,2.0,14.12,-0.6899999999999995,0.45914922349763676,0.43889264010803514
171,A. Ubal,Ubal,19/07/2003,Agustín Ubal,Barça,3,240000.0,250000.0,0,fit,False,True,JFL,2,4.8,2.0,202627ValenciaBasket40Anys.png,True,74.0,31.0,10.580645161290322,11.819354838709677,19.106989247311827,Kids&Us Manresa,True,0.7058823529411765,0.6372549019607844,Valencia Basket,0.5980392156862746,0.1,0.6585552959411438,0.3333333333333333,1.0,0.6666666666666667,0.3333333333333332,7.720430107526882,8.737296134377937,-2877.5252432134293,0.33325,0.41275,-0.0119896885133892,-0.0287752524321342,2,4.8,9.599999999999998,11.759999999999998,7.44,up,False,1.0,7.72,7.72,7.72,4.8,4.0,4.0,1.0,7.72,0.0,0.6217616580310881,0.5181347150259068
173,S. Umude,Umude,12/04/1999,Stanley Umude,Barça,3,303025.0,310000.0,0,fit,False,False,COT,2,9.6,4.0,202627ValenciaBasket40Anys.png,True,,,,,,,False,0.7058823529411765,0.6372549019607844,Valencia Basket,0.5980392156862746,0.1,0.6585552959411438,0.3333333333333333,1.0,0.6666666666666667,0.3333333333333332,4.9553264604811,5.607997757214521,-16438.072369628935,0.1755,0.51025,-0.0542465881350678,-0.1643807236962893,2,6.0605,8.5815,11.308725,5.854275,downdown,False,2.0,17.055,18.58,15.53,4.8,4.0,5.0,2.0,15.53,-1.5250000000000004,0.2814423922603342,0.23453532688361184
117,M. Saint-Supery,Saint-Supery,14/04/2006,Mario Saint-Supery,Valencia Basket,1,289000.0,400000.0,0,fit,False,True,JFL,2,6.2,3.0,2324BarcaLogoweb.png,False,,,,,,,False,0.6470588235294118,0.5980392156862746,Barça,0.6372549019607844,-0.1,0.3414447040588562,0.3333333333333333,1.0,0.6666666666666667,0.3333333333333332,5.722222222222222,6.112986716867358,-25410.769793608342,0.103,0.6515,-0.0879265390782295,-0.2541076979360834,2,5.78,11.14,13.741,8.539000000000001,downdown,False,2.0,16.46,18.92,14.0,3.1,3.0,5.5,2.0,14.0,-2.460000000000001,0.18833535844471447,0.18226002430133656
238,J. Rivero,Rivero,31/10/1993,Jasiel Rivero,Valencia Basket,5,223975.0,310000.0,0,fit,False,False,EUR,2,6.2,3.0,2324BarcaLogoweb.png,False,,,,,,,False,0.6470588235294118,0.5980392156862746,Barça,0.6372549019607844,-0.1,0.3414447040588562,0.3333333333333333,1.0,0.6666666666666667,0.3333333333333332,4.659722222222223,4.977929717254852,-10805.766227882295,0.2205,0.53025,-0.0482454123356727,-0.1080576622788229,2,4.4795,7.238499999999999,9.254275,5.222725,downdown,False,2.0,14.44,16.93,11.95,3.1,3.0,3.5,2.0,11.95,-2.49,0.2146814404432133,0.20775623268698062
240,U. Gibson,Gibson,04/07/1998,Umoja Gibson,Barça,1,216750.0,300000.0,0,fit,False,False,EUR,2,4.8,2.0,202627ValenciaBasket40Anys.png,True,,,,,,,False,0.7058823529411765,0.6372549019607844,Valencia Basket,0.5980392156862746,0.1,0.6585552959411438,0.3333333333333333,1.0,0.6666666666666667,0.3333333333333332,4.171821305841925,4.721296308778384,-14370.001494642083,0.17275,0.5995,-0.0662975847503671,-0.1437000149464208,2,4.335,8.204999999999998,10.155749999999998,6.25425,downdown,False,2.0,14.885,17.25,12.52,2.4,2.0,9.0,2.0,17.25,2.365,0.16123614376889486,0.13436345314074571
105,A. Brooks,Brooks,05/06/1998,Armoni Brooks,Valencia Basket,3,426275.0,590000.0,0,fit,True,False,EXT,2,4.6,2.0,2324BarcaLogoweb.png,False,270.0,17.0,9.764705882352942,11.08235294117647,20.130392156862747,Kids&Us Manresa,True,0.6470588235294118,0.5980392156862746,Barça,0.6372549019607844,-0.1,0.3414447040588562,0.3333333333333333,1.0,0.6666666666666667,0.3333333333333332,7.176470588235295,7.666544163472713,-60631.28156447993,0.00575,0.93075,-0.1422351335745233,-0.6063128156447992,2,8.5255,20.976499999999994,24.812974999999994,17.140024999999994,downdown,False,2.0,20.07,22.92,17.22,2.3,2.0,7.5,2.0,22.92,2.8500000000000014,0.114598903836572,0.09965122072745392
172,J. Minaya,Minaya,26/03/1999,Justin Minaya,Barça,3,195075.0,270000.0,0,fit,False,False,COT,2,4.6,2.0,202627ValenciaBasket40Anys.png,True,,,,,,,False,0.7058823529411765,0.6372549019607844,Valencia Basket,0.5980392156862746,0.1,0.6585552959411438,0.3333333333333333,1.0,0.6666666666666667,0.3333333333333332,3.8213058419243993,4.324614081846428,-11190.246723305463,0.20875,0.58,-0.0573638176255566,-0.1119024672330546,2,3.9015,7.1045,8.860175,5.348825,downdown,False,2.0,14.370000000000001,14.47,14.27,2.3,2.0,1.0,2.0,14.47,0.09999999999999964,0.16005567153792621,0.139178844815588
110,N. Reuvers,Reuvers,30/09/1998,Nate Reuvers,Valencia Basket,5,252875.0,350000.0,0,fit,False,False,EUR,2,4.2,2.0,2324BarcaLogoweb.png,False,54.0,30.0,8.733333333333333,10.006666666666666,16.64611111111111,Valencia Basket,False,0.6470588235294118,0.5980392156862746,Barça,0.6372549019607844,-0.1,0.3414447040588562,0.3333333333333333,1.0,0.6666666666666667,0.3333333333333332,6.488888888888889,6.932008238156382,-18773.66824721912,0.152,0.62225,-0.0742409026088744,-0.1877366824721911,2,5.0575,10.9725,13.248375,8.696625000000001,downdown,False,2.0,18.525,20.55,16.5,2.1,2.0,6.5,2.0,16.5,-2.0249999999999986,0.11336032388663969,0.10796221322537113
107,Y. Sima,Sima,28/07/1996,Yankuba Sima,Valencia Basket,5,190000.0,190000.0,0,injured,False,True,JFL,0,0.0,,2324BarcaLogoweb.png,False,59.0,19.0,2.9473684210526314,3.5157894736842104,9.128947368421052,Valencia Basket,False,0.6470588235294118,0.5980392156862746,Barça,0.6372549019607844,-0.1,0.3414447040588562,0.0,1.0,1.0,0.0,2.9473684210526314,3.1486410887083784,0.0,0.0,0.0,0.0,0.0,0,3.8,3.8,4.369999999999999,3.23,flat,True,,,,,,,,,,,,
109,D. Osetkowski,Osetkowski,08/08/1996,Dylan Osetkowski,Valencia Basket,5,500000.0,500000.0,0,injured,False,False,EUR,0,0.0,,2324BarcaLogoweb.png,False,,,,,,,False,0.6470588235294118,0.5980392156862746,Barça,0.6372549019607844,-0.1,0.3414447040588562,0.0,1.0,1.0,0.0,8.854166666666666,9.458808330104224,0.0,0.0,0.0,0.0,0.0,0,10.0,10.0,11.5,8.5,flat,True,,,,,,,,,,,,
112,L. Marí,Marí,20/10/2005,Lucas Marí,Valencia Basket,3,140000.0,140000.0,0,injured,False,True,JFL,0,0.0,,2324BarcaLogoweb.png,False,,,,,,,False,0.6470588235294118,0.5980392156862746,Barça,0.6372549019607844,-0.1,0.3414447040588562,0.0,1.0,1.0,0.0,2.4791666666666665,2.648466332429183,0.0,0.0,0.0,0.0,0.0,0,2.8,2.8,3.22,2.38,flat,True,,,,,,,,,,,,
114,O. Moore,Moore,18/09/2000,Omari Moore,Valencia Basket,3,410000.0,410000.0,0,injured,False,False,EUR,0,0.0,,2324BarcaLogoweb.png,False,47.0,28.0,10.0,11.492857142857144,18.756547619047616,Valencia Basket,False,0.6470588235294118,0.5980392156862746,Barça,0.6372549019607844,-0.1,0.3414447040588562,0.0,1.0,1.0,0.0,10.0,10.682889408117711,0.0,0.0,0.0,0.0,0.0,0,8.2,8.2,9.429999999999998,6.969999999999999,flat,True,,,,,,,,,,,,
175,J. Nebo,Nebo,17/07/1997,Josh Nebo,Barça,5,380000.0,380000.0,0,injured,False,False,EUR,0,0.0,,202627ValenciaBasket40Anys.png,True,,,,,,,False,0.7058823529411765,0.6372549019607844,Valencia Basket,0.5980392156862746,0.1,0.6585552959411438,0.0,1.0,1.0,0.0,6.65979381443299,7.536962311707173,0.0,0.0,0.0,0.0,0.0,0,7.6,7.6,8.739999999999998,6.46,flat,True,,,,,,,,,,,,
177,Y. Makoundou,Makoundou,09/08/2000,Yoan Makoundou,Barça,5,360000.0,360000.0,0,injured,False,False,EUR,0,0.0,,202627ValenciaBasket40Anys.png,True,,,,,,,False,0.7058823529411765,0.6372549019607844,Valencia Basket,0.5980392156862746,0.1,0.6585552959411438,0.0,1.0,1.0,0.0,6.309278350515465,7.140280084775217,0.0,0.0,0.0,0.0,0.0,0,7.2,7.2,8.28,6.12,flat,True,,,,,,,,,,,,
178,T. Evbuomwan,Evbuomwan,16/02/2001,Tosan Evbuomwan,Barça,5,330000.0,330000.0,0,injured,False,False,EUR,0,0.0,,202627ValenciaBasket40Anys.png,True,,,,,,,False,0.7058823529411765,0.6372549019607844,Valencia Basket,0.5980392156862746,0.1,0.6585552959411438,0.0,1.0,1.0,0.0,5.783505154639175,6.545256744377281,0.0,0.0,0.0,0.0,0.0,0,6.6,6.6,7.589999999999999,5.609999999999999,flat,True,,,,,,,,,,,,
106,M. Gueye,Gueye,06/07/1998,Mo Gueye,Valencia Basket,5,310675.0,430000.0,0,fit,False,False,COT,2,-5.0,-2.5,2324BarcaLogoweb.png,False,,,,,,,False,0.6470588235294118,0.5980392156862746,Barça,0.6372549019607844,-0.1,0.3414447040588562,0.3333333333333333,1.0,0.6666666666666667,0.3333333333333332,4.243055555555556,4.532809325249947,-46539.050518348056,0.0,0.9975,-0.1497997924466019,-0.4653905051834806,2,6.2135,23.6405,26.436575,20.844425,downdown,False,2.0,7.06,8.12,6.0,-2.5,-2.5,0.0,2.0,8.12,1.0599999999999996,-0.3541076487252125,-0.3541076487252125
