idPlayer,shortName,nick,birthdate,fullName,nameTeam,position,price,initialPrice,injuredDays,fisicStatus,isExtraCommunity,isNational,license,partidos_actual,sum_points_actual,media_actual_sin_bonus,rival_logo,prox_local,idPlayer_2526,partidos_2526,media_2526_sin_bonus,media_2526_con_bonus,minutos_2526,nameTeam_2526,cambio_equipo,win_pct_equipo_2526,fuerza_equipo,rival,fuerza_rival,hfa,p_win,W,factor_hist,peso_hist,peso_actual,media_sin_bonus,puntos_esperados,reval_euros,p_sube_15,p_baja_15,reval_esperada,reval_euros_norm,N_actual,media_implicita,umbral_mantiene,umbral_sube_15,umbral_baja_15,pronostico,alerta_lesion
18,A. Verge,Verge,17/10/1998,Alonzo Verge Jr.,Leyma Coruña,1,767050.0,580000.0,0,fit,True,False,EXT,2,37.2,17.0,2425CasademontZaragoza.png,True,,,,,,,False,0.5,0.5,Casademont Zaragoza,0.36274509803921573,0.1,0.740586592542888,0.3333333333333333,1.0,0.6666666666666667,0.33333333333333326,12.696969696969697,14.577610801669515,52946.74084769271,0.432,0.06175,0.06902645309652918,0.5294674084769271,2,15.341,8.822999999999993,15.726449999999986,1.9195499999999939,up,False
81,R. Blumbergs,Blumbergs,29/04/1998,Roberts Blumbergs,Casademont Zaragoza,5,502550.0,380000.0,0,fit,False,False,EUR,2,33.2,14.5,202627LeymaCorunaLogoPositivoOK.png,False,,,,,,,False,0.29411764705882354,0.36274509803921573,Leyma Coruña,0.5,-0.1,0.2594134074571121,0.3333333333333333,1.0,0.6666666666666667,0.33333333333333326,9.618518518518519,10.117553051234163,69070.91045272967,0.8915,0.0065,0.1374408724559341,0.6907091045272967,2,10.051,-3.047000000000004,1.4759499999999974,-7.569950000000002,upup,False
15,C. Pacheco,Pacheco,22/02/1999,Caio Pacheco,Leyma Coruña,1,462875.0,350000.0,0,fit,False,False,EUR,2,32.6,15.0,2425CasademontZaragoza.png,True,,,,,,,False,0.5,0.5,Casademont Zaragoza,0.36274509803921573,0.1,0.740586592542888,0.3333333333333333,1.0,0.6666666666666667,0.33333333333333326,9.242424242424242,10.611387337730793,66729.81325552135,0.938,0.003,0.14416378775159894,0.6672981325552135,2,9.2575,-4.827500000000001,-0.6616250000000008,-8.993375,upup,False
14,D. Skapintsev,Skapintsev,12/05/1998,Dmytro Skapintsev,Leyma Coruña,5,515775.0,390000.0,0,fit,False,False,EUR,2,31.2,14.0,2425CasademontZaragoza.png,True,,,,,,,False,0.5,0.5,Casademont Zaragoza,0.36274509803921573,0.1,0.740586592542888,0.3333333333333333,1.0,0.6666666666666667,0.33333333333333326,9.393939393939394,10.78534450720179,66103.46615308069,0.8135,0.01275,0.12816337773851136,0.6610346615308069,2,10.3155,-0.25349999999999895,4.388474999999996,-4.895475000000001,upup,False
90,A. Olaseni,Olaseni,29/12/1991,Gabriel Olaseni,Casademont Zaragoza,5,469200.0,480000.0,0,fit,False,False,EUR,2,29.0,14.0,202627LeymaCorunaLogoPositivoOK.png,False,333.0,3.0,7.0,7.466666666666666,20.038888888888888,Casademont Zaragoza,False,0.29411764705882354,0.36274509803921573,Leyma Coruña,0.5,-0.1,0.2594134074571121,0.3333333333333333,1.0,0.6666666666666667,0.33333333333333326,9.333333333333332,9.817571693919941,59850.8771720638,0.815,0.01525,0.12755941426271059,0.598508771720638,2,9.384,-0.847999999999999,3.3747999999999934,-5.070799999999998,upup,False
84,J. Jaworski,Jaworski,21/06/1999,Justin Jaworski,Casademont Zaragoza,3,396750.0,300000.0,0,fit,True,False,EXT,2,27.4,12.5,202627LeymaCorunaLogoPositivoOK.png,False,156.0,32.0,6.4375,7.575,22.7546875,Surne Bilbao,True,0.29411764705882354,0.36274509803921573,Leyma Coruña,0.5,-0.1,0.2594134074571121,0.3333333333333333,1.0,0.6666666666666667,0.33333333333333326,8.458333333333332,8.897174347614946,54985.345923752175,0.91175,0.00925,0.13858940371456124,0.5498534592375217,2,7.935,-3.594999999999999,-0.024250000000002103,-7.165749999999999,upup,False
82,T. Bell-Haynes,Bell-Haynes,05/09/1995,Trae Bell-Haynes,Casademont Zaragoza,1,650000.0,580000.0,0,fit,False,False,COT,2,26.0,11.0,202627LeymaCorunaLogoPositivoOK.png,False,112.0,20.0,14.2,15.49,25.619999999999997,Casademont Zaragoza,False,0.29411764705882354,0.36274509803921573,Leyma Coruña,0.5,-0.1,0.2594134074571121,0.3333333333333333,1.0,0.6666666666666667,0.33333333333333326,13.133333333333333,13.814725883587347,7126.888489276869,0.267,0.1965,0.010964443829656723,0.0712688848927687,2,13.0,13.0,18.849999999999994,7.149999999999999,up,False
21,G. Conditt,Conditt,22/08/2000,George Conditt,Leyma Coruña,5,590000.0,540000.0,0,fit,True,False,EXT,2,23.6,11.5,2425CasademontZaragoza.png,True,,,,,,,False,0.5,0.5,Casademont Zaragoza,0.36274509803921573,0.1,0.740586592542888,0.3333333333333333,1.0,0.6666666666666667,0.33333333333333326,10.378787878787879,11.916066108763268,1663.5500407458749,0.24325,0.22675,0.0028195763402472456,0.01663550040745875,2,11.8,11.800000000000004,17.11,6.490000000000002,flat,False
19,D. Cuevas,Cuevas,20/06/2000,Dídac Cuevas,Leyma Coruña,1,264500.0,200000.0,0,fit,False,True,JFL,2,22.4,10.5,2425CasademontZaragoza.png,True,,,,,,,False,0.5,0.5,Casademont Zaragoza,0.36274509803921573,0.1,0.740586592542888,0.3333333333333333,1.0,0.6666666666666667,0.33333333333333326,5.924242424242424,6.8017253263159665,38427.829347504594,0.9635,0.00475,0.145284799045386,0.38427829347504594,2,5.29,-6.529999999999998,-4.1495,-8.910499999999999,upup,False
17,L. Uleckas,Uleckas,06/08/1999,Lukas Uleckas,Leyma Coruña,3,351900.0,360000.0,0,fit,False,False,EUR,2,22.0,9.5,2425CasademontZaragoza.png,True,,,,,,,False,0.5,0.5,Casademont Zaragoza,0.36274509803921573,0.1,0.740586592542888,0.3333333333333333,1.0,0.6666666666666667,0.33333333333333326,7.530303030303031,8.645671322708532,44041.41988431668,0.83425,0.02925,0.12515322501937107,0.4404141988431668,2,7.038,-0.8859999999999992,2.281100000000002,-4.053100000000001,upup,False
85,G. Vives,Vives,16/06/1993,Guillem Vives,Casademont Zaragoza,1,276000.0,220000.0,0,fit,False,True,JFL,2,17.8,8.5,202627LeymaCorunaLogoPositivoOK.png,False,97.0,27.0,3.5185185185185186,3.985185185185185,12.78641975308642,Asisa Joventut,True,0.29411764705882354,0.36274509803921573,Leyma Coruña,0.5,-0.1,0.2594134074571121,0.3333333333333333,1.0,0.6666666666666667,0.33333333333333326,5.179012345679012,5.44771339365002,31329.43823982397,0.784,0.04975,0.11351245739066655,0.3132943823982397,2,5.52,-1.240000000000002,1.2439999999999962,-3.7240000000000038,upup,False
91,C. Homesley,Homesley,27/11/1996,Caleb Homesley,Casademont Zaragoza,3,385000.0,500000.0,0,fit,True,False,EXT,2,15.4,7.0,202627LeymaCorunaLogoPositivoOK.png,False,,,,,,,False,0.29411764705882354,0.36274509803921573,Leyma Coruña,0.5,-0.1,0.2594134074571121,0.3333333333333333,1.0,0.6666666666666667,0.33333333333333326,8.62962962962963,9.077357955092646,9254.313558906957,0.38825,0.234,0.024037178075083005,0.09254313558906957,2,7.7,7.700000000000001,11.164999999999997,4.234999999999998,up,False
23,J. Diaz,Diaz,23/07/1996,Jacobo Diaz,Leyma Coruña,3,205275.0,210000.0,0,fit,False,True,JFL,2,15.0,6.5,2425CasademontZaragoza.png,True,,,,,,,False,0.5,0.5,Casademont Zaragoza,0.36274509803921573,0.1,0.740586592542888,0.3333333333333333,1.0,0.6666666666666667,0.33333333333333326,4.712121212121212,5.410067970547994,25462.175505831896,0.859,0.0465,0.12403933993828715,0.25462175505831897,2,4.1055,-2.6834999999999987,-0.8360249999999994,-4.530975,upup,False
89,L. Birutis,Birutis,27/08/1997,Laurynas Birutis,Casademont Zaragoza,5,476850.0,660000.0,0,fit,False,False,EUR,2,14.2,6.5,202627LeymaCorunaLogoPositivoOK.png,False,,,,,,,False,0.29411764705882354,0.36274509803921573,Leyma Coruña,0.5,-0.1,0.2594134074571121,0.3333333333333333,1.0,0.6666666666666667,0.33333333333333326,10.477777777777778,11.021392984960126,-23857.348029691668,0.1435,0.43875,-0.05003113773658733,-0.2385734802969167,2,9.537,14.411000000000005,18.702649999999995,10.11935,down,False
16,P. Jorgensen,Jorgensen,21/07/1996,Paul Jorgensen,Leyma Coruña,3,320000.0,320000.0,0,fit,False,False,EUR,2,12.8,6.0,2425CasademontZaragoza.png,True,,,,,,,False,0.5,0.5,Casademont Zaragoza,0.36274509803921573,0.1,0.740586592542888,0.3333333333333333,1.0,0.6666666666666667,0.33333333333333326,5.878787878787879,6.749538175474668,1668.5372484309482,0.341,0.3095,0.005214178901346713,0.016685372484309482,2,6.4,6.400000000000002,9.279999999999998,3.5199999999999996,up,False
24,G. Jou,Jou,15/07/1997,Guillem Jou,Leyma Coruña,3,251275.0,190000.0,0,fit,False,True,JFL,2,12.6,6.0,2425CasademontZaragoza.png,True,,,,,,,False,0.5,0.5,Casademont Zaragoza,0.36274509803921573,0.1,0.740586592542888,0.3333333333333333,1.0,0.6666666666666667,0.33333333333333326,4.303030303030303,4.940383612976303,12923.180027192866,0.5265,0.19875,0.05143042494156946,0.12923180027192865,2,5.0255,2.4764999999999997,4.7379750000000005,0.2150250000000007,upup,False
86,M. González,González,20/03/1999,Miguel González,Casademont Zaragoza,3,264500.0,200000.0,0,fit,False,True,JFL,2,10.8,5.0,202627LeymaCorunaLogoPositivoOK.png,False,122.0,30.0,4.433333333333334,4.739999999999999,18.220000000000002,Casademont Zaragoza,False,0.29411764705882354,0.36274509803921573,Leyma Coruña,0.5,-0.1,0.2594134074571121,0.3333333333333333,1.0,0.6666666666666667,0.33333333333333326,4.622222222222223,4.862035505560353,-1319.535508055007,0.331,0.35525,-0.004988792090945207,-0.01319535508055007,2,5.29,5.07,7.450499999999998,2.689499999999999,up,False
22,D. Radoncic,Radoncic,08/01/1999,Dino Radoncic,Leyma Coruña,5,260100.0,360000.0,0,fit,False,True,JFL,2,8.8,4.0,2425CasademontZaragoza.png,True,,,,,,,False,0.5,0.5,Casademont Zaragoza,0.36274509803921573,0.1,0.740586592542888,0.3333333333333333,1.0,0.6666666666666667,0.33333333333333326,5.696969696969697,6.540789572109473,-1148.9369407711492,0.336,0.363,-0.00441728927632122,-0.011489369407711492,2,5.202,6.805999999999999,9.146899999999999,4.465099999999998,up,False
83,N. Brussino,Brussino,02/03/1993,Nico Brussino,Casademont Zaragoza,3,397375.0,550000.0,0,fit,False,False,EUR,2,7.2,3.5,202627LeymaCorunaLogoPositivoOK.png,False,142.0,31.0,12.193548387096774,13.303225806451612,27.788172043010753,Dreamland Gran Canaria,True,0.29411764705882354,0.36274509803921573,Leyma Coruña,0.5,-0.1,0.2594134074571121,0.3333333333333333,1.0,0.6666666666666667,0.33333333333333326,9.295698924731184,9.77798471128317,-38966.4985615933,0.063,0.67625,-0.09805976360262547,-0.389664985615933,2,7.9475,16.642500000000002,20.218874999999997,13.066125,downdown,False
20,K. Silins,Silins,22/07/1997,Karlis Silins,Leyma Coruña,5,238425.0,330000.0,0,fit,False,False,EUR,2,5.2,2.0,2425CasademontZaragoza.png,True,,,,,,,False,0.5,0.5,Casademont Zaragoza,0.36274509803921573,0.1,0.740586592542888,0.3333333333333333,1.0,0.6666666666666667,0.33333333333333326,4.666666666666667,5.357880819706696,-17833.994802855013,0.14275,0.62425,-0.07479918130588241,-0.17833994802855013,2,4.7685,9.105500000000003,11.251324999999998,6.959675,downdown,False
88,J. Fernández,Fernández,15/07/2000,Jaime Fernández,Casademont Zaragoza,5,110000.0,150000.0,0,fit,False,True,JFL,2,4.4,2.0,202627LeymaCorunaLogoPositivoOK.png,False,124.0,25.0,2.56,2.728,9.781333333333333,Casademont Zaragoza,False,0.29411764705882354,0.36274509803921573,Leyma Coruña,0.5,-0.1,0.2594134074571121,0.3333333333333333,1.0,0.6666666666666667,0.33333333333333326,2.3733333333333335,2.4964682307396426,505.6986058786715,0.439,0.406,0.004597260053442468,0.005056986058786715,2,2.2,2.2,3.1899999999999995,1.21,up,False
25,T. Dimsa,Dimsa,02/01/1994,Tomas Dimsa,Leyma Coruña,3,410000.0,410000.0,0,fit,False,False,EUR,2,0.0,0.0,2425CasademontZaragoza.png,True,,,,,,,False,0.5,0.5,Casademont Zaragoza,0.36274509803921573,0.1,0.740586592542888,0.3333333333333333,1.0,0.6666666666666667,0.33333333333333326,4.96969696969697,5.705795158648688,-61408.70451878593,0.0,0.99525,-0.14977732809459984,-0.6140870451878593,2,8.2,24.599999999999998,28.289999999999992,20.909999999999997,downdown,False
87,S. García,García,17/02/1997,Sergi García,Casademont Zaragoza,1,130050.0,180000.0,0,fit,False,True,JFL,2,0.0,0.0,202627LeymaCorunaLogoPositivoOK.png,False,,,,,,,False,0.29411764705882354,0.36274509803921573,Leyma Coruña,0.5,-0.1,0.2594134074571121,0.3333333333333333,1.0,0.6666666666666667,0.33333333333333326,2.266666666666667,2.384267411380558,-13609.713739476865,0.104,0.7935,-0.10464985574376674,-0.13609713739476864,2,2.601,7.803,8.97345,6.632549999999999,downdown,False
247,M. Lukic,,19/10/2009,Matija Lukic,Casademont Zaragoza,3,130000.0,130000.0,0,fit,False,False,EUR,1,0.0,0.0,202627LeymaCorunaLogoPositivoOK.png,False,,,,,,,False,0.29411764705882354,0.36274509803921573,Leyma Coruña,0.5,-0.1,0.2594134074571121,0.2,1.0,0.8,0.19999999999999996,1.9644444444444447,2.06636508986315,-9155.958634889408,0.22,0.68525,-0.07043045103761084,-0.09155958634889408,1,2.6,5.2,5.9799999999999995,4.42,downdown,False
45,A. Noua,Noua,07/02/1997,Amine Noua,Unicaja,5,555450.0,420000.0,0,fit,False,False,EUR,2,39.0,19.5,20252026MorabancAndorraLogoPositivoOK.png,True,,,,,,,False,0.5,0.33333333333333337,MoraBanc Andorra,0.23529411764705888,0.1,0.7093350727006906,0.3333333333333333,1.0,0.6666666666666667,0.33333333333333326,11.59090909090909,13.23527675944251,81503.9659665688,0.96225,0.00125,0.14673501839331857,0.8150396596656879,2,11.109,-5.673000000000002,-0.6739500000000049,-10.672049999999999,upup,False
188,L. Radosevic,Radosevic,26/02/1990,Leon Radosevic,MoraBanc Andorra,5,379500.0,330000.0,0,fit,False,False,EUR,1,17.0,17.0,2324UnicajaLogo.png,False,,,,,,,False,0.35294117647058826,0.23529411764705888,Unicaja,0.33333333333333337,-0.1,0.2906649272993093,0.2,1.0,0.8,0.19999999999999996,8.331868131868132,8.816224500831508,49649.85848292161,0.88825,0.02925,0.13082966662166431,0.4964985848292161,1,7.59,-1.8200000000000003,0.4569999999999972,-4.097000000000001,upup,False
42,W. Hernangómez,Hernangómez,27/05/1994,Willy Hernangómez,Unicaja,5,780275.0,590000.0,0,fit,False,True,JFL,2,32.0,16.0,20252026MorabancAndorraLogoPositivoOK.png,True,200.0,33.0,12.212121212121213,14.133333333333333,16.11969696969697,Barça,True,0.5,0.33333333333333337,MoraBanc Andorra,0.23529411764705888,0.1,0.7093350727006906,0.3333333333333333,1.0,0.6666666666666667,0.33333333333333326,13.474747474747476,15.386369670672167,4457.7144969642395,0.20825,0.18725,0.005713004385587439,0.04457714496964239,2,15.6055,14.816499999999998,21.83897499999999,7.794024999999998,flat,False
183,J. Akinjo,Akinjo,27/11/2000,James Akinjo,MoraBanc Andorra,1,540500.0,470000.0,0,fit,True,False,EXT,1,16.0,16.0,2324UnicajaLogo.png,False,,,,,,,False,0.35294117647058826,0.23529411764705888,Unicaja,0.33333333333333337,-0.1,0.2906649272993093,0.2,1.0,0.8,0.19999999999999996,10.224175824175825,10.818537688701708,42013.70529736171,0.6035,0.11375,0.07773118463896708,0.4201370529736171,1,10.81,5.620000000000001,8.863,2.376999999999999,upup,False
190,A. Pustovyi,Pustovyi,25/06/1992,Artem Pustovyi,MoraBanc Andorra,5,632500.0,550000.0,0,fit,False,False,EUR,1,16.0,16.0,2324UnicajaLogo.png,False,206.0,34.0,14.323529411764707,15.258823529411764,18.998529411764707,MoraBanc Andorra,False,0.35294117647058826,0.23529411764705888,Unicaja,0.33333333333333337,-0.1,0.2906649272993093,0.2,1.0,0.8,0.19999999999999996,14.658823529411766,15.51098470450574,50624.968723852886,0.61825,0.117,0.08003947624324567,0.5062496872385288,1,12.65,9.3,13.094999999999999,5.504999999999999,upup,False
51,K. Perry,Perry,23/12/1992,Kendrick Perry,Unicaja,1,596275.0,610000.0,0,fit,False,False,EUR,2,30.0,15.0,20252026MorabancAndorraLogoPositivoOK.png,True,217.0,32.0,13.21875,14.90625,21.867708333333333,Unicaja,False,0.5,0.33333333333333337,MoraBanc Andorra,0.23529411764705888,0.1,0.7093350727006906,0.3333333333333333,1.0,0.6666666666666667,0.33333333333333326,13.8125,15.772038138335658,65748.09917208622,0.70375,0.03075,0.11026472545735813,0.6574809917208623,2,11.9255,5.776499999999999,11.142974999999993,0.4100249999999974,upup,False
185,W. Iwundu,Iwundu,20/12/1994,Wes Iwundu,MoraBanc Andorra,3,650000.0,570000.0,0,fit,False,False,COT,1,13.0,13.0,2324UnicajaLogo.png,False,,,,,,,False,0.35294117647058826,0.23529411764705888,Unicaja,0.33333333333333337,-0.1,0.2906649272993093,0.2,1.0,0.8,0.19999999999999996,11.11868131868132,11.765043458113059,-10344.332720322418,0.25,0.3435,-0.015914358031265258,-0.10344332720322418,1,13.0,13.0,16.9,9.099999999999998,up,False
192,K. Robertson,Robertson,20/04/1994,Kassius Robertson,MoraBanc Andorra,3,460000.0,400000.0,0,fit,False,False,COT,1,12.0,12.0,2324UnicajaLogo.png,False,285.0,16.0,4.3125,4.525,20.589583333333334,Dreamland Gran Canaria,True,0.35294117647058826,0.23529411764705888,Unicaja,0.33333333333333337,-0.1,0.2906649272993093,0.2,1.0,0.8,0.19999999999999996,5.85,6.190077964940191,-3215.5864346232265,0.3035,0.34775,-0.006990405292659188,-0.032155864346232264,1,9.2,6.399999999999999,9.159999999999997,3.639999999999999,up,False
40,I. Brazdeikis,Brazdeikis,08/01/1999,Ignas Brazdeikis,Unicaja,3,425000.0,400000.0,0,fit,False,False,EUR,2,17.0,8.5,20252026MorabancAndorraLogoPositivoOK.png,True,,,,,,,False,0.5,0.33333333333333337,MoraBanc Andorra,0.23529411764705888,0.1,0.7093350727006906,0.3333333333333333,1.0,0.6666666666666667,0.33333333333333326,7.681818181818182,8.77161479351288,1795.6262244643294,0.29425,0.272,0.0042250028810925395,0.017956262244643296,2,8.5,8.5,12.324999999999996,4.674999999999997,up,False
49,C. Hunt,Hunt,25/08/1997,Cameron Hunt,Unicaja,3,425000.0,500000.0,0,fit,True,False,EXT,2,17.0,8.5,20252026MorabancAndorraLogoPositivoOK.png,True,91.0,31.0,14.096774193548388,15.961290322580645,27.789247311827957,Asisa Joventut,True,0.5,0.33333333333333337,MoraBanc Andorra,0.23529411764705888,0.1,0.7093350727006906,0.3333333333333333,1.0,0.6666666666666667,0.33333333333333326,12.231182795698926,13.966384183219434,31815.400129438378,0.58725,0.12125,0.07485976501044324,0.31815400129438376,2,8.5,8.5,12.324999999999996,4.674999999999997,upup,False
50,M. Pantzar,Pantzar,10/04/2000,Melwin Pantzar,Unicaja,1,459425.0,470000.0,0,fit,False,True,JFL,2,16.0,8.0,20252026MorabancAndorraLogoPositivoOK.png,True,158.0,31.0,17.129032258064516,19.116129032258065,24.74301075268817,Surne Bilbao,True,0.5,0.33333333333333337,MoraBanc Andorra,0.23529411764705888,0.1,0.7093350727006906,0.3333333333333333,1.0,0.6666666666666667,0.33333333333333326,14.086021505376344,16.08436332309227,26274.27123903163,0.51475,0.15275,0.05718946778915303,0.2627427123903163,2,9.1885,11.5655,15.700324999999992,7.430674999999997,upup,False
194,A. Best,Best,01/09/1992,Aaron Best,MoraBanc Andorra,3,322000.0,280000.0,0,fit,False,False,COT,1,8.0,8.0,2324UnicajaLogo.png,False,202.0,33.0,6.121212121212121,6.551515151515151,21.855555555555554,MoraBanc Andorra,False,0.35294117647058826,0.23529411764705888,Unicaja,0.33333333333333337,-0.1,0.2906649272993093,0.2,1.0,0.8,0.19999999999999996,6.496969696969697,6.874657941896799,11651.218119299621,0.49975,0.26475,0.03618390720279385,0.11651218119299621,1,6.44,4.880000000000001,6.811999999999999,2.9480000000000004,up,False
43,D. Kravish,Kravish,12/09/1992,David Kravish,Unicaja,5,224825.0,230000.0,0,fit,False,False,EUR,2,10.0,5.0,20252026MorabancAndorraLogoPositivoOK.png,True,220.0,9.0,5.777777777777778,6.533333333333333,15.055555555555555,Unicaja,False,0.5,0.33333333333333337,MoraBanc Andorra,0.23529411764705888,0.1,0.7093350727006906,0.3333333333333333,1.0,0.6666666666666667,0.33333333333333326,5.518518518518518,6.3014142654252066,11531.172808282921,0.54475,0.21225,0.05128954879698842,0.11531172808282922,2,4.4965,3.4894999999999996,5.512924999999999,1.466075,upup,False
193,C. Ortega,Ortega,13/08/1997,Chumi Ortega,MoraBanc Andorra,3,172500.0,150000.0,0,fit,False,True,JFL,1,5.0,5.0,2324UnicajaLogo.png,False,211.0,33.0,2.4242424242424243,2.624242424242424,11.646969696969698,MoraBanc Andorra,False,0.35294117647058826,0.23529411764705888,Unicaja,0.33333333333333337,-0.1,0.2906649272993093,0.2,1.0,0.8,0.19999999999999996,2.9393939393939394,3.110269684533533,5015.652155683289,0.524,0.33125,0.02907624438077269,0.05015652155683289,1,3.45,1.9000000000000004,2.9349999999999996,0.8650000000000002,upup,False
46,J. Barreiro,Barreiro,16/01/1997,Jonathan Barreiro,Unicaja,3,166175.0,170000.0,0,fit,False,True,JFL,2,9.0,4.5,20252026MorabancAndorraLogoPositivoOK.png,True,222.0,31.0,5.225806451612903,5.838709677419355,15.773118279569893,Unicaja,False,0.5,0.33333333333333337,MoraBanc Andorra,0.23529411764705888,0.1,0.7093350727006906,0.3333333333333333,1.0,0.6666666666666667,0.33333333333333326,4.983870967741936,5.690917862788754,14321.95076954423,0.70925,0.14325,0.08618595317914385,0.1432195076954423,2,3.3235,0.9705000000000013,2.466075,-0.5250749999999993,upup,False
191,K. Kuric,Kuric,25/08/1989,Kyle Kuric,MoraBanc Andorra,3,365500.0,430000.0,0,fit,False,False,EUR,1,4.0,4.0,2324UnicajaLogo.png,False,208.0,32.0,10.84375,11.60625,21.628125,MoraBanc Andorra,False,0.35294117647058826,0.23529411764705888,Unicaja,0.33333333333333337,-0.1,0.2906649272993093,0.2,1.0,0.8,0.19999999999999996,9.475000000000001,10.025810037232192,-5063.369702010299,0.32725,0.418,-0.01385326867855075,-0.050633697020102994,1,7.31,10.62,12.812999999999999,8.427,up,False
39,S. Lukosius,Lukosius,13/08/2002,Simonas Lukosius,Unicaja,3,312800.0,320000.0,0,fit,False,False,EUR,2,7.0,3.5,20252026MorabancAndorraLogoPositivoOK.png,True,,,,,,,False,0.5,0.33333333333333337,MoraBanc Andorra,0.23529411764705888,0.1,0.7093350727006906,0.3333333333333333,1.0,0.6666666666666667,0.33333333333333326,5.045454545454546,5.761238118816152,-31334.13406314829,0.07025,0.70575,-0.10017306286172727,-0.3133413406314829,2,6.256,11.768,14.583199999999998,8.9528,downdown,False
189,L. Mutic,Mutic,06/01/1999,Lazar Mutic,MoraBanc Andorra,3,263500.0,310000.0,0,fit,False,True,JFL,1,2.0,2.0,2324UnicajaLogo.png,False,,,,,,,False,0.35294117647058826,0.23529411764705888,Unicaja,0.33333333333333337,-0.1,0.2906649272993093,0.2,1.0,0.8,0.19999999999999996,5.032967032967034,5.32554843231447,-16034.102090270695,0.209,0.60525,-0.06085048231601782,-0.16034102090270694,1,5.27,8.54,10.120999999999999,6.959,downdown,False
52,A. Díaz,Díaz,23/04/1994,Alberto Díaz,Unicaja,1,297500.0,350000.0,0,injured,False,True,JFL,1,1.0,1.0,20252026MorabancAndorraLogoPositivoOK.png,True,225.0,29.0,8.827586206896552,10.013793103448275,18.96264367816092,Unicaja,False,0.5,0.33333333333333337,MoraBanc Andorra,0.23529411764705888,0.1,0.7093350727006906,0.2,1.0,0.8,0.19999999999999996,7.2620689655172415,8.292317009039762,-13191.089691929694,0.2535,0.54375,-0.04433979728379729,-0.13191089691929694,1,5.95,10.9,12.684999999999999,9.115,up,True
186,O. Aquino,Aquino,08/01/2003,Owen Aquino,MoraBanc Andorra,5,170000.0,200000.0,0,fit,False,True,JFL,1,1.0,1.0,2324UnicajaLogo.png,False,,,,,,,False,0.35294117647058826,0.23529411764705888,Unicaja,0.33333333333333337,-0.1,0.2906649272993093,0.2,1.0,0.8,0.19999999999999996,3.1890109890109892,3.3743977184665046,-8122.670466247015,0.2765,0.5925,-0.04778041450733538,-0.08122670466247014,1,3.4,5.8,6.819999999999999,4.779999999999999,up,False
41,Y. Nzosa,Nzosa,15/11/2003,Yannick Nzosa,Unicaja,5,150000.0,150000.0,0,injured,False,True,JFL,0,0.0,,20252026MorabancAndorraLogoPositivoOK.png,True,9.0,28.0,2.25,2.4642857142857144,7.192857142857143,Recoletas Salud San Pablo Burgos,True,0.5,0.33333333333333337,MoraBanc Andorra,0.23529411764705888,0.1,0.7093350727006906,0.0,1.0,1.0,0.0,2.25,2.5692007827153107,0.0,0.0,0.0,0.0,0.0,0,3.0,3.0,3.4499999999999997,2.55,flat,True
44,T. Pérez,Tyson,29/01/1996,Tyson Pérez,Unicaja,5,450000.0,450000.0,0,injured,False,True,JFL,0,0.0,,20252026MorabancAndorraLogoPositivoOK.png,True,223.0,19.0,10.789473684210526,12.168421052631578,17.121052631578948,Unicaja,False,0.5,0.33333333333333337,MoraBanc Andorra,0.23529411764705888,0.1,0.7093350727006906,0.0,1.0,1.0,0.0,10.789473684210526,12.32014410424886,0.0,0.0,0.0,0.0,0.0,0,9.0,9.0,10.35,7.6499999999999995,flat,True
47,T. Kalinoski,Kalinoski,19/12/1992,Tyler Kalinoski,Unicaja,3,200000.0,200000.0,0,fit,False,False,EUR,1,0.0,0.0,20252026MorabancAndorraLogoPositivoOK.png,True,213.0,29.0,4.862068965517241,5.710344827586207,19.15632183908046,Unicaja,False,0.5,0.33333333333333337,MoraBanc Andorra,0.23529411764705888,0.1,0.7093350727006906,0.2,1.0,0.8,0.19999999999999996,3.889655172413793,4.441468939314744,-14423.541334856127,0.1895,0.6695,-0.07211770667428063,-0.14423541334856127,1,4.0,8.0,9.2,6.8,downdown,False
184,C. McGriff,McGriff,30/09/1997,Cameron McGriff,MoraBanc Andorra,5,380000.0,380000.0,0,doubtful,True,False,EXT,0,0.0,,2324UnicajaLogo.png,False,,,,,,,False,0.35294117647058826,0.23529411764705888,Unicaja,0.33333333333333337,-0.1,0.2906649272993093,0.0,1.0,1.0,0.0,7.0989010989010985,7.511581413264513,0.0,0.0,0.0,0.0,0.0,0,7.6,7.6,8.739999999999998,6.46,flat,True
187,L. Bottiroli,Bottiroli,10/01/2009,Luka Bottiroli,MoraBanc Andorra,1,120000.0,120000.0,0,fit,False,True,JFL,1,0.0,0.0,2324UnicajaLogo.png,False,,,,,,,False,0.35294117647058826,0.23529411764705888,Unicaja,0.33333333333333337,-0.1,0.2906649272993093,0.2,1.0,0.8,0.19999999999999996,1.7934065934065935,1.8976626728247192,-7851.271996673211,0.23275,0.66425,-0.06542726663894342,-0.0785127199667321,1,2.4,4.8,5.52,4.08,downdown,False
195,R. Luz,Luz,11/02/1992,Rafa Luz,MoraBanc Andorra,1,297500.0,350000.0,0,fit,False,True,JFL,1,0.0,0.0,2324UnicajaLogo.png,False,209.0,28.0,8.107142857142858,8.914285714285715,15.619047619047619,MoraBanc Andorra,False,0.35294117647058826,0.23529411764705888,Unicaja,0.33333333333333337,-0.1,0.2906649272993093,0.2,1.0,0.8,0.19999999999999996,6.485714285714287,6.862748219982533,-25648.35226767976,0.13925,0.70625,-0.08621294879892356,-0.2564835226767976,1,5.95,11.9,13.684999999999999,10.115,downdown,False
256,Andronikashvili,Andronikash.,19/03/2001,Rati Andronikashvili,MoraBanc Andorra,1,210000.0,210000.0,0,fit,False,True,JFL,0,0.0,,2324UnicajaLogo.png,False,,,,,,,False,0.35294117647058826,0.23529411764705888,Unicaja,0.33333333333333337,-0.1,0.2906649272993093,0.0,1.0,1.0,0.0,3.9230769230769234,4.1511370968040735,0.0,0.0,0.0,0.0,0.0,0,4.2,4.2,4.83,3.57,flat,False
48,N. Djedovic,Djedovic,12/01/1990,Nihad Djedovic,Unicaja,3,173400.0,240000.0,0,fit,False,True,JFL,2,-2.0,-1.0,20252026MorabancAndorraLogoPositivoOK.png,True,214.0,23.0,6.478260869565218,7.321739130434783,17.476086956521737,Unicaja,False,0.5,0.33333333333333337,MoraBanc Andorra,0.23529411764705888,0.1,0.7093350727006906,0.3333333333333333,1.0,0.6666666666666667,0.33333333333333326,3.9855072463768124,4.550919260848378,-21467.09699216837,0.05075,0.8645,-0.12380102071608058,-0.21467096992168372,2,3.468,12.404,13.964599999999999,10.843399999999999,downdown,False
254,M. Thomas,Thomas,04/08/1994,Matt Thomas,Unicaja,3,340000.0,400000.0,0,fit,True,False,EXT,1,-3.0,-3.0,20252026MorabancAndorraLogoPositivoOK.png,True,,,,,,,False,0.5,0.33333333333333337,MoraBanc Andorra,0.23529411764705888,0.1,0.7093350727006906,0.2,1.0,0.8,0.19999999999999996,5.218181818181819,5.958469694054903,-47033.563679952524,0.01725,0.927,-0.13833401082338978,-0.4703356367995252,1,6.8,16.6,18.64,14.559999999999999,downdown,False
220,D. Mavra,Mavra,15/06/1994,Dominik Mavra,Río Breogán,1,608350.0,460000.0,0,fit,False,False,EUR,2,57.6,24.0,202627FIATCGironaLogoPositivo.png,True,80.0,34.0,10.735294117647058,11.605882352941178,18.676470588235293,Río Breogán,False,0.4411764705882353,0.6274509803921569,FIATC Girona,0.5,0.1,0.7329817746209201,0.3333333333333333,1.0,0.6666666666666667,0.33333333333333326,15.156862745098039,17.37880357561557,91225.23350838106,0.9995,0.0,0.1499551795978977,0.9122523350838107,2,12.167,-21.099000000000004,-15.623850000000004,-26.574150000000003,upup,False
213,D. Brankovic,Brankovic,05/11/2000,Danko Brankovic,Río Breogán,5,767050.0,580000.0,0,fit,False,False,EUR,2,49.199999999999996,20.5,202627FIATCGironaLogoPositivo.png,True,78.0,34.0,12.794117647058824,14.088235294117647,16.92156862745098,Río Breogán,False,0.4411764705882353,0.6274509803921569,FIATC Girona,0.5,0.1,0.7329817746209201,0.3333333333333333,1.0,0.6666666666666667,0.33333333333333326,15.362745098039216,17.614867531041142,111622.29655517533,0.94375,0.00075,0.145521539085034,1.1162229655517533,2,15.341,-3.1769999999999996,3.7264499999999927,-10.080449999999999,upup,False
137,J. Pérez,Pérez,12/09/2001,Jassel Perez,FIATC Girona,3,529000.0,400000.0,0,fit,False,False,COT,2,47.8,21.0,breogan_00.png,False,271.0,23.0,11.608695652173912,11.921739130434782,21.63768115942029,Coviran Granada,True,0.5,0.5,Río Breogán,0.6274509803921569,-0.1,0.2670182253790799,0.3333333333333333,1.0,0.6666666666666667,0.33333333333333326,14.739130434782608,15.526253725247894,79273.18693053862,0.99875,0.0,0.14985479570990287,0.7927318693053862,2,10.58,-16.059999999999995,-11.299,-20.820999999999998,upup,False
209,T. Brown,Brown,23/09/1998,Tevin Brown,Río Breogán,3,687700.0,520000.0,0,fit,True,False,EXT,2,40.8,17.0,202627FIATCGironaLogoPositivo.png,True,,,,,,,False,0.4411764705882353,0.6274509803921569,FIATC Girona,0.5,0.1,0.7329817746209201,0.3333333333333333,1.0,0.6666666666666667,0.33333333333333326,12.037837837837838,13.802540986033286,89674.94169045659,0.8165,0.00725,0.13039834475855255,0.8967494169045659,2,13.754,0.4620000000000033,6.651299999999999,-5.7273,upup,False
218,F. Alonso,Alonso,25/05/1996,Francis Alonso,Río Breogán,3,806725.0,610000.0,0,fit,False,True,JFL,2,39.6,16.5,202627FIATCGironaLogoPositivo.png,True,84.0,34.0,13.764705882352942,15.070588235294117,22.234803921568627,Río Breogán,False,0.4411764705882353,0.6274509803921569,FIATC Girona,0.5,0.1,0.7329817746209201,0.3333333333333333,1.0,0.6666666666666667,0.33333333333333326,14.676470588235293,16.82798767962258,70967.40395751141,0.52525,0.03625,0.08796975915895927,0.7096740395751141,2,16.1345,8.803499999999993,16.064024999999987,1.5429749999999913,upup,False
210,R. Bolton,Bolton,27/09/1999,Rasir Bolton,Río Breogán,1,502550.0,380000.0,0,fit,True,False,EXT,2,34.8,14.5,202627FIATCGironaLogoPositivo.png,True,,,,,,,False,0.4411764705882353,0.6274509803921569,FIATC Girona,0.5,0.1,0.7329817746209201,0.3333333333333333,1.0,0.6666666666666667,0.33333333333333326,9.48918918918919,10.880269735510298,71659.18470096681,0.93125,0.00375,0.14259115451391266,0.7165918470096682,2,10.051,-4.6469999999999985,-0.12404999999999688,-9.169949999999996,upup,False
141,M. Geben,Geben,20/10/1994,Martinas Geben,FIATC Girona,5,815000.0,620000.0,0,fit,False,False,EUR,2,32.6,14.500000000000002,breogan_00.png,False,25.0,34.0,13.705882352941176,14.823529411764707,21.21029411764706,Bàsquet Girona,True,0.5,0.5,Río Breogán,0.6274509803921569,-0.1,0.2670182253790799,0.3333333333333333,1.0,0.6666666666666667,0.33333333333333326,13.97058823529412,14.716668570912137,-18622.88890062191,0.131,0.24925,-0.022850170430210932,-0.18622888900621912,2,16.3,16.300000000000004,23.634999999999998,8.964999999999996,flat,False
208,A. García,García,23/08/2000,Andersson García,Río Breogán,5,489325.0,370000.0,0,fit,False,False,COT,2,27.6,11.5,202627FIATCGironaLogoPositivo.png,True,,,,,,,False,0.4411764705882353,0.6274509803921569,FIATC Girona,0.5,0.1,0.7329817746209201,0.3333333333333333,1.0,0.6666666666666667,0.33333333333333326,8.366666666666667,9.593189502865673,53295.08904074691,0.69525,0.03425,0.10891552453021389,0.5329508904074691,2,9.7865,1.7594999999999992,6.163424999999997,-2.6444250000000054,upup,False
131,D. N'Guessan,N'Guessan,12/06/2000,David N'Guessan,FIATC Girona,5,655000.0,540000.0,0,fit,False,False,EUR,2,26.2,12.0,breogan_00.png,False,,,,,,,False,0.5,0.5,Río Breogán,0.6274509803921569,-0.1,0.2670182253790799,0.3333333333333333,1.0,0.6666666666666667,0.33333333333333326,10.545454545454547,11.108620257163151,-17897.71661752148,0.1445,0.289,-0.027324758194689283,-0.1789771661752148,2,13.1,13.099999999999998,18.994999999999994,7.205000000000002,down,False
133,S. Whittaker,Whittaker,21/10/1994,Stanley Whittaker,FIATC Girona,1,634800.0,480000.0,0,fit,True,False,EXT,2,25.6,11.000000000000002,breogan_00.png,False,,,,,,,False,0.5,0.5,Río Breogán,0.6274509803921569,-0.1,0.2670182253790799,0.3333333333333333,1.0,0.6666666666666667,0.33333333333333326,9.484848484848484,9.991373966931224,-23180.23455026152,0.1195,0.32175,-0.03651580742007171,-0.23180234550261522,2,12.696,12.488,18.201199999999993,6.774799999999992,down,False
211,J. Kasibabu,Kasibabu,24/04/1996,Jonathan Kasibabu,Río Breogán,5,287500.0,250000.0,0,fit,False,True,JFL,2,9.6,4.0,202627FIATCGironaLogoPositivo.png,True,,,,,,,False,0.4411764705882353,0.6274509803921569,FIATC Girona,0.5,0.1,0.7329817746209201,0.3333333333333333,1.0,0.6666666666666667,0.33333333333333326,4.396396396396397,5.040892082909926,-15320.533293833025,0.17825,0.50825,-0.05328881145681052,-0.15320533293833025,2,5.75,7.65,10.237499999999999,5.062500000000002,downdown,False
212,A. Ilić,Ilić,17/09/1996,Aleksa Ilić,Río Breogán,5,391000.0,400000.0,0,fit,False,False,EUR,2,12.2,5.0,202627FIATCGironaLogoPositivo.png,True,,,,,,,False,0.4411764705882353,0.6274509803921569,FIATC Girona,0.5,0.1,0.7329817746209201,0.3333333333333333,1.0,0.6666666666666667,0.33333333333333326,6.567567567567568,7.530349033691263,-24586.73466399481,0.132,0.51,-0.06288167433246754,-0.24586734663994808,2,7.82,11.260000000000002,14.779,7.741000000000003,downdown,False
132,M. McClung,McClung,06/01/1999,Mac McClung,FIATC Girona,1,599675.0,830000.0,0,fit,True,False,EXT,2,11.2,5.5,breogan_00.png,False,,,,,,,False,0.5,0.5,Río Breogán,0.6274509803921569,-0.1,0.2670182253790799,0.3333333333333333,1.0,0.6666666666666667,0.33333333333333326,11.893939393939396,12.529119111886601,-76887.45916114532,0.01175,0.8035,-0.1282152151767963,-0.7688745916114532,2,11.9935,24.7805,30.177574999999994,19.383425,downdown,False
140,P. Busquets,Busquets,02/03/1999,Pep Busquets,FIATC Girona,3,252875.0,350000.0,0,fit,False,True,JFL,2,9.0,4.5,breogan_00.png,False,32.0,34.0,8.764705882352942,9.535294117647059,23.356862745098038,Bàsquet Girona,True,0.5,0.5,Río Breogán,0.6274509803921569,-0.1,0.2670182253790799,0.3333333333333333,1.0,0.6666666666666667,0.33333333333333326,7.343137254901961,7.735287550605747,6350.293256935227,0.445,0.28275,0.025112380650262885,0.06350293256935227,2,5.0575,6.172499999999999,8.448374999999999,3.8966250000000002,up,False
216,A. Aranitovic,Aranitovic,24/01/1998,Aleksandar Aranitovic,Río Breogán,3,255000.0,300000.0,0,fit,False,False,EUR,2,8.4,3.5,202627FIATCGironaLogoPositivo.png,True,77.0,34.0,8.5,9.388235294117647,21.296078431372546,Río Breogán,False,0.4411764705882353,0.6274509803921569,FIATC Girona,0.5,0.1,0.7329817746209201,0.3333333333333333,1.0,0.6666666666666667,0.33333333333333326,6.833333333333334,7.835075091981925,3976.031105475704,0.41,0.30625,0.01559227884500276,0.03976031105475704,2,5.1,6.899999999999999,9.194999999999999,4.604999999999999,up,False
136,N. Maric,Maric,19/12/1998,Nikola Maric,FIATC Girona,5,200000.0,240000.0,0,fit,False,True,JFL,2,8.0,4.0,breogan_00.png,False,30.0,30.0,6.333333333333333,6.986666666666666,12.05722222222222,Bàsquet Girona,True,0.5,0.5,Río Breogán,0.6274509803921569,-0.1,0.2670182253790799,0.3333333333333333,1.0,0.6666666666666667,0.33333333333333326,5.555555555555555,5.852242472643422,7090.206376922375,0.50325,0.26725,0.03545103188461188,0.07090206376922376,2,4.0,4.0,5.799999999999999,2.1999999999999993,upup,False
214,M. Andric,Andric,04/01/1994,Mihajlo Andric,Río Breogán,5,255000.0,330000.0,0,fit,False,False,EUR,2,6.0,2.5,202627FIATCGironaLogoPositivo.png,True,244.0,30.0,8.6,9.626666666666667,22.63888888888889,Río Breogán,False,0.4411764705882353,0.6274509803921569,FIATC Girona,0.5,0.1,0.7329817746209201,0.3333333333333333,1.0,0.6666666666666667,0.33333333333333326,6.566666666666666,7.529316064002141,-8028.732420201588,0.26825,0.46575,-0.03148522517726113,-0.08028732420201588,2,5.1,9.299999999999999,11.594999999999999,7.004999999999999,up,False
138,S. Martínez,Martínez,10/05/1999,Sergi Martínez,FIATC Girona,3,306000.0,340000.0,0,fit,False,True,JFL,2,4.2,1.5,breogan_00.png,False,29.0,31.0,8.483870967741936,9.33548387096774,24.4741935483871,Bàsquet Girona,True,0.5,0.5,Río Breogán,0.6274509803921569,-0.1,0.2670182253790799,0.3333333333333333,1.0,0.6666666666666667,0.33333333333333326,6.155913978494625,6.484662223719406,-35128.90779110923,0.0465,0.779,-0.1148003522585269,-0.3512890779110923,2,6.12,14.16,16.913999999999998,11.405999999999999,downdown,False
250,K. Brunot,Brunot,20/08/2006,Khory Brunot,FIATC Girona,3,110500.0,130000.0,0,fit,False,False,EUR,1,2.0,2.0,breogan_00.png,False,313.0,7.0,0.42857142857142855,0.5714285714285714,6.288095238095238,Bàsquet Girona,True,0.5,0.5,Río Breogán,0.6274509803921569,-0.1,0.2670182253790799,0.2,1.0,0.8,0.19999999999999996,0.7428571428571428,0.7825284220563203,-4394.240499276013,0.31475,0.579,-0.03976688234638926,-0.04394240499276013,1,2.21,2.42,3.0829999999999993,1.7569999999999997,up,False
234,A. Pluta,Pluta,03/06/2000,Andrzej Pluta,FIATC Girona,1,231200.0,320000.0,0,fit,False,True,JFL,2,3.4,1.5,breogan_00.png,False,,,,,,,False,0.5,0.5,Río Breogán,0.6274509803921569,-0.1,0.2670182253790799,0.3333333333333333,1.0,0.6666666666666667,0.33333333333333326,4.378787878787879,4.612631112528952,-24311.038961481652,0.07375,0.7525,-0.10515155260156424,-0.2431103896148165,2,4.624,10.472,12.552799999999996,8.3912,downdown,False
219,E. Quintela,Quintela,17/08/1991,Erik Quintela,Río Breogán,1,110500.0,130000.0,0,fit,False,True,JFL,2,1.2,0.5,202627FIATCGironaLogoPositivo.png,True,85.0,18.0,2.2777777777777777,2.477777777777778,4.261111111111111,Río Breogán,False,0.4411764705882353,0.6274509803921569,FIATC Girona,0.5,0.1,0.7329817746209201,0.3333333333333333,1.0,0.6666666666666667,0.33333333333333326,1.6851851851851851,1.9322271907055693,-8478.36608635317,0.183,0.6935,-0.07672729489912371,-0.0847836608635317,2,2.21,5.43,6.424499999999999,4.435499999999999,downdown,False
135,I. Vázquez,Vázquez,10/10/2004,Isaac Vazquez,FIATC Girona,1,200000.0,200000.0,0,injured,False,True,JFL,0,0.0,,breogan_00.png,False,,,,,,,False,0.5,0.5,Río Breogán,0.6274509803921569,-0.1,0.2670182253790799,0.0,1.0,1.0,0.0,3.6363636363636362,3.8305587093666036,0.0,0.0,0.0,0.0,0.0,0,4.0,4.0,4.6,3.4,flat,True
139,M. Fjellerup,Fjellerup,25/11/1997,Maxi Fjellerup,FIATC Girona,3,300000.0,300000.0,0,injured,False,False,EUR,0,0.0,,breogan_00.png,False,24.0,3.0,4.0,4.266666666666667,13.077777777777778,Bàsquet Girona,True,0.5,0.5,Río Breogán,0.6274509803921569,-0.1,0.2670182253790799,0.0,1.0,1.0,0.0,4.0,4.213614580303264,0.0,0.0,0.0,0.0,0.0,0,6.0,6.0,6.8999999999999995,5.1,flat,True
215,E. Vicedo,Vicedo,24/08/1994,Edgar Vicedo,Río Breogán,5,190000.0,190000.0,0,fit,False,True,JFL,0,0.0,,202627FIATCGironaLogoPositivo.png,True,,,,,,,False,0.4411764705882353,0.6274509803921569,FIATC Girona,0.5,0.1,0.7329817746209201,0.0,1.0,1.0,0.0,3.491891891891892,4.003790515032557,0.0,0.0,0.0,0.0,0.0,0,3.8,3.8,4.369999999999999,3.23,flat,False
251,E. Sanmartín,Sanmartín,11/01/2007,Enric Sanmartín,FIATC Girona,3,120000.0,120000.0,0,fit,False,True,JFL,0,0.0,,breogan_00.png,False,312.0,2.0,1.0,1.0,0.9083333333333333,Bàsquet Girona,True,0.5,0.5,Río Breogán,0.6274509803921569,-0.1,0.2670182253790799,0.0,1.0,1.0,0.0,1.0,1.053403645075816,0.0,0.0,0.0,0.0,0.0,0,2.4,2.4,2.76,2.04,flat,False
134,A. Kunc,Kunc,30/07/1999,Aljaz Kunc,FIATC Girona,5,382500.0,450000.0,0,fit,False,False,EUR,1,-1.0,-1.0,breogan_00.png,False,,,,,,,False,0.5,0.5,Río Breogán,0.6274509803921569,-0.1,0.2670182253790799,0.2,1.0,0.8,0.19999999999999996,6.345454545454546,6.684324947844724,-50004.8878527378,0.026,0.8805,-0.1307317329483341,-0.500048878527378,1,7.65,16.3,18.595,14.005,downdown,False
217,J. Peris,Peris,08/08/2000,Josep Peris,Río Breogán,3,187850.0,260000.0,0,fit,False,True,JFL,2,-3.0,-1.5,202627FIATCGironaLogoPositivo.png,True,,,,,,,False,0.4411764705882353,0.6274509803921569,FIATC Girona,0.5,0.1,0.7329817746209201,0.3333333333333333,1.0,0.6666666666666667,0.33333333333333326,2.6855855855855864,3.0792826432693636,-27302.11708093615,0.0055,0.96875,-0.14533998978406254,-0.2730211708093615,2,3.757,14.271,15.961649999999999,12.58035,downdown,False
233,D. Stenionis,Stenionis,03/07/2002,Dominykas Stenionis,FIATC Girona,1,144500.0,200000.0,0,fit,False,False,EUR,2,-6.0,-3.0,breogan_00.png,False,,,,,,,False,0.5,0.5,Río Breogán,0.6274509803921569,-0.1,0.2670182253790799,0.3333333333333333,1.0,0.6666666666666667,0.33333333333333326,1.4242424242424243,1.5003021611685865,-21484.142879767154,0.00225,0.99225,-0.14867918947935746,-0.21484142879767154,2,2.89,14.67,15.9705,13.3695,downdown,False
65,T. Maledon,Maledon,12/06/2001,Theo Maledon,Real Madrid,1,780275.0,590000.0,0,fit,False,False,EUR,2,73.2,30.5,202526KidsUsManresa.png,True,166.0,28.0,11.071428571428571,12.914285714285715,19.523809523809522,Real Madrid,False,0.7647058823529411,0.8431372549019609,Kids&Us Manresa,0.33333333333333337,0.1,0.9268456657284483,0.3333333333333333,1.0,0.6666666666666667,0.33333333333333326,17.547619047619044,20.800405979246978,117041.24999999988,1.0,0.0,0.14999999999999986,1.1704124999999987,2,15.6055,-26.383500000000005,-19.361025000000012,-33.405975000000005,upup,False
119,T. Allen,Allen,09/01/2000,Timmy Allen,Kids&Us Manresa,5,356500.0,310000.0,0,fit,True,False,EXT,1,35.0,35.0,2324RealMadrid_Logoweb.png,False,,,,,,,False,0.5,0.33333333333333337,Real Madrid,0.8431372549019609,-0.1,0.07315433427155169,0.2,1.0,0.8,0.19999999999999996,11.509090909090908,11.677478885795969,53474.99999999994,1.0,0.0,0.14999999999999983,0.5347499999999994,1,7.13,-20.740000000000002,-18.601000000000003,-22.879,upup,False
61,Luwawu-Cabarrot,Luwawu,09/05/1995,Timothé Luwawu-Cabarrot,Real Madrid,3,828000.0,700000.0,0,fit,False,False,EUR,2,38.4,16.0,202526KidsUsManresa.png,True,40.0,30.0,16.933333333333334,19.69333333333333,23.005555555555553,Kosner Baskonia,True,0.7647058823529411,0.8431372549019609,Kids&Us Manresa,0.33333333333333337,0.1,0.9268456657284483,0.3333333333333333,1.0,0.6666666666666667,0.33333333333333326,16.62222222222222,19.703469146510574,74134.29036504647,0.54025,0.042,0.08953416710754405,0.7413429036504647,2,16.56,11.279999999999994,18.731999999999992,3.827999999999996,upup,False
55,M. Jantunen,Jantunen,20/04/2000,Mika Jantunen,Real Madrid,5,333500.0,290000.0,0,fit,False,False,EUR,1,18.0,15.0,202526KidsUsManresa.png,True,,,,,,,False,0.7647058823529411,0.8431372549019609,Kids&Us Manresa,0.33333333333333337,0.1,0.9268456657284483,0.2,1.0,0.8,0.19999999999999996,7.024489795918368,8.326613380178499,47416.632938854455,0.9505,0.012,0.14217880941185743,0.4741663293885445,1,6.67,-4.66,-2.6590000000000007,-6.661,upup,False
67,F. Campazzo,Campazzo,23/03/1991,Facu Campazzo,Real Madrid,1,529000.0,460000.0,0,fit,False,False,EUR,1,18.0,15.0,202526KidsUsManresa.png,True,164.0,28.0,11.678571428571429,13.442857142857141,21.907738095238095,Real Madrid,False,0.7647058823529411,0.8431372549019609,Kids&Us Manresa,0.33333333333333337,0.1,0.9268456657284483,0.2,1.0,0.8,0.19999999999999996,12.342857142857142,14.630841871969654,65542.01348567009,0.84775,0.03925,0.12389794609767503,0.6554201348567009,1,10.58,3.16,6.334,-0.013999999999999346,upup,False
66,A. Feliz,Feliz,15/07/1997,Andrés Feliz,Real Madrid,1,425500.0,370000.0,0,fit,False,False,EUR,1,16.8,14.000000000000002,202526KidsUsManresa.png,True,165.0,28.0,8.571428571428571,9.985714285714286,16.59107142857143,Real Madrid,False,0.7647058823529411,0.8431372549019609,Kids&Us Manresa,0.33333333333333337,0.1,0.9268456657284483,0.2,1.0,0.8,0.19999999999999996,9.657142857142858,11.44727905723552,55575.55320924608,0.87825,0.029,0.13061234596767585,0.5557555320924608,1,8.51,0.21999999999999886,2.772999999999996,-2.333000000000002,upup,False
53,D. Jones,Jones,30/06/1995,Damian Jones,Real Madrid,5,391000.0,340000.0,0,fit,True,False,EXT,1,13.2,11.0,202526KidsUsManresa.png,True,,,,,,,False,0.7647058823529411,0.8431372549019609,Kids&Us Manresa,0.33333333333333337,0.1,0.9268456657284483,0.2,1.0,0.8,0.19999999999999996,6.918367346938776,8.200819104824262,35853.13375564432,0.7055,0.11275,0.09169599425995989,0.3585313375564432,1,7.82,2.4400000000000013,4.786000000000001,0.0940000000000012,upup,False
58,J. Pradilla,Pradilla,03/01/2001,Jaime Pradilla,Real Madrid,5,596275.0,610000.0,0,fit,False,True,JFL,2,26.400000000000002,11.000000000000002,202526KidsUsManresa.png,True,61.0,28.0,16.214285714285715,18.842857142857145,20.83095238095238,Valencia Basket,True,0.7647058823529411,0.8431372549019609,Kids&Us Manresa,0.33333333333333337,0.1,0.9268456657284483,0.3333333333333333,1.0,0.6666666666666667,0.33333333333333326,14.476190476190478,17.159629356013795,54122.678056534845,0.60775,0.06625,0.09076798131153385,0.5412267805653485,2,11.9255,9.376499999999997,14.74297499999999,4.010024999999995,upup,False
121,N. Ongenda,Ongenda,29/09/2000,Nick Ongenda,Kids&Us Manresa,5,621575.0,470000.0,0,fit,False,False,COT,2,25.0,12.5,2324RealMadrid_Logoweb.png,False,,,,,,,False,0.5,0.33333333333333337,Real Madrid,0.8431372549019609,-0.1,0.07315433427155169,0.3333333333333333,1.0,0.6666666666666667,0.33333333333333326,9.863636363636363,10.00794991397206,-22102.61844263156,0.1295,0.3225,-0.03555905311930428,-0.22102618442631558,2,12.4315,12.2945,17.888674999999992,6.700324999999999,down,False
124,L. Kolenda,Kolenda,28/07/1999,Lukasz Kolenda,Kids&Us Manresa,3,423200.0,320000.0,0,fit,False,False,EUR,2,25.0,12.5,2324RealMadrid_Logoweb.png,False,,,,,,,False,0.5,0.33333333333333337,Real Madrid,0.8431372549019609,-0.1,0.07315433427155169,0.3333333333333333,1.0,0.6666666666666667,0.33333333333333326,8.045454545454545,8.163166519691496,47582.61514171027,0.73475,0.03575,0.11243529097757625,0.47582615141710266,2,8.464,0.392000000000003,4.200799999999997,-3.416800000000002,upup,False
57,W. Tavares,Tavares,22/03/1992,Edy Tavares,Real Madrid,5,600000.0,750000.0,0,fit,False,True,JFL,2,24.0,10.0,202526KidsUsManresa.png,True,175.0,21.0,16.428571428571427,19.16190476190476,21.703968253968256,Real Madrid,False,0.7647058823529411,0.8431372549019609,Kids&Us Manresa,0.33333333333333337,0.1,0.9268456657284483,0.3333333333333333,1.0,0.6666666666666667,0.33333333333333326,14.285714285714285,16.933844759224137,37650.20693164901,0.47475,0.1135,0.06275034488608168,0.3765020693164901,2,12.0,12.0,17.4,6.599999999999998,up,False
118,JD Notae,Notae,27/10/1998,JD Notae,Kids&Us Manresa,1,550000.0,580000.0,0,fit,True,False,EXT,2,22.0,11.0,2324RealMadrid_Logoweb.png,False,,,,,,,False,0.5,0.33333333333333337,Real Madrid,0.8431372549019609,-0.1,0.07315433427155169,0.3333333333333333,1.0,0.6666666666666667,0.33333333333333326,10.696969696969697,10.853475636350652,1028.8135681236163,0.24875,0.24,0.0018705701238611206,0.010288135681236163,2,11.0,11.0,15.949999999999996,6.049999999999997,flat,False
60,C. Okeke,Okeke,18/08/1998,Chuma Okeke,Real Madrid,5,303025.0,310000.0,0,fit,True,False,EXT,2,20.4,8.5,202526KidsUsManresa.png,True,170.0,25.0,8.0,9.352,19.199333333333335,Real Madrid,False,0.7647058823529411,0.8431372549019609,Kids&Us Manresa,0.33333333333333337,0.1,0.9268456657284483,0.3333333333333333,1.0,0.6666666666666667,0.33333333333333326,8.166666666666666,9.680514587356464,41380.814475097286,0.90475,0.016,0.1365590775516782,0.4138081447509729,2,6.0605,-2.218499999999999,0.5087250000000019,-4.9457249999999995,upup,False
63,A. Abalde,Abalde,15/12/1995,Alberto Abalde,Real Madrid,3,299000.0,260000.0,0,fit,False,True,JFL,1,9.6,8.0,202526KidsUsManresa.png,True,173.0,29.0,5.0,5.744827586206896,16.541954022988506,Real Madrid,False,0.7647058823529411,0.8431372549019609,Kids&Us Manresa,0.33333333333333337,0.1,0.9268456657284483,0.2,1.0,0.8,0.19999999999999996,5.6,6.638067145615862,22614.512122148823,0.651,0.16725,0.0756338198065178,0.22614512122148822,1,5.98,2.360000000000001,4.154,0.5660000000000007,upup,False
120,C. Agbo,Agbo,28/11/2001,Chibuzo Agbo,Kids&Us Manresa,3,263925.0,270000.0,0,fit,False,False,COT,2,16.0,8.0,2324RealMadrid_Logoweb.png,False,,,,,,,False,0.5,0.33333333333333337,Real Madrid,0.8431372549019609,-0.1,0.07315433427155169,0.3333333333333333,1.0,0.6666666666666667,0.33333333333333326,5.9393939393939394,6.026292421316509,26414.083758233814,0.722,0.07975,0.10008177989290068,0.26414083758233814,2,5.2785,-0.1645000000000003,2.210825,-2.5398250000000004,upup,False
125,P. Tamba,Tamba,04/09/2003,Pablo Tamba,Kids&Us Manresa,3,264500.0,200000.0,0,fit,False,True,JFL,2,16.0,8.0,2324RealMadrid_Logoweb.png,False,,,,,,,False,0.5,0.33333333333333337,Real Madrid,0.8431372549019609,-0.1,0.07315433427155169,0.3333333333333333,1.0,0.6666666666666667,0.33333333333333326,5.090909090909091,5.165393503985579,25116.147997117776,0.69375,0.087,0.09495708127454736,0.25116147997117777,2,5.29,-0.129999999999999,2.250499999999999,-2.5105000000000004,upup,False
123,Y. Minchev,Minchev,17/10/1998,Yordan Minchev,Kids&Us Manresa,5,425000.0,450000.0,0,fit,False,False,EUR,2,14.0,7.0,2324RealMadrid_Logoweb.png,False,,,,,,,False,0.5,0.33333333333333337,Real Madrid,0.8431372549019609,-0.1,0.07315433427155169,0.3333333333333333,1.0,0.6666666666666667,0.33333333333333326,7.787878787878788,7.90182220550175,-25063.611962280294,0.135,0.48975,-0.058973204617130105,-0.25063611962280297,2,8.5,11.5,15.324999999999996,7.674999999999997,down,False
127,R. Villar,Villar,09/08/2004,Rafael Villar,Kids&Us Manresa,1,350000.0,280000.0,0,fit,False,True,JFL,2,14.0,7.0,2324RealMadrid_Logoweb.png,False,44.0,32.0,3.875,4.45625,12.015625,Kosner Baskonia,True,0.5,0.33333333333333337,Real Madrid,0.8431372549019609,-0.1,0.07315433427155169,0.3333333333333333,1.0,0.6666666666666667,0.33333333333333326,4.916666666666666,4.988601762033691,-13373.340217139106,0.18375,0.40825,-0.038209543477540305,-0.13373340217139107,2,7.0,7.0,10.149999999999999,3.8500000000000014,down,False
62,G. Procida,Procida,01/06/2002,Gabriele Procida,Real Madrid,3,241500.0,210000.0,0,fit,False,False,EUR,1,6.0,5.0,202526KidsUsManresa.png,True,168.0,29.0,5.827586206896552,6.944827586206896,14.147701149425288,Real Madrid,False,0.7647058823529411,0.8431372549019609,Kids&Us Manresa,0.33333333333333337,0.1,0.9268456657284483,0.2,1.0,0.8,0.19999999999999996,5.662068965517242,6.711641781466285,13098.632421347807,0.59,0.23525,0.054238643566657585,0.13098632421347808,1,4.83,3.66,5.109,2.2110000000000003,upup,False
130,F. Bassas,Bassas,29/04/1992,Ferran Bassas,Kids&Us Manresa,1,371450.0,380000.0,0,fit,False,True,JFL,2,9.0,4.5,2324RealMadrid_Logoweb.png,False,212.0,31.0,7.935483870967742,8.922580645161291,18.073655913978495,Kids&Us Manresa,False,0.5,0.33333333333333337,Real Madrid,0.8431372549019609,-0.1,0.07315433427155169,0.3333333333333333,1.0,0.6666666666666667,0.33333333333333326,6.790322580645162,6.889670886220397,-37258.071712269564,0.062,0.6885,-0.10030440627882505,-0.37258071712269564,2,7.429,13.286999999999999,16.63005,9.943950000000001,downdown,False
56,M. Shulga,Shulga,25/06/2002,Max Shulga,Real Madrid,3,204000.0,250000.0,0,fit,False,True,JFL,2,6.0,2.5,202526KidsUsManresa.png,True,,,,,,,False,0.7647058823529411,0.8431372549019609,Kids&Us Manresa,0.33333333333333337,0.1,0.9268456657284483,0.3333333333333333,1.0,0.6666666666666667,0.33333333333333326,3.724489795918368,4.414895240797723,-7144.968451060879,0.269,0.49475,-0.035024355152259205,-0.07144968451060879,2,4.08,6.24,8.075999999999997,4.404,up,False
64,S. Llull,Llull,15/11/1987,Sergio Llull,Real Madrid,3,216750.0,300000.0,0,fit,False,True,JFL,2,4.8,2.0,202526KidsUsManresa.png,True,174.0,33.0,6.2727272727272725,7.218181818181818,17.215656565656566,Real Madrid,False,0.7647058823529411,0.8431372549019609,Kids&Us Manresa,0.33333333333333337,0.1,0.9268456657284483,0.3333333333333333,1.0,0.6666666666666667,0.33333333333333326,4.8484848484848495,5.747244281918497,-10652.44906626761,0.22375,0.5345,-0.04914624713387594,-0.10652449066267611,2,4.335,8.204999999999998,10.155749999999998,6.25425,downdown,False
255,N. Smith,Smith,18/04/2004,Nick Smith Jr.,Real Madrid,3,348500.0,410000.0,0,fit,True,False,EXT,1,2.4,2.0,202526KidsUsManresa.png,True,,,,,,,False,0.7647058823529411,0.8431372549019609,Kids&Us Manresa,0.33333333333333337,0.1,0.9268456657284483,0.2,1.0,0.8,0.19999999999999996,6.089795918367348,7.218656108789262,-26365.214315214194,0.15375,0.6405,-0.07565341266919424,-0.26365214315214197,1,6.97,11.54,13.630999999999998,9.448999999999998,downdown,False
122,L. Beaufort,Beaufort,24/05/2002,Lucas Beaufort,Kids&Us Manresa,1,158950.0,220000.0,0,fit,False,False,EUR,2,4.0,2.0,2324RealMadrid_Logoweb.png,False,,,,,,,False,0.5,0.33333333333333337,Real Madrid,0.8431372549019609,-0.1,0.07315433427155169,0.3333333333333333,1.0,0.6666666666666667,0.33333333333333326,3.3333333333333335,3.3821028895143677,-7738.976197100856,0.23775,0.55825,-0.04868811699969082,-0.07738976197100855,2,3.179,5.536999999999999,6.967549999999999,4.106449999999999,downdown,False
126,E. Vila,Vila,15/05/1998,Eric Vila,Kids&Us Manresa,5,130050.0,180000.0,0,fit,False,True,JFL,2,2.0,1.0,2324RealMadrid_Logoweb.png,False,148.0,23.0,2.391304347826087,2.608695652173913,9.54782608695652,Dreamland Gran Canaria,True,0.5,0.33333333333333337,Real Madrid,0.8431372549019609,-0.1,0.07315433427155169,0.3333333333333333,1.0,0.6666666666666667,0.33333333333333326,1.927536231884058,1.9557377578496127,-10766.95533982724,0.158,0.69925,-0.08279089073300454,-0.1076695533982724,2,2.601,5.803,6.97345,4.632549999999999,downdown,False
129,P. Oriola,Oriola,25/09/1992,Pierre Oriola,Kids&Us Manresa,5,530000.0,530000.0,0,injured,False,True,JFL,0,0.0,,2324RealMadrid_Logoweb.png,False,257.0,27.0,12.925925925925926,14.488888888888889,20.196913580246914,Kids&Us Manresa,False,0.5,0.33333333333333337,Real Madrid,0.8431372549019609,-0.1,0.07315433427155169,0.0,1.0,1.0,0.0,12.925925925925926,13.115043427116825,0.0,0.0,0.0,0.0,0.0,0,10.6,10.6,12.19,9.01,flat,True
246,G. Deck,Deck,08/02/1995,Gabriel Deck,Real Madrid,3,330000.0,330000.0,0,fit,False,False,EUR,0,0.0,,202526KidsUsManresa.png,True,169.0,17.0,7.411764705882353,8.4,20.849999999999998,Real Madrid,False,0.7647058823529411,0.8431372549019609,Kids&Us Manresa,0.33333333333333337,0.1,0.9268456657284483,0.0,1.0,1.0,0.0,7.411764705882353,8.785677104491583,0.0,0.0,0.0,0.0,0.0,0,6.6,6.6,7.589999999999999,5.609999999999999,flat,False
249,M. Enabulele,Enabulele,09/03/2006,Michael Enabulele,Kids&Us Manresa,5,110500.0,130000.0,0,fit,False,True,JFL,1,0.0,0.0,2324RealMadrid_Logoweb.png,False,,,,,,,False,0.5,0.33333333333333337,Real Madrid,0.8431372549019609,-0.1,0.07315433427155169,0.2,1.0,0.8,0.19999999999999996,1.8909090909090907,1.9185747300517864,-6406.016195577831,0.26175,0.64575,-0.057972997245048244,-0.06406016195577831,1,2.21,4.42,5.082999999999999,3.7569999999999997,up,False
128,H. Benitez,Benitez,20/01/2001,Hugo Benitez,Kids&Us Manresa,1,340000.0,400000.0,0,injured,False,False,EUR,1,-1.0,-1.0,2324RealMadrid_Logoweb.png,False,67.0,13.0,11.153846153846153,12.184615384615386,21.882051282051286,Kids&Us Manresa,False,0.5,0.33333333333333337,Real Madrid,0.8431372549019609,-0.1,0.07315433427155169,0.2,1.0,0.8,0.19999999999999996,8.723076923076924,8.850703100098368,-30262.09703597997,0.12275,0.6995,-0.08900616775288225,-0.3026209703597997,1,6.8,14.6,16.64,12.559999999999999,downdown,True
54,O. Sarr,Sarr,20/02/1999,Olivier Sarr,Real Madrid,5,260100.0,360000.0,0,fit,False,False,EUR,2,-5.0,-2.5,202526KidsUsManresa.png,True,,,,,,,False,0.7647058823529411,0.8431372549019609,Kids&Us Manresa,0.33333333333333337,0.1,0.9268456657284483,0.3333333333333333,1.0,0.6666666666666667,0.33333333333333326,3.329931972789117,3.947198576019152,-38835.79356406999,0.00075,0.99425,-0.14931100947354858,-0.38835793564069987,2,5.202,20.606,22.9469,18.265099999999997,downdown,False
205,J. Batemon,Batemon,08/04/1997,James Batemon,iLERNA Lleida,3,872850.0,660000.0,0,fit,True,False,EXT,2,55.0,24.5,202627MonbusObradoiroLogoPositivoOK.png,False,183.0,32.0,14.21875,15.625,25.950520833333332,Hiopos Lleida,True,0.5,0.5,Monbus Obradoiro,0.5,-0.1,0.3775406687981454,0.3333333333333333,1.0,0.6666666666666667,0.33333333333333326,17.645833333333332,18.978237276966787,125969.64441023255,0.92825,0.00025,0.14431992256428086,1.2596964441023255,2,17.457,-2.628999999999998,5.226649999999999,-10.484650000000002,upup,False
7,J. Soriano,Soriano,30/01/2000,Joel Soriano,Monbus Obradoiro,5,462875.0,350000.0,0,fit,False,False,COT,2,40.6,18.5,202526IlernaLleidaLogoPositivo.png,True,,,,,,,False,0.5,0.5,iLERNA Lleida,0.5,0.1,0.6224593312018546,0.3333333333333333,1.0,0.6666666666666667,0.33333333333333326,10.40909090909091,11.704938062229317,69348.4954245236,0.99775,0.0,0.14982121614803912,0.693484954245236,2,9.2575,-12.8275,-8.661625,-16.993375,upup,False
197,Z. Perrin,Perrin,30/08/2004,Zach Perrin,iLERNA Lleida,5,555450.0,420000.0,0,fit,False,False,EUR,2,40.0,18.5,202627MonbusObradoiroLogoPositivoOK.png,False,,,,,,,False,0.5,0.5,Monbus Obradoiro,0.5,-0.1,0.3775406687981454,0.3333333333333333,1.0,0.6666666666666667,0.33333333333333326,11.257575757575758,12.107614293687945,81714.05379562452,0.96525,0.00125,0.1471132483493105,0.8171405379562452,2,11.109,-6.673000000000002,-1.673950000000005,-11.672049999999999,upup,False
237,D. McGhee,McGhee,02/06/1999,Darius McGhee,iLERNA Lleida,1,502550.0,380000.0,0,fit,False,False,EUR,2,37.6,16.0,202627MonbusObradoiroLogoPositivoOK.png,False,,,,,,,False,0.5,0.5,Monbus Obradoiro,0.5,-0.1,0.3775406687981454,0.3333333333333333,1.0,0.6666666666666667,0.33333333333333326,9.93939393939394,10.689899026459344,74199.72688313131,0.97575,0.00125,0.147646456836397,0.7419972688313131,2,10.051,-7.447000000000003,-2.924050000000001,-11.96995,upup,False
4,B. Childress,Childress,31/08/1997,Brandon Childress,Monbus Obradoiro,1,846400.0,640000.0,0,fit,True,False,EXT,2,37.0,16.5,202526IlernaLleidaLogoPositivo.png,True,,,,,,,False,0.5,0.5,iLERNA Lleida,0.5,0.1,0.6224593312018546,0.3333333333333333,1.0,0.6666666666666667,0.33333333333333326,13.257575757575758,14.908036105459463,12755.449856231571,0.21775,0.138,0.01507023848798626,0.1275544985623157,2,16.928,13.784000000000006,21.401599999999995,6.166399999999996,flat,False
202,O. Paulí,Paulí,20/05/1994,Oriol Paulí,iLERNA Lleida,3,740600.0,560000.0,0,fit,False,True,JFL,2,34.6,15.500000000000002,202627MonbusObradoiroLogoPositivoOK.png,False,185.0,34.0,12.852941176470589,13.741176470588234,22.97254901960784,Hiopos Lleida,True,0.5,0.5,Monbus Obradoiro,0.5,-0.1,0.3775406687981454,0.3333333333333333,1.0,0.6666666666666667,0.33333333333333326,13.73529411764706,14.7724205431102,43845.100896908785,0.40425,0.08375,0.05920213461640398,0.43845100896908784,2,14.812,9.835999999999999,16.501399999999997,3.1706000000000003,up,False
6,F. Dos Anjos,Dos Anjos,30/04/1998,Felipe Dos Anjos,Monbus Obradoiro,5,595125.0,450000.0,0,fit,False,True,JFL,2,31.6,14.000000000000002,202526IlernaLleidaLogoPositivo.png,True,,,,,,,False,0.5,0.5,iLERNA Lleida,0.5,0.1,0.6224593312018546,0.3333333333333333,1.0,0.6666666666666667,0.33333333333333326,10.121212121212121,11.381220706796482,57809.527337365435,0.619,0.041,0.0971384622345985,0.5780952733736543,2,11.9025,4.107499999999995,9.463624999999993,-1.248625000000004,upup,False
11,C. Agada,Agada,31/08/1994,Caleb Agada,Monbus Obradoiro,3,317400.0,240000.0,0,fit,False,False,COT,2,30.4,14.0,202526IlernaLleidaLogoPositivo.png,True,176.0,34.0,5.0,5.629411764705883,16.445098039215686,Hiopos Lleida,True,0.5,0.5,iLERNA Lleida,0.5,0.1,0.6224593312018546,0.3333333333333333,1.0,0.6666666666666667,0.33333333333333326,8.0,8.995934929922967,47393.745791358466,0.99275,0.0,0.14931866979003927,0.47393745791358466,2,6.348,-11.355999999999998,-8.499400000000001,-14.212600000000002,upup,False
9,Y. Barrueta,Barrueta,15/04/1993,Yunio Barrueta,Monbus Obradoiro,3,436425.0,330000.0,0,fit,False,False,EUR,2,26.6,12.0,202526IlernaLleidaLogoPositivo.png,True,,,,,,,False,0.5,0.5,iLERNA Lleida,0.5,0.1,0.6224593312018546,0.3333333333333333,1.0,0.6666666666666667,0.33333333333333326,8.0,8.995934929922967,52848.05677511112,0.784,0.02275,0.12109310139224637,0.5284805677511112,2,8.7285,-0.4145000000000003,3.5133249999999983,-4.342325000000002,upup,False
200,M. Ejim,Ejim,04/03/1991,Melvin Ejim,iLERNA Lleida,5,527850.0,540000.0,0,fit,False,False,COT,2,22.2,10.5,202627MonbusObradoiroLogoPositivoOK.png,False,177.0,33.0,12.636363636363637,13.86060606060606,24.75959595959596,Hiopos Lleida,True,0.5,0.5,Monbus Obradoiro,0.5,-0.1,0.3775406687981454,0.3333333333333333,1.0,0.6666666666666667,0.33333333333333326,11.924242424242426,12.824619716194366,24998.756811479107,0.42425,0.145,0.047359584752257475,0.24998756811479106,2,10.557,9.471,14.22165,4.72035,up,False
198,K. Kuath,Kuath,12/08/1998,Kur Kuath,iLERNA Lleida,5,545000.0,500000.0,0,fit,True,False,EXT,2,21.8,10.0,202627MonbusObradoiroLogoPositivoOK.png,False,139.0,26.0,7.615384615384615,8.238461538461538,13.505128205128205,Dreamland Gran Canaria,True,0.5,0.5,Monbus Obradoiro,0.5,-0.1,0.3775406687981454,0.3333333333333333,1.0,0.6666666666666667,0.33333333333333326,8.41025641025641,9.04529917623483,-18810.62050634832,0.1485,0.339,-0.034514900011648295,-0.18810620506348322,2,10.9,10.900000000000002,15.805000000000003,5.995000000000001,down,False
10,L. Meindl,Meindl,20/03/1993,Leo Meindl,Monbus Obradoiro,3,405000.0,460000.0,0,fit,False,False,EUR,2,16.2,7.5,202526IlernaLleidaLogoPositivo.png,True,5.0,32.0,10.625,11.73125,23.629166666666666,Recoletas Salud San Pablo Burgos,True,0.5,0.5,iLERNA Lleida,0.5,0.1,0.6224593312018546,0.3333333333333333,1.0,0.6666666666666667,0.33333333333333326,9.583333333333334,10.776380384803556,15423.535738167993,0.4235,0.1965,0.038082804291772826,0.15423535738167993,2,8.1,8.099999999999998,11.745000000000001,4.455000000000002,up,False
1,A. Barcello,Barcello,31/08/1998,Alex Barcello,Monbus Obradoiro,3,400775.0,410000.0,0,fit,True,False,EXT,2,16.0,7.0,202526IlernaLleidaLogoPositivo.png,True,,,,,,,False,0.5,0.5,iLERNA Lleida,0.5,0.1,0.6224593312018546,0.3333333333333333,1.0,0.6666666666666667,0.33333333333333326,7.303030303030303,8.212198174664527,491.1052119883825,0.29975,0.286,0.0012253888390952093,0.004911052119883825,2,8.0155,8.046499999999998,11.653474999999993,4.439524999999996,up,False
203,M. Sanz,Sanz,01/02/1999,Mikel Sanz,iLERNA Lleida,3,264500.0,200000.0,0,fit,False,True,JFL,2,11.8,5.5,202627MonbusObradoiroLogoPositivoOK.png,False,187.0,33.0,4.212121212121212,4.472727272727273,14.623232323232322,Hiopos Lleida,True,0.5,0.5,Monbus Obradoiro,0.5,-0.1,0.3775406687981454,0.3333333333333333,1.0,0.6666666666666667,0.33333333333333326,4.641414141414142,4.991878661237875,4639.810424657422,0.39475,0.28525,0.017541816350311615,0.04639810424657422,2,5.29,4.07,6.450499999999998,1.689499999999999,up,False
2,E. Abogidi,Abogidi,11/10/2001,Efe Abogidi,Monbus Obradoiro,5,357000.0,370000.0,0,fit,False,False,COT,2,11.4,5.0,202526IlernaLleidaLogoPositivo.png,True,,,,,,,False,0.5,0.5,iLERNA Lleida,0.5,0.1,0.6224593312018546,0.3333333333333333,1.0,0.6666666666666667,0.33333333333333326,6.151515151515152,6.917328752933192,-19905.933459948516,0.155,0.494,-0.05575891725475775,-0.19905933459948516,2,7.14,10.019999999999998,13.232999999999995,6.807,down,False
201,J. Shurna,Shurna,30/04/1990,John Shurna,iLERNA Lleida,5,293250.0,300000.0,0,fit,False,False,EUR,2,10.8,4.500000000000001,202627MonbusObradoiroLogoPositivoOK.png,False,180.0,29.0,6.689655172413793,7.096551724137932,18.28103448275862,Hiopos Lleida,True,0.5,0.5,Monbus Obradoiro,0.5,-0.1,0.3775406687981454,0.3333333333333333,1.0,0.6666666666666667,0.33333333333333326,5.959770114942529,6.40978123395825,-1531.1273541687406,0.3155,0.34825,-0.005221235649339268,-0.015311273541687405,2,5.865,6.794999999999998,9.434249999999999,4.155749999999998,up,False
206,D. García,García,30/01/1998,Dani García,iLERNA Lleida,1,273700.0,280000.0,0,fit,False,True,JFL,2,9.4,4.0,202627MonbusObradoiroLogoPositivoOK.png,False,110.0,14.0,7.428571428571429,8.0,19.900000000000002,Hiopos Lleida,True,0.5,0.5,Monbus Obradoiro,0.5,-0.1,0.3775406687981454,0.3333333333333333,1.0,0.6666666666666667,0.33333333333333326,6.2857142857142865,6.760336840774812,-1941.7307804016164,0.31875,0.36275,-0.007094376252837473,-0.019417307804016164,2,5.474,7.022,9.4853,4.5587,up,False
3,D. Brito,Brito,24/04/1997,Diogo Brito,Monbus Obradoiro,3,158950.0,220000.0,0,fit,False,False,EUR,2,3.2,1.5,202526IlernaLleidaLogoPositivo.png,True,,,,,,,False,0.5,0.5,iLERNA Lleida,0.5,0.1,0.6224593312018546,0.3333333333333333,1.0,0.6666666666666667,0.33333333333333326,3.166666666666667,3.560890909761175,-8748.640527167387,0.2245,0.59025,-0.05504020463773128,-0.08748640527167387,2,3.179,6.336999999999999,7.767549999999999,4.906449999999999,downdown,False
204,M. Hughes,Hughes,15/02/1997,Mark Hughes,iLERNA Lleida,3,255000.0,350000.0,0,fit,True,False,EUR,2,3.0,1.0,202627MonbusObradoiroLogoPositivoOK.png,False,28.0,34.0,7.705882352941177,8.58235294117647,19.001470588235293,Bàsquet Girona,True,0.5,0.5,Monbus Obradoiro,0.5,-0.1,0.3775406687981454,0.3333333333333333,1.0,0.6666666666666667,0.33333333333333326,5.470588235294118,5.883662143508559,-27778.857676849817,0.06925,0.76725,-0.10893669677196006,-0.27778857676849816,2,5.1,12.299999999999999,14.594999999999999,10.004999999999999,downdown,False
12,S. Quintela,Quintela,21/04/1996,Sergi Quintela,Monbus Obradoiro,3,166175.0,230000.0,0,fit,False,True,JFL,2,1.0,0.5,202526IlernaLleidaLogoPositivo.png,True,,,,,,,False,0.5,0.5,iLERNA Lleida,0.5,0.1,0.6224593312018546,0.3333333333333333,1.0,0.6666666666666667,0.33333333333333326,2.954545454545454,3.3223623320738227,-17325.57566703623,0.09425,0.77775,-0.10426102402308549,-0.1732557566703623,2,3.3235,8.970500000000001,10.466075,7.474925000000001,downdown,False
5,A. Faure,Faure,20/02/2002,Alonso Faure,Monbus Obradoiro,5,250000.0,250000.0,0,fit,False,True,JFL,2,0.0,0.0,202526IlernaLleidaLogoPositivo.png,True,,,,,,,False,0.5,0.5,iLERNA Lleida,0.5,0.1,0.6224593312018546,0.3333333333333333,1.0,0.6666666666666667,0.33333333333333326,3.0303030303030303,3.407551109819306,-36155.30300166237,0.00625,0.955,-0.14462121200664946,-0.36155303001662364,2,5.0,15.0,17.25,12.75,downdown,False
8,A. Galán,Galán,12/09/1999,Álex Galán,Monbus Obradoiro,5,137275.0,190000.0,0,fit,False,True,JFL,2,0.0,0.0,202526IlernaLleidaLogoPositivo.png,True,,,,,,,False,0.5,0.5,iLERNA Lleida,0.5,0.1,0.6224593312018546,0.3333333333333333,1.0,0.6666666666666667,0.33333333333333326,2.303030303030303,2.5897388434626727,-14812.430070450311,0.0965,0.799,-0.10790333323948506,-0.1481243007045031,2,2.7455,8.2365,9.471974999999999,7.001025,downdown,False
13,O. Lundqvist,Lundqvist,21/11/1999,Olle Lundqvist,Monbus Obradoiro,1,200000.0,200000.0,0,injured,False,False,EUR,0,0.0,,202526IlernaLleidaLogoPositivo.png,True,,,,,,,False,0.5,0.5,iLERNA Lleida,0.5,0.1,0.6224593312018546,0.0,1.0,1.0,0.0,3.6363636363636362,4.089061331783166,0.0,0.0,0.0,0.0,0.0,0,4.0,4.0,4.6,3.4,flat,True
199,A. Diagne,Diagne,31/12/1998,Atoumane Diagne,iLERNA Lleida,5,270000.0,270000.0,0,injured,False,True,JFL,0,0.0,,202627MonbusObradoiroLogoPositivoOK.png,False,186.0,33.0,6.696969696969697,7.090909090909091,12.752525252525253,Hiopos Lleida,True,0.5,0.5,Monbus Obradoiro,0.5,-0.1,0.3775406687981454,0.0,1.0,1.0,0.0,6.696969696969697,7.202645380632668,0.0,0.0,0.0,0.0,0.0,0,5.4,5.4,6.21,4.59,flat,True
207,A. Rodriguez,Rodriguez,28/04/2003,Adria Rodriguez,iLERNA Lleida,1,122825.0,170000.0,0,fit,False,True,JFL,2,0.0,0.0,202627MonbusObradoiroLogoPositivoOK.png,False,320.0,9.0,4.333333333333333,4.733333333333333,12.144444444444444,Hiopos Lleida,True,0.5,0.5,Monbus Obradoiro,0.5,-0.1,0.3775406687981454,0.3333333333333333,1.0,0.6666666666666667,0.33333333333333326,2.888888888888889,3.107023497527817,-10400.24350722671,0.16275,0.7175,-0.084675298247317,-0.10400243507226711,2,2.4565,7.3695,8.474924999999999,6.264075,downdown,False
244,M. Caicedo,Caicedo,21/06/2003,Michael Caicedo,Monbus Obradoiro,3,180000.0,180000.0,0,fit,False,True,JFL,0,0.0,,202526IlernaLleidaLogoPositivo.png,True,,,,,,,False,0.5,0.5,iLERNA Lleida,0.5,0.1,0.6224593312018546,0.0,1.0,1.0,0.0,3.2727272727272725,3.68015519860485,0.0,0.0,0.0,0.0,0.0,0,3.6,3.6,4.14,3.06,flat,False
37,M. Huertas,Huertas,25/05/1983,Marcelinho Huertas,La Laguna Tenerife,1,690000.0,680000.0,0,fit,False,False,EUR,2,37.2,16.5,202627ucamcblogoverticalcolor.png,False,129.0,29.0,16.20689655172414,18.24137931034483,23.396551724137932,La Laguna Tenerife,False,0.5294117647058824,0.5196078431372549,UCAM Murcia,0.6568627450980393,-0.1,0.259413407457112,0.3333333333333333,1.0,0.6666666666666667,0.33333333333333326,16.304597701149426,17.15052395052394,83428.02933809278,0.764,0.01725,0.12091018744651127,0.8342802933809278,2,13.8,4.200000000000003,10.409999999999997,-2.010000000000005,upup,False
159,E. Cate,Cate,30/07/1997,Emanuel Cate,UCAM Murcia,5,581900.0,440000.0,0,fit,False,True,JFL,2,31.6,14.5,2425LaLagunaTenerifeLogo.png,True,111.0,34.0,10.117647058823529,11.41764705882353,19.205392156862747,UCAM Murcia,False,0.7352941176470589,0.6568627450980393,La Laguna Tenerife,0.5196078431372549,0.1,0.740586592542888,0.3333333333333333,1.0,0.6666666666666667,0.33333333333333326,11.57843137254902,13.29339757998657,67614.38212997245,0.73875,0.02325,0.11619587924037197,0.6761438212997245,2,11.638,3.314,8.551099999999998,-1.923099999999998,upup,False
154,S. Boum,Boum,26/01/1999,Souley Boum,UCAM Murcia,1,634800.0,480000.0,0,fit,False,False,COT,2,30.0,13.5,2425LaLagunaTenerifeLogo.png,True,,,,,,,False,0.7352941176470589,0.6568627450980393,La Laguna Tenerife,0.5196078431372549,0.1,0.740586592542888,0.3333333333333333,1.0,0.6666666666666667,0.33333333333333326,10.079487179487181,11.572433792454408,31281.802510590758,0.38525,0.10875,0.049278201812524826,0.31281802510590756,2,12.696,8.088000000000001,13.801199999999994,2.3747999999999934,up,False
28,K. Guy,Guy,11/08/1997,Kyle Guy,La Laguna Tenerife,3,727375.0,550000.0,0,fit,True,False,EXT,2,29.8,13.5,202627ucamcblogoverticalcolor.png,False,,,,,,,False,0.5294117647058824,0.5196078431372549,UCAM Murcia,0.6568627450980393,-0.1,0.259413407457112,0.3333333333333333,1.0,0.6666666666666667,0.33333333333333326,11.131205673758865,11.70872247234601,-20896.21349205065,0.126,0.2775,-0.028728253640901393,-0.2089621349205065,2,14.5475,13.842499999999998,20.388874999999995,7.296124999999993,down,False
157,T. Nakic,Nakic,01/06/1999,Toni Nakic,UCAM Murcia,3,290950.0,220000.0,0,fit,False,False,EUR,2,29.2,13.5,2425LaLagunaTenerifeLogo.png,True,105.0,33.0,6.393939393939394,7.49090909090909,19.353535353535353,UCAM Murcia,False,0.7352941176470589,0.6568627450980393,La Laguna Tenerife,0.5196078431372549,0.1,0.740586592542888,0.3333333333333333,1.0,0.6666666666666667,0.33333333333333326,8.762626262626263,10.060522967739304,43597.261559148435,0.99875,0.00025,0.1498445147246896,0.43597261559148437,2,5.819,-11.742999999999999,-9.12445,-14.361549999999998,upup,False
155,J. Pansa,Pansa,20/08/1997,Jean-Marc Pansa,UCAM Murcia,5,568675.0,430000.0,0,fit,False,False,EUR,2,28.0,12.5,2425LaLagunaTenerifeLogo.png,True,,,,,,,False,0.7352941176470589,0.6568627450980393,La Laguna Tenerife,0.5196078431372549,0.1,0.740586592542888,0.3333333333333333,1.0,0.6666666666666667,0.33333333333333326,9.164957264957266,10.522446159288444,35768.02389097423,0.4605,0.0955,0.06289712734158216,0.3576802389097423,2,11.3735,6.1205,11.238574999999997,1.0024249999999988,up,False
168,J. Radebaugh,Radebaugh,17/06/1997,Jonah Radebaugh,UCAM Murcia,1,371450.0,380000.0,0,fit,False,False,EUR,2,24.2,10.5,2425LaLagunaTenerifeLogo.png,True,103.0,31.0,8.806451612903226,10.33548387096774,20.473655913978497,UCAM Murcia,False,0.7352941176470589,0.6568627450980393,La Laguna Tenerife,0.5196078431372549,0.1,0.740586592542888,0.3333333333333333,1.0,0.6666666666666667,0.33333333333333326,9.370967741935484,10.758970355701347,50673.012812055706,0.89775,0.013,0.13641947183215966,0.5067301281205571,2,7.429,-1.9130000000000003,1.4300500000000014,-5.256049999999998,upup,False
36,J. Fernández,Fernández,04/06/1993,Jaime Fernández,La Laguna Tenerife,3,402500.0,380000.0,0,fit,False,True,JFL,2,23.8,10.5,202627ucamcblogoverticalcolor.png,False,136.0,31.0,11.064516129032258,12.451612903225806,18.48548387096774,La Laguna Tenerife,False,0.5294117647058824,0.5196078431372549,UCAM Murcia,0.6568627450980393,-0.1,0.259413407457112,0.3333333333333333,1.0,0.6666666666666667,0.33333333333333326,10.876344086021504,11.440637982027674,51168.52461138641,0.84025,0.022,0.1271267692208358,0.5116852461138641,2,8.05,0.3500000000000014,3.9725,-3.272500000000001,upup,False
29,López-Arostegui,López-A.,19/05/1997,Xabi López-Arostegui,La Laguna Tenerife,3,489325.0,370000.0,0,fit,False,True,JFL,2,23.2,11.0,202627ucamcblogoverticalcolor.png,False,62.0,15.0,8.733333333333333,10.053333333333335,14.913333333333334,Valencia Basket,True,0.5294117647058824,0.5196078431372549,UCAM Murcia,0.6568627450980393,-0.1,0.259413407457112,0.3333333333333333,1.0,0.6666666666666667,0.33333333333333326,9.488888888888887,9.981197888818606,28064.5922449606,0.46875,0.123,0.05735368567917151,0.280645922449606,2,9.7865,6.159500000000001,10.563424999999999,1.7555749999999968,up,False
33,T. Abromaitis,Abromaitis,17/09/1989,Tim Abromaitis,La Laguna Tenerife,5,396750.0,300000.0,0,fit,False,False,EUR,2,22.6,10.5,202627ucamcblogoverticalcolor.png,False,125.0,33.0,7.454545454545454,8.115151515151515,17.61060606060606,La Laguna Tenerife,False,0.5294117647058824,0.5196078431372549,UCAM Murcia,0.6568627450980393,-0.1,0.259413407457112,0.3333333333333333,1.0,0.6666666666666667,0.33333333333333326,8.469696969696969,8.909127559904622,43745.252342006774,0.7315,0.04225,0.11025898510902779,0.43745252342006774,2,7.935,1.2049999999999983,4.775749999999995,-2.365750000000002,upup,False
167,J. Marcos,Marcos,06/07/2000,Juani Marcos,UCAM Murcia,1,312800.0,320000.0,0,fit,False,False,EUR,2,21.8,9.5,2425LaLagunaTenerifeLogo.png,True,193.0,30.0,4.666666666666667,5.733333333333333,14.825555555555555,Barça,True,0.7352941176470589,0.6568627450980393,La Laguna Tenerife,0.5196078431372549,0.1,0.740586592542888,0.3333333333333333,1.0,0.6666666666666667,0.33333333333333326,6.277777777777778,7.207625388414959,41388.59714696871,0.8825,0.0195,0.13231648704273882,0.4138859714696871,2,6.256,-3.032,-0.21680000000000277,-5.847200000000001,upup,False
27,V. Hunter,Hunter,05/08/1994,Vince Hunter,La Laguna Tenerife,5,414000.0,360000.0,0,fit,True,False,EXT,1,10.8,9.000000000000002,202627ucamcblogoverticalcolor.png,False,,,,,,,False,0.5294117647058824,0.5196078431372549,UCAM Murcia,0.6568627450980393,-0.1,0.259413407457112,0.2,1.0,0.8,0.19999999999999996,7.0085106382978735,7.372130963473928,13648.393210080569,0.4495,0.24925,0.03296713335768253,0.1364839321008057,1,8.28,5.759999999999998,8.243999999999996,3.275999999999998,up,False
166,M. Forrest,Forrest,02/12/1999,Michael Forrest,UCAM Murcia,1,345000.0,270000.0,0,fit,False,False,COT,2,19.2,8.5,2425LaLagunaTenerifeLogo.png,True,102.0,34.0,7.5588235294117645,8.805882352941175,16.602450980392156,UCAM Murcia,False,0.7352941176470589,0.6568627450980393,La Laguna Tenerife,0.5196078431372549,0.1,0.740586592542888,0.3333333333333333,1.0,0.6666666666666667,0.33333333333333326,7.872549019607844,9.038609870219489,36954.29436255596,0.73775,0.05525,0.10711389670306075,0.36954294362555956,2,6.9,1.5000000000000036,4.605,-1.6050000000000004,upup,False
30,E. Happ,Happ,07/05/1996,Ethan Happ,La Laguna Tenerife,5,552500.0,580000.0,0,fit,False,False,EUR,2,19.0,9.0,202627ucamcblogoverticalcolor.png,False,50.0,25.0,17.32,19.008,23.464666666666666,Recoletas Salud San Pablo Burgos,True,0.5294117647058824,0.5196078431372549,UCAM Murcia,0.6568627450980393,-0.1,0.259413407457112,0.3333333333333333,1.0,0.6666666666666667,0.33333333333333326,14.546666666666667,15.301386740095225,10151.859823705512,0.3305,0.223,0.018374406920733957,0.10151859823705513,2,11.05,14.150000000000006,19.122500000000002,9.177500000000002,up,False
165,D. Ennis,Ennis,26/12/1991,Dylan Ennis,UCAM Murcia,3,397375.0,550000.0,0,fit,False,False,EUR,2,12.4,5.5,2425LaLagunaTenerifeLogo.png,True,104.0,25.0,10.28,11.912,24.436,UCAM Murcia,False,0.7352941176470589,0.6568627450980393,La Laguna Tenerife,0.5196078431372549,0.1,0.740586592542888,0.3333333333333333,1.0,0.6666666666666667,0.33333333333333326,8.686666666666667,9.973312440111178,-8385.109057003108,0.242,0.373,-0.02110124959296158,-0.08385109057003108,2,7.9475,11.4425,15.018874999999996,7.8661249999999985,down,False
162,M. Steinbergs,Steinbergs,28/08/2001,Marcis Steinbergs,UCAM Murcia,5,175000.0,200000.0,0,fit,False,False,EUR,2,7.0,3.0,2425LaLagunaTenerifeLogo.png,True,65.0,34.0,4.117647058823529,4.629411764705883,20.113725490196078,Kids&Us Manresa,True,0.7352941176470589,0.6568627450980393,La Laguna Tenerife,0.5196078431372549,0.1,0.740586592542888,0.3333333333333333,1.0,0.6666666666666667,0.33333333333333326,3.7450980392156863,4.2998119183360455,3211.2201871248544,0.45125,0.32975,0.018349829640713453,0.032112201871248545,2,3.5,3.5,5.074999999999999,1.9250000000000007,up,False
158,S. Raieste,Raieste,31/03/1999,Sander Raieste,UCAM Murcia,3,173400.0,240000.0,0,fit,False,True,JFL,2,6.2,2.5,2425LaLagunaTenerifeLogo.png,True,108.0,28.0,6.571428571428571,7.714285714285714,19.582142857142856,UCAM Murcia,False,0.7352941176470589,0.6568627450980393,La Laguna Tenerife,0.5196078431372549,0.1,0.740586592542888,0.3333333333333333,1.0,0.6666666666666667,0.33333333333333326,5.214285714285714,5.986611732223298,6218.865842824016,0.5195,0.2835,0.03586427821697818,0.06218865842824016,2,3.468,4.204,5.764599999999999,2.643399999999999,upup,False
38,B. Fitipaldo,Fitipaldo,02/08/1991,Bruno Fitipaldo,La Laguna Tenerife,1,283475.0,290000.0,0,fit,False,False,EUR,2,6.0,3.0,202627ucamcblogoverticalcolor.png,False,130.0,32.0,6.3125,7.30625,20.7390625,La Laguna Tenerife,False,0.5294117647058824,0.5196078431372549,UCAM Murcia,0.6568627450980393,-0.1,0.259413407457112,0.3333333333333333,1.0,0.6666666666666667,0.33333333333333326,5.208333333333334,5.478555632767826,-27091.09858401821,0.084,0.6865,-0.09556785813217465,-0.2709109858401821,2,5.6695,11.008500000000002,13.559774999999998,8.457225,downdown,False
32,G. Shermadini,Shermadini,02/04/1989,Giorgi Shermadini,La Laguna Tenerife,5,592450.0,820000.0,0,fit,False,False,EUR,2,5.2,2.5,202627ucamcblogoverticalcolor.png,False,127.0,29.0,18.103448275862068,20.29655172413793,22.06494252873563,La Laguna Tenerife,False,0.5294117647058824,0.5196078431372549,UCAM Murcia,0.6568627450980393,-0.1,0.259413407457112,0.3333333333333333,1.0,0.6666666666666667,0.33333333333333326,12.902298850574713,13.571704712346225,-84328.973466506,0.0035,0.923,-0.14233939314120347,-0.84328973466506,2,11.849,30.346999999999998,35.67904999999999,25.014950000000002,downdown,False
34,A. Doornekamp,Doornekamp,05/12/1985,Aaron Doornekamp,La Laguna Tenerife,5,187850.0,260000.0,0,fit,False,False,EUR,2,3.2,1.5,202627ucamcblogoverticalcolor.png,False,131.0,31.0,7.516129032258065,8.541935483870969,22.75483870967742,La Laguna Tenerife,False,0.5294117647058824,0.5196078431372549,UCAM Murcia,0.6568627450980393,-0.1,0.259413407457112,0.3333333333333333,1.0,0.6666666666666667,0.33333333333333326,5.510752688172044,5.796665314670474,-8652.929623197997,0.249,0.542,-0.046062973772680316,-0.08652929623197997,2,3.757,8.071000000000002,9.76165,6.380349999999999,downdown,False
26,TJ Bamba,Bamba,06/01/2001,TJ Bamba,La Laguna Tenerife,3,280500.0,330000.0,0,fit,False,False,COT,1,1.0,1.0,202627ucamcblogoverticalcolor.png,False,,,,,,,False,0.5294117647058824,0.5196078431372549,UCAM Murcia,0.6568627450980393,-0.1,0.259413407457112,0.2,1.0,0.8,0.19999999999999996,4.974468085106383,5.232556828355204,-25273.692314305954,0.12375,0.71475,-0.09010228989057381,-0.25273692314305957,1,5.61,10.22,11.903,8.537,downdown,False
156,H. Sant-Roos,Sant-Roos,13/02/1991,Howard Sant-Roos,UCAM Murcia,3,450000.0,450000.0,0,injured,False,False,EUR,0,0.0,,2425LaLagunaTenerifeLogo.png,True,106.0,34.0,11.029411764705882,12.782352941176471,20.45637254901961,UCAM Murcia,False,0.7352941176470589,0.6568627450980393,La Laguna Tenerife,0.5196078431372549,0.1,0.740586592542888,0.0,1.0,1.0,0.0,11.029411764705882,12.663058660021075,0.0,0.0,0.0,0.0,0.0,0,9.0,9.0,10.35,7.6499999999999995,flat,True
160,M. Diagné,Diagné,06/03/1994,Moussa Diagne,UCAM Murcia,5,180000.0,180000.0,0,fit,False,True,JFL,2,0.0,0.0,2425LaLagunaTenerifeLogo.png,True,109.0,19.0,2.6315789473684212,3.1473684210526316,7.136842105263158,UCAM Murcia,False,0.7352941176470589,0.6568627450980393,La Laguna Tenerife,0.5196078431372549,0.1,0.740586592542888,0.3333333333333333,1.0,0.6666666666666667,0.33333333333333326,1.754385964912281,2.0142409096641716,-24845.250904840155,0.0165,0.92575,-0.1380291716935564,-0.24845250904840155,2,3.6,10.8,12.419999999999998,9.18,downdown,False
161,R. López,López,13/03/2002,Rubén López De La Torre,UCAM Murcia,5,120000.0,120000.0,0,injured,False,True,JFL,0,0.0,,2425LaLagunaTenerifeLogo.png,True,107.0,6.0,1.0,1.3,6.008333333333333,UCAM Murcia,False,0.7352941176470589,0.6568627450980393,La Laguna Tenerife,0.5196078431372549,0.1,0.740586592542888,0.0,1.0,1.0,0.0,1.0,1.1481173185085776,0.0,0.0,0.0,0.0,0.0,0,2.4,2.4,2.76,2.04,flat,True
163,K. Gates,Gates,08/11/1996,Kaiser Gates,UCAM Murcia,5,400000.0,400000.0,0,injured,True,False,EXT,0,0.0,,2425LaLagunaTenerifeLogo.png,True,,,,,,,False,0.7352941176470589,0.6568627450980393,La Laguna Tenerife,0.5196078431372549,0.1,0.740586592542888,0.0,1.0,1.0,0.0,6.9743589743589745,8.007382323957259,0.0,0.0,0.0,0.0,0.0,0,8.0,8.0,9.2,6.8,flat,True
245,W. Van Beck,Van Beck,22/01/1996,Wesley Van Beck,La Laguna Tenerife,3,250000.0,250000.0,0,fit,False,False,EUR,0,0.0,,202627ucamcblogoverticalcolor.png,False,132.0,23.0,7.086956521739131,7.878260869565217,14.219565217391304,La Laguna Tenerife,False,0.5294117647058824,0.5196078431372549,UCAM Murcia,0.6568627450980393,-0.1,0.259413407457112,0.0,1.0,1.0,0.0,7.086956521739131,7.4546468297000805,0.0,0.0,0.0,0.0,0.0,0,5.0,5.0,5.75,4.25,flat,False
31,A. Kurucs,Kurucs,19/01/2000,Arturs Kurucs,La Laguna Tenerife,1,130050.0,180000.0,0,fit,False,True,JFL,2,-1.0,-0.5,202627ucamcblogoverticalcolor.png,False,86.0,34.0,3.6470588235294117,4.147058823529412,20.474019607843136,Río Breogán,True,0.5294117647058824,0.5196078431372549,UCAM Murcia,0.6568627450980393,-0.1,0.259413407457112,0.3333333333333333,1.0,0.6666666666666667,0.33333333333333326,2.2647058823529416,2.38220489631881,-15071.597650271113,0.07275,0.83825,-0.11589079315856296,-0.15071597650271112,2,2.601,8.803,9.97345,7.632549999999999,downdown,False
35,H. Alderete,Alderete,06/03/2002,Héctor Alderete,La Laguna Tenerife,3,102000.0,120000.0,0,fit,False,True,JFL,2,-1.0,-0.5,202627ucamcblogoverticalcolor.png,False,137.0,17.0,0.7647058823529411,0.9411764705882353,7.506862745098039,La Laguna Tenerife,False,0.5294117647058824,0.5196078431372549,UCAM Murcia,0.6568627450980393,-0.1,0.259413407457112,0.3333333333333333,1.0,0.6666666666666667,0.33333333333333326,0.3431372549019609,0.36094013580588036,-13228.785968656754,0.04375,0.90475,-0.12969398008487013,-0.13228785968656753,2,2.04,7.12,8.037999999999998,6.202,downdown,False
164,W. Falk,Falk,25/06/2003,Wilhelm Falk,UCAM Murcia,3,101150.0,140000.0,0,fit,False,True,JFL,2,-3.0,-1.5,2425LaLagunaTenerifeLogo.png,True,99.0,30.0,3.2,3.933333333333333,11.297222222222222,UCAM Murcia,False,0.7352941176470589,0.6568627450980393,La Laguna Tenerife,0.5196078431372549,0.1,0.740586592542888,0.3333333333333333,1.0,0.6666666666666667,0.33333333333333326,1.6333333333333337,1.8752582868973438,-13025.980231252091,0.04825,0.901,-0.12877884558825597,-0.1302598023125209,2,2.023,9.069,9.97935,8.158650000000002,downdown,False
96,R. Rubio,Rubio,21/10/1990,Ricky Rubio,Asisa Joventut,1,977500.0,850000.0,0,fit,False,True,JFL,1,26.0,26.0,2526KosnerBaskoniaLogo.png,False,95.0,29.0,16.655172413793103,19.193103448275863,21.03103448275862,Asisa Joventut,False,0.5882352941176471,0.3921568627450981,Kosner Baskonia,0.7843137254901962,-0.1,0.1121836696223911,0.2,1.0,0.8,0.19999999999999996,18.52413793103448,18.939759084973435,64438.76262695051,0.49,0.10175,0.06592200780250691,0.6443876262695051,1,19.55,13.100000000000001,18.964999999999996,7.234999999999999,up,False
222,C. Duarte,Duarte,13/06/1997,Chris Duarte,Kosner Baskonia,3,555450.0,420000.0,0,fit,False,False,COT,2,44.400000000000006,18.500000000000004,202526AsisaJoventutLogoPosisitvo.png,True,215.0,26.0,11.961538461538462,13.3,18.21794871794872,Unicaja,True,0.6764705882352942,0.7843137254901962,Asisa Joventut,0.3921568627450981,0.1,0.8878163303776089,0.3333333333333333,1.0,0.6666666666666667,0.33333333333333326,14.141025641025642,16.651952339503854,83177.24848482467,0.99625,0.0,0.14974749929755093,0.8317724848482467,2,11.109,-11.073000000000008,-6.073950000000011,-16.072050000000004,upup,False
225,T. Sedekerskis,Sedekerskis,17/01/1998,Tadas Sedekerskis,Kosner Baskonia,5,423200.0,320000.0,0,fit,False,True,JFL,2,44.4,18.5,202526AsisaJoventutLogoPosisitvo.png,True,45.0,12.0,6.166666666666667,6.916666666666667,15.111111111111112,Kosner Baskonia,False,0.6764705882352942,0.7843137254901962,Asisa Joventut,0.3921568627450981,0.1,0.8878163303776089,0.3333333333333333,1.0,0.6666666666666667,0.33333333333333326,10.277777777777777,12.102733567998417,63478.82087651943,0.99975,0.0,0.14999721379139752,0.6347882087651943,2,8.464,-19.007999999999996,-15.199200000000001,-22.8168,upup,False
93,N. Laprovittola,Laprovittola,31/01/1990,Nico Laprovittola,Asisa Joventut,1,598000.0,520000.0,0,fit,False,False,EUR,1,22.0,22.0,2526KosnerBaskoniaLogo.png,False,192.0,14.0,10.785714285714286,12.414285714285715,19.13809523809524,Barça,True,0.5882352941176471,0.3921568627450981,Kosner Baskonia,0.7843137254901962,-0.1,0.1121836696223911,0.2,1.0,0.8,0.19999999999999996,13.028571428571428,13.320890019130344,74964.39740414568,0.8335,0.026,0.12535852408720013,0.7496439740414568,1,11.96,1.9200000000000017,5.507999999999999,-1.6679999999999993,upup,False
232,K. Faried,Faried,19/11/1989,Kenneth Faried,Kosner Baskonia,5,595125.0,450000.0,0,fit,True,False,EXT,2,43.2,18.0,202526AsisaJoventutLogoPosisitvo.png,True,,,,,,,False,0.6764705882352942,0.7843137254901962,Asisa Joventut,0.3921568627450981,0.1,0.8878163303776089,0.3333333333333333,1.0,0.6666666666666667,0.33333333333333326,11.28497409326425,13.288770950841899,88144.02859185846,0.978,0.0,0.14811010895502366,0.8814402859185846,2,11.9025,-7.492500000000007,-2.136375000000008,-12.848625000000006,upup,False
257,M. Santos,Santos,02/11/2002,Marcio Santos,Kosner Baskonia,5,437000.0,380000.0,0,fit,True,False,EXT,1,15.6,13.0,202526AsisaJoventutLogoPosisitvo.png,True,,,,,,,False,0.6764705882352942,0.7843137254901962,Asisa Joventut,0.3921568627450981,0.1,0.8878163303776089,0.2,1.0,0.8,0.19999999999999996,7.9554404145077715,9.368034397576974,46215.7471374984,0.754,0.0725,0.10575685843821145,0.46215747137498403,1,8.74,1.8800000000000008,4.502000000000001,-0.7419999999999991,upup,False
241,D. Baugh,Baugh,03/12/2000,Damion Baugh,Kosner Baskonia,1,634800.0,480000.0,0,fit,False,False,COT,2,27.599999999999998,11.5,202526AsisaJoventutLogoPosisitvo.png,True,,,,,,,False,0.6764705882352942,0.7843137254901962,Asisa Joventut,0.3921568627450981,0.1,0.8878163303776089,0.3333333333333333,1.0,0.6666666666666667,0.33333333333333326,9.4706390328152,11.152276631304186,5507.5461170041235,0.24275,0.193,0.00867603358066182,0.05507546117004124,2,12.696,10.488000000000003,16.201199999999996,4.7747999999999955,flat,False
224,C. Frisch,Frisch,07/01/2002,Clement Frisch,Kosner Baskonia,5,264500.0,200000.0,0,fit,False,False,EUR,2,26.4,11.0,202526AsisaJoventutLogoPosisitvo.png,True,38.0,31.0,4.096774193548387,4.819354838709677,12.18279569892473,Kosner Baskonia,False,0.6764705882352942,0.7843137254901962,Asisa Joventut,0.3921568627450981,0.1,0.8878163303776089,0.3333333333333333,1.0,0.6666666666666667,0.33333333333333326,6.397849462365591,7.533872508762746,39497.56782051042,0.99375,0.0005,0.14932917890552144,0.3949756782051042,2,5.29,-10.529999999999998,-8.1495,-12.910499999999999,upup,False
235,AJ Lawson,Lawson,15/07/2000,AJ Lawson,Kosner Baskonia,3,660000.0,550000.0,0,fit,False,False,COT,2,26.4,11.0,202526AsisaJoventutLogoPosisitvo.png,True,,,,,,,False,0.6764705882352942,0.7843137254901962,Asisa Joventut,0.3921568627450981,0.1,0.8878163303776089,0.3333333333333333,1.0,0.6666666666666667,0.33333333333333326,10.126079447322972,11.924099186529853,-13412.053844130482,0.174,0.281,-0.020321293703228,-0.1341205384413048,2,13.2,13.199999999999996,19.139999999999993,7.259999999999998,down,False
59,E. Ndiaye,Ndiaye,26/06/2004,Eli Ndiaye,Asisa Joventut,5,368000.0,320000.0,0,fit,False,True,JFL,1,12.0,12.0,2526KosnerBaskoniaLogo.png,False,,,,,,,False,0.5882352941176471,0.3921568627450981,Kosner Baskonia,0.7843137254901962,-0.1,0.1121836696223911,0.2,1.0,0.8,0.19999999999999996,6.981052631578948,7.137684651986463,28630.15020957566,0.647,0.144,0.07779932122167299,0.2863015020957566,1,7.36,2.7200000000000006,4.928000000000001,0.5120000000000005,upup,False
229,K. Simmons,Simmons,04/07/1997,Kobi Simmons,Kosner Baskonia,1,570000.0,620000.0,0,fit,False,False,COT,2,22.8,9.5,202526AsisaJoventutLogoPosisitvo.png,True,252.0,25.0,10.84,12.448,22.038666666666668,Kosner Baskonia,False,0.6764705882352942,0.7843137254901962,Asisa Joventut,0.3921568627450981,0.1,0.8878163303776089,0.3333333333333333,1.0,0.6666666666666667,0.33333333333333326,10.393333333333334,12.238807545411591,8391.206717884983,0.2975,0.20375,0.014721415294535058,0.08391206717884983,2,11.4,11.400000000000002,16.529999999999998,6.27,up,False
94,K. Cheatham,Cheatham,21/08/1995,Kwan Cheatham,Asisa Joventut,5,402500.0,350000.0,0,fit,False,False,EUR,1,11.0,11.0,2526KosnerBaskoniaLogo.png,False,,,,,,,False,0.5882352941176471,0.3921568627450981,Kosner Baskonia,0.7843137254901962,-0.1,0.1121836696223911,0.2,1.0,0.8,0.19999999999999996,7.2105263157894735,7.37230697619229,17075.598723703122,0.4965,0.235,0.0424238477607531,0.17075598723703123,1,8.05,5.100000000000001,7.515000000000001,2.6850000000000005,up,False
100,L. Hakanson,Hakanson,22/03/1996,Ludde Hakanson,Asisa Joventut,1,322000.0,280000.0,0,fit,False,True,JFL,1,9.0,9.0,2526KosnerBaskoniaLogo.png,False,96.0,31.0,7.290322580645161,8.30967741935484,19.781720430107526,Asisa Joventut,False,0.5882352941176471,0.3921568627450981,Kosner Baskonia,0.7843137254901962,-0.1,0.1121836696223911,0.2,1.0,0.8,0.19999999999999996,7.632258064516129,7.80350100795263,22573.267257450207,0.63325,0.1765,0.07010331446413108,0.22573267257450208,1,6.44,3.880000000000001,5.811999999999999,1.9480000000000004,upup,False
221,DJ Stewart,Stewart,28/07/1999,DJ Stewart Jr,Kosner Baskonia,3,459000.0,600000.0,0,fit,False,False,EUR,2,16.8,7.000000000000001,202526AsisaJoventutLogoPosisitvo.png,True,,,,,,,False,0.6764705882352942,0.7843137254901962,Asisa Joventut,0.3921568627450981,0.1,0.8878163303776089,0.3333333333333333,1.0,0.6666666666666667,0.33333333333333326,9.379965457685666,11.045502760027908,2285.993772575923,0.302,0.273,0.004980378589490028,0.022859937725759227,2,9.18,10.739999999999998,14.870999999999995,6.608999999999998,up,False
228,M. Howard,Howard,03/03/1999,Markus Howard,Kosner Baskonia,3,420000.0,490000.0,0,fit,True,False,EXT,1,8.4,7.000000000000001,202526AsisaJoventutLogoPosisitvo.png,True,41.0,11.0,10.909090909090908,12.327272727272726,23.522727272727273,Kosner Baskonia,False,0.6764705882352942,0.7843137254901962,Asisa Joventut,0.3921568627450981,0.1,0.8878163303776089,0.2,1.0,0.8,0.19999999999999996,10.127272727272727,11.925504349164829,21066.47874481784,0.54575,0.218,0.05015828272575676,0.2106647874481784,1,8.4,8.4,10.92,5.879999999999999,upup,False
97,A. Reyes,Reyes,17/12/1993,Álex Reyes,Asisa Joventut,3,400000.0,460000.0,0,fit,False,True,JFL,1,8.0,8.0,2526KosnerBaskoniaLogo.png,False,73.0,33.0,13.363636363636363,14.739393939393938,24.936868686868685,Kids&Us Manresa,True,0.5882352941176471,0.3921568627450981,Kosner Baskonia,0.7843137254901962,-0.1,0.1121836696223911,0.2,1.0,0.8,0.19999999999999996,12.290909090909091,12.566676947871768,27266.54945069918,0.61575,0.17875,0.06816637362674795,0.2726654945069918,1,8.0,8.0,10.399999999999999,5.6,upup,False
226,R. Kurucs,Kurucs,05/02/1998,Rodions Kurucs,Kosner Baskonia,5,391000.0,400000.0,0,fit,False,True,JFL,2,15.8,6.500000000000001,202526AsisaJoventutLogoPosisitvo.png,True,43.0,24.0,7.916666666666667,9.016666666666667,20.17152777777778,Kosner Baskonia,False,0.6764705882352942,0.7843137254901962,Asisa Joventut,0.3921568627450981,0.1,0.8878163303776089,0.3333333333333333,1.0,0.6666666666666667,0.33333333333333326,7.444444444444445,8.766304314117773,9036.853083698079,0.37175,0.237,0.02311215622429176,0.09036853083698079,2,7.82,7.66,11.178999999999998,4.141000000000002,up,False
227,M. Spagnolo,Spagnolo,10/01/2003,Matteo Spagnolo,Kosner Baskonia,3,330000.0,380000.0,0,fit,False,True,JFL,2,13.200000000000001,5.500000000000001,202526AsisaJoventutLogoPosisitvo.png,True,35.0,31.0,8.709677419354838,10.187096774193549,18.745698924731183,Kosner Baskonia,False,0.6764705882352942,0.7843137254901962,Asisa Joventut,0.3921568627450981,0.1,0.8878163303776089,0.3333333333333333,1.0,0.6666666666666667,0.33333333333333326,7.639784946236559,8.996330113404927,13379.073354797438,0.4575,0.21125,0.040542646529689204,0.13379073354797438,2,6.6,6.599999999999996,9.569999999999995,3.6299999999999972,up,False
92,B. Ellis,Ellis,12/12/2000,Boogie Ellis,Asisa Joventut,3,408000.0,480000.0,0,fit,True,False,EXT,1,6.0,6.0,2526KosnerBaskoniaLogo.png,False,,,,,,,False,0.5882352941176471,0.3921568627450981,Kosner Baskonia,0.7843137254901962,-0.1,0.1121836696223911,0.2,1.0,0.8,0.19999999999999996,8.071578947368423,8.252678816560948,-15227.32012657472,0.2415,0.4745,-0.037321863055330196,-0.1522732012657472,1,8.16,10.32,12.767999999999997,7.872,down,False
95,S. Birgander,Birgander,23/10/1997,Simon Birgander,Asisa Joventut,5,365500.0,430000.0,0,fit,False,False,EUR,1,6.0,6.0,2526KosnerBaskoniaLogo.png,False,87.0,27.0,10.0,11.637037037037036,18.005555555555556,Asisa Joventut,False,0.5882352941176471,0.3921568627450981,Kosner Baskonia,0.7843137254901962,-0.1,0.1121836696223911,0.2,1.0,0.8,0.19999999999999996,9.2,9.4064179521052,4997.7606590332,0.42,0.33,0.01367376377300465,0.049977606590332,1,7.31,8.62,10.812999999999999,6.427,up,False
98,I. Nogués,Nogués,10/02/2004,Isaac Nogués,Asisa Joventut,3,250000.0,220000.0,0,fit,False,True,JFL,1,5.0,5.0,2526KosnerBaskoniaLogo.png,False,48.0,19.0,1.3157894736842106,1.5999999999999999,7.413157894736842,Valencia Basket,True,0.5882352941176471,0.3921568627450981,Kosner Baskonia,0.7843137254901962,-0.1,0.1121836696223911,0.2,1.0,0.8,0.19999999999999996,2.052631578947368,2.098685927529192,-14928.400334501552,0.19875,0.5885,-0.059713601338006204,-0.14928400334501551,1,5.0,5.0,6.5,3.5,downdown,False
223,S. Joksimovic,Joksimovic,16/11/2008,Stefan Joksimovic,Kosner Baskonia,3,166175.0,170000.0,0,fit,False,True,JFL,2,8.8,3.500000000000001,202526AsisaJoventutLogoPosisitvo.png,True,237.0,10.0,1.9,2.42,8.258333333333333,Kosner Baskonia,False,0.6764705882352942,0.7843137254901962,Asisa Joventut,0.3921568627450981,0.1,0.8878163303776089,0.3333333333333333,1.0,0.6666666666666667,0.33333333333333326,2.4333333333333336,2.8654039474504365,6273.814063636761,0.51975,0.26925,0.03775425944718978,0.06273814063636761,2,3.3235,1.1705000000000005,2.6660749999999993,-0.325075,upup,False
239,A. Torres,Torres,12/09/2006,Adrián Torres,Asisa Joventut,3,138000.0,120000.0,0,fit,False,True,JFL,1,3.0,3.0,2526KosnerBaskoniaLogo.png,False,248.0,1.0,2.0,2.4,1.9833333333333334,Asisa Joventut,False,0.5882352941176471,0.3921568627450981,Kosner Baskonia,0.7843137254901962,-0.1,0.1121836696223911,0.2,1.0,0.8,0.19999999999999996,2.2,2.249360814633852,-1027.7014119629166,0.416,0.461,-0.0074471116808907,-0.010277014119629167,1,2.76,2.5199999999999996,3.347999999999999,1.6919999999999993,up,False
99,Y. Kraag,Kraag,16/10/2002,Yannick Kraag,Asisa Joventut,3,250000.0,250000.0,0,injured,False,True,JFL,0,0.0,,2526KosnerBaskoniaLogo.png,False,94.0,32.0,7.625,8.55625,22.216145833333332,Asisa Joventut,False,0.5882352941176471,0.3921568627450981,Kosner Baskonia,0.7843137254901962,-0.1,0.1121836696223911,0.0,1.0,1.0,0.0,7.625,7.796080096174146,0.0,0.0,0.0,0.0,0.0,0,5.0,5.0,5.75,4.25,flat,True
101,A. Tomic,Tomic,17/02/1987,Ante Tomic,Asisa Joventut,5,780000.0,780000.0,0,injured,False,False,EUR,0,0.0,,2526KosnerBaskoniaLogo.png,False,88.0,23.0,16.956521739130434,19.08695652173913,19.828985507246376,Asisa Joventut,False,0.5882352941176471,0.3921568627450981,Kosner Baskonia,0.7843137254901962,-0.1,0.1121836696223911,0.0,1.0,1.0,0.0,16.956521739130434,17.336970705675935,0.0,0.0,0.0,0.0,0.0,0,15.6,15.6,17.939999999999998,13.26,flat,True
102,E. Sulejmanovic,Sulejmanovic,13/07/1995,Emir Sulejmanovic,Asisa Joventut,5,420000.0,420000.0,0,fit,False,False,EUR,0,0.0,,2526KosnerBaskoniaLogo.png,False,219.0,27.0,7.037037037037037,7.962962962962963,14.74074074074074,Unicaja,True,0.5882352941176471,0.3921568627450981,Kosner Baskonia,0.7843137254901962,-0.1,0.1121836696223911,0.0,1.0,1.0,0.0,7.037037037037037,7.1949251646537355,0.0,0.0,0.0,0.0,0.0,0,8.4,8.4,9.66,7.14,flat,False
76,T. Hlinason,Hlinason,28/10/1997,Tryggvi Hlinason,Surne Bilbao,5,859625.0,650000.0,0,fit,False,False,EUR,2,51.8,23.5,2526SanPabloLogo.png,True,153.0,32.0,15.71875,17.5125,23.238541666666666,Surne Bilbao,False,0.5,0.5,Recoletas Salud San Pablo Burgos,0.4019607843137255,0.1,0.7093350727006906,0.3333333333333333,1.0,0.6666666666666667,0.33333333333333326,18.3125,20.91043970376628,122873.93124160077,0.9125,0.00125,0.14293899228338028,1.2287393124160078,2,17.1925,-0.2224999999999966,7.514125,-7.959125,upup,False
70,D. Hilliard,Hilliard,13/04/1993,Darrun Hilliard,Surne Bilbao,3,595125.0,450000.0,0,fit,True,False,EXT,2,45.0,20.0,2526SanPabloLogo.png,True,157.0,30.0,9.733333333333333,11.24,23.586111111111112,Surne Bilbao,False,0.5,0.5,Recoletas Salud San Pablo Burgos,0.4019607843137255,0.1,0.7093350727006906,0.3333333333333333,1.0,0.6666666666666667,0.33333333333333326,13.155555555555555,15.02189494683915,88830.3772184978,0.98975,0.0,0.14926339377189296,0.888303772184978,2,11.9025,-9.292500000000004,-3.9363750000000053,-14.648625000000003,upup,False
153,Z. Samar,Samar,26/01/2001,Ziga Samar,Recoletas Salud San Pablo Burgos,1,264500.0,200000.0,0,fit,False,True,JFL,2,43.0,19.5,logo_surnebb_pos.png,False,147.0,31.0,3.3870967741935485,3.6129032258064515,11.779032258064515,Dreamland Gran Canaria,True,0.35294117647058826,0.4019607843137255,Surne Bilbao,0.5,-0.1,0.2906649272993093,0.3333333333333333,1.0,0.6666666666666667,0.33333333333333326,8.75806451612903,9.26719695330169,39675.0,1.0,0.0,0.15,0.39675,2,5.29,-27.13,-24.7495,-29.5105,upup,False
74,H. Frey,Frey,27/05/1997,Harald Frey,Surne Bilbao,1,529000.0,400000.0,0,fit,False,False,EUR,2,38.8,17.5,2526SanPabloLogo.png,True,151.0,28.0,7.571428571428571,8.614285714285714,17.889285714285712,Surne Bilbao,False,0.5,0.5,Recoletas Salud San Pablo Burgos,0.4019607843137255,0.1,0.7093350727006906,0.3333333333333333,1.0,0.6666666666666667,0.33333333333333326,10.88095238095238,12.424600610591503,77993.37110891368,0.9725,0.00025,0.14743548413783303,0.7799337110891368,2,10.58,-7.059999999999995,-2.2989999999999995,-11.820999999999998,upup,False
80,M. Normantas,Normantas,27/10/1996,Margiris Normantas,Surne Bilbao,3,383525.0,290000.0,0,fit,False,False,EUR,2,33.0,15.0,2526SanPabloLogo.png,True,154.0,32.0,7.0625,7.85,19.899479166666666,Surne Bilbao,False,0.5,0.5,Recoletas Salud San Pablo Burgos,0.4019607843137255,0.1,0.7093350727006906,0.3333333333333333,1.0,0.6666666666666667,0.33333333333333326,9.708333333333332,11.08562559949384,57160.442870606494,0.99025,0.00125,0.1490396789534098,0.571604428706065,2,7.6705,-9.988500000000002,-6.536775000000006,-13.440225000000002,upup,False
142,DJ Steward,Steward,02/10/2001,DJ Steward,Recoletas Salud San Pablo Burgos,1,586500.0,600000.0,0,fit,True,False,EXT,2,32.4,14.0,logo_surnebb_pos.png,False,,,,,,,False,0.35294117647058826,0.4019607843137255,Surne Bilbao,0.5,-0.1,0.2906649272993093,0.3333333333333333,1.0,0.6666666666666667,0.33333333333333326,12.13919413919414,12.844881735582353,68440.29531349288,0.7375,0.0245,0.11669274563255394,0.6844029531349288,2,11.73,2.789999999999999,8.0685,-2.488500000000002,upup,False
143,C. Sengfelder,Sengfelder,28/02/1995,Christian Sengfelder,Recoletas Salud San Pablo Burgos,5,700925.0,530000.0,0,fit,False,False,EUR,2,31.6,14.5,logo_surnebb_pos.png,False,,,,,,,False,0.35294117647058826,0.4019607843137255,Surne Bilbao,0.5,-0.1,0.2906649272993093,0.3333333333333333,1.0,0.6666666666666667,0.33333333333333326,11.434065934065934,12.09876232275809,17670.229918811005,0.27675,0.13875,0.025209872552428583,0.17670229918811003,2,14.0185,10.455499999999994,16.76382499999999,4.147174999999997,up,False
151,C. Audige,Audige,29/06/1999,Chase Audige,Recoletas Salud San Pablo Burgos,3,290950.0,220000.0,0,fit,False,False,COT,2,31.0,13.5,logo_surnebb_pos.png,False,265.0,23.0,3.217391304347826,3.608695652173913,14.470289855072464,Unicaja,True,0.35294117647058826,0.4019607843137255,Surne Bilbao,0.5,-0.1,0.2906649272993093,0.3333333333333333,1.0,0.6666666666666667,0.33333333333333326,6.644927536231883,7.031217012077486,43587.39900931291,0.99825,0.0,0.1498106169765008,0.4358739900931291,2,5.819,-13.543,-10.92445,-16.16155,upup,False
145,B. Koprivica,Koprivica,01/05/2000,Balsa Koprivica,Recoletas Salud San Pablo Burgos,5,581900.0,440000.0,0,fit,False,False,EUR,2,25.4,11.5,logo_surnebb_pos.png,False,,,,,,,False,0.35294117647058826,0.4019607843137255,Surne Bilbao,0.5,-0.1,0.2906649272993093,0.3333333333333333,1.0,0.6666666666666667,0.33333333333333326,9.313186813186814,9.85459016678278,3885.175594317843,0.242,0.207,0.006676706640862421,0.03885175594317843,2,11.638,9.514000000000003,14.751100000000001,4.276900000000005,flat,False
77,M. Krampelj,Krampelj,10/03/1995,Martin Krampelj,Surne Bilbao,5,449650.0,340000.0,0,fit,False,False,EUR,2,21.2,9.5,2526SanPabloLogo.png,True,152.0,32.0,8.78125,9.8,18.45104166666667,Surne Bilbao,False,0.5,0.5,Recoletas Salud San Pablo Burgos,0.4019607843137255,0.1,0.7093350727006906,0.3333333333333333,1.0,0.6666666666666667,0.33333333333333326,9.020833333333332,10.300592026997496,30959.842133652302,0.533,0.112,0.06885320167608652,0.30959842133652304,2,8.993,5.779,9.825849999999999,1.7321500000000007,upup,False
78,L. Petrasek,Petrasek,17/08/1995,Luke Petrasek,Surne Bilbao,5,330625.0,250000.0,0,fit,False,False,EUR,2,20.2,9.5,2526SanPabloLogo.png,True,155.0,32.0,6.59375,7.31875,20.8,Surne Bilbao,False,0.5,0.5,Recoletas Salud San Pablo Burgos,0.4019607843137255,0.1,0.7093350727006906,0.3333333333333333,1.0,0.6666666666666667,0.33333333333333326,7.5625,8.635369297459794,39908.01009774493,0.81775,0.041,0.12070475643930414,0.39908010097744934,2,6.6125,-0.3625000000000007,2.613125,-3.3381250000000016,upup,False
149,D. Díez,Díez,07/04/1993,Dani Díez,Recoletas Salud San Pablo Burgos,5,410000.0,320000.0,0,fit,False,True,JFL,2,16.4,8.0,logo_surnebb_pos.png,False,11.0,22.0,7.5,7.972727272727273,19.26060606060606,Recoletas Salud San Pablo Burgos,False,0.35294117647058826,0.4019607843137255,Surne Bilbao,0.5,-0.1,0.2906649272993093,0.3333333333333333,1.0,0.6666666666666667,0.33333333333333326,7.666666666666667,8.112352888525608,296.04771166673163,0.28825,0.2805,0.0007220675894310528,0.0029604771166673164,2,8.2,8.2,11.889999999999993,4.509999999999998,up,False
69,B. Vautier,Vautier,15/11/1998,Bastien Vautier,Surne Bilbao,5,390000.0,350000.0,0,fit,False,False,EUR,2,15.6,6.5,2526SanPabloLogo.png,True,,,,,,,False,0.5,0.5,Recoletas Salud San Pablo Burgos,0.4019607843137255,0.1,0.7093350727006906,0.3333333333333333,1.0,0.6666666666666667,0.33333333333333326,6.40909090909091,7.318329502279978,-3339.3915233630105,0.25475,0.3075,-0.008562542367597462,-0.033393915233630105,2,7.8,7.799999999999999,11.309999999999997,4.290000000000001,up,False
243,S. Doumbouya,Doumbouya,23/12/2000,Sekou Doumbouya,Recoletas Salud San Pablo Burgos,3,361250.0,500000.0,0,fit,False,False,EUR,2,14.0,6.0,logo_surnebb_pos.png,False,,,,,,,False,0.35294117647058826,0.4019607843137255,Surne Bilbao,0.5,-0.1,0.2906649272993093,0.3333333333333333,1.0,0.6666666666666667,0.33333333333333326,8.227106227106228,8.705372473783333,6227.221649678831,0.373,0.27025,0.017237983805339325,0.06227221649678832,2,7.225,7.674999999999997,10.926249999999996,4.423749999999998,up,False
71,A. Somogyi,Somogyi,30/06/2000,Adam Somogyi,Surne Bilbao,1,280000.0,280000.0,0,fit,False,True,JFL,2,11.2,5.0,2526SanPabloLogo.png,True,,,,,,,False,0.5,0.5,Recoletas Salud San Pablo Burgos,0.4019607843137255,0.1,0.7093350727006906,0.3333333333333333,1.0,0.6666666666666667,0.33333333333333326,5.0606060606060606,5.778539134187972,-36.9080473355134,0.32725,0.333,-0.00013181445476969072,-0.00036908047335513404,2,5.6,5.599999999999998,8.120000000000001,3.08,up,False
147,R. Lobaco,Lobaco,29/11/2000,Raúl Lobaco,Recoletas Salud San Pablo Burgos,3,293250.0,300000.0,0,fit,False,True,JFL,2,11.0,5.5,logo_surnebb_pos.png,False,,,,,,,False,0.35294117647058826,0.4019607843137255,Surne Bilbao,0.5,-0.1,0.2906649272993093,0.3333333333333333,1.0,0.6666666666666667,0.33333333333333326,5.56959706959707,5.893374375061246,-4757.117390957603,0.2805,0.38025,-0.016222054189113735,-0.04757117390957603,2,5.865,6.594999999999999,9.23425,3.9557499999999983,up,False
68,N. Darling,Darling,30/08/1998,Nate Darling,Surne Bilbao,3,303450.0,420000.0,0,fit,True,False,EXT,2,10.2,5.0,2526SanPabloLogo.png,True,,,,,,,False,0.5,0.5,Recoletas Salud San Pablo Burgos,0.4019607843137255,0.1,0.7093350727006906,0.3333333333333333,1.0,0.6666666666666667,0.33333333333333326,6.757575757575758,7.716252855831843,-879.4977350475965,0.3225,0.3495,-0.0028983283409049153,-0.008794977350475965,2,6.069,8.007000000000001,10.738049999999998,5.27595,up,False
148,R. Guerrero,Guerrero,22/10/1995,Rubén Guerrero,Recoletas Salud San Pablo Burgos,5,207000.0,180000.0,0,fit,False,True,JFL,2,5.0,2.5,logo_surnebb_pos.png,False,210.0,32.0,3.03125,3.24375,7.5890625,MoraBanc Andorra,True,0.35294117647058826,0.4019607843137255,Surne Bilbao,0.5,-0.1,0.2906649272993093,0.3333333333333333,1.0,0.6666666666666667,0.33333333333333326,2.8541666666666665,3.020087896000022,-18409.204719005706,0.11925,0.691,-0.08893335613046234,-0.18409204719005706,2,4.14,7.419999999999998,9.282999999999998,5.556999999999999,downdown,False
79,A. Font,Font,11/03/1998,Aleix Font,Surne Bilbao,3,195000.0,160000.0,0,fit,False,True,JFL,2,7.8,3.5,2526SanPabloLogo.png,True,160.0,28.0,1.6071428571428572,1.9214285714285713,9.471428571428572,Surne Bilbao,False,0.5,0.5,Recoletas Salud San Pablo Burgos,0.4019607843137255,0.1,0.7093350727006906,0.3333333333333333,1.0,0.6666666666666667,0.33333333333333326,2.238095238095238,2.555607127780309,-7027.001052091713,0.25225,0.48625,-0.03603590283123955,-0.07027001052091714,2,3.9,3.8999999999999995,5.6549999999999985,2.1450000000000005,up,False
144,D.Radosavljevic,Radosav.,03/11/2001,Dusan Radosavljevic,Recoletas Salud San Pablo Burgos,3,238425.0,330000.0,0,fit,False,False,EUR,2,4.8,2.0,logo_surnebb_pos.png,False,,,,,,,False,0.35294117647058826,0.4019607843137255,Surne Bilbao,0.5,-0.1,0.2906649272993093,0.3333333333333333,1.0,0.6666666666666667,0.33333333333333326,4.776556776556777,5.054232282196557,-20247.79582479241,0.11975,0.665,-0.08492312393747473,-0.2024779582479241,2,4.7685,9.505500000000001,11.651324999999996,7.359675,downdown,False
72,D. Duscak,Duscak,02/07/2002,Dan Duscak,Surne Bilbao,1,180000.0,180000.0,0,fit,False,True,JFL,2,0.0,0.0,2526SanPabloLogo.png,True,,,,,,,False,0.5,0.5,Recoletas Salud San Pablo Burgos,0.4019607843137255,0.1,0.7093350727006906,0.3333333333333333,1.0,0.6666666666666667,0.33333333333333326,2.181818181818182,2.49134621354212,-24005.253389408725,0.02825,0.9035,-0.13336251883004846,-0.24005253389408723,2,3.6,10.8,12.419999999999998,9.18,downdown,False
75,O. Hustak,Hustak,04/01/2003,Ondrej Hustak,Surne Bilbao,5,170000.0,170000.0,0,fit,False,True,JFL,0,0.0,,2526SanPabloLogo.png,True,,,,,,,False,0.5,0.5,Recoletas Salud San Pablo Burgos,0.4019607843137255,0.1,0.7093350727006906,0.0,1.0,1.0,0.0,3.0909090909090904,3.5294071358513355,0.0,0.0,0.0,0.0,0.0,0,3.4,3.4,3.9099999999999997,2.8899999999999997,flat,False
146,V. Cancar,Cancar,10/04/1997,Vlatko Cancar,Recoletas Salud San Pablo Burgos,3,480000.0,480000.0,0,injured,False,False,EUR,0,0.0,,logo_surnebb_pos.png,False,,,,,,,False,0.35294117647058826,0.4019607843137255,Surne Bilbao,0.5,-0.1,0.2906649272993093,0.0,1.0,1.0,0.0,8.967032967032967,9.488313364123595,0.0,0.0,0.0,0.0,0.0,0,9.6,9.6,11.04,8.16,flat,True
152,R. Obasohan,Obasohan,06/07/1993,Retin Obasohan,Recoletas Salud San Pablo Burgos,1,430000.0,430000.0,0,injured,False,False,EUR,0,0.0,,logo_surnebb_pos.png,False,64.0,30.0,11.333333333333334,12.546666666666665,21.282777777777778,Kids&Us Manresa,True,0.35294117647058826,0.4019607843137255,Surne Bilbao,0.5,-0.1,0.2906649272993093,0.0,1.0,1.0,0.0,11.333333333333334,11.992173835211767,0.0,0.0,0.0,0.0,0.0,0,8.6,8.6,9.889999999999999,7.31,flat,True
150,P. Almazán,Almazán,15/01/1989,Pablo Almazán,Recoletas Salud San Pablo Burgos,3,108375.0,150000.0,0,fit,False,True,JFL,2,-1.0,-0.5,logo_surnebb_pos.png,False,8.0,28.0,1.1071428571428572,1.292857142857143,9.89047619047619,Recoletas Salud San Pablo Burgos,False,0.35294117647058826,0.4019607843137255,Surne Bilbao,0.5,-0.1,0.2906649272993093,0.3333333333333333,1.0,0.6666666666666667,0.33333333333333326,0.5714285714285716,0.6046474202627784,-14010.772982393974,0.0465,0.90175,-0.1292804888802212,-0.14010772982393974,2,2.1675,7.5024999999999995,8.477875,6.527125,downdown,False
73,M. Ansorregi,Ansorregi,11/04/2002,Manex Ansorregi,Surne Bilbao,3,102000.0,120000.0,0,fit,False,True,JFL,2,-1.0,-0.5,2526SanPabloLogo.png,True,,,,,,,False,0.5,0.5,Recoletas Salud San Pablo Burgos,0.4019607843137255,0.1,0.7093350727006906,0.3333333333333333,1.0,0.6666666666666667,0.33333333333333326,1.2878787878787878,1.4705863066047233,-11359.843261024973,0.0935,0.83275,-0.11137101236298994,-0.11359843261024972,2,2.04,7.12,8.037999999999998,6.202,downdown,False
252,J. Taboada,Taboada,05/06/2007,Joaquín Taboada,Recoletas Salud San Pablo Burgos,3,136000.0,160000.0,0,fit,True,False,EXT,1,-12.0,-12.0,logo_surnebb_pos.png,False,311.0,4.0,-0.25,-0.050000000000000044,11.120833333333334,Recoletas Salud San Pablo Burgos,False,0.35294117647058826,0.4019607843137255,Surne Bilbao,0.5,-0.1,0.2906649272993093,0.2,1.0,0.8,0.19999999999999996,-2.5999999999999996,-2.75114576219564,-20400.0,0.0,1.0,-0.15,-0.204,1,2.72,17.44,18.256,16.624000000000002,downdown,False
170,O. Balcerowski,Balcerowski,19/11/2000,Olek Balcerowski,Barça,5,462875.0,350000.0,0,fit,False,True,JFL,2,52.0,23.0,202627ValenciaBasket40Anys.png,True,224.0,32.0,11.625,12.98125,19.629166666666666,Unicaja,True,0.7058823529411765,0.6372549019607844,Valencia Basket,0.5980392156862746,0.1,0.6585552959411438,0.3333333333333333,1.0,0.6666666666666667,0.33333333333333326,15.416666666666666,17.44721216248519,69431.25,1.0,0.0,0.15,0.6943125,2,9.2575,-24.2275,-20.061625,-28.393375,upup,False
104,TJ Shorts,Shorts,15/10/1997,TJ Shorts,Valencia Basket,1,723350.0,740000.0,0,fit,False,False,EUR,2,43.2,19.0,2324BarcaLogoweb.png,False,,,,,,,False,0.6470588235294118,0.5980392156862746,Barça,0.6372549019607844,-0.1,0.34144470405885624,0.3333333333333333,1.0,0.6666666666666667,0.33333333333333326,15.069444444444446,16.09852084417739,97814.85305586935,0.852,0.00575,0.13522479167190066,0.9781485305586934,2,14.467,0.2010000000000005,6.711149999999989,-6.3091500000000025,upup,False
242,N. Mirotic,Mirotic,11/02/1991,Nikola Mirotic,Valencia Basket,5,793500.0,600000.0,0,fit,False,True,JFL,2,34.4,15.5,2324BarcaLogoweb.png,False,,,,,,,False,0.6470588235294118,0.5980392156862746,Barça,0.6372549019607844,-0.1,0.34144470405885624,0.3333333333333333,1.0,0.6666666666666667,0.33333333333333326,12.25,13.086539524944198,-3855.0529669382377,0.168,0.193,-0.0048582898134067265,-0.038550529669382376,2,15.87,13.21,20.351499999999994,6.0685,flat,False
111,K. Taylor,Taylor,05/10/1994,Kameron Taylor,Valencia Basket,3,780000.0,630000.0,0,fit,True,False,EXT,2,31.2,14.5,2324BarcaLogoweb.png,False,58.0,22.0,12.772727272727273,14.681818181818182,20.725757575757576,Valencia Basket,False,0.6470588235294118,0.5980392156862746,Barça,0.6372549019607844,-0.1,0.34144470405885624,0.3333333333333333,1.0,0.6666666666666667,0.33333333333333326,13.34848484848485,14.260038740229858,-14435.189372352092,0.148,0.239,-0.018506653041477042,-0.14435189372352092,2,15.6,15.599999999999998,22.619999999999994,8.580000000000002,flat,False
181,K. Punter,Punter,25/06/1993,Kevin Punter,Barça,3,714150.0,540000.0,0,fit,False,False,EUR,2,31.2,14.5,202627ValenciaBasket40Anys.png,True,189.0,31.0,12.161290322580646,14.103225806451613,23.581182795698926,Barça,False,0.7058823529411765,0.6372549019607844,Valencia Basket,0.5980392156862746,0.1,0.6585552959411438,0.3333333333333333,1.0,0.6666666666666667,0.33333333333333326,12.940860215053764,14.645314620785303,27969.294983542408,0.34525,0.13125,0.03916445422326179,0.2796929498354241,2,14.283,11.648999999999997,18.076349999999994,5.22165,up,False
182,J. Núñez,Núñez,04/06/2004,Juan Núñez,Barça,1,230000.0,200000.0,0,fit,False,True,JFL,2,15.6,6.5,202627ValenciaBasket40Anys.png,True,199.0,8.0,6.5,7.875,14.0875,Barça,False,0.7058823529411765,0.6372549019607844,Valencia Basket,0.5980392156862746,0.1,0.6585552959411438,0.3333333333333333,1.0,0.6666666666666667,0.33333333333333326,6.5,7.356121884723486,29226.261372462643,0.868,0.03675,0.1270707016194028,0.2922626137246264,2,4.6,-1.8000000000000007,0.2699999999999978,-3.870000000000001,upup,False
174,O. Nkamhoua,Nkamhoua,02/05/2000,Olivier Nkamhoua,Barça,5,449650.0,340000.0,0,fit,False,False,EUR,2,31.0,14.5,202627ValenciaBasket40Anys.png,True,,,,,,,False,0.7058823529411765,0.6372549019607844,Valencia Basket,0.5980392156862746,0.1,0.6585552959411438,0.3333333333333333,1.0,0.6666666666666667,0.33333333333333326,8.805841924398626,9.965668691305279,63394.41702059901,0.916,0.0055,0.14098613815322808,0.63394417020599,2,8.993,-4.021000000000001,0.025849999999998374,-8.06785,upup,False
113,J. Puerto,Puerto,08/03/1999,Josep Puerto,Valencia Basket,3,264500.0,200000.0,0,fit,False,True,JFL,2,30.0,13.0,2324BarcaLogoweb.png,False,60.0,24.0,5.541666666666667,6.3999999999999995,17.310416666666665,Valencia Basket,False,0.6470588235294118,0.5980392156862746,Barça,0.6372549019607844,-0.1,0.34144470405885624,0.3333333333333333,1.0,0.6666666666666667,0.33333333333333326,8.027777777777777,8.575986219294496,39642.08944610739,0.999,0.0,0.14987557446543437,0.3964208944610739,2,5.29,-14.129999999999999,-11.749500000000001,-16.5105,upup,False
169,J. Parra,Parra,04/04/2000,Joel Parra,Barça,3,634800.0,480000.0,0,fit,False,True,JFL,2,27.6,12.000000000000002,202627ValenciaBasket40Anys.png,True,197.0,32.0,11.75,13.5875,22.0875,Barça,False,0.7058823529411765,0.6372549019607844,Valencia Basket,0.5980392156862746,0.1,0.6585552959411438,0.3333333333333333,1.0,0.6666666666666667,0.33333333333333326,11.833333333333334,13.39191420039404,24838.001477003447,0.35925,0.13725,0.039127286510717466,0.24838001477003446,2,12.696,10.488,16.201199999999993,4.774799999999992,up,False
176,T. Martin,Martin,07/03/1999,Tyrese Martin,Barça,3,703800.0,720000.0,0,fit,True,False,EXT,2,27.4,12.0,202627ValenciaBasket40Anys.png,True,,,,,,,False,0.7058823529411765,0.6372549019607844,Valencia Basket,0.5980392156862746,0.1,0.6585552959411438,0.3333333333333333,1.0,0.6666666666666667,0.33333333333333326,12.41237113402062,14.047217683119872,-9390.088196272613,0.174,0.2535,-0.01334198379692045,-0.09390088196272613,2,14.076,14.828000000000003,21.162200000000006,8.4938,down,False
108,N. Sako,Sako,13/08/1998,Neal Sako,Valencia Basket,5,436425.0,330000.0,0,fit,False,False,EUR,2,23.6,11.0,2324BarcaLogoweb.png,False,56.0,25.0,7.36,8.472000000000001,14.439333333333334,Valencia Basket,False,0.6470588235294118,0.5980392156862746,Barça,0.6372549019607844,-0.1,0.34144470405885624,0.3333333333333333,1.0,0.6666666666666667,0.33333333333333326,8.573333333333334,9.15879718589292,42016.819828223204,0.6485,0.05925,0.09627500676685159,0.42016819828223206,2,8.7285,2.5854999999999997,6.513324999999998,-1.3423250000000024,upup,False
180,D. Brizuela,Brizuela,08/11/1994,Darío Brizuela,Barça,3,423200.0,320000.0,0,fit,False,True,JFL,2,22.0,9.5,202627ValenciaBasket40Anys.png,True,198.0,31.0,6.612903225806452,7.541935483870968,15.40537634408602,Barça,False,0.7058823529411765,0.6372549019607844,Valencia Basket,0.5980392156862746,0.1,0.6585552959411438,0.3333333333333333,1.0,0.6666666666666667,0.33333333333333326,7.575268817204301,8.57301549675384,34113.398369991395,0.57475,0.0905,0.08060821921075471,0.34113398369991393,2,8.464,3.392000000000003,7.200799999999997,-0.41680000000000206,upup,False
179,J. Robinson,Robinson,12/10/1997,Justin Robinson,Barça,1,530000.0,640000.0,0,fit,True,False,EXT,2,21.2,10.0,202627ValenciaBasket40Anys.png,True,,,,,,,False,0.7058823529411765,0.6372549019607844,Valencia Basket,0.5980392156862746,0.1,0.6585552959411438,0.3333333333333333,1.0,0.6666666666666667,0.33333333333333326,10.810996563573884,12.234924371842501,12225.266572278691,0.334,0.20475,0.023066540702412625,0.12225266572278691,2,10.6,10.599999999999998,15.370000000000001,5.830000000000002,up,False
116,A. Cárdenas,Cárdenas,29/04/2002,Álvaro Cárdenas,Valencia Basket,1,230000.0,180000.0,0,fit,False,True,JFL,2,20.8,9.0,2324BarcaLogoweb.png,False,332.0,2.0,0.0,0.7000000000000002,13.075,Valencia Basket,False,0.6470588235294118,0.5980392156862746,Barça,0.6372549019607844,-0.1,0.34144470405885624,0.3333333333333333,1.0,0.6666666666666667,0.33333333333333326,2.999999999999999,3.2048668224353127,32323.244949314685,0.9345,0.01125,0.14053584760571602,0.32323244949314683,2,4.6,-7.000000000000002,-4.930000000000003,-9.070000000000002,upup,False
115,G. Corbalán,Corbalán,03/03/2002,Gonzalo Corbalán,Valencia Basket,3,410550.0,420000.0,0,fit,False,False,EUR,2,13.6,6.5,2324BarcaLogoweb.png,False,231.0,33.0,16.242424242424242,17.757575757575758,25.802020202020202,Recoletas Salud San Pablo Burgos,True,0.6470588235294118,0.5980392156862746,Barça,0.6372549019607844,-0.1,0.34144470405885624,0.3333333333333333,1.0,0.6666666666666667,0.33333333333333326,12.994949494949495,13.882360831862059,15735.66602510045,0.45375,0.2115,0.03832825727706845,0.1573566602510045,2,8.211,11.033000000000003,14.727950000000002,7.338050000000001,up,False
171,A. Ubal,Ubal,19/07/2003,Agustín Ubal,Barça,3,240000.0,250000.0,0,fit,False,True,JFL,2,4.8,2.0,202627ValenciaBasket40Anys.png,True,74.0,31.0,10.580645161290322,11.819354838709677,19.106989247311827,Kids&Us Manresa,True,0.7058823529411765,0.6372549019607844,Valencia Basket,0.5980392156862746,0.1,0.6585552959411438,0.3333333333333333,1.0,0.6666666666666667,0.33333333333333326,7.720430107526882,8.737296134377937,-2877.5252432134293,0.33325,0.41275,-0.01198968851338929,-0.028775252432134295,2,4.8,9.599999999999998,11.759999999999998,7.44,up,False
173,S. Umude,Umude,12/04/1999,Stanley Umude,Barça,3,303025.0,310000.0,0,fit,False,False,COT,2,9.6,4.0,202627ValenciaBasket40Anys.png,True,,,,,,,False,0.7058823529411765,0.6372549019607844,Valencia Basket,0.5980392156862746,0.1,0.6585552959411438,0.3333333333333333,1.0,0.6666666666666667,0.33333333333333326,4.9553264604811,5.607997757214521,-16438.072369628935,0.1755,0.51025,-0.05424658813506785,-0.16438072369628934,2,6.0605,8.5815,11.308725,5.8542749999999995,downdown,False
117,M. Saint-Supery,Saint-Supery,14/04/2006,Mario Saint-Supery,Valencia Basket,1,289000.0,400000.0,0,fit,False,True,JFL,2,6.2,3.0,2324BarcaLogoweb.png,False,,,,,,,False,0.6470588235294118,0.5980392156862746,Barça,0.6372549019607844,-0.1,0.34144470405885624,0.3333333333333333,1.0,0.6666666666666667,0.33333333333333326,5.722222222222222,6.112986716867358,-25410.769793608342,0.103,0.6515,-0.08792653907822956,-0.2541076979360834,2,5.78,11.14,13.741,8.539000000000001,downdown,False
238,J. Rivero,Rivero,31/10/1993,Jasiel Rivero,Valencia Basket,5,223975.0,310000.0,0,fit,False,False,EUR,2,6.2,3.0,2324BarcaLogoweb.png,False,,,,,,,False,0.6470588235294118,0.5980392156862746,Barça,0.6372549019607844,-0.1,0.34144470405885624,0.3333333333333333,1.0,0.6666666666666667,0.33333333333333326,4.659722222222223,4.977929717254852,-10805.766227882297,0.2205,0.53025,-0.04824541233567272,-0.10805766227882298,2,4.4795,7.238499999999999,9.254275,5.222725,downdown,False
240,U. Gibson,Gibson,04/07/1998,Umoja Gibson,Barça,1,216750.0,300000.0,0,fit,False,False,EUR,2,4.8,2.0,202627ValenciaBasket40Anys.png,True,,,,,,,False,0.7058823529411765,0.6372549019607844,Valencia Basket,0.5980392156862746,0.1,0.6585552959411438,0.3333333333333333,1.0,0.6666666666666667,0.33333333333333326,4.171821305841925,4.721296308778384,-14370.001494642085,0.17275,0.5995,-0.06629758475036718,-0.14370001494642085,2,4.335,8.204999999999998,10.155749999999998,6.25425,downdown,False
105,A. Brooks,Brooks,05/06/1998,Armoni Brooks,Valencia Basket,3,426275.0,590000.0,0,fit,True,False,EXT,2,4.6,2.0,2324BarcaLogoweb.png,False,,,,,,,False,0.6470588235294118,0.5980392156862746,Barça,0.6372549019607844,-0.1,0.34144470405885624,0.3333333333333333,1.0,0.6666666666666667,0.33333333333333326,7.631944444444446,8.15312184688984,-59807.62213471235,0.00775,0.91575,-0.14030290806336837,-0.5980762213471235,2,8.5255,20.976499999999994,24.812974999999994,17.140024999999994,downdown,False
172,J. Minaya,Minaya,26/03/1999,Justin Minaya,Barça,3,195075.0,270000.0,0,fit,False,False,COT,2,4.6,2.0,202627ValenciaBasket40Anys.png,True,,,,,,,False,0.7058823529411765,0.6372549019607844,Valencia Basket,0.5980392156862746,0.1,0.6585552959411438,0.3333333333333333,1.0,0.6666666666666667,0.33333333333333326,3.8213058419243993,4.324614081846428,-11190.246723305463,0.20875,0.58,-0.057363817625556646,-0.11190246723305464,2,3.9015,7.1045,8.860175,5.348825,downdown,False
110,N. Reuvers,Reuvers,30/09/1998,Nate Reuvers,Valencia Basket,5,252875.0,350000.0,0,fit,False,False,EUR,2,4.2,2.0,2324BarcaLogoweb.png,False,54.0,30.0,8.733333333333333,10.006666666666666,16.64611111111111,Valencia Basket,False,0.6470588235294118,0.5980392156862746,Barça,0.6372549019607844,-0.1,0.34144470405885624,0.3333333333333333,1.0,0.6666666666666667,0.33333333333333326,6.488888888888889,6.932008238156382,-18773.668247219117,0.152,0.62225,-0.0742409026088744,-0.18773668247219116,2,5.0575,10.9725,13.248375,8.696625000000001,downdown,False
107,Y. Sima,Sima,28/07/1996,Yankuba Sima,Valencia Basket,5,190000.0,190000.0,0,fit,False,True,JFL,0,0.0,,2324BarcaLogoweb.png,False,59.0,19.0,2.9473684210526314,3.5157894736842104,9.128947368421052,Valencia Basket,False,0.6470588235294118,0.5980392156862746,Barça,0.6372549019607844,-0.1,0.34144470405885624,0.0,1.0,1.0,0.0,2.9473684210526314,3.1486410887083784,0.0,0.0,0.0,0.0,0.0,0,3.8,3.8,4.369999999999999,3.23,flat,False
109,D. Osetkowski,Osetkowski,08/08/1996,Dylan Osetkowski,Valencia Basket,5,500000.0,500000.0,0,doubtful,False,False,EUR,0,0.0,,2324BarcaLogoweb.png,False,,,,,,,False,0.6470588235294118,0.5980392156862746,Barça,0.6372549019607844,-0.1,0.34144470405885624,0.0,1.0,1.0,0.0,8.854166666666666,9.458808330104224,0.0,0.0,0.0,0.0,0.0,0,10.0,10.0,11.5,8.5,flat,True
112,L. Marí,Marí,20/10/2005,Lucas Marí,Valencia Basket,3,140000.0,140000.0,0,injured,False,True,JFL,0,0.0,,2324BarcaLogoweb.png,False,,,,,,,False,0.6470588235294118,0.5980392156862746,Barça,0.6372549019607844,-0.1,0.34144470405885624,0.0,1.0,1.0,0.0,2.4791666666666665,2.648466332429183,0.0,0.0,0.0,0.0,0.0,0,2.8,2.8,3.2199999999999998,2.38,flat,True
114,O. Moore,Moore,18/09/2000,Omari Moore,Valencia Basket,3,410000.0,410000.0,0,fit,False,False,EUR,0,0.0,,2324BarcaLogoweb.png,False,47.0,28.0,10.0,11.492857142857144,18.756547619047616,Valencia Basket,False,0.6470588235294118,0.5980392156862746,Barça,0.6372549019607844,-0.1,0.34144470405885624,0.0,1.0,1.0,0.0,10.0,10.682889408117713,0.0,0.0,0.0,0.0,0.0,0,8.2,8.2,9.429999999999998,6.969999999999999,flat,False
175,J. Nebo,Nebo,17/07/1997,Josh Nebo,Barça,5,380000.0,380000.0,0,injured,False,False,EUR,0,0.0,,202627ValenciaBasket40Anys.png,True,,,,,,,False,0.7058823529411765,0.6372549019607844,Valencia Basket,0.5980392156862746,0.1,0.6585552959411438,0.0,1.0,1.0,0.0,6.65979381443299,7.536962311707173,0.0,0.0,0.0,0.0,0.0,0,7.6,7.6,8.739999999999998,6.46,flat,True
177,Y. Makoundou,Makoundou,09/08/2000,Yoan Makoundou,Barça,5,360000.0,360000.0,0,injured,False,False,EUR,0,0.0,,202627ValenciaBasket40Anys.png,True,,,,,,,False,0.7058823529411765,0.6372549019607844,Valencia Basket,0.5980392156862746,0.1,0.6585552959411438,0.0,1.0,1.0,0.0,6.309278350515465,7.140280084775217,0.0,0.0,0.0,0.0,0.0,0,7.2,7.2,8.28,6.12,flat,True
178,T. Evbuomwan,Evbuomwan,16/02/2001,Tosan Evbuomwan,Barça,5,330000.0,330000.0,0,injured,False,False,EUR,0,0.0,,202627ValenciaBasket40Anys.png,True,,,,,,,False,0.7058823529411765,0.6372549019607844,Valencia Basket,0.5980392156862746,0.1,0.6585552959411438,0.0,1.0,1.0,0.0,5.783505154639175,6.545256744377281,0.0,0.0,0.0,0.0,0.0,0,6.6,6.6,7.589999999999999,5.609999999999999,flat,True
106,M. Gueye,Gueye,06/07/1998,Mo Gueye,Valencia Basket,5,310675.0,430000.0,0,fit,False,False,COT,2,-5.0,-2.5,2324BarcaLogoweb.png,False,,,,,,,False,0.6470588235294118,0.5980392156862746,Barça,0.6372549019607844,-0.1,0.34144470405885624,0.3333333333333333,1.0,0.6666666666666667,0.33333333333333326,4.243055555555556,4.532809325249947,-46539.050518348056,0.0,0.9975,-0.14979979244660194,-0.4653905051834806,2,6.2135,23.6405,26.436574999999998,20.844424999999998,downdown,False
