"id","id_competition","competition_name","competition_official_name","competition_initial_date","competition_final_date","competition_url_image","competition_url_image_negative","id_edition","edition_year","id_phase","id_subphase","id_round","id_matchweek","id_match","period","id_edition_license_team","is_local","id_team","id_local_team","local_team_id_team_denomination","local_team_team_actual_name","local_team_team_actual_short_name","local_team_team_abbrev_name","id_visitor_team","visitor_team_id_team_denomination","visitor_team_team_actual_name","visitor_team_team_actual_short_name","visitor_team_team_abbrev_name","match_number","points","time_played","3pt_success","3pt_tried","3pt_percentage","2pt_success","2pt_tried","2pt_percentage","1pt_success","1pt_tried","1pt_percentage","defensive_rebound","offensive_rebound","total_rebound","asis","steals","turnovers","counter_attack","blocks","received_blocks","dunks","personal_fouls","received_fouls","val","differential","tournament_number2","defeats","victories","tie","team_score","rival_team_score","timeouts","time_as_leader","leader_changes","maximun_difference","points_after_steal","points_in_the_paint","second_opportinity_points","bench_points","best_streak"
2081560,1,"Liga Nacional","Liga Endesa",-402534000,NA,"https://www.acb.com/Documentos/Cabeceras/logo-competicion-1b.png","https://www.acb.com/Documentos/Cabeceras/logo-competicion-4a.png",89,2024,107,NA,NA,5819,104060,NA,NA,FALSE,4345,4347,2622,"Leyma Coruña","Leyma Coruña","COR",4345,2620,"Real Madrid","Real Madrid","RMB",1,85,12000,9,24,37,20,31,64,18,29,62,20,7,27,14,13,10,14,2,2,4,19,28,101,-5,-1,13,0,0,85,86,3,2097,2,14,18,36,7,30,10
2081559,1,"Liga Nacional","Liga Endesa",-402534000,NA,"https://www.acb.com/Documentos/Cabeceras/logo-competicion-1b.png","https://www.acb.com/Documentos/Cabeceras/logo-competicion-4a.png",89,2024,107,NA,NA,5819,104060,NA,NA,TRUE,4347,4347,2622,"Leyma Coruña","Leyma Coruña","COR",4345,2620,"Real Madrid","Real Madrid","RMB",1,86,12000,13,29,44,19,37,51,9,13,69,21,13,34,21,5,16,13,3,2,4,28,19,84,5,-1,0,13,0,86,85,5,92,2,2,4,28,10,51,9
2081395,1,"Liga Nacional","Liga Endesa",-402534000,NA,"https://www.acb.com/Documentos/Cabeceras/logo-competicion-1b.png","https://www.acb.com/Documentos/Cabeceras/logo-competicion-4a.png",89,2024,107,NA,NA,5819,104059,NA,NA,TRUE,4343,4343,2618,"Surne Bilbao Basket","Surne Bilbao","SBB",4341,2616,"Río Breogán","Río Breogán","BRE",1,90,12000,7,27,25,19,34,55,31,34,91,34,9,43,19,5,14,15,4,0,5,21,26,114,90,-1,0,13,0,90,72,2,2004,3,22,5,32,7,45,15
2081396,1,"Liga Nacional","Liga Endesa",-402534000,NA,"https://www.acb.com/Documentos/Cabeceras/logo-competicion-1b.png","https://www.acb.com/Documentos/Cabeceras/logo-competicion-4a.png",89,2024,107,NA,NA,5819,104059,NA,NA,FALSE,4341,4343,2618,"Surne Bilbao Basket","Surne Bilbao","SBB",4341,2616,"Río Breogán","Río Breogán","BRE",1,72,12000,9,23,39,17,43,39,11,17,64,24,8,32,15,6,15,9,0,4,2,26,21,55,-90,-1,13,0,0,72,90,5,233,3,6,4,32,5,24,9
2081064,1,"Liga Nacional","Liga Endesa",-402534000,NA,"https://www.acb.com/Documentos/Cabeceras/logo-competicion-1b.png","https://www.acb.com/Documentos/Cabeceras/logo-competicion-4a.png",89,2024,107,NA,NA,5819,104057,NA,NA,FALSE,4338,4335,2605,"La Laguna Tenerife","La Laguna TFE","LLT",4338,2613,"Baskonia","Baskonia","BKN",1,80,12000,11,24,45,17,38,44,13,15,86,20,13,33,15,4,15,11,3,2,2,24,18,76,-40,-1,13,0,0,80,88,5,778,8,7,5,26,8,18,8
2081063,1,"Liga Nacional","Liga Endesa",-402534000,NA,"https://www.acb.com/Documentos/Cabeceras/logo-competicion-1b.png","https://www.acb.com/Documentos/Cabeceras/logo-competicion-4a.png",89,2024,107,NA,NA,5819,104057,NA,NA,TRUE,4335,4335,2605,"La Laguna Tenerife","La Laguna TFE","LLT",4338,2613,"Baskonia","Baskonia","BKN",1,88,12000,10,25,40,19,33,57,20,26,76,21,11,32,17,8,10,9,2,2,1,18,24,106,40,-1,0,13,0,88,80,3,1260,5,14,4,38,8,31,11
2080871,1,"Liga Nacional","Liga Endesa",-402534000,NA,"https://www.acb.com/Documentos/Cabeceras/logo-competicion-1b.png","https://www.acb.com/Documentos/Cabeceras/logo-competicion-4a.png",89,2024,107,NA,NA,5819,104056,NA,NA,TRUE,4342,4342,2617,"Barça","Barça","BAR",4337,2612,"Coviran Granada","Coviran Granada","COV",1,91,12000,8,24,33,26,39,66,15,16,93,26,5,31,18,14,15,15,5,0,4,17,21,118,130,-1,0,13,0,91,65,2,2199,3,29,8,42,0,55,11
2080872,1,"Liga Nacional","Liga Endesa",-402534000,NA,"https://www.acb.com/Documentos/Cabeceras/logo-competicion-1b.png","https://www.acb.com/Documentos/Cabeceras/logo-competicion-4a.png",89,2024,107,NA,NA,5819,104056,NA,NA,FALSE,4337,4342,2617,"Barça","Barça","BAR",4337,2612,"Coviran Granada","Coviran Granada","COV",1,65,12000,9,31,29,15,32,46,8,8,100,23,10,33,13,7,21,4,0,5,0,21,17,49,-130,-1,13,0,0,65,91,5,97,2,2,0,20,3,11,6
2080791,1,"Liga Nacional","Liga Endesa",-402534000,NA,"https://www.acb.com/Documentos/Cabeceras/logo-competicion-1b.png","https://www.acb.com/Documentos/Cabeceras/logo-competicion-4a.png",89,2024,107,NA,NA,5819,104058,NA,NA,TRUE,4334,4334,2609,"Casademont Zaragoza","Casademont Zgz","CAZ",4348,2623,"Hiopos Lleida","Hiopos Lleida","HIO",1,101,13500,10,31,32,26,47,55,19,27,70,32,16,48,19,9,15,11,2,5,1,24,26,111,50,-1,0,13,0,101,91,5,811,7,10,2,42,4,39,9
2080792,1,"Liga Nacional","Liga Endesa",-402534000,NA,"https://www.acb.com/Documentos/Cabeceras/logo-competicion-1b.png","https://www.acb.com/Documentos/Cabeceras/logo-competicion-4a.png",89,2024,107,NA,NA,5819,104058,NA,NA,FALSE,4348,4334,2609,"Casademont Zaragoza","Casademont Zgz","CAZ",4348,2623,"Hiopos Lleida","Hiopos Lleida","HIO",1,91,13500,14,37,37,16,38,42,17,26,65,27,14,41,22,10,15,11,5,1,2,26,22,95,-50,-1,13,0,0,91,101,5,1212,8,11,7,32,7,39,7
2080407,1,"Liga Nacional","Liga Endesa",-402534000,NA,"https://www.acb.com/Documentos/Cabeceras/logo-competicion-1b.png","https://www.acb.com/Documentos/Cabeceras/logo-competicion-4a.png",89,2024,107,NA,NA,5819,104054,NA,NA,TRUE,4331,4331,2606,"MoraBanc Andorra","MoraBanc And","MBA",4336,2611,"Dreamland Gran Canaria","Dreamland GC","DGC",1,71,12000,8,24,33,13,34,38,21,25,84,27,9,36,7,5,19,14,2,5,1,23,21,54,-100,-1,13,0,0,71,91,5,339,2,8,3,26,4,24,10
2080408,1,"Liga Nacional","Liga Endesa",-402534000,NA,"https://www.acb.com/Documentos/Cabeceras/logo-competicion-1b.png","https://www.acb.com/Documentos/Cabeceras/logo-competicion-4a.png",89,2024,107,NA,NA,5819,104054,NA,NA,FALSE,4336,4331,2606,"MoraBanc Andorra","MoraBanc And","MBA",4336,2611,"Dreamland Gran Canaria","Dreamland GC","DGC",1,91,12000,10,27,37,21,40,52,19,22,86,26,9,35,19,12,10,6,5,2,4,22,22,111,100,-1,0,13,0,91,71,2,1696,2,20,2,36,2,53,9
2080487,1,"Liga Nacional","Liga Endesa",-402534000,NA,"https://www.acb.com/Documentos/Cabeceras/logo-competicion-1b.png","https://www.acb.com/Documentos/Cabeceras/logo-competicion-4a.png",89,2024,107,NA,NA,5819,104055,NA,NA,TRUE,4340,4340,2615,"BAXI Manresa","BAXI Manresa","BAX",4339,2614,"Valencia Basket","Valencia Basket","VBC",1,77,12000,5,25,20,24,49,48,14,16,87,31,17,48,12,6,12,11,8,4,4,22,20,86,20,-1,0,13,0,77,73,3,2274,0,20,4,46,10,24,8
2080488,1,"Liga Nacional","Liga Endesa",-402534000,NA,"https://www.acb.com/Documentos/Cabeceras/logo-competicion-1b.png","https://www.acb.com/Documentos/Cabeceras/logo-competicion-4a.png",89,2024,107,NA,NA,5819,104055,NA,NA,FALSE,4339,4340,2615,"BAXI Manresa","BAXI Manresa","BAX",4339,2614,"Valencia Basket","Valencia Basket","VBC",1,73,12000,6,31,19,19,41,46,17,24,70,26,17,43,15,8,12,2,4,7,0,20,22,72,-20,-1,13,0,0,73,77,4,0,0,0,0,32,9,40,8
2080108,1,"Liga Nacional","Liga Endesa",-402534000,NA,"https://www.acb.com/Documentos/Cabeceras/logo-competicion-1b.png","https://www.acb.com/Documentos/Cabeceras/logo-competicion-4a.png",89,2024,107,NA,NA,5819,104052,NA,NA,FALSE,4333,4344,2619,"Joventut Badalona","Joventut","JOV",4333,2608,"UCAM Murcia","UCAM Murcia","UCM",1,76,12000,6,23,26,21,40,52,16,18,88,17,10,27,15,9,13,10,1,5,1,23,21,70,-75,-1,13,0,0,76,91,4,0,0,0,4,40,2,29,5
2080107,1,"Liga Nacional","Liga Endesa",-402534000,NA,"https://www.acb.com/Documentos/Cabeceras/logo-competicion-1b.png","https://www.acb.com/Documentos/Cabeceras/logo-competicion-4a.png",89,2024,107,NA,NA,5819,104052,NA,NA,TRUE,4344,4344,2619,"Joventut Badalona","Joventut","JOV",4333,2608,"UCAM Murcia","UCAM Murcia","UCM",1,91,12000,7,13,53,25,46,54,20,21,95,26,8,34,18,4,14,2,6,1,1,21,19,108,75,-1,0,13,0,91,76,3,2365,0,17,6,42,4,41,7
2080029,1,"Liga Nacional","Liga Endesa",-402534000,NA,"https://www.acb.com/Documentos/Cabeceras/logo-competicion-1b.png","https://www.acb.com/Documentos/Cabeceras/logo-competicion-4a.png",89,2024,107,NA,NA,5819,104053,NA,NA,FALSE,4346,4332,2607,"Unicaja","Unicaja","UNI",4346,2621,"Bàsquet Girona","Bàsquet Girona","GIR",1,73,12000,5,21,23,22,38,57,14,17,82,23,5,28,10,5,18,4,1,1,2,21,17,59,-85,-1,12,0,0,73,90,3,293,1,6,5,40,2,30,8
2080028,1,"Liga Nacional","Liga Endesa",-402534000,NA,"https://www.acb.com/Documentos/Cabeceras/logo-competicion-1b.png","https://www.acb.com/Documentos/Cabeceras/logo-competicion-4a.png",89,2024,107,NA,NA,5819,104053,NA,NA,TRUE,4332,4332,2607,"Unicaja","Unicaja","UNI",4346,2621,"Bàsquet Girona","Bàsquet Girona","GIR",1,90,12000,12,30,40,20,35,57,14,21,66,24,8,32,21,8,14,17,1,1,2,20,21,98,85,-1,0,13,0,90,73,3,1975,1,25,5,40,7,62,15
2081765,1,"Liga Nacional","Liga Endesa",-402534000,NA,"https://www.acb.com/Documentos/Cabeceras/logo-competicion-1b.png","https://www.acb.com/Documentos/Cabeceras/logo-competicion-4a.png",89,2024,107,NA,NA,5820,104062,NA,NA,TRUE,4341,4341,2616,"Río Breogán","Río Breogán","BRE",4335,2605,"La Laguna Tenerife","La Laguna TFE","LLT",1,78,12000,8,21,38,19,33,57,16,23,69,19,9,28,19,8,18,4,4,0,1,22,20,83,-5,-1,13,0,0,78,79,3,207,6,4,8,32,6,26,9
2081766,1,"Liga Nacional","Liga Endesa",-402534000,NA,"https://www.acb.com/Documentos/Cabeceras/logo-competicion-1b.png","https://www.acb.com/Documentos/Cabeceras/logo-competicion-4a.png",89,2024,107,NA,NA,5820,104062,NA,NA,FALSE,4335,4341,2616,"Río Breogán","Río Breogán","BRE",4335,2605,"La Laguna Tenerife","La Laguna TFE","LLT",1,79,12000,8,23,34,19,29,65,17,20,85,20,5,25,16,8,17,6,0,4,2,20,21,80,5,-1,0,13,0,79,78,2,1682,6,12,6,28,0,18,7
2082822,1,"Liga Nacional","Liga Endesa",-402534000,NA,"https://www.acb.com/Documentos/Cabeceras/logo-competicion-1b.png","https://www.acb.com/Documentos/Cabeceras/logo-competicion-4a.png",89,2024,107,NA,NA,5820,104069,NA,NA,FALSE,4342,4348,2623,"Hiopos Lleida","Hiopos Lleida","HIO",4342,2617,"Barça","Barça","BAR",1,78,12000,7,22,31,20,37,54,17,22,77,32,9,41,15,8,25,12,3,1,1,23,25,84,20,-1,0,13,0,78,74,5,2257,1,19,2,36,6,38,9
2082821,1,"Liga Nacional","Liga Endesa",-402534000,NA,"https://www.acb.com/Documentos/Cabeceras/logo-competicion-1b.png","https://www.acb.com/Documentos/Cabeceras/logo-competicion-4a.png",89,2024,107,NA,NA,5820,104069,NA,NA,TRUE,4348,4348,2623,"Hiopos Lleida","Hiopos Lleida","HIO",4342,2617,"Barça","Barça","BAR",1,74,12000,5,33,15,19,38,50,21,25,84,25,14,39,13,14,13,20,1,2,3,25,22,72,-20,-1,13,0,0,74,78,4,76,0,2,12,32,8,41,16
2082595,1,"Liga Nacional","Liga Endesa",-402534000,NA,"https://www.acb.com/Documentos/Cabeceras/logo-competicion-1b.png","https://www.acb.com/Documentos/Cabeceras/logo-competicion-4a.png",89,2024,107,NA,NA,5820,104067,NA,NA,TRUE,4346,4346,2621,"Bàsquet Girona","Bàsquet Girona","GIR",4340,2615,"BAXI Manresa","BAXI Manresa","BAX",1,84,12000,7,21,33,18,41,43,27,37,72,30,12,42,17,7,13,4,6,6,1,27,26,89,20,-1,0,13,0,84,80,4,1268,3,9,2,32,5,53,6
2082596,1,"Liga Nacional","Liga Endesa",-402534000,NA,"https://www.acb.com/Documentos/Cabeceras/logo-competicion-1b.png","https://www.acb.com/Documentos/Cabeceras/logo-competicion-4a.png",89,2024,107,NA,NA,5820,104067,NA,NA,FALSE,4340,4346,2621,"Bàsquet Girona","Bàsquet Girona","GIR",4340,2615,"BAXI Manresa","BAXI Manresa","BAX",1,80,12000,7,29,24,17,37,45,25,28,89,30,10,40,16,5,16,8,7,5,4,28,26,80,-20,-1,13,0,0,80,84,5,1045,2,10,5,30,9,33,11
2082562,1,"Liga Nacional","Liga Endesa",-402534000,NA,"https://www.acb.com/Documentos/Cabeceras/logo-competicion-1b.png","https://www.acb.com/Documentos/Cabeceras/logo-competicion-4a.png",89,2024,107,NA,NA,5820,104068,NA,NA,FALSE,4332,4337,2612,"Coviran Granada","Coviran Granada","COV",4332,2607,"Unicaja","Unicaja","UNI",1,84,12000,6,18,33,28,41,68,10,14,71,35,9,44,22,5,17,18,0,1,5,23,19,104,80,-1,0,13,0,84,68,1,2279,2,23,9,50,6,53,11
2082561,1,"Liga Nacional","Liga Endesa",-402534000,NA,"https://www.acb.com/Documentos/Cabeceras/logo-competicion-1b.png","https://www.acb.com/Documentos/Cabeceras/logo-competicion-4a.png",89,2024,107,NA,NA,5820,104068,NA,NA,TRUE,4337,4337,2612,"Coviran Granada","Coviran Granada","COV",4332,2607,"Unicaja","Unicaja","UNI",1,68,12000,10,32,31,9,28,32,20,29,68,18,8,26,14,9,9,12,1,0,1,19,22,62,-80,-1,13,0,0,68,84,4,0,2,1,7,16,0,35,7
2082362,1,"Liga Nacional","Liga Endesa",-402534000,NA,"https://www.acb.com/Documentos/Cabeceras/logo-competicion-1b.png","https://www.acb.com/Documentos/Cabeceras/logo-competicion-4a.png",89,2024,107,NA,NA,5820,104066,NA,NA,FALSE,4347,4336,2611,"Dreamland Gran Canaria","Dreamland GC","DGC",4347,2622,"Leyma Coruña","Leyma Coruña","COR",1,72,12000,6,27,22,18,40,45,18,20,90,30,15,45,18,5,11,4,2,1,2,22,19,82,-40,-1,13,0,0,72,80,5,587,0,8,0,32,9,42,6
2082361,1,"Liga Nacional","Liga Endesa",-402534000,NA,"https://www.acb.com/Documentos/Cabeceras/logo-competicion-1b.png","https://www.acb.com/Documentos/Cabeceras/logo-competicion-4a.png",89,2024,107,NA,NA,5820,104066,NA,NA,TRUE,4336,4336,2611,"Dreamland Gran Canaria","Dreamland GC","DGC",4347,2622,"Leyma Coruña","Leyma Coruña","COR",1,80,12000,8,28,28,21,32,65,14,22,63,28,5,33,17,6,7,6,2,2,1,19,22,93,40,-1,0,13,0,80,72,2,1666,1,17,2,40,2,42,12
2082277,1,"Liga Nacional","Liga Endesa",-402534000,NA,"https://www.acb.com/Documentos/Cabeceras/logo-competicion-1b.png","https://www.acb.com/Documentos/Cabeceras/logo-competicion-4a.png",89,2024,107,NA,NA,5820,104065,NA,NA,TRUE,4345,4345,2620,"Real Madrid","Real Madrid","RMB",4334,2609,"Casademont Zaragoza","Casademont Zgz","CAZ",1,101,12000,8,24,33,26,39,66,25,29,86,22,13,35,20,8,14,9,5,1,1,21,28,128,30,-1,0,13,0,101,95,5,1986,6,10,7,44,8,57,8
2082278,1,"Liga Nacional","Liga Endesa",-402534000,NA,"https://www.acb.com/Documentos/Cabeceras/logo-competicion-1b.png","https://www.acb.com/Documentos/Cabeceras/logo-competicion-4a.png",89,2024,107,NA,NA,5820,104065,NA,NA,FALSE,4334,4345,2620,"Real Madrid","Real Madrid","RMB",4334,2609,"Casademont Zaragoza","Casademont Zgz","CAZ",1,95,12000,12,30,40,25,44,56,9,11,81,17,12,29,22,6,11,6,1,5,0,29,20,89,-30,-1,13,0,0,95,101,5,189,6,5,8,44,12,47,8
2081994,1,"Liga Nacional","Liga Endesa",-402534000,NA,"https://www.acb.com/Documentos/Cabeceras/logo-competicion-1b.png","https://www.acb.com/Documentos/Cabeceras/logo-competicion-4a.png",89,2024,107,NA,NA,5820,104063,NA,NA,FALSE,4343,4333,2608,"UCAM Murcia","UCAM Murcia","UCM",4343,2618,"Surne Bilbao Basket","Surne Bilbao","SBB",1,83,13500,7,24,29,21,35,60,20,31,64,29,7,36,16,7,17,9,4,1,3,24,27,89,-30,-1,13,0,0,83,89,5,1207,3,12,6,40,4,55,10
2081993,1,"Liga Nacional","Liga Endesa",-402534000,NA,"https://www.acb.com/Documentos/Cabeceras/logo-competicion-1b.png","https://www.acb.com/Documentos/Cabeceras/logo-competicion-4a.png",89,2024,107,NA,NA,5820,104063,NA,NA,TRUE,4333,4333,2608,"UCAM Murcia","UCAM Murcia","UCM",4343,2618,"Surne Bilbao Basket","Surne Bilbao","SBB",1,89,13500,9,28,32,23,53,43,16,29,55,30,21,51,16,10,13,13,1,4,2,27,23,84,30,-1,0,13,0,89,83,5,1299,2,12,2,44,10,25,10
2081964,1,"Liga Nacional","Liga Endesa",-402534000,NA,"https://www.acb.com/Documentos/Cabeceras/logo-competicion-1b.png","https://www.acb.com/Documentos/Cabeceras/logo-competicion-4a.png",89,2024,107,NA,NA,5820,104064,NA,NA,FALSE,4344,4339,2614,"Valencia Basket","Valencia Basket","VBC",4344,2619,"Joventut Badalona","Joventut","JOV",1,60,12000,9,31,29,13,24,54,7,8,87,22,10,32,12,4,22,2,5,3,2,20,17,51,-120,-1,13,0,0,60,84,5,524,1,7,0,24,2,26,8
2081963,1,"Liga Nacional","Liga Endesa",-402534000,NA,"https://www.acb.com/Documentos/Cabeceras/logo-competicion-1b.png","https://www.acb.com/Documentos/Cabeceras/logo-competicion-4a.png",89,2024,107,NA,NA,5820,104064,NA,NA,TRUE,4339,4339,2614,"Valencia Basket","Valencia Basket","VBC",4344,2619,"Joventut Badalona","Joventut","JOV",1,84,12000,5,30,16,27,54,50,15,17,88,21,26,47,20,12,9,12,3,5,3,17,20,101,120,-1,0,13,0,84,60,2,1836,2,27,6,48,15,33,9
2081736,1,"Liga Nacional","Liga Endesa",-402534000,NA,"https://www.acb.com/Documentos/Cabeceras/logo-competicion-1b.png","https://www.acb.com/Documentos/Cabeceras/logo-competicion-4a.png",89,2024,107,NA,NA,5820,104061,NA,NA,FALSE,4331,4338,2613,"Baskonia","Baskonia","BKN",4331,2606,"MoraBanc Andorra","MoraBanc And","MBA",1,95,12000,13,35,37,20,40,50,16,18,88,24,14,38,21,9,8,13,4,2,2,25,17,105,20,-1,0,13,0,95,91,3,2173,2,12,3,26,10,40,9
2081735,1,"Liga Nacional","Liga Endesa",-402534000,NA,"https://www.acb.com/Documentos/Cabeceras/logo-competicion-1b.png","https://www.acb.com/Documentos/Cabeceras/logo-competicion-4a.png",89,2024,107,NA,NA,5820,104061,NA,NA,TRUE,4338,4338,2613,"Baskonia","Baskonia","BKN",4331,2606,"MoraBanc Andorra","MoraBanc And","MBA",1,91,12000,12,34,35,19,33,57,17,20,85,25,13,38,18,5,16,7,2,4,3,19,25,101,-20,-1,13,0,0,91,95,5,49,1,2,2,32,3,33,11
2084091,1,"Liga Nacional","Liga Endesa",-402534000,NA,"https://www.acb.com/Documentos/Cabeceras/logo-competicion-1b.png","https://www.acb.com/Documentos/Cabeceras/logo-competicion-4a.png",89,2024,107,NA,NA,5821,104078,NA,NA,FALSE,4342,4335,2605,"La Laguna Tenerife","La Laguna TFE","LLT",4342,2617,"Barça","Barça","BAR",1,95,12000,14,27,51,19,28,67,15,19,78,27,3,30,24,4,10,0,2,1,4,23,20,115,20,-1,0,13,0,95,91,5,884,6,11,0,26,0,59,7
2084090,1,"Liga Nacional","Liga Endesa",-402534000,NA,"https://www.acb.com/Documentos/Cabeceras/logo-competicion-1b.png","https://www.acb.com/Documentos/Cabeceras/logo-competicion-4a.png",89,2024,107,NA,NA,5821,104078,NA,NA,TRUE,4335,4335,2605,"La Laguna Tenerife","La Laguna TFE","LLT",4342,2617,"Barça","Barça","BAR",1,91,12000,12,33,36,18,32,56,19,24,79,19,8,27,20,7,5,2,1,2,3,20,23,102,-20,-1,13,0,0,91,95,3,1229,6,9,4,34,5,40,14
2083922,1,"Liga Nacional","Liga Endesa",-402534000,NA,"https://www.acb.com/Documentos/Cabeceras/logo-competicion-1b.png","https://www.acb.com/Documentos/Cabeceras/logo-competicion-4a.png",89,2024,107,NA,NA,5821,104076,NA,NA,TRUE,4341,4341,2616,"Río Breogán","Río Breogán","BRE",4339,2614,"Valencia Basket","Valencia Basket","VBC",1,75,12000,5,24,20,22,42,52,16,23,69,27,11,38,15,13,13,12,1,5,1,17,24,85,-60,-1,13,0,0,75,87,3,232,3,5,6,44,9,40,10
2083923,1,"Liga Nacional","Liga Endesa",-402534000,NA,"https://www.acb.com/Documentos/Cabeceras/logo-competicion-1b.png","https://www.acb.com/Documentos/Cabeceras/logo-competicion-4a.png",89,2024,107,NA,NA,5821,104076,NA,NA,FALSE,4339,4341,2616,"Río Breogán","Río Breogán","BRE",4339,2614,"Valencia Basket","Valencia Basket","VBC",1,87,12000,19,49,38,13,26,50,4,7,57,27,17,44,23,9,16,15,5,1,2,24,17,98,60,-1,0,13,0,87,75,2,1961,3,20,10,22,7,31,12
2083864,1,"Liga Nacional","Liga Endesa",-402534000,NA,"https://www.acb.com/Documentos/Cabeceras/logo-competicion-1b.png","https://www.acb.com/Documentos/Cabeceras/logo-competicion-4a.png",89,2024,107,NA,NA,5821,104077,NA,NA,TRUE,4334,4334,2609,"Casademont Zaragoza","Casademont Zgz","CAZ",4344,2619,"Joventut Badalona","Joventut","JOV",1,96,13500,11,30,36,19,39,48,25,29,86,24,13,37,17,10,21,6,1,4,2,25,27,95,5,-1,0,13,0,96,95,3,1725,5,14,11,34,2,25,7
2083865,1,"Liga Nacional","Liga Endesa",-402534000,NA,"https://www.acb.com/Documentos/Cabeceras/logo-competicion-1b.png","https://www.acb.com/Documentos/Cabeceras/logo-competicion-4a.png",89,2024,107,NA,NA,5821,104077,NA,NA,FALSE,4344,4334,2609,"Casademont Zaragoza","Casademont Zgz","CAZ",4344,2619,"Joventut Badalona","Joventut","JOV",1,95,13500,10,21,47,25,41,60,15,26,57,26,4,30,18,11,23,10,4,1,3,31,25,90,-5,-1,13,0,0,95,96,6,497,4,7,10,42,2,60,8
2083583,1,"Liga Nacional","Liga Endesa",-402534000,NA,"https://www.acb.com/Documentos/Cabeceras/logo-competicion-1b.png","https://www.acb.com/Documentos/Cabeceras/logo-competicion-4a.png",89,2024,107,NA,NA,5821,104074,NA,NA,FALSE,4345,4343,2618,"Surne Bilbao Basket","Surne Bilbao","SBB",4345,2620,"Real Madrid","Real Madrid","RMB",1,79,12000,12,31,38,13,32,40,17,23,73,28,13,41,17,7,14,12,5,3,3,26,21,83,-20,-1,13,0,0,79,83,5,350,0,5,5,26,2,30,9
2083582,1,"Liga Nacional","Liga Endesa",-402534000,NA,"https://www.acb.com/Documentos/Cabeceras/logo-competicion-1b.png","https://www.acb.com/Documentos/Cabeceras/logo-competicion-4a.png",89,2024,107,NA,NA,5821,104074,NA,NA,TRUE,4343,4343,2618,"Surne Bilbao Basket","Surne Bilbao","SBB",4345,2620,"Real Madrid","Real Madrid","RMB",1,83,12000,10,25,40,16,37,43,21,28,75,26,11,37,15,5,9,8,4,4,4,21,24,91,20,-1,0,13,0,83,79,2,2003,1,15,6,28,8,34,8
2083612,1,"Liga Nacional","Liga Endesa",-402534000,NA,"https://www.acb.com/Documentos/Cabeceras/logo-competicion-1b.png","https://www.acb.com/Documentos/Cabeceras/logo-competicion-4a.png",89,2024,107,NA,NA,5821,104075,NA,NA,TRUE,4340,4340,2615,"BAXI Manresa","BAXI Manresa","BAX",4336,2611,"Dreamland Gran Canaria","Dreamland GC","DGC",1,79,12000,9,30,30,16,38,42,20,21,95,27,13,40,13,9,12,10,2,1,2,26,20,80,105,-1,0,13,0,79,58,1,1695,3,26,8,32,10,31,12
2083613,1,"Liga Nacional","Liga Endesa",-402534000,NA,"https://www.acb.com/Documentos/Cabeceras/logo-competicion-1b.png","https://www.acb.com/Documentos/Cabeceras/logo-competicion-4a.png",89,2024,107,NA,NA,5821,104075,NA,NA,FALSE,4336,4340,2615,"BAXI Manresa","BAXI Manresa","BAX",4336,2611,"Dreamland Gran Canaria","Dreamland GC","DGC",1,58,12000,4,23,17,18,38,47,10,17,58,27,14,41,11,6,20,10,1,2,2,21,25,53,-105,-1,13,0,0,58,79,5,484,3,6,5,34,10,35,8
2083335,1,"Liga Nacional","Liga Endesa",-402534000,NA,"https://www.acb.com/Documentos/Cabeceras/logo-competicion-1b.png","https://www.acb.com/Documentos/Cabeceras/logo-competicion-4a.png",89,2024,107,NA,NA,5821,104072,NA,NA,FALSE,4347,4331,2606,"MoraBanc Andorra","MoraBanc And","MBA",4347,2622,"Leyma Coruña","Leyma Coruña","COR",1,87,12000,15,39,38,11,33,33,20,26,76,19,19,38,21,8,18,9,0,4,2,21,24,83,-125,-1,13,0,0,87,112,5,0,1,1,7,18,11,35,11
2083334,1,"Liga Nacional","Liga Endesa",-402534000,NA,"https://www.acb.com/Documentos/Cabeceras/logo-competicion-1b.png","https://www.acb.com/Documentos/Cabeceras/logo-competicion-4a.png",89,2024,107,NA,NA,5821,104072,NA,NA,TRUE,4331,4331,2606,"MoraBanc Andorra","MoraBanc And","MBA",4347,2622,"Leyma Coruña","Leyma Coruña","COR",1,112,12000,15,30,50,26,37,70,15,17,88,26,8,34,20,10,16,19,4,0,2,25,20,131,125,-1,0,13,0,112,87,3,2334,1,31,9,48,6,39,14
2083303,1,"Liga Nacional","Liga Endesa",-402534000,NA,"https://www.acb.com/Documentos/Cabeceras/logo-competicion-1b.png","https://www.acb.com/Documentos/Cabeceras/logo-competicion-4a.png",89,2024,107,NA,NA,5821,104073,NA,NA,TRUE,4346,4346,2621,"Bàsquet Girona","Bàsquet Girona","GIR",4337,2612,"Coviran Granada","Coviran Granada","COV",1,52,12000,3,20,15,16,38,42,11,18,61,26,5,31,10,6,17,12,0,4,3,21,23,34,-150,-1,13,0,0,52,82,4,367,0,4,0,32,5,22,6
2083304,1,"Liga Nacional","Liga Endesa",-402534000,NA,"https://www.acb.com/Documentos/Cabeceras/logo-competicion-1b.png","https://www.acb.com/Documentos/Cabeceras/logo-competicion-4a.png",89,2024,107,NA,NA,5821,104073,NA,NA,FALSE,4337,4346,2621,"Bàsquet Girona","Bàsquet Girona","GIR",4337,2612,"Coviran Granada","Coviran Granada","COV",1,82,12000,10,29,34,19,40,47,14,16,87,37,12,49,17,12,13,9,4,0,1,23,21,107,150,-1,0,12,0,82,52,3,1920,1,30,4,36,4,39,10
2083021,1,"Liga Nacional","Liga Endesa",-402534000,NA,"https://www.acb.com/Documentos/Cabeceras/logo-competicion-1b.png","https://www.acb.com/Documentos/Cabeceras/logo-competicion-4a.png",89,2024,107,NA,NA,5821,104070,NA,NA,TRUE,4338,4338,2613,"Baskonia","Baskonia","BKN",4333,2608,"UCAM Murcia","UCAM Murcia","UCM",1,95,13500,8,17,47,24,42,57,23,31,74,28,7,35,16,7,14,12,3,1,5,21,27,112,15,-1,0,13,0,95,92,6,452,4,6,9,46,2,29,8
2083022,1,"Liga Nacional","Liga Endesa",-402534000,NA,"https://www.acb.com/Documentos/Cabeceras/logo-competicion-1b.png","https://www.acb.com/Documentos/Cabeceras/logo-competicion-4a.png",89,2024,107,NA,NA,5821,104070,NA,NA,FALSE,4333,4338,2613,"Baskonia","Baskonia","BKN",4333,2608,"UCAM Murcia","UCAM Murcia","UCM",1,92,13500,13,33,39,19,33,57,15,23,65,25,8,33,20,10,13,8,1,2,0,27,21,93,-15,-1,13,0,0,92,95,6,1872,3,11,3,32,6,39,7
2082990,1,"Liga Nacional","Liga Endesa",-402534000,NA,"https://www.acb.com/Documentos/Cabeceras/logo-competicion-1b.png","https://www.acb.com/Documentos/Cabeceras/logo-competicion-4a.png",89,2024,107,NA,NA,5821,104071,NA,NA,FALSE,4348,4332,2607,"Unicaja","Unicaja","UNI",4348,2623,"Hiopos Lleida","Hiopos Lleida","HIO",1,63,12000,7,26,26,17,33,51,8,11,72,19,9,28,11,8,23,7,2,3,0,18,17,47,-190,-1,13,0,0,63,101,4,191,0,4,9,34,6,38,6
2082989,1,"Liga Nacional","Liga Endesa",-402534000,NA,"https://www.acb.com/Documentos/Cabeceras/logo-competicion-1b.png","https://www.acb.com/Documentos/Cabeceras/logo-competicion-4a.png",89,2024,107,NA,NA,5821,104071,NA,NA,TRUE,4332,4332,2607,"Unicaja","Unicaja","UNI",4348,2623,"Hiopos Lleida","Hiopos Lleida","HIO",1,101,12000,13,29,44,26,41,63,10,16,62,27,12,39,31,18,11,14,3,2,5,17,18,143,190,-1,0,13,0,101,63,1,2083,1,42,9,50,8,66,17
2085376,1,"Liga Nacional","Liga Endesa",-402534000,NA,"https://www.acb.com/Documentos/Cabeceras/logo-competicion-1b.png","https://www.acb.com/Documentos/Cabeceras/logo-competicion-4a.png",89,2024,107,NA,NA,5822,104087,NA,NA,TRUE,4342,4342,2617,"Barça","Barça","BAR",4338,2613,"Baskonia","Baskonia","BKN",1,89,12000,10,21,47,22,40,55,15,17,88,18,7,25,23,8,14,10,0,0,5,22,17,95,-20,-1,13,0,0,89,93,3,257,2,5,5,40,6,44,6
2085377,1,"Liga Nacional","Liga Endesa",-402534000,NA,"https://www.acb.com/Documentos/Cabeceras/logo-competicion-1b.png","https://www.acb.com/Documentos/Cabeceras/logo-competicion-4a.png",89,2024,107,NA,NA,5822,104087,NA,NA,FALSE,4338,4342,2617,"Barça","Barça","BAR",4338,2613,"Baskonia","Baskonia","BKN",1,93,12000,9,22,40,21,33,63,24,31,77,20,9,29,19,8,14,6,0,0,4,18,21,106,20,-1,0,12,0,93,89,3,1863,3,10,0,36,7,39,9
2085178,1,"Liga Nacional","Liga Endesa",-402534000,NA,"https://www.acb.com/Documentos/Cabeceras/logo-competicion-1b.png","https://www.acb.com/Documentos/Cabeceras/logo-competicion-4a.png",89,2024,107,NA,NA,5822,104086,NA,NA,TRUE,4339,4339,2614,"Valencia Basket","Valencia Basket","VBC",4331,2606,"MoraBanc Andorra","MoraBanc And","MBA",1,89,12000,12,34,35,20,40,50,13,21,61,23,20,43,18,4,9,11,3,4,2,21,19,92,5,-1,0,13,0,89,88,4,1413,7,14,3,32,8,33,12
2085179,1,"Liga Nacional","Liga Endesa",-402534000,NA,"https://www.acb.com/Documentos/Cabeceras/logo-competicion-1b.png","https://www.acb.com/Documentos/Cabeceras/logo-competicion-4a.png",89,2024,107,NA,NA,5822,104086,NA,NA,FALSE,4331,4339,2614,"Valencia Basket","Valencia Basket","VBC",4331,2606,"MoraBanc Andorra","MoraBanc And","MBA",1,88,12000,12,27,44,18,35,51,16,22,72,22,9,31,17,6,9,4,4,3,0,19,21,98,-5,-1,13,0,0,88,89,5,779,7,10,0,28,5,42,14
2085150,1,"Liga Nacional","Liga Endesa",-402534000,NA,"https://www.acb.com/Documentos/Cabeceras/logo-competicion-1b.png","https://www.acb.com/Documentos/Cabeceras/logo-competicion-4a.png",89,2024,107,NA,NA,5822,104085,NA,NA,TRUE,4337,4337,2612,"Coviran Granada","Coviran Granada","COV",4335,2605,"La Laguna Tenerife","La Laguna TFE","LLT",1,75,12000,9,24,37,18,34,52,12,15,80,15,9,24,17,10,13,2,3,4,1,23,18,73,-55,-1,13,0,0,75,86,4,387,2,5,2,32,7,23,8
2085151,1,"Liga Nacional","Liga Endesa",-402534000,NA,"https://www.acb.com/Documentos/Cabeceras/logo-competicion-1b.png","https://www.acb.com/Documentos/Cabeceras/logo-competicion-4a.png",89,2024,107,NA,NA,5822,104085,NA,NA,FALSE,4335,4337,2612,"Coviran Granada","Coviran Granada","COV",4335,2605,"La Laguna Tenerife","La Laguna TFE","LLT",1,86,12000,8,20,40,20,32,62,22,26,84,22,9,31,14,7,17,4,4,3,4,18,22,98,55,-1,0,13,0,86,75,3,1511,3,19,9,36,6,20,11
2084870,1,"Liga Nacional","Liga Endesa",-402534000,NA,"https://www.acb.com/Documentos/Cabeceras/logo-competicion-1b.png","https://www.acb.com/Documentos/Cabeceras/logo-competicion-4a.png",89,2024,107,NA,NA,5822,104083,NA,NA,TRUE,4345,4345,2620,"Real Madrid","Real Madrid","RMB",4346,2621,"Bàsquet Girona","Bàsquet Girona","GIR",1,95,12000,8,19,42,23,35,65,25,30,83,28,7,35,16,6,11,4,3,1,2,17,24,122,140,-1,0,13,0,95,67,0,2144,2,37,7,42,8,54,17
2084871,1,"Liga Nacional","Liga Endesa",-402534000,NA,"https://www.acb.com/Documentos/Cabeceras/logo-competicion-1b.png","https://www.acb.com/Documentos/Cabeceras/logo-competicion-4a.png",89,2024,107,NA,NA,5822,104083,NA,NA,FALSE,4346,4345,2620,"Real Madrid","Real Madrid","RMB",4346,2621,"Bàsquet Girona","Bàsquet Girona","GIR",1,67,12000,9,26,34,15,40,37,10,11,90,16,13,29,12,6,13,11,1,3,0,24,17,49,-140,-1,13,0,0,67,95,4,7,2,2,9,26,5,27,7
2084899,1,"Liga Nacional","Liga Endesa",-402534000,NA,"https://www.acb.com/Documentos/Cabeceras/logo-competicion-1b.png","https://www.acb.com/Documentos/Cabeceras/logo-competicion-4a.png",89,2024,107,NA,NA,5822,104084,NA,NA,FALSE,4340,4348,2623,"Hiopos Lleida","Hiopos Lleida","HIO",4340,2615,"BAXI Manresa","BAXI Manresa","BAX",1,81,12000,10,36,27,13,25,52,25,33,75,21,14,35,18,10,20,11,1,1,4,26,30,82,-10,-1,13,0,0,81,83,5,973,5,7,4,26,3,44,8
2084898,1,"Liga Nacional","Liga Endesa",-402534000,NA,"https://www.acb.com/Documentos/Cabeceras/logo-competicion-1b.png","https://www.acb.com/Documentos/Cabeceras/logo-competicion-4a.png",89,2024,107,NA,NA,5822,104084,NA,NA,TRUE,4348,4348,2623,"Hiopos Lleida","Hiopos Lleida","HIO",4340,2615,"BAXI Manresa","BAXI Manresa","BAX",1,83,12000,9,28,32,19,35,54,18,24,75,24,12,36,17,8,17,8,1,1,1,30,24,80,10,-1,0,13,0,83,81,2,950,6,11,4,32,9,49,12
2084615,1,"Liga Nacional","Liga Endesa",-402534000,NA,"https://www.acb.com/Documentos/Cabeceras/logo-competicion-1b.png","https://www.acb.com/Documentos/Cabeceras/logo-competicion-4a.png",89,2024,107,NA,NA,5822,104081,NA,NA,FALSE,4343,4336,2611,"Dreamland Gran Canaria","Dreamland GC","DGC",4343,2618,"Surne Bilbao Basket","Surne Bilbao","SBB",1,67,12000,9,28,32,17,33,51,6,9,66,19,10,29,14,7,12,5,2,3,3,22,16,60,-65,-1,13,0,0,67,80,3,1499,3,9,4,26,11,29,5
2084614,1,"Liga Nacional","Liga Endesa",-402534000,NA,"https://www.acb.com/Documentos/Cabeceras/logo-competicion-1b.png","https://www.acb.com/Documentos/Cabeceras/logo-competicion-4a.png",89,2024,107,NA,NA,5822,104081,NA,NA,TRUE,4336,4336,2611,"Dreamland Gran Canaria","Dreamland GC","DGC",4343,2618,"Surne Bilbao Basket","Surne Bilbao","SBB",1,80,12000,9,25,36,17,29,58,19,29,65,26,11,37,14,8,12,6,3,2,1,17,22,95,65,-1,0,13,0,80,67,1,675,4,13,2,28,7,23,12
2084584,1,"Liga Nacional","Liga Endesa",-402534000,NA,"https://www.acb.com/Documentos/Cabeceras/logo-competicion-1b.png","https://www.acb.com/Documentos/Cabeceras/logo-competicion-4a.png",89,2024,107,NA,NA,5822,104082,NA,NA,TRUE,4333,4333,2608,"UCAM Murcia","UCAM Murcia","UCM",4334,2609,"Casademont Zaragoza","Casademont Zgz","CAZ",1,88,12000,11,32,34,22,38,57,11,17,64,24,14,38,18,11,11,27,4,0,1,22,19,102,70,-1,0,13,0,88,74,3,994,3,16,13,42,10,40,9
2084585,1,"Liga Nacional","Liga Endesa",-402534000,NA,"https://www.acb.com/Documentos/Cabeceras/logo-competicion-1b.png","https://www.acb.com/Documentos/Cabeceras/logo-competicion-4a.png",89,2024,107,NA,NA,5822,104082,NA,NA,FALSE,4334,4333,2608,"UCAM Murcia","UCAM Murcia","UCM",4334,2609,"Casademont Zaragoza","Casademont Zgz","CAZ",1,74,12000,5,21,23,24,38,63,11,20,55,26,8,34,4,6,15,4,0,4,0,19,22,63,-70,-1,13,0,0,74,88,3,1150,2,13,11,42,11,32,7
2084396,1,"Liga Nacional","Liga Endesa",-402534000,NA,"https://www.acb.com/Documentos/Cabeceras/logo-competicion-1b.png","https://www.acb.com/Documentos/Cabeceras/logo-competicion-4a.png",89,2024,107,NA,NA,5822,104080,NA,NA,FALSE,4332,4347,2622,"Leyma Coruña","Leyma Coruña","COR",4332,2607,"Unicaja","Unicaja","UNI",1,90,12000,13,35,37,18,33,54,15,18,83,25,8,33,21,8,8,8,2,3,2,23,20,100,35,-1,0,13,0,90,83,3,2382,0,18,11,32,3,36,8
2084395,1,"Liga Nacional","Liga Endesa",-402534000,NA,"https://www.acb.com/Documentos/Cabeceras/logo-competicion-1b.png","https://www.acb.com/Documentos/Cabeceras/logo-competicion-4a.png",89,2024,107,NA,NA,5822,104080,NA,NA,TRUE,4347,4347,2622,"Leyma Coruña","Leyma Coruña","COR",4332,2607,"Unicaja","Unicaja","UNI",1,83,12000,8,23,34,24,39,61,11,24,45,29,9,38,29,6,14,12,4,2,4,21,23,103,-35,-1,12,0,0,83,90,5,0,0,0,4,46,7,44,7
2084314,1,"Liga Nacional","Liga Endesa",-402534000,NA,"https://www.acb.com/Documentos/Cabeceras/logo-competicion-1b.png","https://www.acb.com/Documentos/Cabeceras/logo-competicion-4a.png",89,2024,107,NA,NA,5822,104079,NA,NA,TRUE,4344,4344,2619,"Joventut Badalona","Joventut","JOV",4341,2616,"Río Breogán","Río Breogán","BRE",1,70,12000,5,21,23,18,37,48,19,23,82,28,7,35,14,8,11,12,2,4,2,22,20,73,-30,-1,13,0,0,70,76,5,444,7,7,5,32,7,34,9
2084315,1,"Liga Nacional","Liga Endesa",-402534000,NA,"https://www.acb.com/Documentos/Cabeceras/logo-competicion-1b.png","https://www.acb.com/Documentos/Cabeceras/logo-competicion-4a.png",89,2024,107,NA,NA,5822,104079,NA,NA,FALSE,4341,4344,2619,"Joventut Badalona","Joventut","JOV",4341,2616,"Río Breogán","Río Breogán","BRE",1,76,12000,10,26,38,17,43,39,12,15,80,29,14,43,16,5,12,10,4,2,0,21,22,86,30,-1,0,12,0,76,70,3,1236,8,7,2,28,6,22,8
2086647,1,"Liga Nacional","Liga Endesa",-402534000,NA,"https://www.acb.com/Documentos/Cabeceras/logo-competicion-1b.png","https://www.acb.com/Documentos/Cabeceras/logo-competicion-4a.png",89,2024,107,NA,NA,5823,104096,NA,NA,TRUE,4332,4332,2607,"Unicaja","Unicaja","UNI",4342,2617,"Barça","Barça","BAR",1,103,12000,7,25,28,28,42,66,26,34,76,22,9,31,17,7,8,11,1,3,2,19,26,115,35,-1,0,13,0,103,96,2,2209,1,13,2,40,6,44,8
2086648,1,"Liga Nacional","Liga Endesa",-402534000,NA,"https://www.acb.com/Documentos/Cabeceras/logo-competicion-1b.png","https://www.acb.com/Documentos/Cabeceras/logo-competicion-4a.png",89,2024,107,NA,NA,5823,104096,NA,NA,FALSE,4342,4332,2607,"Unicaja","Unicaja","UNI",4342,2617,"Barça","Barça","BAR",1,96,12000,8,24,33,30,44,68,12,15,80,24,7,31,22,4,13,15,3,1,7,26,19,102,-35,-1,13,0,0,96,103,4,156,0,4,2,48,4,56,7
2086431,1,"Liga Nacional","Liga Endesa",-402534000,NA,"https://www.acb.com/Documentos/Cabeceras/logo-competicion-1b.png","https://www.acb.com/Documentos/Cabeceras/logo-competicion-4a.png",89,2024,107,NA,NA,5823,104094,NA,NA,TRUE,4343,4343,2618,"Surne Bilbao Basket","Surne Bilbao","SBB",4339,2614,"Valencia Basket","Valencia Basket","VBC",1,98,12000,13,27,48,20,38,52,19,24,79,21,6,27,20,9,10,14,5,1,5,22,18,107,-25,-1,13,0,0,98,103,3,1019,5,12,8,38,2,49,9
2086432,1,"Liga Nacional","Liga Endesa",-402534000,NA,"https://www.acb.com/Documentos/Cabeceras/logo-competicion-1b.png","https://www.acb.com/Documentos/Cabeceras/logo-competicion-4a.png",89,2024,107,NA,NA,5823,104094,NA,NA,FALSE,4339,4343,2618,"Surne Bilbao Basket","Surne Bilbao","SBB",4339,2614,"Valencia Basket","Valencia Basket","VBC",1,103,12000,12,38,31,22,40,55,23,30,76,26,22,48,19,7,9,9,1,5,3,19,21,115,25,-1,0,12,0,103,98,2,1097,5,9,5,44,15,56,9
2086405,1,"Liga Nacional","Liga Endesa",-402534000,NA,"https://www.acb.com/Documentos/Cabeceras/logo-competicion-1b.png","https://www.acb.com/Documentos/Cabeceras/logo-competicion-4a.png",89,2024,107,NA,NA,5823,104095,NA,NA,FALSE,4348,4341,2616,"Río Breogán","Río Breogán","BRE",4348,2623,"Hiopos Lleida","Hiopos Lleida","HIO",1,81,12000,12,31,38,17,31,54,11,16,68,28,7,35,22,10,16,16,0,0,1,21,17,90,20,-1,0,12,0,81,77,4,1597,4,7,6,30,6,23,8
2086404,1,"Liga Nacional","Liga Endesa",-402534000,NA,"https://www.acb.com/Documentos/Cabeceras/logo-competicion-1b.png","https://www.acb.com/Documentos/Cabeceras/logo-competicion-4a.png",89,2024,107,NA,NA,5823,104095,NA,NA,TRUE,4341,4341,2616,"Río Breogán","Río Breogán","BRE",4348,2623,"Hiopos Lleida","Hiopos Lleida","HIO",1,77,12000,12,26,46,17,37,45,7,13,53,24,10,34,18,10,17,12,0,0,0,17,21,86,-20,-1,13,0,0,77,81,4,574,4,5,8,34,9,47,8
2086180,1,"Liga Nacional","Liga Endesa",-402534000,NA,"https://www.acb.com/Documentos/Cabeceras/logo-competicion-1b.png","https://www.acb.com/Documentos/Cabeceras/logo-competicion-4a.png",89,2024,107,NA,NA,5823,104093,NA,NA,TRUE,4335,4335,2605,"La Laguna Tenerife","La Laguna TFE","LLT",4336,2611,"Dreamland Gran Canaria","Dreamland GC","DGC",1,84,12000,7,20,35,22,37,59,19,23,82,23,5,28,21,10,5,4,2,4,2,18,18,104,50,-1,0,13,0,84,74,2,2307,1,14,6,34,0,48,10
2086181,1,"Liga Nacional","Liga Endesa",-402534000,NA,"https://www.acb.com/Documentos/Cabeceras/logo-competicion-1b.png","https://www.acb.com/Documentos/Cabeceras/logo-competicion-4a.png",89,2024,107,NA,NA,5823,104093,NA,NA,FALSE,4336,4335,2605,"La Laguna Tenerife","La Laguna TFE","LLT",4336,2611,"Dreamland Gran Canaria","Dreamland GC","DGC",1,74,12000,10,27,37,17,29,58,10,16,62,23,7,30,12,3,12,7,4,2,1,18,18,74,-50,-1,13,0,0,74,84,5,0,0,2,3,28,4,40,8
2086124,1,"Liga Nacional","Liga Endesa",-402534000,NA,"https://www.acb.com/Documentos/Cabeceras/logo-competicion-1b.png","https://www.acb.com/Documentos/Cabeceras/logo-competicion-4a.png",89,2024,107,NA,NA,5823,104092,NA,NA,TRUE,4345,4345,2620,"Real Madrid","Real Madrid","RMB",4340,2615,"BAXI Manresa","BAXI Manresa","BAX",1,86,12000,8,29,27,21,34,61,20,23,86,31,9,40,17,8,16,6,2,1,4,19,28,108,125,-1,0,13,0,86,61,1,2176,1,28,7,40,6,54,11
2086125,1,"Liga Nacional","Liga Endesa",-402534000,NA,"https://www.acb.com/Documentos/Cabeceras/logo-competicion-1b.png","https://www.acb.com/Documentos/Cabeceras/logo-competicion-4a.png",89,2024,107,NA,NA,5823,104092,NA,NA,FALSE,4340,4345,2620,"Real Madrid","Real Madrid","RMB",4340,2615,"BAXI Manresa","BAXI Manresa","BAX",1,61,12000,5,30,16,19,43,44,8,11,72,22,18,40,11,6,20,11,1,2,5,28,18,35,-125,-1,13,0,0,61,86,4,48,0,2,7,36,12,32,9
2085845,1,"Liga Nacional","Liga Endesa",-402534000,NA,"https://www.acb.com/Documentos/Cabeceras/logo-competicion-1b.png","https://www.acb.com/Documentos/Cabeceras/logo-competicion-4a.png",89,2024,107,NA,NA,5823,104090,NA,NA,FALSE,4337,4331,2606,"MoraBanc Andorra","MoraBanc And","MBA",4337,2612,"Coviran Granada","Coviran Granada","COV",1,71,12000,7,31,22,19,35,54,12,17,70,19,16,35,16,8,19,4,1,8,1,19,19,59,-80,-1,13,0,0,71,87,4,0,0,0,2,32,8,32,10
2085844,1,"Liga Nacional","Liga Endesa",-402534000,NA,"https://www.acb.com/Documentos/Cabeceras/logo-competicion-1b.png","https://www.acb.com/Documentos/Cabeceras/logo-competicion-4a.png",89,2024,107,NA,NA,5823,104090,NA,NA,TRUE,4331,4331,2606,"MoraBanc Andorra","MoraBanc And","MBA",4337,2612,"Coviran Granada","Coviran Granada","COV",1,87,12000,6,21,28,28,42,66,13,15,86,25,7,32,21,11,13,13,8,1,5,20,18,112,80,-1,0,13,0,87,71,3,2333,0,26,9,50,6,36,11
2085873,1,"Liga Nacional","Liga Endesa",-402534000,NA,"https://www.acb.com/Documentos/Cabeceras/logo-competicion-1b.png","https://www.acb.com/Documentos/Cabeceras/logo-competicion-4a.png",89,2024,107,NA,NA,5823,104091,NA,NA,FALSE,4334,4347,2622,"Leyma Coruña","Leyma Coruña","COR",4334,2609,"Casademont Zaragoza","Casademont Zgz","CAZ",1,86,12000,12,30,40,21,40,52,8,12,66,17,10,27,23,10,17,10,1,2,4,23,21,85,-120,-1,13,0,0,86,110,5,324,4,5,8,40,4,24,9
2085872,1,"Liga Nacional","Liga Endesa",-402534000,NA,"https://www.acb.com/Documentos/Cabeceras/logo-competicion-1b.png","https://www.acb.com/Documentos/Cabeceras/logo-competicion-4a.png",89,2024,107,NA,NA,5823,104091,NA,NA,TRUE,4347,4347,2622,"Leyma Coruña","Leyma Coruña","COR",4334,2609,"Casademont Zaragoza","Casademont Zgz","CAZ",1,110,12000,12,27,44,28,41,68,18,22,81,26,11,37,33,9,15,14,2,1,1,21,23,145,120,-1,0,13,0,110,86,4,1873,5,33,13,50,8,58,12
2085568,1,"Liga Nacional","Liga Endesa",-402534000,NA,"https://www.acb.com/Documentos/Cabeceras/logo-competicion-1b.png","https://www.acb.com/Documentos/Cabeceras/logo-competicion-4a.png",89,2024,107,NA,NA,5823,104088,NA,NA,FALSE,4333,4346,2621,"Bàsquet Girona","Bàsquet Girona","GIR",4333,2608,"UCAM Murcia","UCAM Murcia","UCM",1,82,12000,6,22,27,22,37,59,20,27,74,27,10,37,14,12,20,5,3,2,0,32,24,80,35,-1,0,13,0,82,75,2,2178,2,18,4,40,5,19,11
2085567,1,"Liga Nacional","Liga Endesa",-402534000,NA,"https://www.acb.com/Documentos/Cabeceras/logo-competicion-1b.png","https://www.acb.com/Documentos/Cabeceras/logo-competicion-4a.png",89,2024,107,NA,NA,5823,104088,NA,NA,TRUE,4346,4346,2621,"Bàsquet Girona","Bàsquet Girona","GIR",4333,2608,"UCAM Murcia","UCAM Murcia","UCM",1,75,12000,7,22,31,14,33,42,26,33,78,21,7,28,10,7,16,10,2,3,4,25,28,65,-35,-1,13,0,0,75,82,4,177,2,4,7,28,0,43,14
2085598,1,"Liga Nacional","Liga Endesa",-402534000,NA,"https://www.acb.com/Documentos/Cabeceras/logo-competicion-1b.png","https://www.acb.com/Documentos/Cabeceras/logo-competicion-4a.png",89,2024,107,NA,NA,5823,104089,NA,NA,FALSE,4344,4338,2613,"Baskonia","Baskonia","BKN",4344,2619,"Joventut Badalona","Joventut","JOV",1,82,12000,9,22,40,21,35,60,13,15,86,30,5,35,19,6,12,11,3,3,1,18,18,101,15,-1,0,12,0,82,79,4,1359,4,14,7,34,6,24,12
2085597,1,"Liga Nacional","Liga Endesa",-402534000,NA,"https://www.acb.com/Documentos/Cabeceras/logo-competicion-1b.png","https://www.acb.com/Documentos/Cabeceras/logo-competicion-4a.png",89,2024,107,NA,NA,5823,104089,NA,NA,TRUE,4338,4338,2613,"Baskonia","Baskonia","BKN",4344,2619,"Joventut Badalona","Joventut","JOV",1,79,12000,11,28,39,20,44,45,6,9,66,22,12,34,14,7,8,4,3,3,0,18,18,82,-15,-1,13,0,0,79,82,4,757,4,9,2,32,8,33,12
2097293,1,"Liga Nacional","Liga Endesa",-402534000,NA,"https://www.acb.com/Documentos/Cabeceras/logo-competicion-1b.png","https://www.acb.com/Documentos/Cabeceras/logo-competicion-4a.png",89,2024,107,NA,NA,5824,104101,NA,NA,TRUE,4339,4339,2614,"Valencia Basket","Valencia Basket","VBC",4335,2605,"La Laguna Tenerife","La Laguna TFE","LLT",1,96,12000,11,35,31,29,37,78,5,8,62,21,11,32,22,12,10,12,1,1,6,16,13,114,75,-1,0,13,0,96,81,2,1313,4,16,10,58,11,63,10
2097294,1,"Liga Nacional","Liga Endesa",-402534000,NA,"https://www.acb.com/Documentos/Cabeceras/logo-competicion-1b.png","https://www.acb.com/Documentos/Cabeceras/logo-competicion-4a.png",89,2024,107,NA,NA,5824,104101,NA,NA,FALSE,4335,4339,2614,"Valencia Basket","Valencia Basket","VBC",4335,2605,"La Laguna Tenerife","La Laguna TFE","LLT",1,81,12000,11,26,42,16,25,64,16,17,94,20,3,23,13,7,18,9,1,0,2,13,16,85,-75,-1,13,0,0,81,96,4,925,3,10,8,28,0,49,10
2087709,1,"Liga Nacional","Liga Endesa",-402534000,NA,"https://www.acb.com/Documentos/Cabeceras/logo-competicion-1b.png","https://www.acb.com/Documentos/Cabeceras/logo-competicion-4a.png",89,2024,107,NA,NA,5824,104105,NA,NA,FALSE,4345,4333,2608,"UCAM Murcia","UCAM Murcia","UCM",4345,2620,"Real Madrid","Real Madrid","RMB",1,85,12000,9,20,45,21,37,56,16,19,84,36,6,42,9,8,15,12,3,1,1,18,20,103,105,-1,0,12,0,85,64,1,2355,0,28,8,42,4,41,8
2087708,1,"Liga Nacional","Liga Endesa",-402534000,NA,"https://www.acb.com/Documentos/Cabeceras/logo-competicion-1b.png","https://www.acb.com/Documentos/Cabeceras/logo-competicion-4a.png",89,2024,107,NA,NA,5824,104105,NA,NA,TRUE,4333,4333,2608,"UCAM Murcia","UCAM Murcia","UCM",4345,2620,"Real Madrid","Real Madrid","RMB",1,64,12000,10,31,32,13,36,36,8,10,80,21,6,27,15,10,11,10,1,3,1,20,17,54,-105,-1,12,0,0,64,85,4,0,0,0,8,24,11,17,9
2087623,1,"Liga Nacional","Liga Endesa",-402534000,NA,"https://www.acb.com/Documentos/Cabeceras/logo-competicion-1b.png","https://www.acb.com/Documentos/Cabeceras/logo-competicion-4a.png",89,2024,107,NA,NA,5824,104104,NA,NA,TRUE,4336,4336,2611,"Dreamland Gran Canaria","Dreamland GC","DGC",4338,2613,"Baskonia","Baskonia","BKN",1,92,12000,9,27,33,28,50,56,9,11,81,23,13,36,25,10,8,10,5,2,3,21,12,107,30,-1,0,13,0,92,86,3,551,7,7,6,50,13,38,8
2087624,1,"Liga Nacional","Liga Endesa",-402534000,NA,"https://www.acb.com/Documentos/Cabeceras/logo-competicion-1b.png","https://www.acb.com/Documentos/Cabeceras/logo-competicion-4a.png",89,2024,107,NA,NA,5824,104104,NA,NA,FALSE,4338,4336,2611,"Dreamland Gran Canaria","Dreamland GC","DGC",4338,2613,"Baskonia","Baskonia","BKN",1,86,12000,10,30,33,18,32,56,20,24,83,23,11,34,12,6,13,5,2,5,0,12,20,92,-30,-1,12,0,0,86,92,4,1320,7,14,4,36,6,23,10
2087516,1,"Liga Nacional","Liga Endesa",-402534000,NA,"https://www.acb.com/Documentos/Cabeceras/logo-competicion-1b.png","https://www.acb.com/Documentos/Cabeceras/logo-competicion-4a.png",89,2024,107,NA,NA,5824,104102,NA,NA,FALSE,4331,4348,2623,"Hiopos Lleida","Hiopos Lleida","HIO",4331,2606,"MoraBanc Andorra","MoraBanc And","MBA",1,70,12000,5,25,20,22,40,55,11,19,57,28,18,46,9,11,21,13,6,2,3,21,22,74,-50,-1,12,0,0,70,80,5,1030,5,8,9,40,15,23,11
2087515,1,"Liga Nacional","Liga Endesa",-402534000,NA,"https://www.acb.com/Documentos/Cabeceras/logo-competicion-1b.png","https://www.acb.com/Documentos/Cabeceras/logo-competicion-4a.png",89,2024,107,NA,NA,5824,104102,NA,NA,TRUE,4348,4348,2623,"Hiopos Lleida","Hiopos Lleida","HIO",4331,2606,"MoraBanc Andorra","MoraBanc And","MBA",1,80,12000,12,34,35,16,34,47,12,18,66,22,13,35,18,12,16,16,2,6,0,22,20,77,50,-1,0,13,0,80,70,3,1040,5,10,10,30,10,37,8
2087373,1,"Liga Nacional","Liga Endesa",-402534000,NA,"https://www.acb.com/Documentos/Cabeceras/logo-competicion-1b.png","https://www.acb.com/Documentos/Cabeceras/logo-competicion-4a.png",89,2024,107,NA,NA,5824,104103,NA,NA,TRUE,4342,4342,2617,"Barça","Barça","BAR",4347,2622,"Leyma Coruña","Leyma Coruña","COR",1,106,12000,11,24,45,21,37,56,31,41,75,27,9,36,17,10,9,12,2,3,4,15,32,137,130,-1,0,13,0,106,80,2,1440,3,27,10,40,8,65,13
2087374,1,"Liga Nacional","Liga Endesa",-402534000,NA,"https://www.acb.com/Documentos/Cabeceras/logo-competicion-1b.png","https://www.acb.com/Documentos/Cabeceras/logo-competicion-4a.png",89,2024,107,NA,NA,5824,104103,NA,NA,FALSE,4347,4342,2617,"Barça","Barça","BAR",4347,2622,"Leyma Coruña","Leyma Coruña","COR",1,80,12000,11,30,36,20,37,54,7,9,77,21,11,32,20,4,19,10,3,2,0,32,14,62,-130,-1,13,0,0,80,106,5,655,2,10,3,32,9,27,8
2087009,1,"Liga Nacional","Liga Endesa",-402534000,NA,"https://www.acb.com/Documentos/Cabeceras/logo-competicion-1b.png","https://www.acb.com/Documentos/Cabeceras/logo-competicion-4a.png",89,2024,107,NA,NA,5824,104098,NA,NA,TRUE,4334,4334,2609,"Casademont Zaragoza","Casademont Zgz","CAZ",4341,2616,"Río Breogán","Río Breogán","BRE",1,111,12000,15,27,55,24,32,75,18,22,81,29,7,36,25,15,13,9,10,2,4,19,21,160,290,-1,0,13,0,111,53,1,2170,4,58,10,46,7,55,16
2087010,1,"Liga Nacional","Liga Endesa",-402534000,NA,"https://www.acb.com/Documentos/Cabeceras/logo-competicion-1b.png","https://www.acb.com/Documentos/Cabeceras/logo-competicion-4a.png",89,2024,107,NA,NA,5824,104098,NA,NA,FALSE,4341,4334,2609,"Casademont Zaragoza","Casademont Zgz","CAZ",4341,2616,"Río Breogán","Río Breogán","BRE",1,53,12000,4,22,18,16,41,39,9,11,81,13,15,28,10,9,22,4,2,10,1,21,19,23,-290,-1,13,0,0,53,111,5,84,3,2,4,30,8,14,8
2086981,1,"Liga Nacional","Liga Endesa",-402534000,NA,"https://www.acb.com/Documentos/Cabeceras/logo-competicion-1b.png","https://www.acb.com/Documentos/Cabeceras/logo-competicion-4a.png",89,2024,107,NA,NA,5824,104099,NA,NA,TRUE,4340,4340,2615,"BAXI Manresa","BAXI Manresa","BAX",4332,2607,"Unicaja","Unicaja","UNI",1,109,12000,13,27,48,23,35,65,24,28,85,28,10,38,26,12,17,8,2,1,5,22,24,141,200,-1,0,13,0,109,69,1,2189,1,41,6,44,2,74,8
2086982,1,"Liga Nacional","Liga Endesa",-402534000,NA,"https://www.acb.com/Documentos/Cabeceras/logo-competicion-1b.png","https://www.acb.com/Documentos/Cabeceras/logo-competicion-4a.png",89,2024,107,NA,NA,5824,104099,NA,NA,FALSE,4332,4340,2615,"BAXI Manresa","BAXI Manresa","BAX",4332,2607,"Unicaja","Unicaja","UNI",1,69,12000,3,20,15,25,47,53,10,13,76,17,10,27,11,9,21,10,1,2,3,24,22,50,-200,-1,13,0,0,69,109,2,54,1,2,4,38,8,37,5
2086952,1,"Liga Nacional","Liga Endesa",-402534000,NA,"https://www.acb.com/Documentos/Cabeceras/logo-competicion-1b.png","https://www.acb.com/Documentos/Cabeceras/logo-competicion-4a.png",89,2024,107,NA,NA,5824,104100,NA,NA,FALSE,4343,4337,2612,"Coviran Granada","Coviran Granada","COV",4343,2618,"Surne Bilbao Basket","Surne Bilbao","SBB",1,84,12000,6,18,33,22,38,57,22,30,73,24,10,34,19,3,16,7,3,2,4,22,27,94,60,-1,0,13,0,84,72,1,2362,0,20,2,36,6,31,10
2086951,1,"Liga Nacional","Liga Endesa",-402534000,NA,"https://www.acb.com/Documentos/Cabeceras/logo-competicion-1b.png","https://www.acb.com/Documentos/Cabeceras/logo-competicion-4a.png",89,2024,107,NA,NA,5824,104100,NA,NA,TRUE,4337,4337,2612,"Coviran Granada","Coviran Granada","COV",4343,2618,"Surne Bilbao Basket","Surne Bilbao","SBB",1,72,12000,6,21,28,18,36,50,18,23,78,17,8,25,18,12,15,4,3,3,0,29,22,67,-60,-1,13,0,0,72,84,4,0,0,0,8,28,0,29,8
2086816,1,"Liga Nacional","Liga Endesa",-402534000,NA,"https://www.acb.com/Documentos/Cabeceras/logo-competicion-1b.png","https://www.acb.com/Documentos/Cabeceras/logo-competicion-4a.png",89,2024,107,NA,NA,5824,104097,NA,NA,TRUE,4344,4344,2619,"Joventut Badalona","Joventut","JOV",4346,2621,"Bàsquet Girona","Bàsquet Girona","GIR",1,83,12000,7,24,29,25,37,67,12,17,70,24,13,37,23,8,14,9,1,1,2,22,21,102,75,-1,0,13,0,83,68,3,2175,3,18,5,40,7,33,8
2086817,1,"Liga Nacional","Liga Endesa",-402534000,NA,"https://www.acb.com/Documentos/Cabeceras/logo-competicion-1b.png","https://www.acb.com/Documentos/Cabeceras/logo-competicion-4a.png",89,2024,107,NA,NA,5824,104097,NA,NA,FALSE,4346,4344,2619,"Joventut Badalona","Joventut","JOV",4346,2621,"Bàsquet Girona","Bàsquet Girona","GIR",1,68,12000,8,26,30,15,31,48,14,19,73,15,8,23,11,5,13,0,2,1,6,22,22,56,-75,-1,12,0,0,68,83,4,119,3,1,0,28,2,40,6
2089121,1,"Liga Nacional","Liga Endesa",-402534000,NA,"https://www.acb.com/Documentos/Cabeceras/logo-competicion-1b.png","https://www.acb.com/Documentos/Cabeceras/logo-competicion-4a.png",89,2024,107,NA,NA,5825,104108,NA,NA,FALSE,4334,4339,2614,"Valencia Basket","Valencia Basket","VBC",4334,2609,"Casademont Zaragoza","Casademont Zgz","CAZ",1,82,12000,7,28,25,26,45,57,9,16,56,19,17,36,20,7,19,16,1,2,2,14,16,80,-145,-1,13,0,0,82,111,3,0,0,0,6,52,16,48,7
2089120,1,"Liga Nacional","Liga Endesa",-402534000,NA,"https://www.acb.com/Documentos/Cabeceras/logo-competicion-1b.png","https://www.acb.com/Documentos/Cabeceras/logo-competicion-4a.png",89,2024,107,NA,NA,5825,104108,NA,NA,TRUE,4339,4339,2614,"Valencia Basket","Valencia Basket","VBC",4334,2609,"Casademont Zaragoza","Casademont Zgz","CAZ",1,111,12000,18,43,41,22,32,68,13,14,92,25,16,41,25,11,16,18,2,1,5,16,14,135,145,-1,0,13,0,111,82,0,2342,0,34,15,42,11,61,9
2088921,1,"Liga Nacional","Liga Endesa",-402534000,NA,"https://www.acb.com/Documentos/Cabeceras/logo-competicion-1b.png","https://www.acb.com/Documentos/Cabeceras/logo-competicion-4a.png",89,2024,107,NA,NA,5825,104114,NA,NA,FALSE,4342,4341,2616,"Río Breogán","Río Breogán","BRE",4342,2617,"Barça","Barça","BAR",1,70,12000,7,18,38,21,43,48,7,12,58,27,11,38,13,6,19,6,2,4,5,15,19,72,-35,-1,13,0,0,70,77,3,132,6,4,2,40,10,34,6
2088920,1,"Liga Nacional","Liga Endesa",-402534000,NA,"https://www.acb.com/Documentos/Cabeceras/logo-competicion-1b.png","https://www.acb.com/Documentos/Cabeceras/logo-competicion-4a.png",89,2024,107,NA,NA,5825,104114,NA,NA,TRUE,4341,4341,2616,"Río Breogán","Río Breogán","BRE",4342,2617,"Barça","Barça","BAR",1,77,12000,8,25,32,22,37,59,9,14,64,24,6,30,15,9,11,14,4,2,1,20,13,78,35,-1,0,13,0,77,70,3,1683,7,13,9,42,3,17,7
2088724,1,"Liga Nacional","Liga Endesa",-402534000,NA,"https://www.acb.com/Documentos/Cabeceras/logo-competicion-1b.png","https://www.acb.com/Documentos/Cabeceras/logo-competicion-4a.png",89,2024,107,NA,NA,5825,104112,NA,NA,TRUE,4338,4338,2613,"Baskonia","Baskonia","BKN",4348,2623,"Hiopos Lleida","Hiopos Lleida","HIO",1,100,12000,10,30,33,22,38,57,26,35,74,25,14,39,13,10,14,8,5,2,3,25,29,110,5,-1,0,13,0,100,99,4,816,2,16,6,38,11,25,12
2088725,1,"Liga Nacional","Liga Endesa",-402534000,NA,"https://www.acb.com/Documentos/Cabeceras/logo-competicion-1b.png","https://www.acb.com/Documentos/Cabeceras/logo-competicion-4a.png",89,2024,107,NA,NA,5825,104112,NA,NA,FALSE,4348,4338,2613,"Baskonia","Baskonia","BKN",4348,2623,"Hiopos Lleida","Hiopos Lleida","HIO",1,99,12000,15,32,46,14,30,46,26,33,78,23,12,35,19,9,17,14,2,3,0,29,23,98,-5,-1,13,0,0,99,100,5,1299,2,14,10,24,6,51,10
2088696,1,"Liga Nacional","Liga Endesa",-402534000,NA,"https://www.acb.com/Documentos/Cabeceras/logo-competicion-1b.png","https://www.acb.com/Documentos/Cabeceras/logo-competicion-4a.png",89,2024,107,NA,NA,5825,104113,NA,NA,TRUE,4347,4347,2622,"Leyma Coruña","Leyma Coruña","COR",4335,2605,"La Laguna Tenerife","La Laguna TFE","LLT",1,62,12000,3,22,13,23,37,62,7,14,50,16,6,22,17,10,8,10,1,0,5,21,18,61,-125,-1,13,0,0,62,87,5,664,3,7,11,36,7,37,5
2088697,1,"Liga Nacional","Liga Endesa",-402534000,NA,"https://www.acb.com/Documentos/Cabeceras/logo-competicion-1b.png","https://www.acb.com/Documentos/Cabeceras/logo-competicion-4a.png",89,2024,107,NA,NA,5825,104113,NA,NA,FALSE,4335,4347,2622,"Leyma Coruña","Leyma Coruña","COR",4335,2605,"La Laguna Tenerife","La Laguna TFE","LLT",1,87,12000,12,35,34,18,28,64,15,15,100,29,14,43,22,3,14,2,0,1,2,19,21,109,125,-1,0,13,0,87,62,2,1464,4,25,2,34,11,48,8
2088423,1,"Liga Nacional","Liga Endesa",-402534000,NA,"https://www.acb.com/Documentos/Cabeceras/logo-competicion-1b.png","https://www.acb.com/Documentos/Cabeceras/logo-competicion-4a.png",89,2024,107,NA,NA,5825,104110,NA,NA,FALSE,4343,4346,2621,"Bàsquet Girona","Bàsquet Girona","GIR",4343,2618,"Surne Bilbao Basket","Surne Bilbao","SBB",1,94,13500,7,24,29,26,51,50,21,28,75,24,13,37,15,9,12,10,2,3,5,32,25,86,-30,-1,13,0,0,94,100,4,2162,2,11,4,46,11,27,10
2088422,1,"Liga Nacional","Liga Endesa",-402534000,NA,"https://www.acb.com/Documentos/Cabeceras/logo-competicion-1b.png","https://www.acb.com/Documentos/Cabeceras/logo-competicion-4a.png",89,2024,107,NA,NA,5825,104110,NA,NA,TRUE,4346,4346,2621,"Bàsquet Girona","Bàsquet Girona","GIR",4343,2618,"Surne Bilbao Basket","Surne Bilbao","SBB",1,100,13500,12,29,41,17,39,43,30,37,81,31,14,45,13,7,15,6,3,2,3,25,32,112,30,-1,0,12,0,100,94,5,266,2,8,0,32,4,38,8
2088392,1,"Liga Nacional","Liga Endesa",-402534000,NA,"https://www.acb.com/Documentos/Cabeceras/logo-competicion-1b.png","https://www.acb.com/Documentos/Cabeceras/logo-competicion-4a.png",89,2024,107,NA,NA,5825,104111,NA,NA,TRUE,4345,4345,2620,"Real Madrid","Real Madrid","RMB",4336,2611,"Dreamland Gran Canaria","Dreamland GC","DGC",1,83,12000,11,28,39,18,34,52,14,14,100,20,7,27,14,9,8,5,4,2,1,16,22,100,30,-1,0,13,0,83,77,3,1300,5,8,2,34,2,27,10
2088393,1,"Liga Nacional","Liga Endesa",-402534000,NA,"https://www.acb.com/Documentos/Cabeceras/logo-competicion-1b.png","https://www.acb.com/Documentos/Cabeceras/logo-competicion-4a.png",89,2024,107,NA,NA,5825,104111,NA,NA,FALSE,4336,4345,2620,"Real Madrid","Real Madrid","RMB",4336,2611,"Dreamland Gran Canaria","Dreamland GC","DGC",1,77,12000,10,24,41,15,33,45,17,20,85,25,11,36,18,5,17,12,2,4,2,23,16,75,-30,-1,13,0,0,77,83,5,592,5,8,4,22,0,31,7
2088257,1,"Liga Nacional","Liga Endesa",-402534000,NA,"https://www.acb.com/Documentos/Cabeceras/logo-competicion-1b.png","https://www.acb.com/Documentos/Cabeceras/logo-competicion-4a.png",89,2024,107,NA,NA,5825,104109,NA,NA,TRUE,4344,4344,2619,"Joventut Badalona","Joventut","JOV",4332,2607,"Unicaja","Unicaja","UNI",1,75,12000,8,22,36,13,33,39,25,34,73,27,13,40,17,6,14,7,2,4,1,19,27,87,-20,-1,12,0,0,75,79,5,323,4,4,7,22,4,26,9
2088258,1,"Liga Nacional","Liga Endesa",-402534000,NA,"https://www.acb.com/Documentos/Cabeceras/logo-competicion-1b.png","https://www.acb.com/Documentos/Cabeceras/logo-competicion-4a.png",89,2024,107,NA,NA,5825,104109,NA,NA,FALSE,4332,4344,2619,"Joventut Badalona","Joventut","JOV",4332,2607,"Unicaja","Unicaja","UNI",1,79,12000,8,24,33,22,47,46,11,14,78,22,13,35,19,11,7,8,4,2,4,27,19,87,20,-1,0,13,0,79,75,2,1668,4,11,0,34,4,42,8
2087975,1,"Liga Nacional","Liga Endesa",-402534000,NA,"https://www.acb.com/Documentos/Cabeceras/logo-competicion-1b.png","https://www.acb.com/Documentos/Cabeceras/logo-competicion-4a.png",89,2024,107,NA,NA,5825,104106,NA,NA,TRUE,4340,4340,2615,"BAXI Manresa","BAXI Manresa","BAX",4337,2612,"Coviran Granada","Coviran Granada","COV",1,93,12000,6,18,33,23,37,62,29,41,70,32,13,45,10,7,22,11,3,3,3,25,30,100,35,-1,0,13,0,93,86,4,1747,8,13,2,40,8,52,8
2087976,1,"Liga Nacional","Liga Endesa",-402534000,NA,"https://www.acb.com/Documentos/Cabeceras/logo-competicion-1b.png","https://www.acb.com/Documentos/Cabeceras/logo-competicion-4a.png",89,2024,107,NA,NA,5825,104106,NA,NA,FALSE,4337,4340,2615,"BAXI Manresa","BAXI Manresa","BAX",4337,2612,"Coviran Granada","Coviran Granada","COV",1,86,12000,10,36,27,17,38,44,22,28,78,17,14,31,14,11,13,6,3,3,2,31,23,68,-35,-1,13,0,0,86,93,4,349,7,5,4,28,9,48,8
2088006,1,"Liga Nacional","Liga Endesa",-402534000,NA,"https://www.acb.com/Documentos/Cabeceras/logo-competicion-1b.png","https://www.acb.com/Documentos/Cabeceras/logo-competicion-4a.png",89,2024,107,NA,NA,5825,104107,NA,NA,FALSE,4333,4331,2606,"MoraBanc Andorra","MoraBanc And","MBA",4333,2608,"UCAM Murcia","UCAM Murcia","UCM",1,83,12000,8,28,28,21,35,60,17,19,89,26,5,31,19,10,11,6,1,3,2,21,19,92,60,-1,0,13,0,83,71,1,2036,4,18,5,38,6,16,10
2088005,1,"Liga Nacional","Liga Endesa",-402534000,NA,"https://www.acb.com/Documentos/Cabeceras/logo-competicion-1b.png","https://www.acb.com/Documentos/Cabeceras/logo-competicion-4a.png",89,2024,107,NA,NA,5825,104107,NA,NA,TRUE,4331,4331,2606,"MoraBanc Andorra","MoraBanc And","MBA",4333,2608,"UCAM Murcia","UCAM Murcia","UCM",1,71,12000,6,18,33,21,40,52,11,16,68,25,7,32,10,5,18,6,3,1,0,21,21,66,-60,-1,13,0,0,71,83,3,134,3,3,2,26,4,34,7
2090312,1,"Liga Nacional","Liga Endesa",-402534000,NA,"https://www.acb.com/Documentos/Cabeceras/logo-competicion-1b.png","https://www.acb.com/Documentos/Cabeceras/logo-competicion-4a.png",89,2024,107,NA,NA,5826,104123,NA,NA,FALSE,4339,4342,2617,"Barça","Barça","BAR",4339,2614,"Valencia Basket","Valencia Basket","VBC",1,99,12000,14,38,36,20,32,62,17,19,89,25,9,34,23,4,11,4,0,2,4,22,18,105,-15,-1,13,0,0,99,102,3,0,1,2,0,40,9,43,11
2090311,1,"Liga Nacional","Liga Endesa",-402534000,NA,"https://www.acb.com/Documentos/Cabeceras/logo-competicion-1b.png","https://www.acb.com/Documentos/Cabeceras/logo-competicion-4a.png",89,2024,107,NA,NA,5826,104123,NA,NA,TRUE,4342,4342,2617,"Barça","Barça","BAR",4339,2614,"Valencia Basket","Valencia Basket","VBC",1,102,12000,11,25,44,24,41,58,21,24,87,25,6,31,23,7,11,0,2,0,4,20,22,122,15,-1,0,13,0,102,99,5,2224,1,16,4,34,3,31,7
2090011,1,"Liga Nacional","Liga Endesa",-402534000,NA,"https://www.acb.com/Documentos/Cabeceras/logo-competicion-1b.png","https://www.acb.com/Documentos/Cabeceras/logo-competicion-4a.png",89,2024,107,NA,NA,5826,104118,NA,NA,FALSE,4338,4334,2609,"Casademont Zaragoza","Casademont Zgz","CAZ",4338,2613,"Baskonia","Baskonia","BKN",1,85,12000,14,27,51,15,29,51,13,22,59,27,11,38,23,6,18,7,1,3,4,24,21,93,-5,-1,13,0,0,85,86,5,2161,1,14,3,26,7,24,11
2090010,1,"Liga Nacional","Liga Endesa",-402534000,NA,"https://www.acb.com/Documentos/Cabeceras/logo-competicion-1b.png","https://www.acb.com/Documentos/Cabeceras/logo-competicion-4a.png",89,2024,107,NA,NA,5826,104118,NA,NA,TRUE,4334,4334,2609,"Casademont Zaragoza","Casademont Zgz","CAZ",4338,2613,"Baskonia","Baskonia","BKN",1,86,12000,8,27,29,22,37,59,18,24,75,17,10,27,13,12,9,4,3,1,3,21,24,94,5,-1,0,13,0,86,85,5,123,2,5,4,42,2,37,9
2089984,1,"Liga Nacional","Liga Endesa",-402534000,NA,"https://www.acb.com/Documentos/Cabeceras/logo-competicion-1b.png","https://www.acb.com/Documentos/Cabeceras/logo-competicion-4a.png",89,2024,107,NA,NA,5826,104121,NA,NA,FALSE,4332,4331,2606,"MoraBanc Andorra","MoraBanc And","MBA",4332,2607,"Unicaja","Unicaja","UNI",1,106,12000,16,30,53,21,34,61,16,19,84,24,0,24,31,9,12,16,6,2,5,24,17,125,85,-1,0,13,0,106,89,1,1714,3,22,8,34,0,63,11
2089983,1,"Liga Nacional","Liga Endesa",-402534000,NA,"https://www.acb.com/Documentos/Cabeceras/logo-competicion-1b.png","https://www.acb.com/Documentos/Cabeceras/logo-competicion-4a.png",89,2024,107,NA,NA,5826,104121,NA,NA,TRUE,4331,4331,2606,"MoraBanc Andorra","MoraBanc And","MBA",4332,2607,"Unicaja","Unicaja","UNI",1,89,12000,9,27,33,20,39,51,22,27,81,27,12,39,13,6,18,10,2,3,2,18,24,92,-85,-1,12,0,0,89,106,5,487,3,6,5,34,10,37,8
2089957,1,"Liga Nacional","Liga Endesa",-402534000,NA,"https://www.acb.com/Documentos/Cabeceras/logo-competicion-1b.png","https://www.acb.com/Documentos/Cabeceras/logo-competicion-4a.png",89,2024,107,NA,NA,5826,104122,NA,NA,FALSE,4344,4343,2618,"Surne Bilbao Basket","Surne Bilbao","SBB",4344,2619,"Joventut Badalona","Joventut","JOV",1,95,12000,10,21,47,29,47,61,7,11,63,27,8,35,27,3,7,8,1,1,6,18,14,116,80,-1,0,12,0,95,79,2,2212,1,20,2,52,15,52,12
2089956,1,"Liga Nacional","Liga Endesa",-402534000,NA,"https://www.acb.com/Documentos/Cabeceras/logo-competicion-1b.png","https://www.acb.com/Documentos/Cabeceras/logo-competicion-4a.png",89,2024,107,NA,NA,5826,104122,NA,NA,TRUE,4343,4343,2618,"Surne Bilbao Basket","Surne Bilbao","SBB",4344,2619,"Joventut Badalona","Joventut","JOV",1,79,12000,7,24,29,23,44,52,12,15,80,20,12,32,12,5,9,2,1,1,5,15,18,81,-80,-1,13,0,0,79,95,2,20,1,1,2,40,4,40,7
2089762,1,"Liga Nacional","Liga Endesa",-402534000,NA,"https://www.acb.com/Documentos/Cabeceras/logo-competicion-1b.png","https://www.acb.com/Documentos/Cabeceras/logo-competicion-4a.png",89,2024,107,NA,NA,5826,104120,NA,NA,FALSE,4346,4336,2611,"Dreamland Gran Canaria","Dreamland GC","DGC",4346,2621,"Bàsquet Girona","Bàsquet Girona","GIR",1,84,12000,10,22,45,22,31,70,10,18,55,26,5,31,16,6,18,2,2,1,2,20,20,91,-25,-1,12,0,0,84,89,4,106,2,3,0,34,3,36,6
2089761,1,"Liga Nacional","Liga Endesa",-402534000,NA,"https://www.acb.com/Documentos/Cabeceras/logo-competicion-1b.png","https://www.acb.com/Documentos/Cabeceras/logo-competicion-4a.png",89,2024,107,NA,NA,5826,104120,NA,NA,TRUE,4336,4336,2611,"Dreamland Gran Canaria","Dreamland GC","DGC",4346,2621,"Bàsquet Girona","Bàsquet Girona","GIR",1,89,12000,13,28,46,18,34,52,14,21,66,20,7,27,20,11,10,9,1,2,4,20,20,98,25,-1,0,13,0,89,84,4,1979,2,10,7,30,5,50,10
2089678,1,"Liga Nacional","Liga Endesa",-402534000,NA,"https://www.acb.com/Documentos/Cabeceras/logo-competicion-1b.png","https://www.acb.com/Documentos/Cabeceras/logo-competicion-4a.png",89,2024,107,NA,NA,5826,104119,NA,NA,FALSE,4348,4345,2620,"Real Madrid","Real Madrid","RMB",4348,2623,"Hiopos Lleida","Hiopos Lleida","HIO",1,78,12000,7,29,24,23,38,60,11,12,91,21,10,31,15,13,13,17,1,1,0,22,17,81,-35,-1,13,0,0,78,85,4,0,0,0,5,38,8,50,10
2089677,1,"Liga Nacional","Liga Endesa",-402534000,NA,"https://www.acb.com/Documentos/Cabeceras/logo-competicion-1b.png","https://www.acb.com/Documentos/Cabeceras/logo-competicion-4a.png",89,2024,107,NA,NA,5826,104119,NA,NA,TRUE,4345,4345,2620,"Real Madrid","Real Madrid","RMB",4348,2623,"Hiopos Lleida","Hiopos Lleida","HIO",1,85,12000,11,27,40,20,33,60,12,16,75,27,9,36,15,7,21,6,2,1,2,17,22,95,35,-1,0,13,0,85,78,3,2380,0,26,4,40,8,50,9
2089537,1,"Liga Nacional","Liga Endesa",-402534000,NA,"https://www.acb.com/Documentos/Cabeceras/logo-competicion-1b.png","https://www.acb.com/Documentos/Cabeceras/logo-competicion-4a.png",89,2024,107,NA,NA,5826,104117,NA,NA,TRUE,4335,4335,2605,"La Laguna Tenerife","La Laguna TFE","LLT",4340,2615,"BAXI Manresa","BAXI Manresa","BAX",1,94,12000,8,24,33,20,34,58,30,34,88,20,12,32,21,5,14,2,0,3,3,17,29,113,40,-1,0,13,0,94,86,2,2315,1,18,2,38,2,54,14
2089538,1,"Liga Nacional","Liga Endesa",-402534000,NA,"https://www.acb.com/Documentos/Cabeceras/logo-competicion-1b.png","https://www.acb.com/Documentos/Cabeceras/logo-competicion-4a.png",89,2024,107,NA,NA,5826,104117,NA,NA,FALSE,4340,4335,2605,"La Laguna Tenerife","La Laguna TFE","LLT",4340,2615,"BAXI Manresa","BAXI Manresa","BAX",1,86,12000,6,17,35,27,48,56,14,19,73,19,12,31,22,9,14,16,3,0,3,29,17,88,-40,-1,13,0,0,86,94,5,0,0,2,11,44,8,53,7
2089290,1,"Liga Nacional","Liga Endesa",-402534000,NA,"https://www.acb.com/Documentos/Cabeceras/logo-competicion-1b.png","https://www.acb.com/Documentos/Cabeceras/logo-competicion-4a.png",89,2024,107,NA,NA,5826,104115,NA,NA,FALSE,4341,4333,2608,"UCAM Murcia","UCAM Murcia","UCM",4341,2616,"Río Breogán","Río Breogán","BRE",1,63,12000,5,21,23,17,43,39,14,18,77,32,11,43,11,4,15,8,2,5,0,17,20,60,-80,-1,13,0,0,63,79,5,98,2,3,0,26,0,21,10
2089289,1,"Liga Nacional","Liga Endesa",-402534000,NA,"https://www.acb.com/Documentos/Cabeceras/logo-competicion-1b.png","https://www.acb.com/Documentos/Cabeceras/logo-competicion-4a.png",89,2024,107,NA,NA,5826,104115,NA,NA,TRUE,4333,4333,2608,"UCAM Murcia","UCAM Murcia","UCM",4341,2616,"Río Breogán","Río Breogán","BRE",1,79,12000,10,36,27,18,35,51,13,15,86,32,10,42,24,10,8,14,5,2,3,20,17,102,80,-1,0,13,0,79,63,3,2046,2,18,4,34,8,42,10
2089262,1,"Liga Nacional","Liga Endesa",-402534000,NA,"https://www.acb.com/Documentos/Cabeceras/logo-competicion-1b.png","https://www.acb.com/Documentos/Cabeceras/logo-competicion-4a.png",89,2024,107,NA,NA,5826,104116,NA,NA,TRUE,4337,4337,2612,"Coviran Granada","Coviran Granada","COV",4347,2622,"Leyma Coruña","Leyma Coruña","COR",1,80,12000,7,23,30,25,39,64,9,14,64,24,5,29,18,11,9,16,3,3,1,24,20,90,15,-1,0,13,0,80,77,2,1141,6,5,5,44,2,29,6
2089263,1,"Liga Nacional","Liga Endesa",-402534000,NA,"https://www.acb.com/Documentos/Cabeceras/logo-competicion-1b.png","https://www.acb.com/Documentos/Cabeceras/logo-competicion-4a.png",89,2024,107,NA,NA,5826,104116,NA,NA,FALSE,4347,4337,2612,"Coviran Granada","Coviran Granada","COV",4347,2622,"Leyma Coruña","Leyma Coruña","COR",1,77,12000,11,29,37,13,30,43,18,26,69,28,12,40,16,8,13,8,3,3,1,20,24,89,-15,-1,12,0,0,77,80,5,931,6,9,6,24,5,37,8
2091751,1,"Liga Nacional","Liga Endesa",-402534000,NA,"https://www.acb.com/Documentos/Cabeceras/logo-competicion-1b.png","https://www.acb.com/Documentos/Cabeceras/logo-competicion-4a.png",89,2024,107,NA,NA,5827,104132,NA,NA,TRUE,4344,4344,2619,"Joventut Badalona","Joventut","JOV",4345,2620,"Real Madrid","Real Madrid","RMB",1,80,12000,5,21,23,23,51,45,19,23,82,28,13,41,13,6,6,12,5,5,1,21,20,85,20,-1,0,12,0,80,76,3,1004,4,8,5,38,6,36,11
2091752,1,"Liga Nacional","Liga Endesa",-402534000,NA,"https://www.acb.com/Documentos/Cabeceras/logo-competicion-1b.png","https://www.acb.com/Documentos/Cabeceras/logo-competicion-4a.png",89,2024,107,NA,NA,5827,104132,NA,NA,FALSE,4345,4344,2619,"Joventut Badalona","Joventut","JOV",4345,2620,"Real Madrid","Real Madrid","RMB",1,76,12000,13,33,39,12,31,38,13,17,76,28,9,37,16,2,13,6,5,5,0,20,20,75,-20,-1,13,0,0,76,80,4,1022,4,9,4,22,9,36,10
2091500,1,"Liga Nacional","Liga Endesa",-402534000,NA,"https://www.acb.com/Documentos/Cabeceras/logo-competicion-1b.png","https://www.acb.com/Documentos/Cabeceras/logo-competicion-4a.png",89,2024,107,NA,NA,5827,104130,NA,NA,FALSE,4347,4348,2623,"Hiopos Lleida","Hiopos Lleida","HIO",4347,2622,"Leyma Coruña","Leyma Coruña","COR",1,106,13500,14,26,53,21,36,58,22,31,70,28,12,40,26,5,24,11,3,0,3,28,27,119,25,-1,0,13,0,106,101,2,1242,13,9,6,30,4,59,11
2091499,1,"Liga Nacional","Liga Endesa",-402534000,NA,"https://www.acb.com/Documentos/Cabeceras/logo-competicion-1b.png","https://www.acb.com/Documentos/Cabeceras/logo-competicion-4a.png",89,2024,107,NA,NA,5827,104130,NA,NA,TRUE,4348,4348,2623,"Hiopos Lleida","Hiopos Lleida","HIO",4347,2622,"Leyma Coruña","Leyma Coruña","COR",1,101,13500,18,41,43,14,31,45,19,24,79,15,11,26,21,10,11,2,0,3,1,27,26,98,-25,-1,13,0,0,101,106,4,772,13,8,7,24,4,51,10
2091471,1,"Liga Nacional","Liga Endesa",-402534000,NA,"https://www.acb.com/Documentos/Cabeceras/logo-competicion-1b.png","https://www.acb.com/Documentos/Cabeceras/logo-competicion-4a.png",89,2024,107,NA,NA,5827,104131,NA,NA,TRUE,4338,4338,2613,"Baskonia","Baskonia","BKN",4339,2614,"Valencia Basket","Valencia Basket","VBC",1,91,12000,14,34,41,23,46,50,3,5,60,22,13,35,21,3,7,10,4,6,7,15,12,93,-125,-1,13,0,0,91,116,2,0,0,0,5,42,14,24,6
2091472,1,"Liga Nacional","Liga Endesa",-402534000,NA,"https://www.acb.com/Documentos/Cabeceras/logo-competicion-1b.png","https://www.acb.com/Documentos/Cabeceras/logo-competicion-4a.png",89,2024,107,NA,NA,5827,104131,NA,NA,FALSE,4339,4338,2613,"Baskonia","Baskonia","BKN",4339,2614,"Valencia Basket","Valencia Basket","VBC",1,116,12000,19,39,48,26,42,61,7,8,87,31,13,44,28,5,6,19,6,4,9,12,15,155,125,-1,0,13,0,116,91,1,2324,0,29,4,48,17,58,8
2091214,1,"Liga Nacional","Liga Endesa",-402534000,NA,"https://www.acb.com/Documentos/Cabeceras/logo-competicion-1b.png","https://www.acb.com/Documentos/Cabeceras/logo-competicion-4a.png",89,2024,107,NA,NA,5827,104128,NA,NA,FALSE,4342,4340,2615,"BAXI Manresa","BAXI Manresa","BAX",4342,2617,"Barça","Barça","BAR",1,72,12000,6,20,30,14,37,37,26,36,72,27,10,37,14,9,17,0,3,4,0,23,29,73,-65,-1,13,0,0,72,85,4,76,2,4,0,22,7,47,9
2091213,1,"Liga Nacional","Liga Endesa",-402534000,NA,"https://www.acb.com/Documentos/Cabeceras/logo-competicion-1b.png","https://www.acb.com/Documentos/Cabeceras/logo-competicion-4a.png",89,2024,107,NA,NA,5827,104128,NA,NA,TRUE,4340,4340,2615,"BAXI Manresa","BAXI Manresa","BAX",4342,2617,"Barça","Barça","BAR",1,85,12000,12,30,40,18,36,50,13,18,72,30,10,40,13,10,19,12,4,3,2,30,21,80,65,-1,0,13,0,85,72,2,2198,2,21,6,24,7,40,10
2091181,1,"Liga Nacional","Liga Endesa",-402534000,NA,"https://www.acb.com/Documentos/Cabeceras/logo-competicion-1b.png","https://www.acb.com/Documentos/Cabeceras/logo-competicion-4a.png",89,2024,107,NA,NA,5827,104129,NA,NA,TRUE,4333,4333,2608,"UCAM Murcia","UCAM Murcia","UCM",4336,2611,"Dreamland Gran Canaria","Dreamland GC","DGC",1,63,12000,8,29,27,11,24,45,17,18,94,16,8,24,12,11,14,12,3,1,2,16,19,66,-100,-1,13,0,0,63,83,5,280,0,5,3,22,7,36,7
2091182,1,"Liga Nacional","Liga Endesa",-402534000,NA,"https://www.acb.com/Documentos/Cabeceras/logo-competicion-1b.png","https://www.acb.com/Documentos/Cabeceras/logo-competicion-4a.png",89,2024,107,NA,NA,5827,104129,NA,NA,FALSE,4336,4333,2608,"UCAM Murcia","UCAM Murcia","UCM",4336,2611,"Dreamland Gran Canaria","Dreamland GC","DGC",1,83,12000,13,27,48,21,37,56,2,6,33,27,15,42,14,7,16,6,1,3,2,19,16,91,100,-1,0,13,0,83,63,4,1991,1,25,11,38,8,41,10
2090906,1,"Liga Nacional","Liga Endesa",-402534000,NA,"https://www.acb.com/Documentos/Cabeceras/logo-competicion-1b.png","https://www.acb.com/Documentos/Cabeceras/logo-competicion-4a.png",89,2024,107,NA,NA,5827,104126,NA,NA,TRUE,4334,4334,2609,"Casademont Zaragoza","Casademont Zgz","CAZ",4343,2618,"Surne Bilbao Basket","Surne Bilbao","SBB",1,82,12000,7,26,26,23,43,53,15,15,100,27,17,44,14,5,12,6,4,2,3,17,20,99,55,-1,0,13,0,82,71,3,2387,0,16,3,44,13,27,7
2090907,1,"Liga Nacional","Liga Endesa",-402534000,NA,"https://www.acb.com/Documentos/Cabeceras/logo-competicion-1b.png","https://www.acb.com/Documentos/Cabeceras/logo-competicion-4a.png",89,2024,107,NA,NA,5827,104126,NA,NA,FALSE,4343,4334,2609,"Casademont Zaragoza","Casademont Zgz","CAZ",4343,2618,"Surne Bilbao Basket","Surne Bilbao","SBB",1,71,12000,8,30,26,19,37,51,9,14,64,17,11,28,15,5,9,11,2,4,3,21,17,59,-55,-1,13,0,0,71,82,4,0,0,0,6,32,4,35,9
2090934,1,"Liga Nacional","Liga Endesa",-402534000,NA,"https://www.acb.com/Documentos/Cabeceras/logo-competicion-1b.png","https://www.acb.com/Documentos/Cabeceras/logo-competicion-4a.png",89,2024,107,NA,NA,5827,104127,NA,NA,TRUE,4346,4346,2621,"Bàsquet Girona","Bàsquet Girona","GIR",4331,2606,"MoraBanc Andorra","MoraBanc And","MBA",1,85,12000,6,27,22,23,42,54,21,29,72,20,17,37,16,8,15,10,4,4,2,22,23,84,-65,-1,12,0,0,85,98,3,0,0,0,11,44,5,38,8
2090935,1,"Liga Nacional","Liga Endesa",-402534000,NA,"https://www.acb.com/Documentos/Cabeceras/logo-competicion-1b.png","https://www.acb.com/Documentos/Cabeceras/logo-competicion-4a.png",89,2024,107,NA,NA,5827,104127,NA,NA,FALSE,4331,4346,2621,"Bàsquet Girona","Bàsquet Girona","GIR",4331,2606,"MoraBanc Andorra","MoraBanc And","MBA",1,98,12000,12,23,52,22,45,48,18,21,85,25,13,38,19,7,16,12,4,4,4,24,21,106,65,-1,0,13,0,98,85,4,2363,0,19,2,32,5,28,12
2090636,1,"Liga Nacional","Liga Endesa",-402534000,NA,"https://www.acb.com/Documentos/Cabeceras/logo-competicion-1b.png","https://www.acb.com/Documentos/Cabeceras/logo-competicion-4a.png",89,2024,107,NA,NA,5827,104124,NA,NA,TRUE,4332,4332,2607,"Unicaja","Unicaja","UNI",4335,2605,"La Laguna Tenerife","La Laguna TFE","LLT",1,84,12000,6,23,26,22,40,55,22,27,81,27,4,31,19,12,9,10,1,2,4,25,22,93,15,-1,0,13,0,84,81,2,502,2,7,8,32,0,44,13
2090637,1,"Liga Nacional","Liga Endesa",-402534000,NA,"https://www.acb.com/Documentos/Cabeceras/logo-competicion-1b.png","https://www.acb.com/Documentos/Cabeceras/logo-competicion-4a.png",89,2024,107,NA,NA,5827,104124,NA,NA,FALSE,4335,4332,2607,"Unicaja","Unicaja","UNI",4335,2605,"La Laguna Tenerife","La Laguna TFE","LLT",1,81,12000,11,30,36,15,26,57,18,23,78,30,3,33,18,5,13,2,3,1,0,22,23,92,-15,-1,12,0,0,81,84,5,1741,1,14,7,30,0,26,12
2090664,1,"Liga Nacional","Liga Endesa",-402534000,NA,"https://www.acb.com/Documentos/Cabeceras/logo-competicion-1b.png","https://www.acb.com/Documentos/Cabeceras/logo-competicion-4a.png",89,2024,107,NA,NA,5827,104125,NA,NA,FALSE,4337,4341,2616,"Río Breogán","Río Breogán","BRE",4337,2612,"Coviran Granada","Coviran Granada","COV",1,92,12000,10,27,37,22,37,59,18,22,81,27,10,37,20,10,15,5,7,4,6,24,20,107,90,-1,0,13,0,92,74,3,1959,2,18,6,42,11,52,10
2090663,1,"Liga Nacional","Liga Endesa",-402534000,NA,"https://www.acb.com/Documentos/Cabeceras/logo-competicion-1b.png","https://www.acb.com/Documentos/Cabeceras/logo-competicion-4a.png",89,2024,107,NA,NA,5827,104125,NA,NA,TRUE,4341,4341,2616,"Río Breogán","Río Breogán","BRE",4337,2612,"Coviran Granada","Coviran Granada","COV",1,74,12000,6,20,30,18,41,43,20,22,90,22,8,30,14,6,16,4,4,7,2,21,23,68,-90,-1,12,0,0,74,92,5,391,1,5,4,36,2,31,7
2097126,1,"Liga Nacional","Liga Endesa",-402534000,NA,"https://www.acb.com/Documentos/Cabeceras/logo-competicion-1b.png","https://www.acb.com/Documentos/Cabeceras/logo-competicion-4a.png",89,2024,107,NA,NA,5828,104141,NA,NA,FALSE,4332,4345,2620,"Real Madrid","Real Madrid","RMB",4332,2607,"Unicaja","Unicaja","UNI",1,77,12000,5,25,20,18,41,43,26,28,92,26,15,41,15,6,11,12,5,4,2,25,26,85,-65,-1,13,0,0,77,90,3,0,0,0,4,28,9,40,9
2097125,1,"Liga Nacional","Liga Endesa",-402534000,NA,"https://www.acb.com/Documentos/Cabeceras/logo-competicion-1b.png","https://www.acb.com/Documentos/Cabeceras/logo-competicion-4a.png",89,2024,107,NA,NA,5828,104141,NA,NA,TRUE,4345,4345,2620,"Real Madrid","Real Madrid","RMB",4332,2607,"Unicaja","Unicaja","UNI",1,90,12000,10,25,40,20,35,57,20,26,76,25,8,33,21,3,11,14,4,5,3,27,22,94,65,-1,0,13,0,90,77,2,2391,0,16,0,38,5,35,8
2097014,1,"Liga Nacional","Liga Endesa",-402534000,NA,"https://www.acb.com/Documentos/Cabeceras/logo-competicion-1b.png","https://www.acb.com/Documentos/Cabeceras/logo-competicion-4a.png",89,2024,107,NA,NA,5828,104140,NA,NA,FALSE,4333,4342,2617,"Barça","Barça","BAR",4333,2608,"UCAM Murcia","UCAM Murcia","UCM",1,79,12000,8,28,28,18,33,54,19,25,76,27,5,32,14,7,9,8,3,4,1,24,18,75,-35,-1,13,0,0,79,86,4,28,3,2,2,34,6,24,9
2097013,1,"Liga Nacional","Liga Endesa",-402534000,NA,"https://www.acb.com/Documentos/Cabeceras/logo-competicion-1b.png","https://www.acb.com/Documentos/Cabeceras/logo-competicion-4a.png",89,2024,107,NA,NA,5828,104140,NA,NA,TRUE,4342,4342,2617,"Barça","Barça","BAR",4333,2608,"UCAM Murcia","UCAM Murcia","UCM",1,86,12000,9,24,37,24,43,55,11,17,64,32,9,41,17,4,10,2,5,3,0,19,23,104,35,-1,0,13,0,86,79,2,2192,3,10,2,26,6,19,9
2096682,1,"Liga Nacional","Liga Endesa",-402534000,NA,"https://www.acb.com/Documentos/Cabeceras/logo-competicion-1b.png","https://www.acb.com/Documentos/Cabeceras/logo-competicion-4a.png",89,2024,107,NA,NA,5828,104138,NA,NA,FALSE,4341,4336,2611,"Dreamland Gran Canaria","Dreamland GC","DGC",4341,2616,"Río Breogán","Río Breogán","BRE",1,82,12000,11,30,36,20,34,58,9,11,81,23,12,35,15,4,12,8,0,2,1,22,15,80,45,-1,0,13,0,82,73,3,1298,5,9,2,36,10,28,7
2096681,1,"Liga Nacional","Liga Endesa",-402534000,NA,"https://www.acb.com/Documentos/Cabeceras/logo-competicion-1b.png","https://www.acb.com/Documentos/Cabeceras/logo-competicion-4a.png",89,2024,107,NA,NA,5828,104138,NA,NA,TRUE,4336,4336,2611,"Dreamland Gran Canaria","Dreamland GC","DGC",4341,2616,"Río Breogán","Río Breogán","BRE",1,73,12000,7,28,25,18,30,60,16,22,72,21,10,31,14,5,11,0,2,0,2,15,22,82,-45,-1,13,0,0,73,82,4,859,5,7,0,36,10,41,7
2096516,1,"Liga Nacional","Liga Endesa",-402534000,NA,"https://www.acb.com/Documentos/Cabeceras/logo-competicion-1b.png","https://www.acb.com/Documentos/Cabeceras/logo-competicion-4a.png",89,2024,107,NA,NA,5828,104137,NA,NA,FALSE,4338,4343,2618,"Surne Bilbao Basket","Surne Bilbao","SBB",4338,2613,"Baskonia","Baskonia","BKN",1,69,12000,6,27,22,20,31,64,11,18,61,28,9,37,18,8,15,6,3,3,5,18,17,77,10,-1,0,13,0,69,67,4,2376,0,15,8,32,9,12,7
2096515,1,"Liga Nacional","Liga Endesa",-402534000,NA,"https://www.acb.com/Documentos/Cabeceras/logo-competicion-1b.png","https://www.acb.com/Documentos/Cabeceras/logo-competicion-4a.png",89,2024,107,NA,NA,5828,104137,NA,NA,TRUE,4343,4343,2618,"Surne Bilbao Basket","Surne Bilbao","SBB",4338,2613,"Baskonia","Baskonia","BKN",1,67,12000,3,23,13,22,38,57,14,18,77,24,10,34,15,8,11,9,3,3,3,17,18,74,-10,-1,13,0,0,67,69,2,0,0,0,0,44,6,25,7
2096544,1,"Liga Nacional","Liga Endesa",-402534000,NA,"https://www.acb.com/Documentos/Cabeceras/logo-competicion-1b.png","https://www.acb.com/Documentos/Cabeceras/logo-competicion-4a.png",89,2024,107,NA,NA,5828,104139,NA,NA,FALSE,4344,4337,2612,"Coviran Granada","Coviran Granada","COV",4344,2619,"Joventut Badalona","Joventut","JOV",1,77,12000,6,22,27,26,43,60,7,19,36,24,12,36,10,9,11,13,3,4,2,23,24,76,-50,-1,11,0,0,77,87,5,15,0,2,15,46,11,26,10
2096543,1,"Liga Nacional","Liga Endesa",-402534000,NA,"https://www.acb.com/Documentos/Cabeceras/logo-competicion-1b.png","https://www.acb.com/Documentos/Cabeceras/logo-competicion-4a.png",89,2024,107,NA,NA,5828,104139,NA,NA,TRUE,4337,4337,2612,"Coviran Granada","Coviran Granada","COV",4344,2619,"Joventut Badalona","Joventut","JOV",1,87,12000,12,23,52,20,43,46,11,18,61,26,11,37,17,5,10,12,4,3,2,24,23,95,50,-1,0,13,0,87,77,3,2289,1,15,0,36,12,22,8
2095847,1,"Liga Nacional","Liga Endesa",-402534000,NA,"https://www.acb.com/Documentos/Cabeceras/logo-competicion-1b.png","https://www.acb.com/Documentos/Cabeceras/logo-competicion-4a.png",89,2024,107,NA,NA,5828,104134,NA,NA,TRUE,4347,4347,2622,"Leyma Coruña","Leyma Coruña","COR",4340,2615,"BAXI Manresa","BAXI Manresa","BAX",1,74,12000,8,27,29,15,25,60,20,30,66,28,10,38,11,6,17,11,4,1,1,26,26,76,-75,-1,13,0,0,74,89,5,231,2,8,6,28,7,29,11
2095848,1,"Liga Nacional","Liga Endesa",-402534000,NA,"https://www.acb.com/Documentos/Cabeceras/logo-competicion-1b.png","https://www.acb.com/Documentos/Cabeceras/logo-competicion-4a.png",89,2024,107,NA,NA,5828,104134,NA,NA,FALSE,4340,4347,2622,"Leyma Coruña","Leyma Coruña","COR",4340,2615,"BAXI Manresa","BAXI Manresa","BAX",1,89,12000,12,34,35,17,34,50,19,31,61,21,20,41,20,9,10,7,1,4,1,26,26,95,75,-1,0,13,0,89,74,3,1998,3,20,4,30,12,38,9
2095680,1,"Liga Nacional","Liga Endesa",-402534000,NA,"https://www.acb.com/Documentos/Cabeceras/logo-competicion-1b.png","https://www.acb.com/Documentos/Cabeceras/logo-competicion-4a.png",89,2024,107,NA,NA,5828,104135,NA,NA,FALSE,4348,4335,2605,"La Laguna Tenerife","La Laguna TFE","LLT",4348,2623,"Hiopos Lleida","Hiopos Lleida","HIO",1,88,12000,11,27,40,22,37,59,11,17,64,18,11,29,24,10,14,10,2,1,4,22,20,99,-15,-1,13,0,0,88,91,5,99,6,2,11,40,12,26,7
2095679,1,"Liga Nacional","Liga Endesa",-402534000,NA,"https://www.acb.com/Documentos/Cabeceras/logo-competicion-1b.png","https://www.acb.com/Documentos/Cabeceras/logo-competicion-4a.png",89,2024,107,NA,NA,5828,104135,NA,NA,TRUE,4335,4335,2605,"La Laguna Tenerife","La Laguna TFE","LLT",4348,2623,"Hiopos Lleida","Hiopos Lleida","HIO",1,91,12000,9,25,36,24,33,72,16,20,80,21,6,27,20,9,13,13,1,1,6,22,21,104,15,-1,0,13,0,91,88,2,1941,7,10,8,38,2,44,10
2095708,1,"Liga Nacional","Liga Endesa",-402534000,NA,"https://www.acb.com/Documentos/Cabeceras/logo-competicion-1b.png","https://www.acb.com/Documentos/Cabeceras/logo-competicion-4a.png",89,2024,107,NA,NA,5828,104136,NA,NA,FALSE,4346,4339,2614,"Valencia Basket","Valencia Basket","VBC",4346,2621,"Bàsquet Girona","Bàsquet Girona","GIR",1,78,12000,10,33,30,19,35,54,10,12,83,23,9,32,16,3,10,11,1,2,4,21,18,74,-100,-1,13,0,0,78,98,5,399,6,5,0,38,2,46,10
2095707,1,"Liga Nacional","Liga Endesa",-402534000,NA,"https://www.acb.com/Documentos/Cabeceras/logo-competicion-1b.png","https://www.acb.com/Documentos/Cabeceras/logo-competicion-4a.png",89,2024,107,NA,NA,5828,104136,NA,NA,TRUE,4339,4339,2614,"Valencia Basket","Valencia Basket","VBC",4346,2621,"Bàsquet Girona","Bàsquet Girona","GIR",1,98,12000,15,36,41,21,39,53,11,12,91,29,11,40,25,6,8,17,2,1,2,18,21,125,100,-1,0,13,0,98,78,3,1726,6,22,3,38,5,54,13
2094979,1,"Liga Nacional","Liga Endesa",-402534000,NA,"https://www.acb.com/Documentos/Cabeceras/logo-competicion-1b.png","https://www.acb.com/Documentos/Cabeceras/logo-competicion-4a.png",89,2024,107,NA,NA,5828,104133,NA,NA,TRUE,4331,4331,2606,"MoraBanc Andorra","MoraBanc And","MBA",4334,2609,"Casademont Zaragoza","Casademont Zgz","CAZ",1,79,12000,14,30,46,13,26,50,11,13,84,21,4,25,15,4,13,9,2,2,0,21,15,73,-35,-1,13,0,0,79,86,5,615,4,9,5,20,0,22,10
2094980,1,"Liga Nacional","Liga Endesa",-402534000,NA,"https://www.acb.com/Documentos/Cabeceras/logo-competicion-1b.png","https://www.acb.com/Documentos/Cabeceras/logo-competicion-4a.png",89,2024,107,NA,NA,5828,104133,NA,NA,FALSE,4334,4331,2606,"MoraBanc Andorra","MoraBanc And","MBA",4334,2609,"Casademont Zaragoza","Casademont Zgz","CAZ",1,86,12000,8,23,34,25,47,53,12,15,80,26,15,41,21,11,11,6,2,2,5,15,21,114,35,-1,0,13,0,86,79,3,1244,4,8,2,46,2,36,9
2098487,1,"Liga Nacional","Liga Endesa",-402534000,NA,"https://www.acb.com/Documentos/Cabeceras/logo-competicion-1b.png","https://www.acb.com/Documentos/Cabeceras/logo-competicion-4a.png",89,2024,107,NA,NA,5829,104150,NA,NA,TRUE,4334,4334,2609,"Casademont Zaragoza","Casademont Zgz","CAZ",4342,2617,"Barça","Barça","BAR",1,108,12000,9,19,47,28,49,57,25,34,73,26,13,39,19,7,15,5,1,1,3,23,22,117,65,-1,0,12,0,108,95,4,1205,9,14,5,46,17,49,12
2098488,1,"Liga Nacional","Liga Endesa",-402534000,NA,"https://www.acb.com/Documentos/Cabeceras/logo-competicion-1b.png","https://www.acb.com/Documentos/Cabeceras/logo-competicion-4a.png",89,2024,107,NA,NA,5829,104150,NA,NA,FALSE,4342,4334,2609,"Casademont Zaragoza","Casademont Zgz","CAZ",4342,2617,"Barça","Barça","BAR",1,95,12000,13,33,39,20,35,57,16,20,80,19,7,26,18,7,17,6,1,1,2,24,21,87,-65,-1,13,0,0,95,108,3,869,9,10,6,26,7,53,8
2098298,1,"Liga Nacional","Liga Endesa",-402534000,NA,"https://www.acb.com/Documentos/Cabeceras/logo-competicion-1b.png","https://www.acb.com/Documentos/Cabeceras/logo-competicion-4a.png",89,2024,107,NA,NA,5829,104143,NA,NA,FALSE,4339,4333,2608,"UCAM Murcia","UCAM Murcia","UCM",4339,2614,"Valencia Basket","Valencia Basket","VBC",1,96,12000,17,30,56,14,32,43,17,17,100,27,10,37,18,3,18,8,2,3,1,18,21,107,40,-1,0,13,0,96,88,1,2378,0,15,0,28,13,39,7
2098297,1,"Liga Nacional","Liga Endesa",-402534000,NA,"https://www.acb.com/Documentos/Cabeceras/logo-competicion-1b.png","https://www.acb.com/Documentos/Cabeceras/logo-competicion-4a.png",89,2024,107,NA,NA,5829,104143,NA,NA,TRUE,4333,4333,2608,"UCAM Murcia","UCAM Murcia","UCM",4339,2614,"Valencia Basket","Valencia Basket","VBC",1,88,12000,7,34,20,26,39,66,15,21,71,19,12,31,17,13,10,17,4,2,0,22,18,91,-40,-1,13,0,0,88,96,5,0,0,0,2,52,12,45,8
2098268,1,"Liga Nacional","Liga Endesa",-402534000,NA,"https://www.acb.com/Documentos/Cabeceras/logo-competicion-1b.png","https://www.acb.com/Documentos/Cabeceras/logo-competicion-4a.png",89,2024,107,NA,NA,5829,104146,NA,NA,FALSE,4335,4344,2619,"Joventut Badalona","Joventut","JOV",4335,2605,"La Laguna Tenerife","La Laguna TFE","LLT",1,86,12000,15,33,45,15,29,51,11,14,78,25,11,36,23,0,10,3,0,1,2,18,20,101,-35,-1,13,0,0,86,93,4,418,5,6,0,22,7,33,8
2098267,1,"Liga Nacional","Liga Endesa",-402534000,NA,"https://www.acb.com/Documentos/Cabeceras/logo-competicion-1b.png","https://www.acb.com/Documentos/Cabeceras/logo-competicion-4a.png",89,2024,107,NA,NA,5829,104146,NA,NA,TRUE,4344,4344,2619,"Joventut Badalona","Joventut","JOV",4335,2605,"La Laguna Tenerife","La Laguna TFE","LLT",1,93,12000,12,26,46,22,41,53,13,19,68,22,10,32,20,7,2,5,1,0,5,20,18,110,35,-1,0,11,0,93,86,5,1693,5,20,2,38,3,33,14
2097882,1,"Liga Nacional","Liga Endesa",-402534000,NA,"https://www.acb.com/Documentos/Cabeceras/logo-competicion-1b.png","https://www.acb.com/Documentos/Cabeceras/logo-competicion-4a.png",89,2024,107,NA,NA,5829,104147,NA,NA,FALSE,4341,4345,2620,"Real Madrid","Real Madrid","RMB",4341,2616,"Río Breogán","Río Breogán","BRE",1,69,12000,6,34,17,15,36,41,21,22,95,17,16,33,8,8,14,8,1,3,1,20,19,51,-185,-1,12,0,0,69,106,5,0,0,0,7,26,11,47,7
2097881,1,"Liga Nacional","Liga Endesa",-402534000,NA,"https://www.acb.com/Documentos/Cabeceras/logo-competicion-1b.png","https://www.acb.com/Documentos/Cabeceras/logo-competicion-4a.png",89,2024,107,NA,NA,5829,104147,NA,NA,TRUE,4345,4345,2620,"Real Madrid","Real Madrid","RMB",4341,2616,"Río Breogán","Río Breogán","BRE",1,106,12000,14,26,53,22,32,68,20,26,76,30,6,36,25,9,11,15,4,1,2,19,20,141,185,-1,0,13,0,106,69,1,2266,0,39,9,42,7,60,12
2097912,1,"Liga Nacional","Liga Endesa",-402534000,NA,"https://www.acb.com/Documentos/Cabeceras/logo-competicion-1b.png","https://www.acb.com/Documentos/Cabeceras/logo-competicion-4a.png",89,2024,107,NA,NA,5829,104149,NA,NA,TRUE,4348,4348,2623,"Hiopos Lleida","Hiopos Lleida","HIO",4343,2618,"Surne Bilbao Basket","Surne Bilbao","SBB",1,84,12000,12,30,40,16,32,50,16,17,94,30,8,38,23,9,10,17,2,5,0,24,16,98,90,-1,0,13,0,84,66,3,1388,2,22,4,24,8,41,18
2097913,1,"Liga Nacional","Liga Endesa",-402534000,NA,"https://www.acb.com/Documentos/Cabeceras/logo-competicion-1b.png","https://www.acb.com/Documentos/Cabeceras/logo-competicion-4a.png",89,2024,107,NA,NA,5829,104149,NA,NA,FALSE,4343,4348,2623,"Hiopos Lleida","Hiopos Lleida","HIO",4343,2618,"Surne Bilbao Basket","Surne Bilbao","SBB",1,66,12000,8,34,23,15,33,45,12,15,80,25,13,38,11,3,13,4,5,2,1,16,24,69,-90,-1,12,0,0,66,84,4,778,2,7,0,30,10,23,9
2097854,1,"Liga Nacional","Liga Endesa",-402534000,NA,"https://www.acb.com/Documentos/Cabeceras/logo-competicion-1b.png","https://www.acb.com/Documentos/Cabeceras/logo-competicion-4a.png",89,2024,107,NA,NA,5829,104148,NA,NA,FALSE,4338,4337,2612,"Coviran Granada","Coviran Granada","COV",4338,2613,"Baskonia","Baskonia","BKN",1,75,12000,5,25,20,25,40,62,10,16,62,28,8,36,13,8,14,8,3,2,5,16,18,80,10,-1,0,13,0,75,73,4,1493,3,15,4,46,2,38,13
2097853,1,"Liga Nacional","Liga Endesa",-402534000,NA,"https://www.acb.com/Documentos/Cabeceras/logo-competicion-1b.png","https://www.acb.com/Documentos/Cabeceras/logo-competicion-4a.png",89,2024,107,NA,NA,5829,104148,NA,NA,TRUE,4337,4337,2612,"Coviran Granada","Coviran Granada","COV",4338,2613,"Baskonia","Baskonia","BKN",1,73,12000,4,16,25,26,44,59,9,14,64,27,4,31,18,9,13,15,2,3,2,18,16,80,-10,-1,13,0,0,73,75,4,723,3,10,6,46,6,13,14
2097573,1,"Liga Nacional","Liga Endesa",-402534000,NA,"https://www.acb.com/Documentos/Cabeceras/logo-competicion-1b.png","https://www.acb.com/Documentos/Cabeceras/logo-competicion-4a.png",89,2024,107,NA,NA,5829,104144,NA,NA,TRUE,4346,4346,2621,"Bàsquet Girona","Bàsquet Girona","GIR",4347,2622,"Leyma Coruña","Leyma Coruña","COR",1,81,12000,5,29,17,24,37,64,18,23,78,15,6,21,16,8,8,10,1,3,1,23,23,74,-85,-1,13,0,0,81,98,3,105,0,3,2,42,0,31,12
2097574,1,"Liga Nacional","Liga Endesa",-402534000,NA,"https://www.acb.com/Documentos/Cabeceras/logo-competicion-1b.png","https://www.acb.com/Documentos/Cabeceras/logo-competicion-4a.png",89,2024,107,NA,NA,5829,104144,NA,NA,FALSE,4347,4346,2621,"Bàsquet Girona","Bàsquet Girona","GIR",4347,2622,"Leyma Coruña","Leyma Coruña","COR",1,98,12000,9,19,47,29,42,69,13,18,72,28,10,38,24,5,19,8,3,1,5,23,22,119,85,-1,0,13,0,98,81,2,2253,1,36,7,50,7,37,20
2097601,1,"Liga Nacional","Liga Endesa",-402534000,NA,"https://www.acb.com/Documentos/Cabeceras/logo-competicion-1b.png","https://www.acb.com/Documentos/Cabeceras/logo-competicion-4a.png",89,2024,107,NA,NA,5829,104145,NA,NA,TRUE,4332,4332,2607,"Unicaja","Unicaja","UNI",4336,2611,"Dreamland Gran Canaria","Dreamland GC","DGC",1,88,12000,10,26,38,18,38,47,22,30,73,21,16,37,16,9,20,14,6,5,3,26,25,86,-30,-1,13,0,0,88,94,3,581,4,6,7,32,2,52,8
2097602,1,"Liga Nacional","Liga Endesa",-402534000,NA,"https://www.acb.com/Documentos/Cabeceras/logo-competicion-1b.png","https://www.acb.com/Documentos/Cabeceras/logo-competicion-4a.png",89,2024,107,NA,NA,5829,104145,NA,NA,FALSE,4336,4332,2607,"Unicaja","Unicaja","UNI",4336,2611,"Dreamland Gran Canaria","Dreamland GC","DGC",1,94,12000,13,30,43,14,28,50,27,34,79,23,10,33,19,8,15,3,5,6,0,26,24,98,30,-1,0,13,0,94,88,2,1394,5,10,2,18,7,39,10
2097433,1,"Liga Nacional","Liga Endesa",-402534000,NA,"https://www.acb.com/Documentos/Cabeceras/logo-competicion-1b.png","https://www.acb.com/Documentos/Cabeceras/logo-competicion-4a.png",89,2024,107,NA,NA,5829,104142,NA,NA,TRUE,4340,4340,2615,"BAXI Manresa","BAXI Manresa","BAX",4331,2606,"MoraBanc Andorra","MoraBanc And","MBA",1,107,12000,12,32,37,24,36,66,23,35,65,14,10,24,16,9,11,6,1,2,3,26,26,100,-20,-1,13,0,0,107,111,4,458,4,6,6,44,6,61,8
2097434,1,"Liga Nacional","Liga Endesa",-402534000,NA,"https://www.acb.com/Documentos/Cabeceras/logo-competicion-1b.png","https://www.acb.com/Documentos/Cabeceras/logo-competicion-4a.png",89,2024,107,NA,NA,5829,104142,NA,NA,FALSE,4331,4340,2615,"BAXI Manresa","BAXI Manresa","BAX",4331,2606,"MoraBanc Andorra","MoraBanc And","MBA",1,111,12000,8,16,50,31,46,67,25,30,83,23,7,30,19,6,16,12,3,1,5,27,25,122,20,-1,0,13,0,111,107,4,1622,4,23,4,48,8,49,12
2099735,1,"Liga Nacional","Liga Endesa",-402534000,NA,"https://www.acb.com/Documentos/Cabeceras/logo-competicion-1b.png","https://www.acb.com/Documentos/Cabeceras/logo-competicion-4a.png",89,2024,107,NA,NA,5830,104159,NA,NA,FALSE,4345,4339,2614,"Valencia Basket","Valencia Basket","VBC",4345,2620,"Real Madrid","Real Madrid","RMB",1,84,12000,7,26,26,24,46,52,15,17,88,24,17,41,16,5,9,4,6,2,0,14,14,98,-5,-1,13,0,0,84,85,4,716,3,8,0,44,10,44,7
2099734,1,"Liga Nacional","Liga Endesa",-402534000,NA,"https://www.acb.com/Documentos/Cabeceras/logo-competicion-1b.png","https://www.acb.com/Documentos/Cabeceras/logo-competicion-4a.png",89,2024,107,NA,NA,5830,104159,NA,NA,TRUE,4339,4339,2614,"Valencia Basket","Valencia Basket","VBC",4345,2620,"Real Madrid","Real Madrid","RMB",1,85,12000,11,30,36,23,43,53,6,6,100,23,14,37,17,4,10,9,2,6,3,14,14,90,5,-1,0,13,0,85,84,3,1375,4,12,2,44,2,39,9
2099538,1,"Liga Nacional","Liga Endesa",-402534000,NA,"https://www.acb.com/Documentos/Cabeceras/logo-competicion-1b.png","https://www.acb.com/Documentos/Cabeceras/logo-competicion-4a.png",89,2024,107,NA,NA,5830,104157,NA,NA,TRUE,4342,4342,2617,"Barça","Barça","BAR",4331,2606,"MoraBanc Andorra","MoraBanc And","MBA",1,105,12000,11,31,35,26,44,59,20,20,100,20,10,30,22,14,4,12,2,4,6,17,20,130,130,-1,0,13,0,105,79,4,1246,2,27,10,46,6,57,11
2099539,1,"Liga Nacional","Liga Endesa",-402534000,NA,"https://www.acb.com/Documentos/Cabeceras/logo-competicion-1b.png","https://www.acb.com/Documentos/Cabeceras/logo-competicion-4a.png",89,2024,107,NA,NA,5830,104157,NA,NA,FALSE,4331,4342,2617,"Barça","Barça","BAR",4331,2606,"MoraBanc Andorra","MoraBanc And","MBA",1,79,12000,8,19,42,20,38,52,15,15,100,26,8,34,16,3,23,4,4,2,1,22,17,77,-130,-1,13,0,0,79,105,4,931,1,11,0,32,8,38,7
2099511,1,"Liga Nacional","Liga Endesa",-402534000,NA,"https://www.acb.com/Documentos/Cabeceras/logo-competicion-1b.png","https://www.acb.com/Documentos/Cabeceras/logo-competicion-4a.png",89,2024,107,NA,NA,5830,104158,NA,NA,FALSE,4340,4343,2618,"Surne Bilbao Basket","Surne Bilbao","SBB",4340,2615,"BAXI Manresa","BAXI Manresa","BAX",1,73,12000,6,24,25,19,41,46,17,26,65,19,11,30,13,7,17,14,2,5,0,24,24,54,-75,-1,13,0,0,73,88,4,0,0,0,7,30,10,39,6
2099510,1,"Liga Nacional","Liga Endesa",-402534000,NA,"https://www.acb.com/Documentos/Cabeceras/logo-competicion-1b.png","https://www.acb.com/Documentos/Cabeceras/logo-competicion-4a.png",89,2024,107,NA,NA,5830,104158,NA,NA,TRUE,4343,4343,2618,"Surne Bilbao Basket","Surne Bilbao","SBB",4340,2615,"BAXI Manresa","BAXI Manresa","BAX",1,88,12000,6,21,28,27,36,75,16,21,76,28,5,33,14,5,19,6,5,2,3,24,23,94,75,-1,0,13,0,88,73,2,2338,0,21,10,42,4,35,8
2099211,1,"Liga Nacional","Liga Endesa",-402534000,NA,"https://www.acb.com/Documentos/Cabeceras/logo-competicion-1b.png","https://www.acb.com/Documentos/Cabeceras/logo-competicion-4a.png",89,2024,107,NA,NA,5830,104156,NA,NA,FALSE,4334,4336,2611,"Dreamland Gran Canaria","Dreamland GC","DGC",4334,2609,"Casademont Zaragoza","Casademont Zgz","CAZ",1,94,12000,15,35,42,16,29,55,17,23,73,16,11,27,24,9,15,9,2,3,4,18,19,100,-10,-1,12,0,0,94,96,5,546,6,6,5,30,4,27,7
2099210,1,"Liga Nacional","Liga Endesa",-402534000,NA,"https://www.acb.com/Documentos/Cabeceras/logo-competicion-1b.png","https://www.acb.com/Documentos/Cabeceras/logo-competicion-4a.png",89,2024,107,NA,NA,5830,104156,NA,NA,TRUE,4336,4336,2611,"Dreamland Gran Canaria","Dreamland GC","DGC",4334,2609,"Casademont Zaragoza","Casademont Zgz","CAZ",1,96,12000,9,21,42,28,36,77,13,16,81,22,5,27,18,9,19,8,4,2,3,21,18,107,10,-1,0,13,0,96,94,2,1577,7,9,6,48,6,57,11
2099098,1,"Liga Nacional","Liga Endesa",-402534000,NA,"https://www.acb.com/Documentos/Cabeceras/logo-competicion-1b.png","https://www.acb.com/Documentos/Cabeceras/logo-competicion-4a.png",89,2024,107,NA,NA,5830,104154,NA,NA,TRUE,4338,4338,2613,"Baskonia","Baskonia","BKN",4332,2607,"Unicaja","Unicaja","UNI",1,88,12000,9,24,37,24,39,61,13,16,81,26,9,35,14,4,17,13,2,3,4,15,18,93,-10,-1,13,0,0,88,90,4,1000,1,14,3,44,5,35,11
2099099,1,"Liga Nacional","Liga Endesa",-402534000,NA,"https://www.acb.com/Documentos/Cabeceras/logo-competicion-1b.png","https://www.acb.com/Documentos/Cabeceras/logo-competicion-4a.png",89,2024,107,NA,NA,5830,104154,NA,NA,FALSE,4332,4338,2613,"Baskonia","Baskonia","BKN",4332,2607,"Unicaja","Unicaja","UNI",1,90,12000,15,27,55,19,40,47,7,13,53,20,8,28,26,7,13,15,3,2,1,18,15,97,10,-1,0,13,0,90,88,4,1173,2,13,5,30,10,67,6
2099128,1,"Liga Nacional","Liga Endesa",-402534000,NA,"https://www.acb.com/Documentos/Cabeceras/logo-competicion-1b.png","https://www.acb.com/Documentos/Cabeceras/logo-competicion-4a.png",89,2024,107,NA,NA,5830,104155,NA,NA,TRUE,4347,4347,2622,"Leyma Coruña","Leyma Coruña","COR",4344,2619,"Joventut Badalona","Joventut","JOV",1,85,12000,6,25,24,28,47,59,11,15,73,23,12,35,19,7,5,7,4,1,3,17,21,106,-45,-1,13,0,0,85,94,5,203,2,6,9,48,9,30,10
2099129,1,"Liga Nacional","Liga Endesa",-402534000,NA,"https://www.acb.com/Documentos/Cabeceras/logo-competicion-1b.png","https://www.acb.com/Documentos/Cabeceras/logo-competicion-4a.png",89,2024,107,NA,NA,5830,104155,NA,NA,FALSE,4344,4347,2622,"Leyma Coruña","Leyma Coruña","COR",4344,2619,"Joventut Badalona","Joventut","JOV",1,94,12000,16,38,42,16,27,59,14,16,87,28,8,36,17,1,12,0,1,4,2,21,17,94,45,-1,0,12,0,94,85,5,2047,2,19,0,30,10,31,8
2098846,1,"Liga Nacional","Liga Endesa",-402534000,NA,"https://www.acb.com/Documentos/Cabeceras/logo-competicion-1b.png","https://www.acb.com/Documentos/Cabeceras/logo-competicion-4a.png",89,2024,107,NA,NA,5830,104152,NA,NA,TRUE,4348,4348,2623,"Hiopos Lleida","Hiopos Lleida","HIO",4337,2612,"Coviran Granada","Coviran Granada","COV",1,87,12000,9,30,30,19,32,59,22,27,81,29,13,42,17,5,11,10,4,4,1,22,24,103,65,-1,0,13,0,87,74,2,1502,1,15,0,36,11,53,13
2098847,1,"Liga Nacional","Liga Endesa",-402534000,NA,"https://www.acb.com/Documentos/Cabeceras/logo-competicion-1b.png","https://www.acb.com/Documentos/Cabeceras/logo-competicion-4a.png",89,2024,107,NA,NA,5830,104152,NA,NA,FALSE,4337,4348,2623,"Hiopos Lleida","Hiopos Lleida","HIO",4337,2612,"Coviran Granada","Coviran Granada","COV",1,74,12000,12,30,40,11,32,34,16,25,64,20,12,32,14,5,11,7,4,4,2,24,21,63,-65,-1,13,0,0,74,87,5,826,1,12,2,20,5,26,8
2098818,1,"Liga Nacional","Liga Endesa",-402534000,NA,"https://www.acb.com/Documentos/Cabeceras/logo-competicion-1b.png","https://www.acb.com/Documentos/Cabeceras/logo-competicion-4a.png",89,2024,107,NA,NA,5830,104153,NA,NA,TRUE,4335,4335,2605,"La Laguna Tenerife","La Laguna TFE","LLT",4333,2608,"UCAM Murcia","UCAM Murcia","UCM",1,82,12000,8,21,38,20,39,51,18,26,69,23,10,33,17,5,6,4,3,2,1,18,24,98,40,-1,0,13,0,82,74,3,1766,2,17,4,30,9,43,10
2098819,1,"Liga Nacional","Liga Endesa",-402534000,NA,"https://www.acb.com/Documentos/Cabeceras/logo-competicion-1b.png","https://www.acb.com/Documentos/Cabeceras/logo-competicion-4a.png",89,2024,107,NA,NA,5830,104153,NA,NA,FALSE,4333,4335,2605,"La Laguna Tenerife","La Laguna TFE","LLT",4333,2608,"UCAM Murcia","UCAM Murcia","UCM",1,74,12000,8,23,34,20,35,57,10,15,66,24,7,31,15,4,10,8,2,3,2,25,18,71,-40,-1,13,0,0,74,82,5,449,2,7,2,28,4,23,9
2098679,1,"Liga Nacional","Liga Endesa",-402534000,NA,"https://www.acb.com/Documentos/Cabeceras/logo-competicion-1b.png","https://www.acb.com/Documentos/Cabeceras/logo-competicion-4a.png",89,2024,107,NA,NA,5830,104151,NA,NA,FALSE,4346,4341,2616,"Río Breogán","Río Breogán","BRE",4346,2621,"Bàsquet Girona","Bàsquet Girona","GIR",1,74,12000,11,30,36,13,31,41,15,23,65,26,12,38,17,7,14,10,4,2,1,22,19,76,-15,-1,13,0,0,74,77,5,898,1,12,4,24,10,33,7
2098678,1,"Liga Nacional","Liga Endesa",-402534000,NA,"https://www.acb.com/Documentos/Cabeceras/logo-competicion-1b.png","https://www.acb.com/Documentos/Cabeceras/logo-competicion-4a.png",89,2024,107,NA,NA,5830,104151,NA,NA,TRUE,4341,4341,2616,"Río Breogán","Río Breogán","BRE",4346,2621,"Bàsquet Girona","Bàsquet Girona","GIR",1,77,12000,8,19,42,19,41,46,15,20,75,28,8,36,17,8,11,3,3,4,4,20,22,90,15,-1,0,13,0,77,74,4,1291,2,13,5,30,2,37,18
2101051,1,"Liga Nacional","Liga Endesa",-402534000,NA,"https://www.acb.com/Documentos/Cabeceras/logo-competicion-1b.png","https://www.acb.com/Documentos/Cabeceras/logo-competicion-4a.png",89,2024,107,NA,NA,5831,104168,NA,NA,TRUE,4345,4345,2620,"Real Madrid","Real Madrid","RMB",4342,2617,"Barça","Barça","BAR",1,73,12000,10,31,32,13,37,35,17,23,73,28,15,43,16,6,5,11,5,3,4,19,22,87,10,-1,0,13,0,73,71,3,1781,6,10,7,24,5,24,8
2101052,1,"Liga Nacional","Liga Endesa",-402534000,NA,"https://www.acb.com/Documentos/Cabeceras/logo-competicion-1b.png","https://www.acb.com/Documentos/Cabeceras/logo-competicion-4a.png",89,2024,107,NA,NA,5831,104168,NA,NA,FALSE,4342,4345,2620,"Real Madrid","Real Madrid","RMB",4342,2617,"Barça","Barça","BAR",1,71,12000,11,28,39,15,41,36,8,11,72,33,15,48,14,2,9,4,4,5,2,22,18,75,-10,-1,13,0,0,71,73,4,212,6,2,5,22,18,19,10
2100911,1,"Liga Nacional","Liga Endesa",-402534000,NA,"https://www.acb.com/Documentos/Cabeceras/logo-competicion-1b.png","https://www.acb.com/Documentos/Cabeceras/logo-competicion-4a.png",89,2024,107,NA,NA,5831,104167,NA,NA,TRUE,4340,4340,2615,"BAXI Manresa","BAXI Manresa","BAX",4338,2613,"Baskonia","Baskonia","BKN",1,80,12000,6,31,19,23,48,47,16,21,76,22,21,43,15,8,11,6,2,3,1,19,24,84,-10,-1,13,0,0,80,82,5,1977,3,18,2,40,13,44,13
2100912,1,"Liga Nacional","Liga Endesa",-402534000,NA,"https://www.acb.com/Documentos/Cabeceras/logo-competicion-1b.png","https://www.acb.com/Documentos/Cabeceras/logo-competicion-4a.png",89,2024,107,NA,NA,5831,104167,NA,NA,FALSE,4338,4340,2615,"BAXI Manresa","BAXI Manresa","BAX",4338,2613,"Baskonia","Baskonia","BKN",1,82,12000,6,16,37,23,42,54,18,21,85,27,8,35,20,10,16,11,4,2,5,24,19,96,10,-1,0,13,0,82,80,4,106,1,4,3,44,2,34,8
2100771,1,"Liga Nacional","Liga Endesa",-402534000,NA,"https://www.acb.com/Documentos/Cabeceras/logo-competicion-1b.png","https://www.acb.com/Documentos/Cabeceras/logo-competicion-4a.png",89,2024,107,NA,NA,5831,104166,NA,NA,TRUE,4334,4334,2609,"Casademont Zaragoza","Casademont Zgz","CAZ",4346,2621,"Bàsquet Girona","Bàsquet Girona","GIR",1,96,12000,5,20,25,33,55,60,15,20,75,30,17,47,24,13,9,12,3,2,11,19,20,131,140,-1,0,13,0,96,68,2,2277,2,33,5,62,14,38,9
2100772,1,"Liga Nacional","Liga Endesa",-402534000,NA,"https://www.acb.com/Documentos/Cabeceras/logo-competicion-1b.png","https://www.acb.com/Documentos/Cabeceras/logo-competicion-4a.png",89,2024,107,NA,NA,5831,104166,NA,NA,FALSE,4346,4334,2609,"Casademont Zaragoza","Casademont Zgz","CAZ",4346,2621,"Bàsquet Girona","Bàsquet Girona","GIR",1,68,12000,7,29,24,18,36,50,11,18,61,22,12,34,11,3,15,7,2,2,3,20,19,53,-140,-1,13,0,0,68,96,4,49,2,2,4,32,6,38,6
2100490,1,"Liga Nacional","Liga Endesa",-402534000,NA,"https://www.acb.com/Documentos/Cabeceras/logo-competicion-1b.png","https://www.acb.com/Documentos/Cabeceras/logo-competicion-4a.png",89,2024,107,NA,NA,5831,104164,NA,NA,FALSE,4335,4331,2606,"MoraBanc Andorra","MoraBanc And","MBA",4335,2605,"La Laguna Tenerife","La Laguna TFE","LLT",1,92,12000,12,29,41,24,36,66,8,15,53,18,13,31,19,6,10,4,1,4,0,15,19,103,45,-1,0,13,0,92,83,2,1914,3,17,6,38,14,27,8
2100489,1,"Liga Nacional","Liga Endesa",-402534000,NA,"https://www.acb.com/Documentos/Cabeceras/logo-competicion-1b.png","https://www.acb.com/Documentos/Cabeceras/logo-competicion-4a.png",89,2024,107,NA,NA,5831,104164,NA,NA,TRUE,4331,4331,2606,"MoraBanc Andorra","MoraBanc And","MBA",4335,2605,"La Laguna Tenerife","La Laguna TFE","LLT",1,83,12000,12,32,37,20,32,62,7,10,70,18,9,27,17,7,12,12,4,1,1,20,15,85,-45,-1,13,0,0,83,92,3,309,3,5,6,28,7,27,11
2100520,1,"Liga Nacional","Liga Endesa",-402534000,NA,"https://www.acb.com/Documentos/Cabeceras/logo-competicion-1b.png","https://www.acb.com/Documentos/Cabeceras/logo-competicion-4a.png",89,2024,107,NA,NA,5831,104165,NA,NA,FALSE,4337,4333,2608,"UCAM Murcia","UCAM Murcia","UCM",4337,2612,"Coviran Granada","Coviran Granada","COV",1,81,12000,11,27,40,15,26,57,18,21,85,24,1,25,9,6,14,6,2,2,1,29,23,71,-15,-1,13,0,0,81,84,4,821,2,10,3,26,2,46,9
2100519,1,"Liga Nacional","Liga Endesa",-402534000,NA,"https://www.acb.com/Documentos/Cabeceras/logo-competicion-1b.png","https://www.acb.com/Documentos/Cabeceras/logo-competicion-4a.png",89,2024,107,NA,NA,5831,104165,NA,NA,TRUE,4333,4333,2608,"UCAM Murcia","UCAM Murcia","UCM",4337,2612,"Coviran Granada","Coviran Granada","COV",1,84,12000,5,22,22,21,33,63,27,40,67,27,8,35,20,7,12,11,2,1,3,24,29,98,15,-1,0,13,0,84,81,3,1271,3,14,9,40,2,36,13
2100210,1,"Liga Nacional","Liga Endesa",-402534000,NA,"https://www.acb.com/Documentos/Cabeceras/logo-competicion-1b.png","https://www.acb.com/Documentos/Cabeceras/logo-competicion-4a.png",89,2024,107,NA,NA,5831,104162,NA,NA,FALSE,4343,4347,2622,"Leyma Coruña","Leyma Coruña","COR",4343,2618,"Surne Bilbao Basket","Surne Bilbao","SBB",1,100,12000,20,41,48,14,31,45,12,20,60,23,12,35,26,9,6,5,0,3,0,19,20,116,105,-1,0,13,0,100,79,2,1308,2,21,3,22,13,61,9
2100209,1,"Liga Nacional","Liga Endesa",-402534000,NA,"https://www.acb.com/Documentos/Cabeceras/logo-competicion-1b.png","https://www.acb.com/Documentos/Cabeceras/logo-competicion-4a.png",89,2024,107,NA,NA,5831,104162,NA,NA,TRUE,4347,4347,2622,"Leyma Coruña","Leyma Coruña","COR",4343,2618,"Surne Bilbao Basket","Surne Bilbao","SBB",1,79,12000,9,21,42,19,39,48,14,18,77,26,11,37,15,3,16,0,3,0,2,20,19,84,-105,-1,13,0,0,79,100,4,780,2,8,0,36,7,33,11
2100237,1,"Liga Nacional","Liga Endesa",-402534000,NA,"https://www.acb.com/Documentos/Cabeceras/logo-competicion-1b.png","https://www.acb.com/Documentos/Cabeceras/logo-competicion-4a.png",89,2024,107,NA,NA,5831,104163,NA,NA,TRUE,4332,4332,2607,"Unicaja","Unicaja","UNI",4341,2616,"Río Breogán","Río Breogán","BRE",1,86,12000,12,32,37,20,41,48,10,17,58,30,15,45,22,8,12,10,1,2,7,17,18,101,45,-1,0,13,0,86,77,2,2125,3,16,5,34,6,44,7
2100238,1,"Liga Nacional","Liga Endesa",-402534000,NA,"https://www.acb.com/Documentos/Cabeceras/logo-competicion-1b.png","https://www.acb.com/Documentos/Cabeceras/logo-competicion-4a.png",89,2024,107,NA,NA,5831,104163,NA,NA,FALSE,4341,4332,2607,"Unicaja","Unicaja","UNI",4341,2616,"Río Breogán","Río Breogán","BRE",1,77,12000,9,30,30,19,35,54,12,15,80,25,7,32,20,10,14,13,3,1,2,18,17,86,-45,-1,13,0,0,77,86,5,137,2,4,6,30,5,40,11
2100068,1,"Liga Nacional","Liga Endesa",-402534000,NA,"https://www.acb.com/Documentos/Cabeceras/logo-competicion-1b.png","https://www.acb.com/Documentos/Cabeceras/logo-competicion-4a.png",89,2024,107,NA,NA,5831,104161,NA,NA,FALSE,4339,4336,2611,"Dreamland Gran Canaria","Dreamland GC","DGC",4339,2614,"Valencia Basket","Valencia Basket","VBC",1,94,12000,14,34,41,21,38,55,10,20,50,27,13,40,21,4,13,15,6,2,1,27,21,97,-15,-1,13,0,0,94,97,5,931,1,12,9,36,3,40,16
2100067,1,"Liga Nacional","Liga Endesa",-402534000,NA,"https://www.acb.com/Documentos/Cabeceras/logo-competicion-1b.png","https://www.acb.com/Documentos/Cabeceras/logo-competicion-4a.png",89,2024,107,NA,NA,5831,104161,NA,NA,TRUE,4336,4336,2611,"Dreamland Gran Canaria","Dreamland GC","DGC",4339,2614,"Valencia Basket","Valencia Basket","VBC",1,97,12000,8,31,25,25,35,71,23,29,79,26,6,32,15,6,9,8,3,7,4,22,25,101,15,-1,0,13,0,97,94,3,1262,2,8,8,50,9,33,11
2099931,1,"Liga Nacional","Liga Endesa",-402534000,NA,"https://www.acb.com/Documentos/Cabeceras/logo-competicion-1b.png","https://www.acb.com/Documentos/Cabeceras/logo-competicion-4a.png",89,2024,107,NA,NA,5831,104160,NA,NA,FALSE,4348,4344,2619,"Joventut Badalona","Joventut","JOV",4348,2623,"Hiopos Lleida","Hiopos Lleida","HIO",1,72,12000,7,29,24,17,39,43,17,24,70,24,12,36,14,7,12,4,4,5,0,19,21,67,-100,-1,13,0,0,72,92,4,243,0,5,4,28,4,33,8
2099930,1,"Liga Nacional","Liga Endesa",-402534000,NA,"https://www.acb.com/Documentos/Cabeceras/logo-competicion-1b.png","https://www.acb.com/Documentos/Cabeceras/logo-competicion-4a.png",89,2024,107,NA,NA,5831,104160,NA,NA,TRUE,4344,4344,2619,"Joventut Badalona","Joventut","JOV",4348,2623,"Hiopos Lleida","Hiopos Lleida","HIO",1,92,12000,13,33,39,18,28,64,17,24,70,34,7,41,15,8,13,12,6,4,4,21,19,106,100,-1,0,12,0,92,72,1,1902,1,20,2,32,5,47,11
2103456,1,"Liga Nacional","Liga Endesa",-402534000,NA,"https://www.acb.com/Documentos/Cabeceras/logo-competicion-1b.png","https://www.acb.com/Documentos/Cabeceras/logo-competicion-4a.png",89,2024,107,NA,NA,5832,104176,NA,NA,FALSE,4347,4338,2613,"Baskonia","Baskonia","BKN",4347,2622,"Leyma Coruña","Leyma Coruña","COR",1,66,12000,9,29,31,13,39,33,13,16,81,19,6,25,12,3,5,2,2,7,1,23,18,42,-240,-1,13,0,0,66,114,5,40,0,2,5,18,5,17,5
2103455,1,"Liga Nacional","Liga Endesa",-402534000,NA,"https://www.acb.com/Documentos/Cabeceras/logo-competicion-1b.png","https://www.acb.com/Documentos/Cabeceras/logo-competicion-4a.png",89,2024,107,NA,NA,5832,104176,NA,NA,TRUE,4338,4338,2613,"Baskonia","Baskonia","BKN",4347,2622,"Leyma Coruña","Leyma Coruña","COR",1,114,12000,17,33,51,20,33,60,23,27,85,40,10,50,22,2,10,5,8,1,3,18,23,157,240,-1,0,13,0,114,66,2,2284,1,51,2,30,12,49,19
2103511,1,"Liga Nacional","Liga Endesa",-402534000,NA,"https://www.acb.com/Documentos/Cabeceras/logo-competicion-1b.png","https://www.acb.com/Documentos/Cabeceras/logo-competicion-4a.png",89,2024,107,NA,NA,5832,104177,NA,NA,TRUE,4337,4337,2612,"Coviran Granada","Coviran Granada","COV",4345,2620,"Real Madrid","Real Madrid","RMB",1,79,12000,8,24,33,21,37,56,13,16,81,27,7,34,16,10,16,17,2,3,5,28,16,75,-25,-1,13,0,0,79,84,5,2177,0,15,4,38,4,37,7
2103512,1,"Liga Nacional","Liga Endesa",-402534000,NA,"https://www.acb.com/Documentos/Cabeceras/logo-competicion-1b.png","https://www.acb.com/Documentos/Cabeceras/logo-competicion-4a.png",89,2024,107,NA,NA,5832,104177,NA,NA,FALSE,4345,4337,2612,"Coviran Granada","Coviran Granada","COV",4345,2620,"Real Madrid","Real Madrid","RMB",1,84,12000,6,26,23,25,49,51,16,24,66,25,18,43,14,9,11,9,3,2,4,16,28,100,25,-1,0,13,0,84,79,3,151,1,5,4,48,13,51,7
2103316,1,"Liga Nacional","Liga Endesa",-402534000,NA,"https://www.acb.com/Documentos/Cabeceras/logo-competicion-1b.png","https://www.acb.com/Documentos/Cabeceras/logo-competicion-4a.png",89,2024,107,NA,NA,5832,104175,NA,NA,FALSE,4342,4346,2621,"Bàsquet Girona","Bàsquet Girona","GIR",4342,2617,"Barça","Barça","BAR",1,90,12000,12,29,41,21,38,55,12,19,63,23,11,34,21,5,13,12,3,2,3,18,20,99,-5,-1,13,0,0,90,91,5,839,2,10,0,38,15,28,8
2103315,1,"Liga Nacional","Liga Endesa",-402534000,NA,"https://www.acb.com/Documentos/Cabeceras/logo-competicion-1b.png","https://www.acb.com/Documentos/Cabeceras/logo-competicion-4a.png",89,2024,107,NA,NA,5832,104175,NA,NA,TRUE,4346,4346,2621,"Bàsquet Girona","Bàsquet Girona","GIR",4342,2617,"Barça","Barça","BAR",1,91,12000,11,27,40,24,38,63,10,14,71,25,7,32,22,9,13,13,3,3,1,21,17,103,5,-1,0,13,0,91,90,5,1498,2,10,5,44,7,25,8
2101860,1,"Liga Nacional","Liga Endesa",-402534000,NA,"https://www.acb.com/Documentos/Cabeceras/logo-competicion-1b.png","https://www.acb.com/Documentos/Cabeceras/logo-competicion-4a.png",89,2024,107,NA,NA,5832,104174,NA,NA,TRUE,4335,4335,2605,"La Laguna Tenerife","La Laguna TFE","LLT",4334,2609,"Casademont Zaragoza","Casademont Zgz","CAZ",1,106,12000,15,27,55,16,26,61,29,31,93,18,4,22,18,5,10,4,2,0,0,21,27,125,45,-1,0,13,0,106,97,3,823,5,9,2,24,7,42,9
2101861,1,"Liga Nacional","Liga Endesa",-402534000,NA,"https://www.acb.com/Documentos/Cabeceras/logo-competicion-1b.png","https://www.acb.com/Documentos/Cabeceras/logo-competicion-4a.png",89,2024,107,NA,NA,5832,104174,NA,NA,FALSE,4334,4335,2605,"La Laguna Tenerife","La Laguna TFE","LLT",4334,2609,"Casademont Zaragoza","Casademont Zgz","CAZ",1,97,12000,10,22,45,28,43,65,11,13,84,16,9,25,23,4,11,12,0,2,8,27,21,101,-45,-1,13,0,0,97,106,4,1044,5,7,10,46,6,49,11
2101720,1,"Liga Nacional","Liga Endesa",-402534000,NA,"https://www.acb.com/Documentos/Cabeceras/logo-competicion-1b.png","https://www.acb.com/Documentos/Cabeceras/logo-competicion-4a.png",89,2024,107,NA,NA,5832,104173,NA,NA,TRUE,4333,4333,2608,"UCAM Murcia","UCAM Murcia","UCM",4332,2607,"Unicaja","Unicaja","UNI",1,77,12000,5,21,23,24,42,57,14,22,63,29,10,39,20,6,19,6,0,0,2,19,19,81,-60,-1,13,0,0,77,89,4,0,0,0,4,48,3,36,15
2101721,1,"Liga Nacional","Liga Endesa",-402534000,NA,"https://www.acb.com/Documentos/Cabeceras/logo-competicion-1b.png","https://www.acb.com/Documentos/Cabeceras/logo-competicion-4a.png",89,2024,107,NA,NA,5832,104173,NA,NA,FALSE,4332,4333,2608,"UCAM Murcia","UCAM Murcia","UCM",4332,2607,"Unicaja","Unicaja","UNI",1,89,12000,10,27,37,24,47,51,11,14,78,27,12,39,18,8,15,10,0,0,2,22,17,91,60,-1,0,13,0,89,77,1,2330,0,22,6,42,7,49,8
2101581,1,"Liga Nacional","Liga Endesa",-402534000,NA,"https://www.acb.com/Documentos/Cabeceras/logo-competicion-1b.png","https://www.acb.com/Documentos/Cabeceras/logo-competicion-4a.png",89,2024,107,NA,NA,5832,104172,NA,NA,FALSE,4340,4341,2616,"Río Breogán","Río Breogán","BRE",4340,2615,"BAXI Manresa","BAXI Manresa","BAX",1,88,12000,14,31,45,15,32,46,16,23,69,23,12,35,23,8,12,13,4,1,4,22,24,106,45,-1,0,13,0,88,79,2,2398,0,17,7,28,4,30,10
2101580,1,"Liga Nacional","Liga Endesa",-402534000,NA,"https://www.acb.com/Documentos/Cabeceras/logo-competicion-1b.png","https://www.acb.com/Documentos/Cabeceras/logo-competicion-4a.png",89,2024,107,NA,NA,5832,104172,NA,NA,TRUE,4341,4341,2616,"Río Breogán","Río Breogán","BRE",4340,2615,"BAXI Manresa","BAXI Manresa","BAX",1,79,12000,9,26,34,19,36,52,14,19,73,23,12,35,17,9,15,6,1,4,2,24,22,81,-45,-1,13,0,0,79,88,5,0,0,0,4,36,10,36,9
2101467,1,"Liga Nacional","Liga Endesa",-402534000,NA,"https://www.acb.com/Documentos/Cabeceras/logo-competicion-1b.png","https://www.acb.com/Documentos/Cabeceras/logo-competicion-4a.png",89,2024,107,NA,NA,5832,104171,NA,NA,FALSE,4331,4343,2618,"Surne Bilbao Basket","Surne Bilbao","SBB",4331,2606,"MoraBanc Andorra","MoraBanc And","MBA",1,74,12000,3,22,13,20,40,50,25,28,89,33,10,43,10,3,13,7,4,5,0,25,24,73,-40,-1,13,0,0,74,82,3,187,3,3,2,26,4,29,7
2101466,1,"Liga Nacional","Liga Endesa",-402534000,NA,"https://www.acb.com/Documentos/Cabeceras/logo-competicion-1b.png","https://www.acb.com/Documentos/Cabeceras/logo-competicion-4a.png",89,2024,107,NA,NA,5832,104171,NA,NA,TRUE,4343,4343,2618,"Surne Bilbao Basket","Surne Bilbao","SBB",4331,2606,"MoraBanc Andorra","MoraBanc And","MBA",1,82,12000,8,37,21,17,31,54,24,26,92,29,10,39,17,8,10,2,5,4,4,24,23,91,40,-1,0,13,0,82,74,2,2068,4,20,2,34,5,28,11
2101332,1,"Liga Nacional","Liga Endesa",-402534000,NA,"https://www.acb.com/Documentos/Cabeceras/logo-competicion-1b.png","https://www.acb.com/Documentos/Cabeceras/logo-competicion-4a.png",89,2024,107,NA,NA,5832,104170,NA,NA,FALSE,4336,4344,2619,"Joventut Badalona","Joventut","JOV",4336,2611,"Dreamland Gran Canaria","Dreamland GC","DGC",1,78,12000,11,33,33,16,33,48,13,17,76,22,8,30,19,8,8,15,3,2,3,21,20,84,-55,-1,13,0,0,78,89,5,1334,4,12,2,30,5,34,8
2101331,1,"Liga Nacional","Liga Endesa",-402534000,NA,"https://www.acb.com/Documentos/Cabeceras/logo-competicion-1b.png","https://www.acb.com/Documentos/Cabeceras/logo-competicion-4a.png",89,2024,107,NA,NA,5832,104170,NA,NA,TRUE,4344,4344,2619,"Joventut Badalona","Joventut","JOV",4336,2611,"Dreamland Gran Canaria","Dreamland GC","DGC",1,89,12000,11,31,35,23,39,58,10,16,62,31,15,46,20,5,11,8,2,3,3,20,20,106,55,-1,0,12,0,89,78,4,859,5,13,0,40,15,25,13
2101192,1,"Liga Nacional","Liga Endesa",-402534000,NA,"https://www.acb.com/Documentos/Cabeceras/logo-competicion-1b.png","https://www.acb.com/Documentos/Cabeceras/logo-competicion-4a.png",89,2024,107,NA,NA,5832,104169,NA,NA,FALSE,4348,4339,2614,"Valencia Basket","Valencia Basket","VBC",4348,2623,"Hiopos Lleida","Hiopos Lleida","HIO",1,92,12000,14,33,42,19,38,50,12,18,66,21,11,32,20,8,14,13,3,0,1,25,23,95,-75,-1,13,0,0,92,107,3,386,5,5,16,34,7,45,8
2101191,1,"Liga Nacional","Liga Endesa",-402534000,NA,"https://www.acb.com/Documentos/Cabeceras/logo-competicion-1b.png","https://www.acb.com/Documentos/Cabeceras/logo-competicion-4a.png",89,2024,107,NA,NA,5832,104169,NA,NA,TRUE,4339,4339,2614,"Valencia Basket","Valencia Basket","VBC",4348,2623,"Hiopos Lleida","Hiopos Lleida","HIO",1,107,12000,17,43,39,17,32,53,22,26,84,30,15,45,25,8,13,11,0,3,3,23,25,126,75,-1,0,13,0,107,92,0,1778,5,21,2,34,15,59,8
2103176,1,"Liga Nacional","Liga Endesa",-402534000,NA,"https://www.acb.com/Documentos/Cabeceras/logo-competicion-1b.png","https://www.acb.com/Documentos/Cabeceras/logo-competicion-4a.png",89,2024,107,NA,NA,5833,104186,NA,NA,FALSE,4345,4338,2613,"Baskonia","Baskonia","BKN",4345,2620,"Real Madrid","Real Madrid","RMB",1,89,12000,12,24,50,20,36,55,13,16,81,23,10,33,15,6,15,13,2,1,3,21,19,96,35,-1,0,13,0,89,82,3,2319,0,14,5,36,8,27,8
2103175,1,"Liga Nacional","Liga Endesa",-402534000,NA,"https://www.acb.com/Documentos/Cabeceras/logo-competicion-1b.png","https://www.acb.com/Documentos/Cabeceras/logo-competicion-4a.png",89,2024,107,NA,NA,5833,104186,NA,NA,TRUE,4338,4338,2613,"Baskonia","Baskonia","BKN",4345,2620,"Real Madrid","Real Madrid","RMB",1,82,12000,5,20,25,24,46,52,19,24,79,17,14,31,11,6,9,8,1,2,5,20,20,78,-35,-1,13,0,0,82,89,4,0,0,0,4,38,8,51,9
2102792,1,"Liga Nacional","Liga Endesa",-402534000,NA,"https://www.acb.com/Documentos/Cabeceras/logo-competicion-1b.png","https://www.acb.com/Documentos/Cabeceras/logo-competicion-4a.png",89,2024,107,NA,NA,5833,104183,NA,NA,FALSE,4344,4342,2617,"Barça","Barça","BAR",4344,2619,"Joventut Badalona","Joventut","JOV",1,91,13500,14,31,45,19,42,45,11,16,68,29,11,40,22,5,10,7,4,7,3,21,18,97,5,-1,0,12,0,91,90,3,2290,4,12,8,34,8,39,10
2102791,1,"Liga Nacional","Liga Endesa",-402534000,NA,"https://www.acb.com/Documentos/Cabeceras/logo-competicion-1b.png","https://www.acb.com/Documentos/Cabeceras/logo-competicion-4a.png",89,2024,107,NA,NA,5833,104183,NA,NA,TRUE,4342,4342,2617,"Barça","Barça","BAR",4344,2619,"Joventut Badalona","Joventut","JOV",1,90,13500,12,29,41,20,39,51,14,19,73,30,6,36,19,8,10,5,8,4,0,19,21,108,-5,-1,13,0,0,90,91,6,185,3,4,5,38,4,32,9
2102765,1,"Liga Nacional","Liga Endesa",-402534000,NA,"https://www.acb.com/Documentos/Cabeceras/logo-competicion-1b.png","https://www.acb.com/Documentos/Cabeceras/logo-competicion-4a.png",89,2024,107,NA,NA,5833,104184,NA,NA,FALSE,4339,4347,2622,"Leyma Coruña","Leyma Coruña","COR",4339,2614,"Valencia Basket","Valencia Basket","VBC",1,99,12000,12,43,27,22,36,61,19,24,79,31,14,45,22,6,9,12,1,5,4,21,21,109,40,-1,0,13,0,99,91,1,1402,6,15,0,38,2,57,8
2102764,1,"Liga Nacional","Liga Endesa",-402534000,NA,"https://www.acb.com/Documentos/Cabeceras/logo-competicion-1b.png","https://www.acb.com/Documentos/Cabeceras/logo-competicion-4a.png",89,2024,107,NA,NA,5833,104184,NA,NA,TRUE,4347,4347,2622,"Leyma Coruña","Leyma Coruña","COR",4339,2614,"Valencia Basket","Valencia Basket","VBC",1,91,12000,7,22,31,25,47,53,20,27,74,32,9,41,26,7,14,21,6,1,0,22,21,111,-40,-1,12,0,0,91,99,5,456,6,6,10,44,0,52,7
2102734,1,"Liga Nacional","Liga Endesa",-402534000,NA,"https://www.acb.com/Documentos/Cabeceras/logo-competicion-1b.png","https://www.acb.com/Documentos/Cabeceras/logo-competicion-4a.png",89,2024,107,NA,NA,5833,104185,NA,NA,TRUE,4337,4337,2612,"Coviran Granada","Coviran Granada","COV",4336,2611,"Dreamland Gran Canaria","Dreamland GC","DGC",1,82,12000,4,22,18,26,43,60,18,19,94,16,8,24,15,12,5,14,4,5,3,19,20,92,-75,-1,13,0,0,82,97,5,19,0,2,4,50,6,35,8
2102735,1,"Liga Nacional","Liga Endesa",-402534000,NA,"https://www.acb.com/Documentos/Cabeceras/logo-competicion-1b.png","https://www.acb.com/Documentos/Cabeceras/logo-competicion-4a.png",89,2024,107,NA,NA,5833,104185,NA,NA,FALSE,4336,4337,2612,"Coviran Granada","Coviran Granada","COV",4336,2611,"Dreamland Gran Canaria","Dreamland GC","DGC",1,97,12000,12,20,60,25,40,62,11,14,78,24,6,30,28,4,12,8,6,4,4,20,19,122,75,-1,0,13,0,97,82,4,2309,1,17,0,38,4,49,12
2102481,1,"Liga Nacional","Liga Endesa",-402534000,NA,"https://www.acb.com/Documentos/Cabeceras/logo-competicion-1b.png","https://www.acb.com/Documentos/Cabeceras/logo-competicion-4a.png",89,2024,107,NA,NA,5833,104182,NA,NA,FALSE,4343,4335,2605,"La Laguna Tenerife","La Laguna TFE","LLT",4343,2618,"Surne Bilbao Basket","Surne Bilbao","SBB",1,75,12000,7,28,25,23,35,65,8,13,61,21,10,31,16,2,11,0,1,1,5,17,17,75,-55,-1,13,0,0,75,86,4,522,4,8,3,36,8,31,7
2102480,1,"Liga Nacional","Liga Endesa",-402534000,NA,"https://www.acb.com/Documentos/Cabeceras/logo-competicion-1b.png","https://www.acb.com/Documentos/Cabeceras/logo-competicion-4a.png",89,2024,107,NA,NA,5833,104182,NA,NA,TRUE,4335,4335,2605,"La Laguna Tenerife","La Laguna TFE","LLT",4343,2618,"Surne Bilbao Basket","Surne Bilbao","SBB",1,86,12000,9,24,37,24,38,63,11,13,84,23,7,30,19,8,7,4,1,1,1,17,16,104,55,-1,0,13,0,86,75,1,1523,4,15,2,36,0,59,10
2102313,1,"Liga Nacional","Liga Endesa",-402534000,NA,"https://www.acb.com/Documentos/Cabeceras/logo-competicion-1b.png","https://www.acb.com/Documentos/Cabeceras/logo-competicion-4a.png",89,2024,107,NA,NA,5833,104180,NA,NA,FALSE,4341,4331,2606,"MoraBanc Andorra","MoraBanc And","MBA",4341,2616,"Río Breogán","Río Breogán","BRE",1,101,12000,16,23,69,20,35,57,13,20,65,25,5,30,22,7,14,4,2,2,2,23,21,115,40,-1,0,13,0,101,93,3,2136,3,26,5,32,6,38,11
2102312,1,"Liga Nacional","Liga Endesa",-402534000,NA,"https://www.acb.com/Documentos/Cabeceras/logo-competicion-1b.png","https://www.acb.com/Documentos/Cabeceras/logo-competicion-4a.png",89,2024,107,NA,NA,5833,104180,NA,NA,TRUE,4331,4331,2606,"MoraBanc Andorra","MoraBanc And","MBA",4341,2616,"Río Breogán","Río Breogán","BRE",1,93,12000,9,29,31,23,37,62,20,23,86,19,11,30,18,6,11,14,2,2,5,21,23,101,-40,-1,13,0,0,93,101,5,116,2,3,5,36,4,41,8
2102340,1,"Liga Nacional","Liga Endesa",-402534000,NA,"https://www.acb.com/Documentos/Cabeceras/logo-competicion-1b.png","https://www.acb.com/Documentos/Cabeceras/logo-competicion-4a.png",89,2024,107,NA,NA,5833,104181,NA,NA,TRUE,4332,4332,2607,"Unicaja","Unicaja","UNI",4334,2609,"Casademont Zaragoza","Casademont Zgz","CAZ",1,85,12000,9,29,31,23,39,58,12,14,85,29,12,41,23,12,11,12,3,1,5,17,18,115,70,-1,0,13,0,85,71,2,2247,2,20,9,38,10,36,11
2102341,1,"Liga Nacional","Liga Endesa",-402534000,NA,"https://www.acb.com/Documentos/Cabeceras/logo-competicion-1b.png","https://www.acb.com/Documentos/Cabeceras/logo-competicion-4a.png",89,2024,107,NA,NA,5833,104181,NA,NA,FALSE,4334,4332,2607,"Unicaja","Unicaja","UNI",4334,2609,"Casademont Zaragoza","Casademont Zgz","CAZ",1,71,12000,11,37,29,15,30,50,8,10,80,25,12,37,14,6,14,5,1,3,5,18,17,68,-70,-1,13,0,0,71,85,5,96,2,4,2,28,6,25,8
2102061,1,"Liga Nacional","Liga Endesa",-402534000,NA,"https://www.acb.com/Documentos/Cabeceras/logo-competicion-1b.png","https://www.acb.com/Documentos/Cabeceras/logo-competicion-4a.png",89,2024,107,NA,NA,5833,104178,NA,NA,FALSE,4333,4340,2615,"BAXI Manresa","BAXI Manresa","BAX",4333,2608,"UCAM Murcia","UCAM Murcia","UCM",1,74,12000,6,30,20,21,30,70,14,19,73,24,7,31,13,13,17,13,3,1,1,25,22,75,-30,-1,13,0,0,74,80,4,1397,5,10,4,40,0,25,9
2102060,1,"Liga Nacional","Liga Endesa",-402534000,NA,"https://www.acb.com/Documentos/Cabeceras/logo-competicion-1b.png","https://www.acb.com/Documentos/Cabeceras/logo-competicion-4a.png",89,2024,107,NA,NA,5833,104178,NA,NA,TRUE,4340,4340,2615,"BAXI Manresa","BAXI Manresa","BAX",4333,2608,"UCAM Murcia","UCAM Murcia","UCM",1,80,12000,8,24,33,19,42,45,18,23,78,30,14,44,15,5,19,5,1,3,1,22,25,82,30,-1,0,13,0,80,74,4,764,6,7,0,28,7,38,14
2102033,1,"Liga Nacional","Liga Endesa",-402534000,NA,"https://www.acb.com/Documentos/Cabeceras/logo-competicion-1b.png","https://www.acb.com/Documentos/Cabeceras/logo-competicion-4a.png",89,2024,107,NA,NA,5833,104179,NA,NA,FALSE,4346,4348,2623,"Hiopos Lleida","Hiopos Lleida","HIO",4346,2621,"Bàsquet Girona","Bàsquet Girona","GIR",1,90,12000,11,31,35,13,23,56,31,44,70,24,7,31,16,8,12,5,1,1,2,26,29,93,25,-1,0,13,0,90,85,5,2266,1,16,2,22,5,29,12
2102032,1,"Liga Nacional","Liga Endesa",-402534000,NA,"https://www.acb.com/Documentos/Cabeceras/logo-competicion-1b.png","https://www.acb.com/Documentos/Cabeceras/logo-competicion-4a.png",89,2024,107,NA,NA,5833,104179,NA,NA,TRUE,4348,4348,2623,"Hiopos Lleida","Hiopos Lleida","HIO",4346,2621,"Bàsquet Girona","Bàsquet Girona","GIR",1,85,12000,6,29,20,23,37,62,21,27,77,25,13,38,17,4,17,14,1,0,1,31,26,80,-25,-1,13,0,0,85,90,4,0,1,3,5,40,7,48,6
2104731,1,"Liga Nacional","Liga Endesa",-402534000,NA,"https://www.acb.com/Documentos/Cabeceras/logo-competicion-1b.png","https://www.acb.com/Documentos/Cabeceras/logo-competicion-4a.png",89,2024,107,NA,NA,5834,104194,NA,NA,FALSE,4338,4346,2621,"Bàsquet Girona","Bàsquet Girona","GIR",4338,2613,"Baskonia","Baskonia","BKN",1,67,12000,8,31,25,15,34,44,13,20,65,20,10,30,13,7,11,2,2,3,1,25,22,53,-145,-1,13,0,0,67,96,3,0,0,0,0,26,6,35,6
2104730,1,"Liga Nacional","Liga Endesa",-402534000,NA,"https://www.acb.com/Documentos/Cabeceras/logo-competicion-1b.png","https://www.acb.com/Documentos/Cabeceras/logo-competicion-4a.png",89,2024,107,NA,NA,5834,104194,NA,NA,TRUE,4346,4346,2621,"Bàsquet Girona","Bàsquet Girona","GIR",4338,2613,"Baskonia","Baskonia","BKN",1,96,12000,7,23,30,29,44,65,17,24,70,33,13,46,19,7,11,14,4,2,2,22,25,124,145,-1,0,13,0,96,67,1,2346,0,34,8,50,17,39,15
2104703,1,"Liga Nacional","Liga Endesa",-402534000,NA,"https://www.acb.com/Documentos/Cabeceras/logo-competicion-1b.png","https://www.acb.com/Documentos/Cabeceras/logo-competicion-4a.png",89,2024,107,NA,NA,5834,104195,NA,NA,FALSE,4335,4345,2620,"Real Madrid","Real Madrid","RMB",4335,2605,"La Laguna Tenerife","La Laguna TFE","LLT",1,86,12000,15,29,51,16,40,40,9,13,69,23,11,34,24,4,9,0,0,5,3,19,17,90,-50,-1,13,0,0,86,96,3,1052,1,9,3,26,11,36,8
2104702,1,"Liga Nacional","Liga Endesa",-402534000,NA,"https://www.acb.com/Documentos/Cabeceras/logo-competicion-1b.png","https://www.acb.com/Documentos/Cabeceras/logo-competicion-4a.png",89,2024,107,NA,NA,5834,104195,NA,NA,TRUE,4345,4345,2620,"Real Madrid","Real Madrid","RMB",4335,2605,"La Laguna Tenerife","La Laguna TFE","LLT",1,96,12000,10,25,40,24,40,60,18,25,72,26,12,38,23,5,8,18,5,0,3,17,18,122,50,-1,0,13,0,96,86,3,1217,2,21,8,44,8,50,9
2104423,1,"Liga Nacional","Liga Endesa",-402534000,NA,"https://www.acb.com/Documentos/Cabeceras/logo-competicion-1b.png","https://www.acb.com/Documentos/Cabeceras/logo-competicion-4a.png",89,2024,107,NA,NA,5834,104193,NA,NA,FALSE,4342,4336,2611,"Dreamland Gran Canaria","Dreamland GC","DGC",4342,2617,"Barça","Barça","BAR",1,77,12000,14,28,50,10,29,34,15,19,78,23,10,33,13,5,11,6,1,2,3,15,17,81,15,-1,0,13,0,77,74,4,1509,2,12,2,20,5,26,10
2104422,1,"Liga Nacional","Liga Endesa",-402534000,NA,"https://www.acb.com/Documentos/Cabeceras/logo-competicion-1b.png","https://www.acb.com/Documentos/Cabeceras/logo-competicion-4a.png",89,2024,107,NA,NA,5834,104193,NA,NA,TRUE,4336,4336,2611,"Dreamland Gran Canaria","Dreamland GC","DGC",4342,2617,"Barça","Barça","BAR",1,74,12000,12,28,42,17,35,48,4,7,57,21,10,31,12,7,10,5,2,1,4,19,15,74,-15,-1,13,0,0,74,77,5,702,2,6,0,34,10,19,7
2104310,1,"Liga Nacional","Liga Endesa",-402534000,NA,"https://www.acb.com/Documentos/Cabeceras/logo-competicion-1b.png","https://www.acb.com/Documentos/Cabeceras/logo-competicion-4a.png",89,2024,107,NA,NA,5834,104191,NA,NA,TRUE,4333,4333,2608,"UCAM Murcia","UCAM Murcia","UCM",4348,2623,"Hiopos Lleida","Hiopos Lleida","HIO",1,88,12000,7,21,33,25,40,62,17,20,85,26,6,32,16,9,16,12,4,2,2,27,20,92,35,-1,0,13,0,88,81,1,1756,4,8,6,38,2,37,10
2104311,1,"Liga Nacional","Liga Endesa",-402534000,NA,"https://www.acb.com/Documentos/Cabeceras/logo-competicion-1b.png","https://www.acb.com/Documentos/Cabeceras/logo-competicion-4a.png",89,2024,107,NA,NA,5834,104191,NA,NA,FALSE,4348,4333,2608,"UCAM Murcia","UCAM Murcia","UCM",4348,2623,"Hiopos Lleida","Hiopos Lleida","HIO",1,81,12000,7,17,41,20,47,42,20,29,68,23,14,37,22,9,14,4,2,3,0,20,26,94,-35,-1,13,0,0,81,88,5,119,4,3,6,38,5,43,6
2104281,1,"Liga Nacional","Liga Endesa",-402534000,NA,"https://www.acb.com/Documentos/Cabeceras/logo-competicion-1b.png","https://www.acb.com/Documentos/Cabeceras/logo-competicion-4a.png",89,2024,107,NA,NA,5834,104192,NA,NA,FALSE,4347,4341,2616,"Río Breogán","Río Breogán","BRE",4347,2622,"Leyma Coruña","Leyma Coruña","COR",1,80,12000,12,31,38,14,29,48,16,23,69,25,13,38,18,5,15,7,1,2,1,22,19,81,-15,-1,13,0,0,80,83,3,760,5,6,5,26,9,33,13
2104280,1,"Liga Nacional","Liga Endesa",-402534000,NA,"https://www.acb.com/Documentos/Cabeceras/logo-competicion-1b.png","https://www.acb.com/Documentos/Cabeceras/logo-competicion-4a.png",89,2024,107,NA,NA,5834,104192,NA,NA,TRUE,4341,4341,2616,"Río Breogán","Río Breogán","BRE",4347,2622,"Leyma Coruña","Leyma Coruña","COR",1,83,12000,9,27,33,20,33,60,16,22,72,24,9,33,19,9,8,2,3,1,1,19,22,104,15,-1,0,13,0,83,80,2,976,5,15,3,28,3,23,12
2104016,1,"Liga Nacional","Liga Endesa",-402534000,NA,"https://www.acb.com/Documentos/Cabeceras/logo-competicion-1b.png","https://www.acb.com/Documentos/Cabeceras/logo-competicion-4a.png",89,2024,107,NA,NA,5834,104189,NA,NA,FALSE,4340,4334,2609,"Casademont Zaragoza","Casademont Zgz","CAZ",4340,2615,"BAXI Manresa","BAXI Manresa","BAX",1,93,12000,11,27,40,18,36,50,24,29,82,28,14,42,20,9,19,10,2,1,3,25,22,104,5,-1,0,13,0,93,92,4,1720,7,12,6,34,10,36,13
2104015,1,"Liga Nacional","Liga Endesa",-402534000,NA,"https://www.acb.com/Documentos/Cabeceras/logo-competicion-1b.png","https://www.acb.com/Documentos/Cabeceras/logo-competicion-4a.png",89,2024,107,NA,NA,5834,104189,NA,NA,TRUE,4334,4334,2609,"Casademont Zaragoza","Casademont Zgz","CAZ",4340,2615,"BAXI Manresa","BAXI Manresa","BAX",1,92,12000,6,26,23,25,47,53,24,29,82,22,16,38,13,9,12,11,1,1,5,22,23,94,-5,-1,12,0,0,92,93,5,552,6,5,10,46,12,31,10
2104043,1,"Liga Nacional","Liga Endesa",-402534000,NA,"https://www.acb.com/Documentos/Cabeceras/logo-competicion-1b.png","https://www.acb.com/Documentos/Cabeceras/logo-competicion-4a.png",89,2024,107,NA,NA,5834,104190,NA,NA,FALSE,4331,4344,2619,"Joventut Badalona","Joventut","JOV",4331,2606,"MoraBanc Andorra","MoraBanc And","MBA",1,86,12000,12,27,44,16,43,37,18,22,81,23,17,40,18,5,13,13,2,9,1,21,20,82,-35,-1,13,0,0,86,93,4,930,1,9,0,24,13,42,8
2104042,1,"Liga Nacional","Liga Endesa",-402534000,NA,"https://www.acb.com/Documentos/Cabeceras/logo-competicion-1b.png","https://www.acb.com/Documentos/Cabeceras/logo-competicion-4a.png",89,2024,107,NA,NA,5834,104190,NA,NA,TRUE,4344,4344,2619,"Joventut Badalona","Joventut","JOV",4331,2606,"MoraBanc Andorra","MoraBanc And","MBA",1,93,12000,9,22,40,28,48,58,10,17,58,25,10,35,14,8,8,10,10,2,3,20,19,109,35,-1,0,11,0,93,86,3,1324,1,18,8,52,10,47,8
2103735,1,"Liga Nacional","Liga Endesa",-402534000,NA,"https://www.acb.com/Documentos/Cabeceras/logo-competicion-1b.png","https://www.acb.com/Documentos/Cabeceras/logo-competicion-4a.png",89,2024,107,NA,NA,5834,104187,NA,NA,TRUE,4343,4343,2618,"Surne Bilbao Basket","Surne Bilbao","SBB",4332,2607,"Unicaja","Unicaja","UNI",1,81,12000,9,26,34,15,29,51,24,35,68,19,17,36,18,6,18,7,0,5,2,19,24,81,-25,-1,13,0,0,81,86,2,61,1,3,5,24,7,38,13
2103736,1,"Liga Nacional","Liga Endesa",-402534000,NA,"https://www.acb.com/Documentos/Cabeceras/logo-competicion-1b.png","https://www.acb.com/Documentos/Cabeceras/logo-competicion-4a.png",89,2024,107,NA,NA,5834,104187,NA,NA,FALSE,4332,4343,2618,"Surne Bilbao Basket","Surne Bilbao","SBB",4332,2607,"Unicaja","Unicaja","UNI",1,86,12000,10,20,50,22,38,57,12,19,63,19,8,27,23,15,13,6,5,0,5,25,19,104,25,-1,0,13,0,86,81,2,1907,1,20,9,38,6,52,7
2103763,1,"Liga Nacional","Liga Endesa",-402534000,NA,"https://www.acb.com/Documentos/Cabeceras/logo-competicion-1b.png","https://www.acb.com/Documentos/Cabeceras/logo-competicion-4a.png",89,2024,107,NA,NA,5834,104188,NA,NA,TRUE,4339,4339,2614,"Valencia Basket","Valencia Basket","VBC",4337,2612,"Coviran Granada","Coviran Granada","COV",1,120,12000,20,39,51,21,33,63,18,23,78,27,17,44,34,7,16,19,1,2,6,18,20,154,130,-1,0,13,0,120,94,2,1908,4,31,5,40,16,64,10
2103764,1,"Liga Nacional","Liga Endesa",-402534000,NA,"https://www.acb.com/Documentos/Cabeceras/logo-competicion-1b.png","https://www.acb.com/Documentos/Cabeceras/logo-competicion-4a.png",89,2024,107,NA,NA,5834,104188,NA,NA,FALSE,4337,4339,2614,"Valencia Basket","Valencia Basket","VBC",4337,2612,"Coviran Granada","Coviran Granada","COV",1,94,12000,10,27,37,25,41,60,14,20,70,14,11,25,18,10,12,8,2,1,2,20,18,95,-130,-1,13,0,0,94,120,4,102,4,3,8,42,9,36,6
2106205,1,"Liga Nacional","Liga Endesa",-402534000,NA,"https://www.acb.com/Documentos/Cabeceras/logo-competicion-1b.png","https://www.acb.com/Documentos/Cabeceras/logo-competicion-4a.png",89,2024,107,NA,NA,5835,104204,NA,NA,TRUE,4331,4331,2606,"MoraBanc Andorra","MoraBanc And","MBA",4345,2620,"Real Madrid","Real Madrid","RMB",1,84,12000,9,34,26,24,41,58,9,12,75,20,14,34,11,6,11,11,4,3,0,24,22,78,-80,-1,13,0,0,84,100,2,107,5,2,4,36,7,37,10
2106206,1,"Liga Nacional","Liga Endesa",-402534000,NA,"https://www.acb.com/Documentos/Cabeceras/logo-competicion-1b.png","https://www.acb.com/Documentos/Cabeceras/logo-competicion-4a.png",89,2024,107,NA,NA,5835,104204,NA,NA,FALSE,4345,4331,2606,"MoraBanc Andorra","MoraBanc And","MBA",4345,2620,"Real Madrid","Real Madrid","RMB",1,100,12000,9,21,42,25,39,64,23,31,74,29,9,38,19,6,12,12,3,4,5,22,23,117,80,-1,0,12,0,100,84,1,1964,5,22,4,48,5,58,12
2106122,1,"Liga Nacional","Liga Endesa",-402534000,NA,"https://www.acb.com/Documentos/Cabeceras/logo-competicion-1b.png","https://www.acb.com/Documentos/Cabeceras/logo-competicion-4a.png",89,2024,107,NA,NA,5835,104202,NA,NA,FALSE,4343,4342,2617,"Barça","Barça","BAR",4343,2618,"Surne Bilbao Basket","Surne Bilbao","SBB",1,84,12000,11,24,45,21,41,51,9,12,75,19,8,27,17,7,7,9,3,2,3,23,15,85,-65,-1,13,0,0,84,97,5,1148,0,10,5,30,9,42,6
2106121,1,"Liga Nacional","Liga Endesa",-402534000,NA,"https://www.acb.com/Documentos/Cabeceras/logo-competicion-1b.png","https://www.acb.com/Documentos/Cabeceras/logo-competicion-4a.png",89,2024,107,NA,NA,5835,104202,NA,NA,TRUE,4342,4342,2617,"Barça","Barça","BAR",4343,2618,"Surne Bilbao Basket","Surne Bilbao","SBB",1,97,12000,13,28,46,21,40,52,16,18,88,27,15,42,24,2,9,7,2,3,4,15,23,127,65,-1,0,13,0,97,84,3,1192,1,16,0,34,11,66,11
2106011,1,"Liga Nacional","Liga Endesa",-402534000,NA,"https://www.acb.com/Documentos/Cabeceras/logo-competicion-1b.png","https://www.acb.com/Documentos/Cabeceras/logo-competicion-4a.png",89,2024,107,NA,NA,5835,104203,NA,NA,TRUE,4338,4338,2613,"Baskonia","Baskonia","BKN",4341,2616,"Río Breogán","Río Breogán","BRE",1,97,12000,17,39,43,13,31,41,20,24,83,23,13,36,20,6,10,3,2,2,2,19,24,110,30,-1,0,13,0,97,91,2,1458,6,14,0,24,4,34,9
2106012,1,"Liga Nacional","Liga Endesa",-402534000,NA,"https://www.acb.com/Documentos/Cabeceras/logo-competicion-1b.png","https://www.acb.com/Documentos/Cabeceras/logo-competicion-4a.png",89,2024,107,NA,NA,5835,104203,NA,NA,FALSE,4341,4338,2613,"Baskonia","Baskonia","BKN",4341,2616,"Río Breogán","Río Breogán","BRE",1,91,12000,11,30,36,23,37,62,12,18,66,27,11,38,13,8,12,9,2,2,2,25,17,91,-30,-1,12,0,0,91,97,4,461,5,9,5,38,9,30,9
2105762,1,"Liga Nacional","Liga Endesa",-402534000,NA,"https://www.acb.com/Documentos/Cabeceras/logo-competicion-1b.png","https://www.acb.com/Documentos/Cabeceras/logo-competicion-4a.png",89,2024,107,NA,NA,5835,104200,NA,NA,FALSE,4336,4348,2623,"Hiopos Lleida","Hiopos Lleida","HIO",4336,2611,"Dreamland Gran Canaria","Dreamland GC","DGC",1,78,12000,8,28,28,20,31,64,14,26,53,22,10,32,18,6,13,14,5,1,1,21,24,85,-50,-1,13,0,0,78,88,4,46,1,1,11,36,7,48,11
2105761,1,"Liga Nacional","Liga Endesa",-402534000,NA,"https://www.acb.com/Documentos/Cabeceras/logo-competicion-1b.png","https://www.acb.com/Documentos/Cabeceras/logo-competicion-4a.png",89,2024,107,NA,NA,5835,104200,NA,NA,TRUE,4348,4348,2623,"Hiopos Lleida","Hiopos Lleida","HIO",4336,2611,"Dreamland Gran Canaria","Dreamland GC","DGC",1,88,12000,10,25,40,22,42,52,14,20,70,24,14,38,19,6,11,5,1,5,2,25,19,89,50,-1,0,13,0,88,78,2,2315,1,23,5,40,8,41,8
2105735,1,"Liga Nacional","Liga Endesa",-402534000,NA,"https://www.acb.com/Documentos/Cabeceras/logo-competicion-1b.png","https://www.acb.com/Documentos/Cabeceras/logo-competicion-4a.png",89,2024,107,NA,NA,5835,104201,NA,NA,FALSE,4334,4337,2612,"Coviran Granada","Coviran Granada","COV",4334,2609,"Casademont Zaragoza","Casademont Zgz","CAZ",1,91,12000,8,24,33,24,38,63,19,27,70,20,11,31,20,11,20,14,3,2,6,24,25,97,-30,-1,12,0,0,91,97,5,393,6,4,0,44,7,39,7
2105734,1,"Liga Nacional","Liga Endesa",-402534000,NA,"https://www.acb.com/Documentos/Cabeceras/logo-competicion-1b.png","https://www.acb.com/Documentos/Cabeceras/logo-competicion-4a.png",89,2024,107,NA,NA,5835,104201,NA,NA,TRUE,4337,4337,2612,"Coviran Granada","Coviran Granada","COV",4334,2609,"Casademont Zaragoza","Casademont Zgz","CAZ",1,97,12000,11,24,45,22,39,56,20,21,95,18,10,28,20,11,17,6,2,3,5,25,23,105,30,-1,0,13,0,97,91,5,1672,7,13,8,42,11,44,13
2105460,1,"Liga Nacional","Liga Endesa",-402534000,NA,"https://www.acb.com/Documentos/Cabeceras/logo-competicion-1b.png","https://www.acb.com/Documentos/Cabeceras/logo-competicion-4a.png",89,2024,107,NA,NA,5835,104198,NA,NA,FALSE,4346,4335,2605,"La Laguna Tenerife","La Laguna TFE","LLT",4346,2621,"Bàsquet Girona","Bàsquet Girona","GIR",1,80,12000,10,32,31,19,33,57,12,17,70,23,15,38,19,6,16,10,2,1,4,26,17,78,-100,-1,12,0,0,80,100,5,94,1,3,5,36,12,35,9
2105459,1,"Liga Nacional","Liga Endesa",-402534000,NA,"https://www.acb.com/Documentos/Cabeceras/logo-competicion-1b.png","https://www.acb.com/Documentos/Cabeceras/logo-competicion-4a.png",89,2024,107,NA,NA,5835,104198,NA,NA,TRUE,4335,4335,2605,"La Laguna Tenerife","La Laguna TFE","LLT",4346,2621,"Bàsquet Girona","Bàsquet Girona","GIR",1,100,12000,11,31,35,23,30,76,21,30,70,24,9,33,27,8,10,7,1,2,5,18,26,129,100,-1,0,13,0,100,80,1,1971,2,24,4,40,8,52,11
2105486,1,"Liga Nacional","Liga Endesa",-402534000,NA,"https://www.acb.com/Documentos/Cabeceras/logo-competicion-1b.png","https://www.acb.com/Documentos/Cabeceras/logo-competicion-4a.png",89,2024,107,NA,NA,5835,104199,NA,NA,TRUE,4332,4332,2607,"Unicaja","Unicaja","UNI",4339,2614,"Valencia Basket","Valencia Basket","VBC",1,94,12000,11,37,29,23,49,46,15,19,78,26,22,48,24,9,7,14,7,11,2,18,21,111,40,-1,0,13,0,94,86,3,251,6,8,5,36,9,39,10
2105487,1,"Liga Nacional","Liga Endesa",-402534000,NA,"https://www.acb.com/Documentos/Cabeceras/logo-competicion-1b.png","https://www.acb.com/Documentos/Cabeceras/logo-competicion-4a.png",89,2024,107,NA,NA,5835,104199,NA,NA,FALSE,4339,4332,2607,"Unicaja","Unicaja","UNI",4339,2614,"Valencia Basket","Valencia Basket","VBC",1,86,12000,13,34,38,18,34,52,11,12,91,31,9,40,20,3,15,8,11,7,1,21,18,97,-40,-1,13,0,0,86,94,4,1960,5,10,2,32,13,34,6
2105181,1,"Liga Nacional","Liga Endesa",-402534000,NA,"https://www.acb.com/Documentos/Cabeceras/logo-competicion-1b.png","https://www.acb.com/Documentos/Cabeceras/logo-competicion-4a.png",89,2024,107,NA,NA,5835,104196,NA,NA,FALSE,4333,4347,2622,"Leyma Coruña","Leyma Coruña","COR",4333,2608,"UCAM Murcia","UCAM Murcia","UCM",1,86,12000,10,32,31,19,43,44,18,22,81,33,16,49,17,4,8,6,4,4,0,20,23,101,40,-1,0,13,0,86,78,2,854,6,8,6,36,2,35,10
2105180,1,"Liga Nacional","Liga Endesa",-402534000,NA,"https://www.acb.com/Documentos/Cabeceras/logo-competicion-1b.png","https://www.acb.com/Documentos/Cabeceras/logo-competicion-4a.png",89,2024,107,NA,NA,5835,104196,NA,NA,TRUE,4347,4347,2622,"Leyma Coruña","Leyma Coruña","COR",4333,2608,"UCAM Murcia","UCAM Murcia","UCM",1,78,12000,8,34,23,21,37,56,12,16,75,29,10,39,15,3,9,6,4,4,1,23,20,77,-40,-1,13,0,0,78,86,5,1285,6,7,2,30,10,40,9
2105210,1,"Liga Nacional","Liga Endesa",-402534000,NA,"https://www.acb.com/Documentos/Cabeceras/logo-competicion-1b.png","https://www.acb.com/Documentos/Cabeceras/logo-competicion-4a.png",89,2024,107,NA,NA,5835,104197,NA,NA,TRUE,4340,4340,2615,"BAXI Manresa","BAXI Manresa","BAX",4344,2619,"Joventut Badalona","Joventut","JOV",1,87,12000,11,23,47,19,33,57,16,23,69,28,3,31,16,10,11,10,1,1,3,22,21,99,75,-1,0,13,0,87,72,2,2284,0,23,11,36,2,32,8
2105211,1,"Liga Nacional","Liga Endesa",-402534000,NA,"https://www.acb.com/Documentos/Cabeceras/logo-competicion-1b.png","https://www.acb.com/Documentos/Cabeceras/logo-competicion-4a.png",89,2024,107,NA,NA,5835,104197,NA,NA,FALSE,4344,4340,2615,"BAXI Manresa","BAXI Manresa","BAX",4344,2619,"Joventut Badalona","Joventut","JOV",1,72,12000,9,24,37,16,36,44,13,17,76,23,9,32,14,5,15,4,1,1,0,21,21,69,-75,-1,12,0,0,72,87,5,0,0,0,5,30,3,22,9
2107521,1,"Liga Nacional","Liga Endesa",-402534000,NA,"https://www.acb.com/Documentos/Cabeceras/logo-competicion-1b.png","https://www.acb.com/Documentos/Cabeceras/logo-competicion-4a.png",89,2024,107,NA,NA,5836,104213,NA,NA,TRUE,4333,4333,2608,"UCAM Murcia","UCAM Murcia","UCM",4342,2617,"Barça","Barça","BAR",1,90,13500,13,41,31,22,38,57,7,13,53,26,14,40,20,10,12,18,1,1,2,27,18,89,-25,-1,12,0,0,90,95,6,625,4,8,6,42,4,27,10
2107522,1,"Liga Nacional","Liga Endesa",-402534000,NA,"https://www.acb.com/Documentos/Cabeceras/logo-competicion-1b.png","https://www.acb.com/Documentos/Cabeceras/logo-competicion-4a.png",89,2024,107,NA,NA,5836,104213,NA,NA,FALSE,4342,4333,2608,"UCAM Murcia","UCAM Murcia","UCM",4342,2617,"Barça","Barça","BAR",1,95,13500,6,20,30,28,50,56,21,26,80,28,11,39,14,8,14,8,1,1,1,18,27,110,25,-1,0,13,0,95,90,6,1810,5,13,4,54,11,44,15
2107268,1,"Liga Nacional","Liga Endesa",-402534000,NA,"https://www.acb.com/Documentos/Cabeceras/logo-competicion-1b.png","https://www.acb.com/Documentos/Cabeceras/logo-competicion-4a.png",89,2024,107,NA,NA,5836,104211,NA,NA,FALSE,4338,4348,2623,"Hiopos Lleida","Hiopos Lleida","HIO",4338,2613,"Baskonia","Baskonia","BKN",1,78,12000,11,29,37,14,43,32,17,20,85,26,16,42,8,5,7,10,5,3,3,20,20,78,20,-1,0,13,0,78,74,3,583,5,8,2,28,6,41,13
2107267,1,"Liga Nacional","Liga Endesa",-402534000,NA,"https://www.acb.com/Documentos/Cabeceras/logo-competicion-1b.png","https://www.acb.com/Documentos/Cabeceras/logo-competicion-4a.png",89,2024,107,NA,NA,5836,104211,NA,NA,TRUE,4348,4348,2623,"Hiopos Lleida","Hiopos Lleida","HIO",4338,2613,"Baskonia","Baskonia","BKN",1,74,12000,8,24,33,17,30,56,16,21,76,27,4,31,20,4,10,8,3,5,1,20,20,83,-20,-1,13,0,0,74,78,3,1457,4,12,3,28,7,37,13
2107296,1,"Liga Nacional","Liga Endesa",-402534000,NA,"https://www.acb.com/Documentos/Cabeceras/logo-competicion-1b.png","https://www.acb.com/Documentos/Cabeceras/logo-competicion-4a.png",89,2024,107,NA,NA,5836,104212,NA,NA,FALSE,4347,4345,2620,"Real Madrid","Real Madrid","RMB",4347,2622,"Leyma Coruña","Leyma Coruña","COR",1,74,12000,11,30,36,17,43,39,7,9,77,26,10,36,20,7,11,4,2,8,2,22,16,67,-80,-1,13,0,0,74,90,4,0,0,0,5,34,0,26,8
2107295,1,"Liga Nacional","Liga Endesa",-402534000,NA,"https://www.acb.com/Documentos/Cabeceras/logo-competicion-1b.png","https://www.acb.com/Documentos/Cabeceras/logo-competicion-4a.png",89,2024,107,NA,NA,5836,104212,NA,NA,TRUE,4345,4345,2620,"Real Madrid","Real Madrid","RMB",4347,2622,"Leyma Coruña","Leyma Coruña","COR",1,90,12000,11,29,37,19,29,65,19,24,79,34,3,37,18,7,13,8,9,1,4,16,22,120,80,-1,0,13,0,90,74,2,2382,0,26,4,38,6,32,13
2107072,1,"Liga Nacional","Liga Endesa",-402534000,NA,"https://www.acb.com/Documentos/Cabeceras/logo-competicion-1b.png","https://www.acb.com/Documentos/Cabeceras/logo-competicion-4a.png",89,2024,107,NA,NA,5836,104210,NA,NA,FALSE,4335,4336,2611,"Dreamland Gran Canaria","Dreamland GC","DGC",4335,2605,"La Laguna Tenerife","La Laguna TFE","LLT",1,70,12000,10,24,41,14,30,46,12,14,85,27,7,34,21,5,9,0,0,4,2,18,21,88,15,-1,0,13,0,70,67,3,1909,4,10,0,24,3,36,8
2107071,1,"Liga Nacional","Liga Endesa",-402534000,NA,"https://www.acb.com/Documentos/Cabeceras/logo-competicion-1b.png","https://www.acb.com/Documentos/Cabeceras/logo-competicion-4a.png",89,2024,107,NA,NA,5836,104210,NA,NA,TRUE,4336,4336,2611,"Dreamland Gran Canaria","Dreamland GC","DGC",4335,2605,"La Laguna Tenerife","La Laguna TFE","LLT",1,67,12000,6,25,24,21,39,53,7,11,63,22,12,34,14,3,10,9,5,0,2,21,18,69,-15,-1,13,0,0,67,70,4,198,4,3,5,34,6,30,8
2106988,1,"Liga Nacional","Liga Endesa",-402534000,NA,"https://www.acb.com/Documentos/Cabeceras/logo-competicion-1b.png","https://www.acb.com/Documentos/Cabeceras/logo-competicion-4a.png",89,2024,107,NA,NA,5836,104209,NA,NA,FALSE,4331,4334,2609,"Casademont Zaragoza","Casademont Zgz","CAZ",4331,2606,"MoraBanc Andorra","MoraBanc And","MBA",1,75,12000,10,30,33,17,37,45,11,14,78,22,10,32,16,12,17,14,2,4,2,22,16,67,-55,-1,13,0,0,75,86,4,1032,0,8,5,32,5,30,6
2106987,1,"Liga Nacional","Liga Endesa",-402534000,NA,"https://www.acb.com/Documentos/Cabeceras/logo-competicion-1b.png","https://www.acb.com/Documentos/Cabeceras/logo-competicion-4a.png",89,2024,107,NA,NA,5836,104209,NA,NA,TRUE,4334,4334,2609,"Casademont Zaragoza","Casademont Zgz","CAZ",4331,2606,"MoraBanc Andorra","MoraBanc And","MBA",1,86,12000,10,28,35,20,39,51,16,26,61,32,15,47,21,15,18,14,4,2,2,16,22,112,55,-1,0,13,0,86,75,3,1310,1,14,6,36,12,28,14
2106705,1,"Liga Nacional","Liga Endesa",-402534000,NA,"https://www.acb.com/Documentos/Cabeceras/logo-competicion-1b.png","https://www.acb.com/Documentos/Cabeceras/logo-competicion-4a.png",89,2024,107,NA,NA,5836,104207,NA,NA,TRUE,4346,4346,2621,"Bàsquet Girona","Bàsquet Girona","GIR",4332,2607,"Unicaja","Unicaja","UNI",1,91,12000,7,25,28,21,36,58,28,34,82,25,10,35,20,9,10,8,2,5,3,24,26,105,30,-1,0,13,0,91,85,2,671,5,6,4,38,2,46,8
2106706,1,"Liga Nacional","Liga Endesa",-402534000,NA,"https://www.acb.com/Documentos/Cabeceras/logo-competicion-1b.png","https://www.acb.com/Documentos/Cabeceras/logo-competicion-4a.png",89,2024,107,NA,NA,5836,104207,NA,NA,FALSE,4332,4346,2621,"Bàsquet Girona","Bàsquet Girona","GIR",4332,2607,"Unicaja","Unicaja","UNI",1,85,12000,9,30,30,19,34,55,20,28,71,25,13,38,15,7,12,4,5,2,1,26,23,89,-30,-1,13,0,0,85,91,4,1281,4,10,2,32,13,42,10
2106736,1,"Liga Nacional","Liga Endesa",-402534000,NA,"https://www.acb.com/Documentos/Cabeceras/logo-competicion-1b.png","https://www.acb.com/Documentos/Cabeceras/logo-competicion-4a.png",89,2024,107,NA,NA,5836,104208,NA,NA,FALSE,4337,4344,2619,"Joventut Badalona","Joventut","JOV",4337,2612,"Coviran Granada","Coviran Granada","COV",1,82,12000,8,28,28,18,33,54,22,27,81,27,10,37,14,5,20,7,1,6,0,31,21,63,-70,-1,13,0,0,82,96,4,94,2,3,2,34,6,27,8
2106735,1,"Liga Nacional","Liga Endesa",-402534000,NA,"https://www.acb.com/Documentos/Cabeceras/logo-competicion-1b.png","https://www.acb.com/Documentos/Cabeceras/logo-competicion-4a.png",89,2024,107,NA,NA,5836,104208,NA,NA,TRUE,4344,4344,2619,"Joventut Badalona","Joventut","JOV",4337,2612,"Coviran Granada","Coviran Granada","COV",1,96,12000,6,25,24,25,40,62,28,39,71,26,9,35,16,11,10,6,6,1,5,22,29,115,70,-1,0,13,0,96,82,1,2057,2,18,4,44,8,37,13
2106452,1,"Liga Nacional","Liga Endesa",-402534000,NA,"https://www.acb.com/Documentos/Cabeceras/logo-competicion-1b.png","https://www.acb.com/Documentos/Cabeceras/logo-competicion-4a.png",89,2024,107,NA,NA,5836,104205,NA,NA,FALSE,4340,4339,2614,"Valencia Basket","Valencia Basket","VBC",4340,2615,"BAXI Manresa","BAXI Manresa","BAX",1,96,12000,17,40,42,17,33,51,11,12,91,17,12,29,22,12,14,25,2,3,0,24,14,94,-80,-1,13,0,0,96,112,5,160,4,7,13,34,3,53,7
2106451,1,"Liga Nacional","Liga Endesa",-402534000,NA,"https://www.acb.com/Documentos/Cabeceras/logo-competicion-1b.png","https://www.acb.com/Documentos/Cabeceras/logo-competicion-4a.png",89,2024,107,NA,NA,5836,104205,NA,NA,TRUE,4339,4339,2614,"Valencia Basket","Valencia Basket","VBC",4340,2615,"BAXI Manresa","BAXI Manresa","BAX",1,112,12000,9,30,30,31,39,79,23,28,82,26,14,40,25,10,17,22,4,2,5,14,24,148,80,-1,0,13,0,112,96,2,1995,4,20,13,62,8,75,18
2106424,1,"Liga Nacional","Liga Endesa",-402534000,NA,"https://www.acb.com/Documentos/Cabeceras/logo-competicion-1b.png","https://www.acb.com/Documentos/Cabeceras/logo-competicion-4a.png",89,2024,107,NA,NA,5836,104206,NA,NA,FALSE,4343,4341,2616,"Río Breogán","Río Breogán","BRE",4343,2618,"Surne Bilbao Basket","Surne Bilbao","SBB",1,71,12000,10,36,27,12,26,46,17,25,68,25,12,37,15,2,12,2,4,2,3,20,24,71,-25,-1,13,0,0,71,76,3,1577,2,12,0,20,7,18,7
2106423,1,"Liga Nacional","Liga Endesa",-402534000,NA,"https://www.acb.com/Documentos/Cabeceras/logo-competicion-1b.png","https://www.acb.com/Documentos/Cabeceras/logo-competicion-4a.png",89,2024,107,NA,NA,5836,104206,NA,NA,TRUE,4341,4341,2616,"Río Breogán","Río Breogán","BRE",4343,2618,"Surne Bilbao Basket","Surne Bilbao","SBB",1,76,12000,8,22,36,16,34,47,20,24,83,27,5,32,16,8,11,2,3,5,1,25,20,78,25,-1,0,13,0,76,71,2,710,2,7,0,32,5,22,10
2108874,1,"Liga Nacional","Liga Endesa",-402534000,NA,"https://www.acb.com/Documentos/Cabeceras/logo-competicion-1b.png","https://www.acb.com/Documentos/Cabeceras/logo-competicion-4a.png",89,2024,107,NA,NA,5837,104222,NA,NA,FALSE,4344,4345,2620,"Real Madrid","Real Madrid","RMB",4344,2619,"Joventut Badalona","Joventut","JOV",1,73,12000,10,24,41,16,43,37,11,16,68,27,12,39,9,9,14,6,3,5,1,22,18,64,-65,-1,12,0,0,73,86,4,527,4,6,11,28,13,35,7
2108873,1,"Liga Nacional","Liga Endesa",-402534000,NA,"https://www.acb.com/Documentos/Cabeceras/logo-competicion-1b.png","https://www.acb.com/Documentos/Cabeceras/logo-competicion-4a.png",89,2024,107,NA,NA,5837,104222,NA,NA,TRUE,4345,4345,2620,"Real Madrid","Real Madrid","RMB",4344,2619,"Joventut Badalona","Joventut","JOV",1,86,12000,8,22,36,20,42,47,22,26,84,33,10,43,17,10,12,12,5,2,5,18,22,111,65,-1,0,13,0,86,73,2,1458,4,13,9,36,3,46,12
2108645,1,"Liga Nacional","Liga Endesa",-402534000,NA,"https://www.acb.com/Documentos/Cabeceras/logo-competicion-1b.png","https://www.acb.com/Documentos/Cabeceras/logo-competicion-4a.png",89,2024,107,NA,NA,5837,104220,NA,NA,TRUE,4343,4343,2618,"Surne Bilbao Basket","Surne Bilbao","SBB",4348,2623,"Hiopos Lleida","Hiopos Lleida","HIO",1,91,12000,10,31,32,24,43,55,13,16,81,17,19,36,22,13,9,10,1,4,2,24,19,102,80,-1,0,13,0,91,75,4,2247,2,19,9,40,12,41,8
2108646,1,"Liga Nacional","Liga Endesa",-402534000,NA,"https://www.acb.com/Documentos/Cabeceras/logo-competicion-1b.png","https://www.acb.com/Documentos/Cabeceras/logo-competicion-4a.png",89,2024,107,NA,NA,5837,104220,NA,NA,FALSE,4348,4343,2618,"Surne Bilbao Basket","Surne Bilbao","SBB",4348,2623,"Hiopos Lleida","Hiopos Lleida","HIO",1,75,12000,7,20,35,15,28,53,24,31,77,21,12,33,13,6,21,6,5,1,1,19,24,82,-80,-1,13,0,0,75,91,4,70,2,1,2,28,6,38,9
2108673,1,"Liga Nacional","Liga Endesa",-402534000,NA,"https://www.acb.com/Documentos/Cabeceras/logo-competicion-1b.png","https://www.acb.com/Documentos/Cabeceras/logo-competicion-4a.png",89,2024,107,NA,NA,5837,104221,NA,NA,TRUE,4342,4342,2617,"Barça","Barça","BAR",4340,2615,"BAXI Manresa","BAXI Manresa","BAX",1,92,12000,6,19,31,26,39,66,22,29,75,26,8,34,12,4,15,6,2,0,1,21,25,100,-55,-1,13,0,0,92,103,3,760,4,8,5,46,13,37,7
2108674,1,"Liga Nacional","Liga Endesa",-402534000,NA,"https://www.acb.com/Documentos/Cabeceras/logo-competicion-1b.png","https://www.acb.com/Documentos/Cabeceras/logo-competicion-4a.png",89,2024,107,NA,NA,5837,104221,NA,NA,FALSE,4340,4342,2617,"Barça","Barça","BAR",4340,2615,"BAXI Manresa","BAXI Manresa","BAX",1,103,12000,14,34,41,22,37,59,17,20,85,22,8,30,27,8,9,4,0,2,1,26,20,113,55,-1,0,13,0,103,92,2,1430,5,19,5,38,2,40,7
2108434,1,"Liga Nacional","Liga Endesa",-402534000,NA,"https://www.acb.com/Documentos/Cabeceras/logo-competicion-1b.png","https://www.acb.com/Documentos/Cabeceras/logo-competicion-4a.png",89,2024,107,NA,NA,5837,104219,NA,NA,TRUE,4335,4335,2605,"La Laguna Tenerife","La Laguna TFE","LLT",4341,2616,"Río Breogán","Río Breogán","BRE",1,96,12000,15,32,46,21,32,65,9,10,90,17,10,27,25,9,9,4,3,3,1,13,18,124,65,-1,0,13,0,96,83,2,1702,6,23,0,36,11,45,13
2108435,1,"Liga Nacional","Liga Endesa",-402534000,NA,"https://www.acb.com/Documentos/Cabeceras/logo-competicion-1b.png","https://www.acb.com/Documentos/Cabeceras/logo-competicion-4a.png",89,2024,107,NA,NA,5837,104219,NA,NA,FALSE,4341,4335,2605,"La Laguna Tenerife","La Laguna TFE","LLT",4341,2616,"Río Breogán","Río Breogán","BRE",1,83,12000,13,29,44,17,28,60,10,12,83,18,9,27,21,7,15,13,3,3,0,18,13,89,-65,-1,10,0,0,83,96,3,200,5,5,9,28,4,28,8
2108381,1,"Liga Nacional","Liga Endesa",-402534000,NA,"https://www.acb.com/Documentos/Cabeceras/logo-competicion-1b.png","https://www.acb.com/Documentos/Cabeceras/logo-competicion-4a.png",89,2024,107,NA,NA,5837,104218,NA,NA,FALSE,4338,4332,2607,"Unicaja","Unicaja","UNI",4338,2613,"Baskonia","Baskonia","BKN",1,73,12000,7,27,25,19,35,54,14,21,66,21,9,30,10,8,17,4,4,0,2,22,19,62,-105,-1,13,0,0,73,94,3,165,3,4,4,30,3,34,5
2108380,1,"Liga Nacional","Liga Endesa",-402534000,NA,"https://www.acb.com/Documentos/Cabeceras/logo-competicion-1b.png","https://www.acb.com/Documentos/Cabeceras/logo-competicion-4a.png",89,2024,107,NA,NA,5837,104218,NA,NA,TRUE,4332,4332,2607,"Unicaja","Unicaja","UNI",4338,2613,"Baskonia","Baskonia","BKN",1,94,12000,7,22,31,29,54,53,15,18,83,26,18,44,23,8,12,14,0,4,3,19,21,112,105,-1,0,13,0,94,73,1,1867,3,24,6,50,11,50,8
2108098,1,"Liga Nacional","Liga Endesa",-402534000,NA,"https://www.acb.com/Documentos/Cabeceras/logo-competicion-1b.png","https://www.acb.com/Documentos/Cabeceras/logo-competicion-4a.png",89,2024,107,NA,NA,5837,104216,NA,NA,TRUE,4331,4331,2606,"MoraBanc Andorra","MoraBanc And","MBA",4339,2614,"Valencia Basket","Valencia Basket","VBC",1,86,12000,9,39,23,22,38,57,15,20,75,22,17,39,10,9,10,4,2,2,1,26,20,77,10,-1,0,13,0,86,84,4,2301,3,27,7,34,6,25,12
2108099,1,"Liga Nacional","Liga Endesa",-402534000,NA,"https://www.acb.com/Documentos/Cabeceras/logo-competicion-1b.png","https://www.acb.com/Documentos/Cabeceras/logo-competicion-4a.png",89,2024,107,NA,NA,5837,104216,NA,NA,FALSE,4339,4331,2606,"MoraBanc Andorra","MoraBanc And","MBA",4339,2614,"Valencia Basket","Valencia Basket","VBC",1,84,12000,9,29,31,17,30,56,23,28,82,31,9,40,13,5,17,13,3,2,0,21,26,93,-10,-1,13,0,0,84,86,5,28,3,1,4,34,9,33,9
2108128,1,"Liga Nacional","Liga Endesa",-402534000,NA,"https://www.acb.com/Documentos/Cabeceras/logo-competicion-1b.png","https://www.acb.com/Documentos/Cabeceras/logo-competicion-4a.png",89,2024,107,NA,NA,5837,104217,NA,NA,TRUE,4347,4347,2622,"Leyma Coruña","Leyma Coruña","COR",4336,2611,"Dreamland Gran Canaria","Dreamland GC","DGC",1,90,12000,9,31,29,23,39,58,17,22,77,23,9,32,19,9,10,9,1,1,3,28,24,93,-40,-1,13,0,0,90,98,5,92,3,2,5,36,2,47,10
2108129,1,"Liga Nacional","Liga Endesa",-402534000,NA,"https://www.acb.com/Documentos/Cabeceras/logo-competicion-1b.png","https://www.acb.com/Documentos/Cabeceras/logo-competicion-4a.png",89,2024,107,NA,NA,5837,104217,NA,NA,FALSE,4336,4347,2622,"Leyma Coruña","Leyma Coruña","COR",4336,2611,"Dreamland Gran Canaria","Dreamland GC","DGC",1,98,12000,13,32,40,18,31,58,23,27,85,29,8,37,13,5,15,5,2,1,2,24,28,107,40,-1,0,13,0,98,90,3,2140,4,18,7,30,2,46,8
2107850,1,"Liga Nacional","Liga Endesa",-402534000,NA,"https://www.acb.com/Documentos/Cabeceras/logo-competicion-1b.png","https://www.acb.com/Documentos/Cabeceras/logo-competicion-4a.png",89,2024,107,NA,NA,5837,104214,NA,NA,TRUE,4334,4334,2609,"Casademont Zaragoza","Casademont Zgz","CAZ",4333,2608,"UCAM Murcia","UCAM Murcia","UCM",1,79,12000,6,26,23,18,42,42,25,31,80,28,18,46,11,7,18,11,3,3,0,23,25,77,-45,-1,13,0,0,79,88,4,0,0,0,9,32,15,34,6
2107851,1,"Liga Nacional","Liga Endesa",-402534000,NA,"https://www.acb.com/Documentos/Cabeceras/logo-competicion-1b.png","https://www.acb.com/Documentos/Cabeceras/logo-competicion-4a.png",89,2024,107,NA,NA,5837,104214,NA,NA,FALSE,4333,4334,2609,"Casademont Zaragoza","Casademont Zgz","CAZ",4333,2608,"UCAM Murcia","UCAM Murcia","UCM",1,88,12000,11,28,39,19,37,51,17,25,68,25,10,35,19,12,14,16,3,3,3,26,22,93,45,-1,0,13,0,88,79,2,2354,0,22,7,36,5,32,12
2107823,1,"Liga Nacional","Liga Endesa",-402534000,NA,"https://www.acb.com/Documentos/Cabeceras/logo-competicion-1b.png","https://www.acb.com/Documentos/Cabeceras/logo-competicion-4a.png",89,2024,107,NA,NA,5837,104215,NA,NA,TRUE,4337,4337,2612,"Coviran Granada","Coviran Granada","COV",4346,2621,"Bàsquet Girona","Bàsquet Girona","GIR",1,78,12000,5,21,23,15,31,48,33,44,75,24,9,33,7,7,12,6,7,2,2,21,32,86,20,-1,0,13,0,78,74,5,1484,2,9,2,26,5,31,8
2107824,1,"Liga Nacional","Liga Endesa",-402534000,NA,"https://www.acb.com/Documentos/Cabeceras/logo-competicion-1b.png","https://www.acb.com/Documentos/Cabeceras/logo-competicion-4a.png",89,2024,107,NA,NA,5837,104215,NA,NA,FALSE,4346,4337,2612,"Coviran Granada","Coviran Granada","COV",4346,2621,"Bàsquet Girona","Bàsquet Girona","GIR",1,74,12000,8,25,32,18,38,47,14,18,77,27,13,40,14,7,18,4,3,7,0,32,20,60,-20,-1,12,0,0,74,78,5,645,2,8,2,32,7,32,11
2110172,1,"Liga Nacional","Liga Endesa",-402534000,NA,"https://www.acb.com/Documentos/Cabeceras/logo-competicion-1b.png","https://www.acb.com/Documentos/Cabeceras/logo-competicion-4a.png",89,2024,107,NA,NA,5838,104231,NA,NA,FALSE,4342,4339,2614,"Valencia Basket","Valencia Basket","VBC",4342,2617,"Barça","Barça","BAR",1,100,12000,8,23,34,31,45,68,14,21,66,30,11,41,16,6,11,6,3,3,2,15,19,120,70,-1,0,12,0,100,86,2,2066,4,22,2,56,15,52,9
2110171,1,"Liga Nacional","Liga Endesa",-402534000,NA,"https://www.acb.com/Documentos/Cabeceras/logo-competicion-1b.png","https://www.acb.com/Documentos/Cabeceras/logo-competicion-4a.png",89,2024,107,NA,NA,5838,104231,NA,NA,TRUE,4339,4339,2614,"Valencia Basket","Valencia Basket","VBC",4342,2617,"Barça","Barça","BAR",1,86,12000,17,41,41,15,29,51,5,12,41,21,12,33,20,7,11,9,4,3,2,19,15,87,-70,-1,13,0,0,86,100,2,58,3,2,7,30,7,30,6
2110066,1,"Liga Nacional","Liga Endesa",-402534000,NA,"https://www.acb.com/Documentos/Cabeceras/logo-competicion-1b.png","https://www.acb.com/Documentos/Cabeceras/logo-competicion-4a.png",89,2024,107,NA,NA,5838,104230,NA,NA,TRUE,4338,4338,2613,"Baskonia","Baskonia","BKN",4337,2612,"Coviran Granada","Coviran Granada","COV",1,103,12000,13,28,46,21,33,63,22,28,78,25,9,34,23,7,8,10,1,3,0,20,23,127,105,-1,0,13,0,103,82,2,2332,0,32,14,36,11,46,12
2110067,1,"Liga Nacional","Liga Endesa",-402534000,NA,"https://www.acb.com/Documentos/Cabeceras/logo-competicion-1b.png","https://www.acb.com/Documentos/Cabeceras/logo-competicion-4a.png",89,2024,107,NA,NA,5838,104230,NA,NA,FALSE,4337,4338,2613,"Baskonia","Baskonia","BKN",4337,2612,"Coviran Granada","Coviran Granada","COV",1,82,12000,8,23,34,24,46,52,10,13,76,21,10,31,21,4,10,14,3,1,0,24,20,86,-105,-1,11,0,0,82,103,4,0,0,0,5,46,13,22,11
2109985,1,"Liga Nacional","Liga Endesa",-402534000,NA,"https://www.acb.com/Documentos/Cabeceras/logo-competicion-1b.png","https://www.acb.com/Documentos/Cabeceras/logo-competicion-4a.png",89,2024,107,NA,NA,5838,104229,NA,NA,TRUE,4346,4346,2621,"Bàsquet Girona","Bàsquet Girona","GIR",4334,2609,"Casademont Zaragoza","Casademont Zgz","CAZ",1,89,12000,8,29,27,26,39,66,13,21,61,22,13,35,18,9,17,8,2,1,1,23,21,91,-60,-1,13,0,0,89,101,4,0,2,2,6,46,12,25,7
2109986,1,"Liga Nacional","Liga Endesa",-402534000,NA,"https://www.acb.com/Documentos/Cabeceras/logo-competicion-1b.png","https://www.acb.com/Documentos/Cabeceras/logo-competicion-4a.png",89,2024,107,NA,NA,5838,104229,NA,NA,FALSE,4334,4346,2621,"Bàsquet Girona","Bàsquet Girona","GIR",4334,2609,"Casademont Zaragoza","Casademont Zgz","CAZ",1,101,12000,13,29,44,23,33,69,16,24,66,22,9,31,26,8,17,10,1,2,4,21,22,115,60,-1,0,12,0,101,89,3,2275,3,20,4,46,4,34,16
2109762,1,"Liga Nacional","Liga Endesa",-402534000,NA,"https://www.acb.com/Documentos/Cabeceras/logo-competicion-1b.png","https://www.acb.com/Documentos/Cabeceras/logo-competicion-4a.png",89,2024,107,NA,NA,5838,104228,NA,NA,FALSE,4331,4336,2611,"Dreamland Gran Canaria","Dreamland GC","DGC",4331,2606,"MoraBanc Andorra","MoraBanc And","MBA",1,106,12000,12,23,52,27,48,56,16,22,72,20,17,37,13,12,12,13,0,2,3,26,22,112,60,-1,0,13,0,106,94,2,914,5,13,10,50,20,40,12
2109761,1,"Liga Nacional","Liga Endesa",-402534000,NA,"https://www.acb.com/Documentos/Cabeceras/logo-competicion-1b.png","https://www.acb.com/Documentos/Cabeceras/logo-competicion-4a.png",89,2024,107,NA,NA,5838,104228,NA,NA,TRUE,4336,4336,2611,"Dreamland Gran Canaria","Dreamland GC","DGC",4331,2606,"MoraBanc Andorra","MoraBanc And","MBA",1,94,12000,12,27,44,20,31,64,18,23,78,17,8,25,19,9,16,4,2,0,1,22,26,106,-60,-1,13,0,0,94,106,4,1207,5,18,4,36,2,41,7
2109705,1,"Liga Nacional","Liga Endesa",-402534000,NA,"https://www.acb.com/Documentos/Cabeceras/logo-competicion-1b.png","https://www.acb.com/Documentos/Cabeceras/logo-competicion-4a.png",89,2024,107,NA,NA,5838,104227,NA,NA,TRUE,4348,4348,2623,"Hiopos Lleida","Hiopos Lleida","HIO",4345,2620,"Real Madrid","Real Madrid","RMB",1,84,12000,12,27,44,15,30,50,18,24,75,24,4,28,19,3,9,3,2,1,2,28,23,85,-55,-1,13,0,0,84,95,5,32,2,2,2,26,5,50,10
2109706,1,"Liga Nacional","Liga Endesa",-402534000,NA,"https://www.acb.com/Documentos/Cabeceras/logo-competicion-1b.png","https://www.acb.com/Documentos/Cabeceras/logo-competicion-4a.png",89,2024,107,NA,NA,5838,104227,NA,NA,FALSE,4345,4348,2623,"Hiopos Lleida","Hiopos Lleida","HIO",4345,2620,"Real Madrid","Real Madrid","RMB",1,95,12000,12,29,41,18,36,50,23,28,82,30,10,40,23,5,6,12,1,2,5,23,26,119,55,-1,0,13,0,95,84,3,2290,2,15,6,34,8,20,10
2109402,1,"Liga Nacional","Liga Endesa",-402534000,NA,"https://www.acb.com/Documentos/Cabeceras/logo-competicion-1b.png","https://www.acb.com/Documentos/Cabeceras/logo-competicion-4a.png",89,2024,107,NA,NA,5838,104225,NA,NA,TRUE,4333,4333,2608,"UCAM Murcia","UCAM Murcia","UCM",4335,2605,"La Laguna Tenerife","La Laguna TFE","LLT",1,77,12000,12,30,40,14,27,51,13,23,56,23,9,32,15,5,13,5,1,1,3,23,20,72,-5,-1,12,0,0,77,78,3,1211,5,7,3,24,4,18,13
2109403,1,"Liga Nacional","Liga Endesa",-402534000,NA,"https://www.acb.com/Documentos/Cabeceras/logo-competicion-1b.png","https://www.acb.com/Documentos/Cabeceras/logo-competicion-4a.png",89,2024,107,NA,NA,5838,104225,NA,NA,FALSE,4335,4333,2608,"UCAM Murcia","UCAM Murcia","UCM",4335,2605,"La Laguna Tenerife","La Laguna TFE","LLT",1,78,12000,8,18,44,19,33,57,16,21,76,24,2,26,15,9,16,5,1,1,1,20,22,85,5,-1,0,13,0,78,77,3,907,6,7,2,38,4,42,10
2109429,1,"Liga Nacional","Liga Endesa",-402534000,NA,"https://www.acb.com/Documentos/Cabeceras/logo-competicion-1b.png","https://www.acb.com/Documentos/Cabeceras/logo-competicion-4a.png",89,2024,107,NA,NA,5838,104226,NA,NA,TRUE,4344,4344,2619,"Joventut Badalona","Joventut","JOV",4347,2622,"Leyma Coruña","Leyma Coruña","COR",1,107,13500,10,23,43,23,43,53,31,47,65,23,10,33,19,7,7,4,2,4,1,17,32,123,15,-1,0,13,0,107,104,3,2261,2,10,2,38,6,32,7
2109430,1,"Liga Nacional","Liga Endesa",-402534000,NA,"https://www.acb.com/Documentos/Cabeceras/logo-competicion-1b.png","https://www.acb.com/Documentos/Cabeceras/logo-competicion-4a.png",89,2024,107,NA,NA,5838,104226,NA,NA,FALSE,4347,4344,2619,"Joventut Badalona","Joventut","JOV",4347,2622,"Leyma Coruña","Leyma Coruña","COR",1,104,13500,16,35,45,20,38,52,16,16,100,27,10,37,29,4,15,9,4,2,2,32,17,109,-15,-1,13,0,0,104,107,5,64,2,2,3,38,5,63,7
2109151,1,"Liga Nacional","Liga Endesa",-402534000,NA,"https://www.acb.com/Documentos/Cabeceras/logo-competicion-1b.png","https://www.acb.com/Documentos/Cabeceras/logo-competicion-4a.png",89,2024,107,NA,NA,5838,104223,NA,NA,FALSE,4343,4340,2615,"BAXI Manresa","BAXI Manresa","BAX",4343,2618,"Surne Bilbao Basket","Surne Bilbao","SBB",1,74,12000,6,23,26,17,32,53,22,23,95,26,5,31,14,6,19,2,3,1,4,25,18,68,-75,-1,13,0,0,74,89,5,19,2,2,3,30,4,34,8
2109150,1,"Liga Nacional","Liga Endesa",-402534000,NA,"https://www.acb.com/Documentos/Cabeceras/logo-competicion-1b.png","https://www.acb.com/Documentos/Cabeceras/logo-competicion-4a.png",89,2024,107,NA,NA,5838,104223,NA,NA,TRUE,4340,4340,2615,"BAXI Manresa","BAXI Manresa","BAX",4343,2618,"Surne Bilbao Basket","Surne Bilbao","SBB",1,89,12000,9,29,31,21,38,55,20,25,80,24,11,35,17,10,9,18,2,2,9,19,23,104,75,-1,0,13,0,89,74,2,2215,3,15,5,38,6,43,9
2109122,1,"Liga Nacional","Liga Endesa",-402534000,NA,"https://www.acb.com/Documentos/Cabeceras/logo-competicion-1b.png","https://www.acb.com/Documentos/Cabeceras/logo-competicion-4a.png",89,2024,107,NA,NA,5838,104224,NA,NA,TRUE,4341,4341,2616,"Río Breogán","Río Breogán","BRE",4332,2607,"Unicaja","Unicaja","UNI",1,81,12000,12,32,37,16,28,57,13,20,65,25,9,34,15,6,16,2,3,1,1,16,19,86,10,-1,0,13,0,81,79,2,718,4,6,2,30,7,21,8
2109123,1,"Liga Nacional","Liga Endesa",-402534000,NA,"https://www.acb.com/Documentos/Cabeceras/logo-competicion-1b.png","https://www.acb.com/Documentos/Cabeceras/logo-competicion-4a.png",89,2024,107,NA,NA,5838,104224,NA,NA,FALSE,4332,4341,2616,"Río Breogán","Río Breogán","BRE",4332,2607,"Unicaja","Unicaja","UNI",1,79,12000,10,27,37,20,37,54,9,11,81,26,7,33,17,7,16,7,1,3,3,19,16,79,-10,-1,13,0,0,79,81,3,1420,4,10,4,32,7,39,9
2115609,1,"Liga Nacional","Liga Endesa",-402534000,NA,"https://www.acb.com/Documentos/Cabeceras/logo-competicion-1b.png","https://www.acb.com/Documentos/Cabeceras/logo-competicion-4a.png",89,2024,107,NA,NA,5839,104240,NA,NA,FALSE,4345,4336,2611,"Dreamland Gran Canaria","Dreamland GC","DGC",4345,2620,"Real Madrid","Real Madrid","RMB",1,69,12000,6,32,18,18,33,54,15,17,88,31,14,45,10,8,15,8,4,2,2,19,20,77,75,-1,0,13,0,69,54,1,2263,1,15,2,32,5,49,8
2115608,1,"Liga Nacional","Liga Endesa",-402534000,NA,"https://www.acb.com/Documentos/Cabeceras/logo-competicion-1b.png","https://www.acb.com/Documentos/Cabeceras/logo-competicion-4a.png",89,2024,107,NA,NA,5839,104240,NA,NA,TRUE,4336,4336,2611,"Dreamland Gran Canaria","Dreamland GC","DGC",4345,2620,"Real Madrid","Real Madrid","RMB",1,54,12000,5,29,17,14,30,46,11,14,78,24,9,33,9,8,14,10,2,4,2,20,19,44,-75,-1,13,0,0,54,69,4,67,1,1,3,28,8,29,6
2115413,1,"Liga Nacional","Liga Endesa",-402534000,NA,"https://www.acb.com/Documentos/Cabeceras/logo-competicion-1b.png","https://www.acb.com/Documentos/Cabeceras/logo-competicion-4a.png",89,2024,107,NA,NA,5839,104238,NA,NA,FALSE,4341,4342,2617,"Barça","Barça","BAR",4341,2616,"Río Breogán","Río Breogán","BRE",1,79,12000,11,29,37,19,31,61,8,14,57,23,7,30,20,5,20,3,4,1,2,24,17,74,-115,-1,13,0,0,79,102,4,1087,0,16,5,28,4,26,8
2115412,1,"Liga Nacional","Liga Endesa",-402534000,NA,"https://www.acb.com/Documentos/Cabeceras/logo-competicion-1b.png","https://www.acb.com/Documentos/Cabeceras/logo-competicion-4a.png",89,2024,107,NA,NA,5839,104238,NA,NA,TRUE,4342,4342,2617,"Barça","Barça","BAR",4341,2616,"Río Breogán","Río Breogán","BRE",1,102,12000,11,25,44,27,45,60,15,21,71,22,9,31,24,10,9,13,1,4,5,17,24,124,115,-1,0,13,0,102,79,3,1261,1,28,6,50,9,42,11
2115382,1,"Liga Nacional","Liga Endesa",-402534000,NA,"https://www.acb.com/Documentos/Cabeceras/logo-competicion-1b.png","https://www.acb.com/Documentos/Cabeceras/logo-competicion-4a.png",89,2024,107,NA,NA,5839,104239,NA,NA,TRUE,4331,4331,2606,"MoraBanc Andorra","MoraBanc And","MBA",4338,2613,"Baskonia","Baskonia","BKN",1,93,12000,9,27,33,23,42,54,20,24,83,28,12,40,21,7,9,25,2,2,3,19,22,114,25,-1,0,13,0,93,88,3,1555,2,15,8,36,13,44,14
2115383,1,"Liga Nacional","Liga Endesa",-402534000,NA,"https://www.acb.com/Documentos/Cabeceras/logo-competicion-1b.png","https://www.acb.com/Documentos/Cabeceras/logo-competicion-4a.png",89,2024,107,NA,NA,5839,104239,NA,NA,FALSE,4338,4331,2606,"MoraBanc Andorra","MoraBanc And","MBA",4338,2613,"Baskonia","Baskonia","BKN",1,88,12000,10,27,37,19,36,52,20,23,86,25,6,31,21,7,12,7,2,2,5,22,19,95,-25,-1,13,0,0,88,93,5,721,2,7,4,36,4,36,6
2115098,1,"Liga Nacional","Liga Endesa",-402534000,NA,"https://www.acb.com/Documentos/Cabeceras/logo-competicion-1b.png","https://www.acb.com/Documentos/Cabeceras/logo-competicion-4a.png",89,2024,107,NA,NA,5839,104236,NA,NA,TRUE,4343,4343,2618,"Surne Bilbao Basket","Surne Bilbao","SBB",4346,2621,"Bàsquet Girona","Bàsquet Girona","GIR",1,96,12000,12,32,37,15,31,48,30,38,78,24,11,35,18,11,4,4,2,0,0,19,27,122,65,-1,0,13,0,96,83,2,1775,4,19,9,26,4,54,11
2115099,1,"Liga Nacional","Liga Endesa",-402534000,NA,"https://www.acb.com/Documentos/Cabeceras/logo-competicion-1b.png","https://www.acb.com/Documentos/Cabeceras/logo-competicion-4a.png",89,2024,107,NA,NA,5839,104236,NA,NA,FALSE,4346,4343,2618,"Surne Bilbao Basket","Surne Bilbao","SBB",4346,2621,"Bàsquet Girona","Bàsquet Girona","GIR",1,83,12000,10,32,31,20,40,50,13,18,72,25,15,40,16,1,13,8,0,2,0,28,19,69,-65,-1,13,0,0,83,96,5,448,3,4,0,38,11,48,7
2115128,1,"Liga Nacional","Liga Endesa",-402534000,NA,"https://www.acb.com/Documentos/Cabeceras/logo-competicion-1b.png","https://www.acb.com/Documentos/Cabeceras/logo-competicion-4a.png",89,2024,107,NA,NA,5839,104237,NA,NA,TRUE,4332,4332,2607,"Unicaja","Unicaja","UNI",4340,2615,"BAXI Manresa","BAXI Manresa","BAX",1,105,12000,13,27,48,24,46,52,18,24,75,27,17,44,23,9,20,13,2,4,3,25,25,117,40,-1,0,13,0,105,97,3,409,3,11,4,40,14,74,12
2115129,1,"Liga Nacional","Liga Endesa",-402534000,NA,"https://www.acb.com/Documentos/Cabeceras/logo-competicion-1b.png","https://www.acb.com/Documentos/Cabeceras/logo-competicion-4a.png",89,2024,107,NA,NA,5839,104237,NA,NA,FALSE,4340,4332,2607,"Unicaja","Unicaja","UNI",4340,2615,"BAXI Manresa","BAXI Manresa","BAX",1,97,12000,12,33,36,19,34,55,23,27,85,23,10,33,19,12,17,11,4,2,3,25,24,105,-40,-1,13,0,0,97,105,5,1946,2,12,8,36,4,43,8
2114850,1,"Liga Nacional","Liga Endesa",-402534000,NA,"https://www.acb.com/Documentos/Cabeceras/logo-competicion-1b.png","https://www.acb.com/Documentos/Cabeceras/logo-competicion-4a.png",89,2024,107,NA,NA,5839,104235,NA,NA,FALSE,4344,4335,2605,"La Laguna Tenerife","La Laguna TFE","LLT",4344,2619,"Joventut Badalona","Joventut","JOV",1,81,12000,12,32,37,16,32,50,13,16,81,24,12,36,13,7,10,11,1,3,2,26,21,81,-5,-1,12,0,0,81,82,5,1200,3,11,6,20,8,28,7
2114849,1,"Liga Nacional","Liga Endesa",-402534000,NA,"https://www.acb.com/Documentos/Cabeceras/logo-competicion-1b.png","https://www.acb.com/Documentos/Cabeceras/logo-competicion-4a.png",89,2024,107,NA,NA,5839,104235,NA,NA,TRUE,4335,4335,2605,"La Laguna Tenerife","La Laguna TFE","LLT",4344,2619,"Joventut Badalona","Joventut","JOV",1,82,12000,9,21,42,19,34,55,17,22,77,21,4,25,16,8,8,6,3,1,2,21,25,97,5,-1,0,13,0,82,81,3,1092,3,10,7,30,0,29,7
2114820,1,"Liga Nacional","Liga Endesa",-402534000,NA,"https://www.acb.com/Documentos/Cabeceras/logo-competicion-1b.png","https://www.acb.com/Documentos/Cabeceras/logo-competicion-4a.png",89,2024,107,NA,NA,5839,104234,NA,NA,FALSE,4333,4337,2612,"Coviran Granada","Coviran Granada","COV",4333,2608,"UCAM Murcia","UCAM Murcia","UCM",1,88,12000,5,24,20,25,38,65,23,30,76,23,11,34,16,9,10,4,2,1,4,26,25,98,30,-1,0,13,0,88,82,3,1333,3,9,2,46,4,20,8
2114819,1,"Liga Nacional","Liga Endesa",-402534000,NA,"https://www.acb.com/Documentos/Cabeceras/logo-competicion-1b.png","https://www.acb.com/Documentos/Cabeceras/logo-competicion-4a.png",89,2024,107,NA,NA,5839,104234,NA,NA,TRUE,4337,4337,2612,"Coviran Granada","Coviran Granada","COV",4333,2608,"UCAM Murcia","UCAM Murcia","UCM",1,82,12000,12,31,38,10,31,32,26,28,92,22,17,39,10,5,14,8,1,2,0,25,25,79,-30,-1,13,0,0,82,88,4,886,3,10,3,20,4,26,8
2114535,1,"Liga Nacional","Liga Endesa",-402534000,NA,"https://www.acb.com/Documentos/Cabeceras/logo-competicion-1b.png","https://www.acb.com/Documentos/Cabeceras/logo-competicion-4a.png",89,2024,107,NA,NA,5839,104232,NA,NA,FALSE,4339,4334,2609,"Casademont Zaragoza","Casademont Zgz","CAZ",4339,2614,"Valencia Basket","Valencia Basket","VBC",1,115,12000,19,38,50,22,29,75,14,16,87,36,9,45,27,9,18,16,3,2,2,19,19,151,220,-1,0,13,0,115,71,0,2391,0,45,11,42,7,54,8
2114534,1,"Liga Nacional","Liga Endesa",-402534000,NA,"https://www.acb.com/Documentos/Cabeceras/logo-competicion-1b.png","https://www.acb.com/Documentos/Cabeceras/logo-competicion-4a.png",89,2024,107,NA,NA,5839,104232,NA,NA,TRUE,4334,4334,2609,"Casademont Zaragoza","Casademont Zgz","CAZ",4339,2614,"Valencia Basket","Valencia Basket","VBC",1,71,12000,10,38,26,17,40,42,7,13,53,18,16,34,20,10,16,4,2,3,2,19,19,61,-220,-1,13,0,0,71,115,3,0,0,0,2,28,3,22,5
2114566,1,"Liga Nacional","Liga Endesa",-402534000,NA,"https://www.acb.com/Documentos/Cabeceras/logo-competicion-1b.png","https://www.acb.com/Documentos/Cabeceras/logo-competicion-4a.png",89,2024,107,NA,NA,5839,104233,NA,NA,TRUE,4347,4347,2622,"Leyma Coruña","Leyma Coruña","COR",4348,2623,"Hiopos Lleida","Hiopos Lleida","HIO",1,97,12000,13,37,35,22,31,70,14,19,73,27,10,37,25,9,12,10,4,2,1,23,18,115,65,-1,0,13,0,97,84,4,2307,1,22,7,34,13,47,10
2114567,1,"Liga Nacional","Liga Endesa",-402534000,NA,"https://www.acb.com/Documentos/Cabeceras/logo-competicion-1b.png","https://www.acb.com/Documentos/Cabeceras/logo-competicion-4a.png",89,2024,107,NA,NA,5839,104233,NA,NA,FALSE,4348,4347,2622,"Leyma Coruña","Leyma Coruña","COR",4348,2623,"Hiopos Lleida","Hiopos Lleida","HIO",1,84,12000,10,36,27,17,33,51,20,22,90,24,12,36,19,8,13,6,2,2,2,18,23,95,-65,-1,12,0,0,84,97,4,12,1,2,7,28,5,53,9
2116897,1,"Liga Nacional","Liga Endesa",-402534000,NA,"https://www.acb.com/Documentos/Cabeceras/logo-competicion-1b.png","https://www.acb.com/Documentos/Cabeceras/logo-competicion-4a.png",89,2024,107,NA,NA,5840,104249,NA,NA,TRUE,4342,4342,2617,"Barça","Barça","BAR",4335,2605,"La Laguna Tenerife","La Laguna TFE","LLT",1,92,12000,9,26,34,25,36,69,15,23,65,24,8,32,13,4,14,7,1,2,1,19,24,95,-15,-1,13,0,0,92,95,4,1110,6,6,4,44,10,50,9
2116898,1,"Liga Nacional","Liga Endesa",-402534000,NA,"https://www.acb.com/Documentos/Cabeceras/logo-competicion-1b.png","https://www.acb.com/Documentos/Cabeceras/logo-competicion-4a.png",89,2024,107,NA,NA,5840,104249,NA,NA,FALSE,4335,4342,2617,"Barça","Barça","BAR",4335,2605,"La Laguna Tenerife","La Laguna TFE","LLT",1,95,12000,8,25,32,26,35,74,19,23,82,22,2,24,21,10,7,13,2,1,9,24,19,109,15,-1,0,13,0,95,92,3,1035,7,12,8,42,2,18,10
2116643,1,"Liga Nacional","Liga Endesa",-402534000,NA,"https://www.acb.com/Documentos/Cabeceras/logo-competicion-1b.png","https://www.acb.com/Documentos/Cabeceras/logo-competicion-4a.png",89,2024,107,NA,NA,5840,104247,NA,NA,TRUE,4338,4338,2613,"Baskonia","Baskonia","BKN",4336,2611,"Dreamland Gran Canaria","Dreamland GC","DGC",1,84,12000,11,26,42,18,36,50,15,20,75,24,11,35,22,8,11,6,1,3,6,18,22,102,20,-1,0,13,0,84,80,5,760,2,9,11,32,10,34,10
2116644,1,"Liga Nacional","Liga Endesa",-402534000,NA,"https://www.acb.com/Documentos/Cabeceras/logo-competicion-1b.png","https://www.acb.com/Documentos/Cabeceras/logo-competicion-4a.png",89,2024,107,NA,NA,5840,104247,NA,NA,FALSE,4336,4338,2613,"Baskonia","Baskonia","BKN",4336,2611,"Dreamland Gran Canaria","Dreamland GC","DGC",1,80,12000,8,24,33,19,32,59,18,19,94,22,5,27,12,7,14,6,3,1,1,22,18,80,-20,-1,13,0,0,80,84,4,1478,2,17,2,32,0,40,7
2116671,1,"Liga Nacional","Liga Endesa",-402534000,NA,"https://www.acb.com/Documentos/Cabeceras/logo-competicion-1b.png","https://www.acb.com/Documentos/Cabeceras/logo-competicion-4a.png",89,2024,107,NA,NA,5840,104248,NA,NA,TRUE,4348,4348,2623,"Hiopos Lleida","Hiopos Lleida","HIO",4334,2609,"Casademont Zaragoza","Casademont Zgz","CAZ",1,97,12000,9,29,31,21,32,65,28,30,93,27,10,37,23,9,14,15,5,2,2,23,26,125,30,-1,0,13,0,97,91,5,1582,3,12,9,42,7,70,14
2116672,1,"Liga Nacional","Liga Endesa",-402534000,NA,"https://www.acb.com/Documentos/Cabeceras/logo-competicion-1b.png","https://www.acb.com/Documentos/Cabeceras/logo-competicion-4a.png",89,2024,107,NA,NA,5840,104248,NA,NA,FALSE,4334,4348,2623,"Hiopos Lleida","Hiopos Lleida","HIO",4334,2609,"Casademont Zaragoza","Casademont Zgz","CAZ",1,91,12000,18,35,51,12,30,40,13,17,76,21,8,29,21,8,12,7,2,5,3,26,23,92,-30,-1,13,0,0,91,97,5,766,3,10,7,24,2,34,12
2116359,1,"Liga Nacional","Liga Endesa",-402534000,NA,"https://www.acb.com/Documentos/Cabeceras/logo-competicion-1b.png","https://www.acb.com/Documentos/Cabeceras/logo-competicion-4a.png",89,2024,107,NA,NA,5840,104245,NA,NA,TRUE,4345,4345,2620,"Real Madrid","Real Madrid","RMB",4333,2608,"UCAM Murcia","UCAM Murcia","UCM",1,80,12000,7,33,21,14,37,37,31,37,83,30,15,45,11,13,12,9,5,2,2,21,28,92,25,-1,0,13,0,80,75,2,561,4,5,3,28,10,35,8
2116360,1,"Liga Nacional","Liga Endesa",-402534000,NA,"https://www.acb.com/Documentos/Cabeceras/logo-competicion-1b.png","https://www.acb.com/Documentos/Cabeceras/logo-competicion-4a.png",89,2024,107,NA,NA,5840,104245,NA,NA,FALSE,4333,4345,2620,"Real Madrid","Real Madrid","RMB",4333,2608,"UCAM Murcia","UCAM Murcia","UCM",1,75,12000,9,24,37,19,37,51,10,15,66,32,5,37,17,8,21,8,2,5,1,29,19,65,-25,-1,13,0,0,75,80,4,1687,3,13,7,28,2,26,9
2116392,1,"Liga Nacional","Liga Endesa",-402534000,NA,"https://www.acb.com/Documentos/Cabeceras/logo-competicion-1b.png","https://www.acb.com/Documentos/Cabeceras/logo-competicion-4a.png",89,2024,107,NA,NA,5840,104246,NA,NA,FALSE,4347,4340,2615,"BAXI Manresa","BAXI Manresa","BAX",4347,2622,"Leyma Coruña","Leyma Coruña","COR",1,89,12000,12,28,42,19,36,52,15,28,53,30,10,40,23,11,20,18,4,1,2,25,24,99,-75,-1,13,0,0,89,104,5,165,3,3,14,36,6,44,9
2116391,1,"Liga Nacional","Liga Endesa",-402534000,NA,"https://www.acb.com/Documentos/Cabeceras/logo-competicion-1b.png","https://www.acb.com/Documentos/Cabeceras/logo-competicion-4a.png",89,2024,107,NA,NA,5840,104246,NA,NA,TRUE,4340,4340,2615,"BAXI Manresa","BAXI Manresa","BAX",4347,2622,"Leyma Coruña","Leyma Coruña","COR",1,104,12000,17,39,43,20,39,51,13,20,65,30,10,40,25,12,13,22,1,4,4,24,25,118,75,-1,0,13,0,104,89,1,2157,4,27,11,34,7,37,10
2116084,1,"Liga Nacional","Liga Endesa",-402534000,NA,"https://www.acb.com/Documentos/Cabeceras/logo-competicion-1b.png","https://www.acb.com/Documentos/Cabeceras/logo-competicion-4a.png",89,2024,107,NA,NA,5840,104243,NA,NA,TRUE,4341,4341,2616,"Río Breogán","Río Breogán","BRE",4331,2606,"MoraBanc Andorra","MoraBanc And","MBA",1,94,12000,14,31,45,20,33,60,12,14,85,31,12,43,23,10,19,14,7,3,2,24,15,114,100,-1,0,13,0,94,74,1,2348,0,24,12,36,7,47,11
2116085,1,"Liga Nacional","Liga Endesa",-402534000,NA,"https://www.acb.com/Documentos/Cabeceras/logo-competicion-1b.png","https://www.acb.com/Documentos/Cabeceras/logo-competicion-4a.png",89,2024,107,NA,NA,5840,104243,NA,NA,FALSE,4331,4341,2616,"Río Breogán","Río Breogán","BRE",4331,2606,"MoraBanc Andorra","MoraBanc And","MBA",1,74,12000,9,33,27,13,27,48,21,30,70,18,14,32,18,14,19,12,3,7,0,16,24,76,-100,-1,13,0,0,74,94,4,0,0,0,6,22,3,26,12
2116112,1,"Liga Nacional","Liga Endesa",-402534000,NA,"https://www.acb.com/Documentos/Cabeceras/logo-competicion-1b.png","https://www.acb.com/Documentos/Cabeceras/logo-competicion-4a.png",89,2024,107,NA,NA,5840,104244,NA,NA,TRUE,4346,4346,2621,"Bàsquet Girona","Bàsquet Girona","GIR",4344,2619,"Joventut Badalona","Joventut","JOV",1,83,12000,8,23,34,22,39,56,15,21,71,20,15,35,12,10,14,13,1,2,1,18,20,89,35,-1,0,13,0,83,76,2,1959,2,14,10,38,15,51,7
2116113,1,"Liga Nacional","Liga Endesa",-402534000,NA,"https://www.acb.com/Documentos/Cabeceras/logo-competicion-1b.png","https://www.acb.com/Documentos/Cabeceras/logo-competicion-4a.png",89,2024,107,NA,NA,5840,104244,NA,NA,FALSE,4344,4346,2621,"Bàsquet Girona","Bàsquet Girona","GIR",4344,2619,"Joventut Badalona","Joventut","JOV",1,76,12000,9,25,36,20,32,62,9,11,81,20,7,27,15,8,16,3,2,1,0,21,18,78,-35,-1,12,0,0,76,83,4,217,2,5,3,36,2,25,10
2115805,1,"Liga Nacional","Liga Endesa",-402534000,NA,"https://www.acb.com/Documentos/Cabeceras/logo-competicion-1b.png","https://www.acb.com/Documentos/Cabeceras/logo-competicion-4a.png",89,2024,107,NA,NA,5840,104241,NA,NA,FALSE,4343,4339,2614,"Valencia Basket","Valencia Basket","VBC",4343,2618,"Surne Bilbao Basket","Surne Bilbao","SBB",1,70,12000,10,27,37,17,43,39,6,9,66,20,8,28,16,10,7,5,2,1,3,17,15,70,-95,-1,13,0,0,70,89,3,54,1,3,5,28,7,43,8
2115804,1,"Liga Nacional","Liga Endesa",-402534000,NA,"https://www.acb.com/Documentos/Cabeceras/logo-competicion-1b.png","https://www.acb.com/Documentos/Cabeceras/logo-competicion-4a.png",89,2024,107,NA,NA,5840,104241,NA,NA,TRUE,4339,4339,2614,"Valencia Basket","Valencia Basket","VBC",4343,2618,"Surne Bilbao Basket","Surne Bilbao","SBB",1,89,12000,14,33,42,20,34,58,7,12,58,35,14,49,24,2,17,10,1,2,2,15,17,110,95,-1,0,13,0,89,70,0,2204,1,19,2,34,10,52,8
2115833,1,"Liga Nacional","Liga Endesa",-402534000,NA,"https://www.acb.com/Documentos/Cabeceras/logo-competicion-1b.png","https://www.acb.com/Documentos/Cabeceras/logo-competicion-4a.png",89,2024,107,NA,NA,5840,104242,NA,NA,FALSE,4337,4332,2607,"Unicaja","Unicaja","UNI",4337,2612,"Coviran Granada","Coviran Granada","COV",1,78,12000,11,33,33,14,28,50,17,26,65,30,14,44,13,4,18,2,6,2,1,19,24,85,-85,-1,13,0,0,78,95,5,1704,0,12,3,22,9,21,8
2115832,1,"Liga Nacional","Liga Endesa",-402534000,NA,"https://www.acb.com/Documentos/Cabeceras/logo-competicion-1b.png","https://www.acb.com/Documentos/Cabeceras/logo-competicion-4a.png",89,2024,107,NA,NA,5840,104242,NA,NA,TRUE,4332,4332,2607,"Unicaja","Unicaja","UNI",4337,2612,"Coviran Granada","Coviran Granada","COV",1,95,12000,16,38,42,16,34,47,15,19,78,24,10,34,21,11,7,12,2,6,2,24,19,101,85,-1,0,13,0,95,78,3,579,1,17,7,30,7,66,13
2118343,1,"Liga Nacional","Liga Endesa",-402534000,NA,"https://www.acb.com/Documentos/Cabeceras/logo-competicion-1b.png","https://www.acb.com/Documentos/Cabeceras/logo-competicion-4a.png",89,2024,107,NA,NA,5841,104258,NA,NA,FALSE,4338,4345,2620,"Real Madrid","Real Madrid","RMB",4338,2613,"Baskonia","Baskonia","BKN",1,78,12000,9,27,33,18,40,45,15,20,75,24,13,37,15,6,14,5,4,5,3,18,19,77,-25,-1,13,0,0,78,83,5,687,4,7,0,24,10,31,10
2118342,1,"Liga Nacional","Liga Endesa",-402534000,NA,"https://www.acb.com/Documentos/Cabeceras/logo-competicion-1b.png","https://www.acb.com/Documentos/Cabeceras/logo-competicion-4a.png",89,2024,107,NA,NA,5841,104258,NA,NA,TRUE,4345,4345,2620,"Real Madrid","Real Madrid","RMB",4338,2613,"Baskonia","Baskonia","BKN",1,83,12000,10,29,34,19,38,50,15,19,78,29,11,40,16,10,13,19,5,4,3,20,18,93,25,-1,0,13,0,83,78,3,1498,4,9,8,34,9,58,8
2118119,1,"Liga Nacional","Liga Endesa",-402534000,NA,"https://www.acb.com/Documentos/Cabeceras/logo-competicion-1b.png","https://www.acb.com/Documentos/Cabeceras/logo-competicion-4a.png",89,2024,107,NA,NA,5841,104256,NA,NA,FALSE,4342,4331,2606,"MoraBanc Andorra","MoraBanc And","MBA",4342,2617,"Barça","Barça","BAR",1,113,12000,13,26,50,31,46,67,12,15,80,26,7,33,29,8,12,10,1,3,6,18,18,138,110,-1,0,13,0,113,91,2,2188,2,25,6,46,5,63,8
2118118,1,"Liga Nacional","Liga Endesa",-402534000,NA,"https://www.acb.com/Documentos/Cabeceras/logo-competicion-1b.png","https://www.acb.com/Documentos/Cabeceras/logo-competicion-4a.png",89,2024,107,NA,NA,5841,104256,NA,NA,TRUE,4331,4331,2606,"MoraBanc Andorra","MoraBanc And","MBA",4342,2617,"Barça","Barça","BAR",1,91,12000,10,35,28,21,31,67,19,22,86,19,8,27,17,7,15,13,3,1,1,18,17,90,-110,-1,13,0,0,91,113,2,90,1,3,5,34,4,30,6
2118090,1,"Liga Nacional","Liga Endesa",-402534000,NA,"https://www.acb.com/Documentos/Cabeceras/logo-competicion-1b.png","https://www.acb.com/Documentos/Cabeceras/logo-competicion-4a.png",89,2024,107,NA,NA,5841,104257,NA,NA,TRUE,4343,4343,2618,"Surne Bilbao Basket","Surne Bilbao","SBB",4335,2605,"La Laguna Tenerife","La Laguna TFE","LLT",1,65,12000,5,21,23,18,42,42,14,15,93,25,8,33,13,8,9,11,2,1,6,18,16,68,-50,-1,13,0,0,65,75,2,266,0,4,4,36,4,35,8
2118091,1,"Liga Nacional","Liga Endesa",-402534000,NA,"https://www.acb.com/Documentos/Cabeceras/logo-competicion-1b.png","https://www.acb.com/Documentos/Cabeceras/logo-competicion-4a.png",89,2024,107,NA,NA,5841,104257,NA,NA,FALSE,4335,4343,2618,"Surne Bilbao Basket","Surne Bilbao","SBB",4335,2605,"La Laguna Tenerife","La Laguna TFE","LLT",1,75,12000,5,25,20,23,37,62,14,17,82,32,11,43,16,3,11,0,1,2,3,16,17,89,50,-1,0,13,0,75,65,2,1987,1,15,0,36,6,29,10
2117811,1,"Liga Nacional","Liga Endesa",-402534000,NA,"https://www.acb.com/Documentos/Cabeceras/logo-competicion-1b.png","https://www.acb.com/Documentos/Cabeceras/logo-competicion-4a.png",89,2024,107,NA,NA,5841,104255,NA,NA,FALSE,4341,4347,2622,"Leyma Coruña","Leyma Coruña","COR",4341,2616,"Río Breogán","Río Breogán","BRE",1,106,12000,14,30,46,21,32,65,22,28,78,28,7,35,23,6,11,6,2,1,3,22,25,130,40,-1,0,13,0,106,98,3,2393,0,27,4,32,0,35,10
2117810,1,"Liga Nacional","Liga Endesa",-402534000,NA,"https://www.acb.com/Documentos/Cabeceras/logo-competicion-1b.png","https://www.acb.com/Documentos/Cabeceras/logo-competicion-4a.png",89,2024,107,NA,NA,5841,104255,NA,NA,TRUE,4347,4347,2622,"Leyma Coruña","Leyma Coruña","COR",4341,2616,"Río Breogán","Río Breogán","BRE",1,98,12000,13,42,30,21,37,56,17,21,80,19,15,34,19,9,8,7,1,2,1,25,22,99,-40,-1,13,0,0,98,106,5,0,0,0,4,40,11,37,12
2117783,1,"Liga Nacional","Liga Endesa",-402534000,NA,"https://www.acb.com/Documentos/Cabeceras/logo-competicion-1b.png","https://www.acb.com/Documentos/Cabeceras/logo-competicion-4a.png",89,2024,107,NA,NA,5841,104254,NA,NA,FALSE,4348,4337,2612,"Coviran Granada","Coviran Granada","COV",4348,2623,"Hiopos Lleida","Hiopos Lleida","HIO",1,85,13500,3,20,15,19,38,50,38,51,74,25,12,37,11,11,15,4,1,5,1,25,31,82,15,-1,0,13,0,85,82,4,264,2,3,7,36,2,35,10
2117782,1,"Liga Nacional","Liga Endesa",-402534000,NA,"https://www.acb.com/Documentos/Cabeceras/logo-competicion-1b.png","https://www.acb.com/Documentos/Cabeceras/logo-competicion-4a.png",89,2024,107,NA,NA,5841,104254,NA,NA,TRUE,4337,4337,2612,"Coviran Granada","Coviran Granada","COV",4348,2623,"Hiopos Lleida","Hiopos Lleida","HIO",1,82,13500,7,37,18,21,37,56,19,24,79,30,21,51,13,8,21,6,6,1,2,35,25,77,-15,-1,13,0,0,82,85,4,2247,2,13,4,38,11,34,9
2117537,1,"Liga Nacional","Liga Endesa",-402534000,NA,"https://www.acb.com/Documentos/Cabeceras/logo-competicion-1b.png","https://www.acb.com/Documentos/Cabeceras/logo-competicion-4a.png",89,2024,107,NA,NA,5841,104252,NA,NA,FALSE,4332,4334,2609,"Casademont Zaragoza","Casademont Zgz","CAZ",4332,2607,"Unicaja","Unicaja","UNI",1,69,12000,6,28,21,19,35,54,13,23,56,25,11,36,19,11,19,10,3,5,1,23,24,67,-75,-1,13,0,0,69,84,3,0,0,0,3,30,5,39,6
2117536,1,"Liga Nacional","Liga Endesa",-402534000,NA,"https://www.acb.com/Documentos/Cabeceras/logo-competicion-1b.png","https://www.acb.com/Documentos/Cabeceras/logo-competicion-4a.png",89,2024,107,NA,NA,5841,104252,NA,NA,TRUE,4334,4334,2609,"Casademont Zaragoza","Casademont Zgz","CAZ",4332,2607,"Unicaja","Unicaja","UNI",1,84,12000,8,28,28,23,39,58,14,16,87,30,10,40,17,11,17,6,5,3,2,25,23,97,75,-1,0,11,0,84,69,2,2300,0,23,6,46,2,21,9
2117508,1,"Liga Nacional","Liga Endesa",-402534000,NA,"https://www.acb.com/Documentos/Cabeceras/logo-competicion-1b.png","https://www.acb.com/Documentos/Cabeceras/logo-competicion-4a.png",89,2024,107,NA,NA,5841,104253,NA,NA,TRUE,4336,4336,2611,"Dreamland Gran Canaria","Dreamland GC","DGC",4340,2615,"BAXI Manresa","BAXI Manresa","BAX",1,94,12000,12,20,60,21,37,56,16,22,72,23,7,30,15,4,12,4,1,0,2,20,23,105,25,-1,0,13,0,94,89,3,1106,8,7,3,32,8,45,11
2117509,1,"Liga Nacional","Liga Endesa",-402534000,NA,"https://www.acb.com/Documentos/Cabeceras/logo-competicion-1b.png","https://www.acb.com/Documentos/Cabeceras/logo-competicion-4a.png",89,2024,107,NA,NA,5841,104253,NA,NA,FALSE,4340,4336,2611,"Dreamland Gran Canaria","Dreamland GC","DGC",4340,2615,"BAXI Manresa","BAXI Manresa","BAX",1,89,12000,8,31,25,28,41,68,9,14,64,18,13,31,18,6,9,13,0,1,3,23,20,90,-25,-1,13,0,0,89,94,2,1017,7,11,2,52,2,50,7
2117234,1,"Liga Nacional","Liga Endesa",-402534000,NA,"https://www.acb.com/Documentos/Cabeceras/logo-competicion-1b.png","https://www.acb.com/Documentos/Cabeceras/logo-competicion-4a.png",89,2024,107,NA,NA,5841,104250,NA,NA,FALSE,4346,4333,2608,"UCAM Murcia","UCAM Murcia","UCM",4346,2621,"Bàsquet Girona","Bàsquet Girona","GIR",1,76,12000,7,30,23,19,38,50,17,28,60,35,13,48,19,8,10,8,2,7,1,20,24,87,60,-1,0,13,0,76,64,2,2226,2,14,4,36,0,35,9
2117233,1,"Liga Nacional","Liga Endesa",-402534000,NA,"https://www.acb.com/Documentos/Cabeceras/logo-competicion-1b.png","https://www.acb.com/Documentos/Cabeceras/logo-competicion-4a.png",89,2024,107,NA,NA,5841,104250,NA,NA,TRUE,4333,4333,2608,"UCAM Murcia","UCAM Murcia","UCM",4346,2621,"Bàsquet Girona","Bàsquet Girona","GIR",1,64,12000,4,28,14,19,42,45,14,20,70,32,12,44,14,7,12,8,7,2,5,24,20,65,-60,-1,13,0,0,64,76,5,52,1,2,4,38,5,28,9
2117261,1,"Liga Nacional","Liga Endesa",-402534000,NA,"https://www.acb.com/Documentos/Cabeceras/logo-competicion-1b.png","https://www.acb.com/Documentos/Cabeceras/logo-competicion-4a.png",89,2024,107,NA,NA,5841,104251,NA,NA,TRUE,4344,4344,2619,"Joventut Badalona","Joventut","JOV",4339,2614,"Valencia Basket","Valencia Basket","VBC",1,89,12000,17,37,45,13,28,46,12,13,92,17,10,27,20,7,12,8,4,3,1,19,17,94,-75,-1,12,0,0,89,104,5,1066,0,11,6,22,9,35,6
2117262,1,"Liga Nacional","Liga Endesa",-402534000,NA,"https://www.acb.com/Documentos/Cabeceras/logo-competicion-1b.png","https://www.acb.com/Documentos/Cabeceras/logo-competicion-4a.png",89,2024,107,NA,NA,5841,104251,NA,NA,FALSE,4339,4344,2619,"Joventut Badalona","Joventut","JOV",4339,2614,"Valencia Basket","Valencia Basket","VBC",1,104,12000,16,32,50,21,34,61,14,16,87,23,14,37,24,7,14,14,3,4,2,18,19,127,75,-1,0,13,0,104,89,2,1276,1,22,2,38,13,47,12
2119600,1,"Liga Nacional","Liga Endesa",-402534000,NA,"https://www.acb.com/Documentos/Cabeceras/logo-competicion-1b.png","https://www.acb.com/Documentos/Cabeceras/logo-competicion-4a.png",89,2024,107,NA,NA,5842,104267,NA,NA,FALSE,4345,4332,2607,"Unicaja","Unicaja","UNI",4345,2620,"Real Madrid","Real Madrid","RMB",1,107,12000,12,26,46,24,42,57,23,27,85,29,13,42,16,8,12,16,4,1,5,17,25,136,10,-1,0,13,0,107,105,4,1145,8,7,7,44,10,55,9
2119599,1,"Liga Nacional","Liga Endesa",-402534000,NA,"https://www.acb.com/Documentos/Cabeceras/logo-competicion-1b.png","https://www.acb.com/Documentos/Cabeceras/logo-competicion-4a.png",89,2024,107,NA,NA,5842,104267,NA,NA,TRUE,4332,4332,2607,"Unicaja","Unicaja","UNI",4345,2620,"Real Madrid","Real Madrid","RMB",1,105,12000,23,43,53,14,28,50,8,12,66,21,7,28,26,2,10,13,2,3,3,26,15,101,-10,-1,13,0,0,105,107,4,1052,7,12,2,20,0,64,7
2119379,1,"Liga Nacional","Liga Endesa",-402534000,NA,"https://www.acb.com/Documentos/Cabeceras/logo-competicion-1b.png","https://www.acb.com/Documentos/Cabeceras/logo-competicion-4a.png",89,2024,107,NA,NA,5842,104265,NA,NA,FALSE,4334,4342,2617,"Barça","Barça","BAR",4334,2609,"Casademont Zaragoza","Casademont Zgz","CAZ",1,95,12000,9,25,36,28,42,66,12,18,66,19,13,32,23,8,12,11,1,5,5,21,20,105,-10,-1,13,0,0,95,97,4,1804,2,14,8,50,11,40,7
2119378,1,"Liga Nacional","Liga Endesa",-402534000,NA,"https://www.acb.com/Documentos/Cabeceras/logo-competicion-1b.png","https://www.acb.com/Documentos/Cabeceras/logo-competicion-4a.png",89,2024,107,NA,NA,5842,104265,NA,NA,TRUE,4342,4342,2617,"Barça","Barça","BAR",4334,2609,"Casademont Zaragoza","Casademont Zgz","CAZ",1,97,12000,8,26,30,31,42,73,11,15,73,18,12,30,20,5,11,4,5,1,6,20,21,113,10,-1,0,13,0,97,95,4,272,3,5,4,58,10,48,10
2119350,1,"Liga Nacional","Liga Endesa",-402534000,NA,"https://www.acb.com/Documentos/Cabeceras/logo-competicion-1b.png","https://www.acb.com/Documentos/Cabeceras/logo-competicion-4a.png",89,2024,107,NA,NA,5842,104266,NA,NA,FALSE,4337,4343,2618,"Surne Bilbao Basket","Surne Bilbao","SBB",4337,2612,"Coviran Granada","Coviran Granada","COV",1,88,12000,11,28,39,22,46,47,11,18,61,26,12,38,18,5,8,10,1,3,3,23,22,90,-15,-1,12,0,0,88,91,4,510,2,6,9,38,15,51,12
2119349,1,"Liga Nacional","Liga Endesa",-402534000,NA,"https://www.acb.com/Documentos/Cabeceras/logo-competicion-1b.png","https://www.acb.com/Documentos/Cabeceras/logo-competicion-4a.png",89,2024,107,NA,NA,5842,104266,NA,NA,TRUE,4343,4343,2618,"Surne Bilbao Basket","Surne Bilbao","SBB",4337,2612,"Coviran Granada","Coviran Granada","COV",1,91,12000,8,30,26,22,37,59,23,29,79,32,8,40,13,4,10,6,3,1,3,22,23,98,15,-1,0,13,0,91,88,4,1727,2,16,0,44,6,38,8
2119127,1,"Liga Nacional","Liga Endesa",-402534000,NA,"https://www.acb.com/Documentos/Cabeceras/logo-competicion-1b.png","https://www.acb.com/Documentos/Cabeceras/logo-competicion-4a.png",89,2024,107,NA,NA,5842,104264,NA,NA,FALSE,4331,4335,2605,"La Laguna Tenerife","La Laguna TFE","LLT",4331,2606,"MoraBanc Andorra","MoraBanc And","MBA",1,84,12000,8,16,50,22,39,56,16,18,88,19,7,26,16,4,10,9,3,3,4,17,20,96,-60,-1,13,0,0,84,96,3,119,2,5,0,34,9,27,9
2119126,1,"Liga Nacional","Liga Endesa",-402534000,NA,"https://www.acb.com/Documentos/Cabeceras/logo-competicion-1b.png","https://www.acb.com/Documentos/Cabeceras/logo-competicion-4a.png",89,2024,107,NA,NA,5842,104264,NA,NA,TRUE,4335,4335,2605,"La Laguna Tenerife","La Laguna TFE","LLT",4331,2606,"MoraBanc Andorra","MoraBanc And","MBA",1,96,12000,12,25,48,23,39,58,14,16,87,19,10,29,23,6,7,2,4,3,3,20,16,113,60,-1,0,13,0,96,84,2,2157,2,14,2,34,11,24,8
2119071,1,"Liga Nacional","Liga Endesa",-402534000,NA,"https://www.acb.com/Documentos/Cabeceras/logo-competicion-1b.png","https://www.acb.com/Documentos/Cabeceras/logo-competicion-4a.png",89,2024,107,NA,NA,5842,104263,NA,NA,FALSE,4344,4348,2623,"Hiopos Lleida","Hiopos Lleida","HIO",4344,2619,"Joventut Badalona","Joventut","JOV",1,86,12000,8,28,28,23,37,62,16,20,80,29,12,41,12,4,14,3,4,0,2,22,23,96,25,-1,0,12,0,86,81,3,1865,5,11,0,34,2,15,13
2119070,1,"Liga Nacional","Liga Endesa",-402534000,NA,"https://www.acb.com/Documentos/Cabeceras/logo-competicion-1b.png","https://www.acb.com/Documentos/Cabeceras/logo-competicion-4a.png",89,2024,107,NA,NA,5842,104263,NA,NA,TRUE,4348,4348,2623,"Hiopos Lleida","Hiopos Lleida","HIO",4344,2619,"Joventut Badalona","Joventut","JOV",1,81,12000,11,31,35,18,36,50,12,16,75,23,12,35,13,7,12,6,0,4,2,24,21,75,-25,-1,13,0,0,81,86,4,259,4,4,0,34,8,68,12
2118790,1,"Liga Nacional","Liga Endesa",-402534000,NA,"https://www.acb.com/Documentos/Cabeceras/logo-competicion-1b.png","https://www.acb.com/Documentos/Cabeceras/logo-competicion-4a.png",89,2024,107,NA,NA,5842,104261,NA,NA,TRUE,4338,4338,2613,"Baskonia","Baskonia","BKN",4340,2615,"BAXI Manresa","BAXI Manresa","BAX",1,90,12000,8,23,34,20,33,60,26,38,68,26,5,31,16,8,11,13,1,1,2,21,27,100,30,-1,0,13,0,90,84,3,926,6,10,10,36,6,31,9
2118791,1,"Liga Nacional","Liga Endesa",-402534000,NA,"https://www.acb.com/Documentos/Cabeceras/logo-competicion-1b.png","https://www.acb.com/Documentos/Cabeceras/logo-competicion-4a.png",89,2024,107,NA,NA,5842,104261,NA,NA,FALSE,4340,4338,2613,"Baskonia","Baskonia","BKN",4340,2615,"BAXI Manresa","BAXI Manresa","BAX",1,84,12000,11,32,34,18,37,48,15,17,88,25,10,35,21,8,14,9,1,1,0,28,21,85,-30,-1,13,0,0,84,90,4,1159,5,8,3,30,7,31,7
2118819,1,"Liga Nacional","Liga Endesa",-402534000,NA,"https://www.acb.com/Documentos/Cabeceras/logo-competicion-1b.png","https://www.acb.com/Documentos/Cabeceras/logo-competicion-4a.png",89,2024,107,NA,NA,5842,104262,NA,NA,FALSE,4333,4341,2616,"Río Breogán","Río Breogán","BRE",4333,2608,"UCAM Murcia","UCAM Murcia","UCM",1,86,12000,14,31,45,11,33,33,22,28,78,31,16,47,13,4,12,11,4,2,4,26,24,93,80,-1,0,13,0,86,70,2,1829,1,16,7,22,7,11,6
2118818,1,"Liga Nacional","Liga Endesa",-402534000,NA,"https://www.acb.com/Documentos/Cabeceras/logo-competicion-1b.png","https://www.acb.com/Documentos/Cabeceras/logo-competicion-4a.png",89,2024,107,NA,NA,5842,104262,NA,NA,TRUE,4341,4341,2616,"Río Breogán","Río Breogán","BRE",4333,2608,"UCAM Murcia","UCAM Murcia","UCM",1,70,12000,7,21,33,17,46,36,15,26,57,25,15,40,8,3,12,2,3,4,1,26,26,54,-80,-1,13,0,0,70,86,5,328,1,6,0,30,12,32,8
2118539,1,"Liga Nacional","Liga Endesa",-402534000,NA,"https://www.acb.com/Documentos/Cabeceras/logo-competicion-1b.png","https://www.acb.com/Documentos/Cabeceras/logo-competicion-4a.png",89,2024,107,NA,NA,5842,104259,NA,NA,FALSE,4336,4346,2621,"Bàsquet Girona","Bàsquet Girona","GIR",4336,2611,"Dreamland Gran Canaria","Dreamland GC","DGC",1,95,12000,14,31,45,20,37,54,13,15,86,23,8,31,21,11,16,12,1,0,4,20,18,105,45,-1,0,13,0,95,86,4,1611,2,12,0,38,5,36,10
2118538,1,"Liga Nacional","Liga Endesa",-402534000,NA,"https://www.acb.com/Documentos/Cabeceras/logo-competicion-1b.png","https://www.acb.com/Documentos/Cabeceras/logo-competicion-4a.png",89,2024,107,NA,NA,5842,104259,NA,NA,TRUE,4346,4346,2621,"Bàsquet Girona","Bàsquet Girona","GIR",4336,2611,"Dreamland Gran Canaria","Dreamland GC","DGC",1,86,12000,11,28,39,21,35,60,11,14,78,25,7,32,16,11,21,10,0,1,2,20,19,88,-45,-1,13,0,0,86,95,4,656,2,7,7,36,10,44,8
2118510,1,"Liga Nacional","Liga Endesa",-402534000,NA,"https://www.acb.com/Documentos/Cabeceras/logo-competicion-1b.png","https://www.acb.com/Documentos/Cabeceras/logo-competicion-4a.png",89,2024,107,NA,NA,5842,104260,NA,NA,TRUE,4339,4339,2614,"Valencia Basket","Valencia Basket","VBC",4347,2622,"Leyma Coruña","Leyma Coruña","COR",1,127,12000,18,37,48,25,30,83,23,26,88,30,11,41,35,5,9,15,1,1,5,14,23,181,230,-1,0,13,0,127,81,2,2378,0,48,0,42,10,67,16
2118511,1,"Liga Nacional","Liga Endesa",-402534000,NA,"https://www.acb.com/Documentos/Cabeceras/logo-competicion-1b.png","https://www.acb.com/Documentos/Cabeceras/logo-competicion-4a.png",89,2024,107,NA,NA,5842,104260,NA,NA,FALSE,4347,4339,2614,"Valencia Basket","Valencia Basket","VBC",4347,2622,"Leyma Coruña","Leyma Coruña","COR",1,81,12000,9,38,23,21,32,65,12,15,80,12,10,22,21,6,11,16,1,1,0,24,14,66,-230,-1,13,0,0,81,127,5,0,0,0,4,28,6,29,7
2120893,1,"Liga Nacional","Liga Endesa",-402534000,NA,"https://www.acb.com/Documentos/Cabeceras/logo-competicion-1b.png","https://www.acb.com/Documentos/Cabeceras/logo-competicion-4a.png",89,2024,107,NA,NA,5843,104276,NA,NA,FALSE,4342,4344,2619,"Joventut Badalona","Joventut","JOV",4342,2617,"Barça","Barça","BAR",1,93,12000,8,22,36,26,45,57,17,22,77,32,12,44,15,3,12,13,0,3,1,19,24,107,35,-1,0,13,0,93,86,3,2323,1,26,3,42,9,46,12
2120892,1,"Liga Nacional","Liga Endesa",-402534000,NA,"https://www.acb.com/Documentos/Cabeceras/logo-competicion-1b.png","https://www.acb.com/Documentos/Cabeceras/logo-competicion-4a.png",89,2024,107,NA,NA,5843,104276,NA,NA,TRUE,4344,4344,2619,"Joventut Badalona","Joventut","JOV",4342,2617,"Barça","Barça","BAR",1,86,12000,11,33,33,21,42,50,11,17,64,24,11,35,23,8,5,10,3,0,1,24,19,96,-35,-1,13,0,0,86,93,5,24,0,2,9,36,15,37,13
2120641,1,"Liga Nacional","Liga Endesa",-402534000,NA,"https://www.acb.com/Documentos/Cabeceras/logo-competicion-1b.png","https://www.acb.com/Documentos/Cabeceras/logo-competicion-4a.png",89,2024,107,NA,NA,5843,104274,NA,NA,FALSE,4343,4345,2620,"Real Madrid","Real Madrid","RMB",4343,2618,"Surne Bilbao Basket","Surne Bilbao","SBB",1,70,12000,11,25,44,15,47,31,7,11,63,19,16,35,13,6,11,0,2,8,2,19,14,52,-90,-1,13,0,0,70,88,3,168,4,2,5,24,4,38,8
2120640,1,"Liga Nacional","Liga Endesa",-402534000,NA,"https://www.acb.com/Documentos/Cabeceras/logo-competicion-1b.png","https://www.acb.com/Documentos/Cabeceras/logo-competicion-4a.png",89,2024,107,NA,NA,5843,104274,NA,NA,TRUE,4345,4345,2620,"Real Madrid","Real Madrid","RMB",4343,2618,"Surne Bilbao Basket","Surne Bilbao","SBB",1,88,12000,9,26,34,25,34,73,11,17,64,32,8,40,18,6,12,10,9,2,1,14,19,120,90,-1,0,13,0,88,70,0,2026,4,23,4,46,2,47,12
2120611,1,"Liga Nacional","Liga Endesa",-402534000,NA,"https://www.acb.com/Documentos/Cabeceras/logo-competicion-1b.png","https://www.acb.com/Documentos/Cabeceras/logo-competicion-4a.png",89,2024,107,NA,NA,5843,104275,NA,NA,FALSE,4338,4341,2616,"Río Breogán","Río Breogán","BRE",4338,2613,"Baskonia","Baskonia","BKN",1,82,12000,11,33,33,18,31,58,13,20,65,25,7,32,19,9,14,7,1,3,1,20,22,86,-30,-1,13,0,0,82,88,4,21,1,2,2,34,2,35,12
2120610,1,"Liga Nacional","Liga Endesa",-402534000,NA,"https://www.acb.com/Documentos/Cabeceras/logo-competicion-1b.png","https://www.acb.com/Documentos/Cabeceras/logo-competicion-4a.png",89,2024,107,NA,NA,5843,104275,NA,NA,TRUE,4341,4341,2616,"Río Breogán","Río Breogán","BRE",4338,2613,"Baskonia","Baskonia","BKN",1,88,12000,17,32,53,13,31,41,11,16,68,28,7,35,20,4,14,8,3,1,1,22,19,94,30,-1,0,13,0,88,82,2,2329,1,32,2,24,11,30,15
2120415,1,"Liga Nacional","Liga Endesa",-402534000,NA,"https://www.acb.com/Documentos/Cabeceras/logo-competicion-1b.png","https://www.acb.com/Documentos/Cabeceras/logo-competicion-4a.png",89,2024,107,NA,NA,5843,104273,NA,NA,FALSE,4332,4336,2611,"Dreamland Gran Canaria","Dreamland GC","DGC",4332,2607,"Unicaja","Unicaja","UNI",1,89,12000,14,33,42,18,29,62,11,17,64,22,6,28,21,8,10,5,1,2,3,20,18,97,-10,-1,13,0,0,89,91,2,47,2,2,1,34,7,42,7
2120414,1,"Liga Nacional","Liga Endesa",-402534000,NA,"https://www.acb.com/Documentos/Cabeceras/logo-competicion-1b.png","https://www.acb.com/Documentos/Cabeceras/logo-competicion-4a.png",89,2024,107,NA,NA,5843,104273,NA,NA,TRUE,4336,4336,2611,"Dreamland Gran Canaria","Dreamland GC","DGC",4332,2607,"Unicaja","Unicaja","UNI",1,91,12000,10,20,50,25,45,55,11,12,91,23,8,31,16,6,10,4,2,1,1,19,20,105,10,-1,0,13,0,91,89,5,2024,2,9,2,38,11,39,8
2120330,1,"Liga Nacional","Liga Endesa",-402534000,NA,"https://www.acb.com/Documentos/Cabeceras/logo-competicion-1b.png","https://www.acb.com/Documentos/Cabeceras/logo-competicion-4a.png",89,2024,107,NA,NA,5843,104272,NA,NA,TRUE,4337,4337,2612,"Coviran Granada","Coviran Granada","COV",4339,2614,"Valencia Basket","Valencia Basket","VBC",1,69,12000,10,34,29,13,36,36,13,17,76,22,14,36,13,11,14,7,3,5,0,25,16,53,-140,-1,13,0,0,69,97,5,28,2,2,8,26,15,34,11
2120331,1,"Liga Nacional","Liga Endesa",-402534000,NA,"https://www.acb.com/Documentos/Cabeceras/logo-competicion-1b.png","https://www.acb.com/Documentos/Cabeceras/logo-competicion-4a.png",89,2024,107,NA,NA,5843,104272,NA,NA,FALSE,4339,4337,2612,"Coviran Granada","Coviran Granada","COV",4339,2614,"Valencia Basket","Valencia Basket","VBC",1,97,12000,15,34,44,17,27,62,18,26,69,35,9,44,25,8,16,20,5,3,5,16,24,131,140,-1,0,13,0,97,69,1,2185,2,32,2,30,7,43,12
2120105,1,"Liga Nacional","Liga Endesa",-402534000,NA,"https://www.acb.com/Documentos/Cabeceras/logo-competicion-1b.png","https://www.acb.com/Documentos/Cabeceras/logo-competicion-4a.png",89,2024,107,NA,NA,5843,104270,NA,NA,FALSE,4346,4347,2622,"Leyma Coruña","Leyma Coruña","COR",4346,2621,"Bàsquet Girona","Bàsquet Girona","GIR",1,99,12000,13,33,39,21,35,60,18,20,90,20,12,32,20,9,12,15,2,6,4,20,20,108,50,-1,0,13,0,99,89,2,1815,1,13,10,36,7,50,11
2120104,1,"Liga Nacional","Liga Endesa",-402534000,NA,"https://www.acb.com/Documentos/Cabeceras/logo-competicion-1b.png","https://www.acb.com/Documentos/Cabeceras/logo-competicion-4a.png",89,2024,107,NA,NA,5843,104270,NA,NA,TRUE,4347,4347,2622,"Leyma Coruña","Leyma Coruña","COR",4346,2621,"Bàsquet Girona","Bàsquet Girona","GIR",1,89,12000,10,28,35,23,35,65,13,17,76,23,8,31,21,7,17,15,6,2,3,20,19,100,-50,-1,13,0,0,89,99,4,553,0,8,9,34,10,15,7
2120048,1,"Liga Nacional","Liga Endesa",-402534000,NA,"https://www.acb.com/Documentos/Cabeceras/logo-competicion-1b.png","https://www.acb.com/Documentos/Cabeceras/logo-competicion-4a.png",89,2024,107,NA,NA,5843,104271,NA,NA,TRUE,4334,4334,2609,"Casademont Zaragoza","Casademont Zgz","CAZ",4335,2605,"La Laguna Tenerife","La Laguna TFE","LLT",1,89,12000,8,22,36,23,43,53,19,22,86,23,15,38,15,5,11,10,1,2,3,17,22,103,-20,-1,13,0,0,89,93,5,511,9,3,6,44,6,37,7
2120049,1,"Liga Nacional","Liga Endesa",-402534000,NA,"https://www.acb.com/Documentos/Cabeceras/logo-competicion-1b.png","https://www.acb.com/Documentos/Cabeceras/logo-competicion-4a.png",89,2024,107,NA,NA,5843,104271,NA,NA,FALSE,4335,4334,2609,"Casademont Zaragoza","Casademont Zgz","CAZ",4335,2605,"La Laguna Tenerife","La Laguna TFE","LLT",1,93,12000,14,32,43,20,35,57,11,15,73,20,10,30,20,8,7,12,2,1,1,23,16,101,20,-1,0,13,0,93,89,3,1726,9,11,4,32,4,18,6
2119766,1,"Liga Nacional","Liga Endesa",-402534000,NA,"https://www.acb.com/Documentos/Cabeceras/logo-competicion-1b.png","https://www.acb.com/Documentos/Cabeceras/logo-competicion-4a.png",89,2024,107,NA,NA,5843,104268,NA,NA,TRUE,4333,4333,2608,"UCAM Murcia","UCAM Murcia","UCM",4331,2606,"MoraBanc Andorra","MoraBanc And","MBA",1,79,12000,7,26,26,23,42,54,12,16,75,22,15,37,19,6,11,4,4,5,1,19,19,87,-30,-1,13,0,0,79,85,4,0,0,0,5,44,7,48,9
2119767,1,"Liga Nacional","Liga Endesa",-402534000,NA,"https://www.acb.com/Documentos/Cabeceras/logo-competicion-1b.png","https://www.acb.com/Documentos/Cabeceras/logo-competicion-4a.png",89,2024,107,NA,NA,5843,104268,NA,NA,FALSE,4331,4333,2608,"UCAM Murcia","UCAM Murcia","UCM",4331,2606,"MoraBanc Andorra","MoraBanc And","MBA",1,85,12000,13,23,56,17,37,45,12,18,66,23,7,30,14,7,11,7,5,4,1,19,18,89,30,-1,0,13,0,85,79,2,2336,0,17,3,24,7,12,7
2119795,1,"Liga Nacional","Liga Endesa",-402534000,NA,"https://www.acb.com/Documentos/Cabeceras/logo-competicion-1b.png","https://www.acb.com/Documentos/Cabeceras/logo-competicion-4a.png",89,2024,107,NA,NA,5843,104269,NA,NA,FALSE,4348,4340,2615,"BAXI Manresa","BAXI Manresa","BAX",4348,2623,"Hiopos Lleida","Hiopos Lleida","HIO",1,95,12000,8,20,40,25,39,64,21,28,75,25,9,34,19,7,16,10,3,0,0,21,24,112,30,-1,0,13,0,95,89,2,1922,7,11,9,50,6,30,13
2119794,1,"Liga Nacional","Liga Endesa",-402534000,NA,"https://www.acb.com/Documentos/Cabeceras/logo-competicion-1b.png","https://www.acb.com/Documentos/Cabeceras/logo-competicion-4a.png",89,2024,107,NA,NA,5843,104269,NA,NA,TRUE,4340,4340,2615,"BAXI Manresa","BAXI Manresa","BAX",4348,2623,"Hiopos Lleida","Hiopos Lleida","HIO",1,89,12000,14,39,35,16,30,53,15,17,88,19,14,33,17,5,17,15,0,3,4,24,21,80,-30,-1,13,0,0,89,95,5,260,6,3,9,30,11,48,8
2122094,1,"Liga Nacional","Liga Endesa",-402534000,NA,"https://www.acb.com/Documentos/Cabeceras/logo-competicion-1b.png","https://www.acb.com/Documentos/Cabeceras/logo-competicion-4a.png",89,2024,107,NA,NA,5844,104285,NA,NA,FALSE,4345,4342,2617,"Barça","Barça","BAR",4345,2620,"Real Madrid","Real Madrid","RMB",1,91,12000,9,25,36,23,39,58,18,28,64,30,12,42,17,6,16,17,1,1,2,20,19,97,10,-1,0,13,0,91,89,3,1547,5,9,5,42,9,44,11
2122093,1,"Liga Nacional","Liga Endesa",-402534000,NA,"https://www.acb.com/Documentos/Cabeceras/logo-competicion-1b.png","https://www.acb.com/Documentos/Cabeceras/logo-competicion-4a.png",89,2024,107,NA,NA,5844,104285,NA,NA,TRUE,4342,4342,2617,"Barça","Barça","BAR",4345,2620,"Real Madrid","Real Madrid","RMB",1,89,12000,8,28,28,27,46,58,11,13,84,23,9,32,11,9,10,11,1,1,4,22,18,86,-10,-1,13,0,0,89,91,4,673,4,6,7,42,5,38,9
2121896,1,"Liga Nacional","Liga Endesa",-402534000,NA,"https://www.acb.com/Documentos/Cabeceras/logo-competicion-1b.png","https://www.acb.com/Documentos/Cabeceras/logo-competicion-4a.png",89,2024,107,NA,NA,5844,104283,NA,NA,FALSE,4347,4332,2607,"Unicaja","Unicaja","UNI",4347,2622,"Leyma Coruña","Leyma Coruña","COR",1,105,12000,14,33,42,22,34,64,19,27,70,25,9,34,26,4,12,4,3,1,2,30,26,116,-45,-1,13,0,0,105,114,5,366,2,6,3,30,4,63,11
2121895,1,"Liga Nacional","Liga Endesa",-402534000,NA,"https://www.acb.com/Documentos/Cabeceras/logo-competicion-1b.png","https://www.acb.com/Documentos/Cabeceras/logo-competicion-4a.png",89,2024,107,NA,NA,5844,104283,NA,NA,TRUE,4332,4332,2607,"Unicaja","Unicaja","UNI",4347,2622,"Leyma Coruña","Leyma Coruña","COR",1,114,12000,15,38,39,20,31,64,29,33,87,20,11,31,30,6,5,5,1,2,4,26,29,140,45,-1,0,13,0,114,105,2,1874,3,11,5,32,11,54,8
2121868,1,"Liga Nacional","Liga Endesa",-402534000,NA,"https://www.acb.com/Documentos/Cabeceras/logo-competicion-1b.png","https://www.acb.com/Documentos/Cabeceras/logo-competicion-4a.png",89,2024,107,NA,NA,5844,104284,NA,NA,FALSE,4346,4338,2613,"Baskonia","Baskonia","BKN",4346,2621,"Bàsquet Girona","Bàsquet Girona","GIR",1,76,12000,14,39,35,13,39,33,8,11,72,17,19,36,21,11,13,6,0,12,1,22,19,62,-80,-1,13,0,0,76,92,5,75,1,2,8,18,7,35,8
2121867,1,"Liga Nacional","Liga Endesa",-402534000,NA,"https://www.acb.com/Documentos/Cabeceras/logo-competicion-1b.png","https://www.acb.com/Documentos/Cabeceras/logo-competicion-4a.png",89,2024,107,NA,NA,5844,104284,NA,NA,TRUE,4338,4338,2613,"Baskonia","Baskonia","BKN",4346,2621,"Bàsquet Girona","Bàsquet Girona","GIR",1,92,12000,11,25,44,22,31,70,15,20,75,29,10,39,24,8,22,12,12,0,4,20,21,126,80,-1,0,13,0,92,76,3,2259,2,20,11,38,4,25,10
2121645,1,"Liga Nacional","Liga Endesa",-402534000,NA,"https://www.acb.com/Documentos/Cabeceras/logo-competicion-1b.png","https://www.acb.com/Documentos/Cabeceras/logo-competicion-4a.png",89,2024,107,NA,NA,5844,104282,NA,NA,FALSE,4337,4335,2605,"La Laguna Tenerife","La Laguna TFE","LLT",4337,2612,"Coviran Granada","Coviran Granada","COV",1,87,12000,12,26,46,19,33,57,13,17,76,22,9,31,13,5,16,15,4,3,3,24,20,85,-40,-1,13,0,0,87,95,4,1412,5,9,7,34,3,40,8
2121644,1,"Liga Nacional","Liga Endesa",-402534000,NA,"https://www.acb.com/Documentos/Cabeceras/logo-competicion-1b.png","https://www.acb.com/Documentos/Cabeceras/logo-competicion-4a.png",89,2024,107,NA,NA,5844,104282,NA,NA,TRUE,4335,4335,2605,"La Laguna Tenerife","La Laguna TFE","LLT",4337,2612,"Coviran Granada","Coviran Granada","COV",1,95,12000,6,25,24,31,46,67,15,16,93,22,13,35,14,8,9,5,3,4,4,21,24,110,40,-1,0,13,0,95,87,2,824,5,12,9,54,15,40,12
2121588,1,"Liga Nacional","Liga Endesa",-402534000,NA,"https://www.acb.com/Documentos/Cabeceras/logo-competicion-1b.png","https://www.acb.com/Documentos/Cabeceras/logo-competicion-4a.png",89,2024,107,NA,NA,5844,104281,NA,NA,TRUE,4340,4340,2615,"BAXI Manresa","BAXI Manresa","BAX",4334,2609,"Casademont Zaragoza","Casademont Zgz","CAZ",1,95,12000,11,34,32,24,37,64,14,18,77,19,10,29,14,13,10,16,3,2,5,18,18,102,60,-1,0,13,0,95,83,3,1548,6,13,4,48,7,53,7
2121589,1,"Liga Nacional","Liga Endesa",-402534000,NA,"https://www.acb.com/Documentos/Cabeceras/logo-competicion-1b.png","https://www.acb.com/Documentos/Cabeceras/logo-competicion-4a.png",89,2024,107,NA,NA,5844,104281,NA,NA,FALSE,4334,4340,2615,"BAXI Manresa","BAXI Manresa","BAX",4334,2609,"Casademont Zaragoza","Casademont Zgz","CAZ",1,83,12000,8,23,34,23,40,57,13,15,86,26,10,36,13,5,21,6,2,3,0,18,18,81,-60,-1,12,0,0,83,95,5,695,5,7,4,44,4,25,10
2121309,1,"Liga Nacional","Liga Endesa",-402534000,NA,"https://www.acb.com/Documentos/Cabeceras/logo-competicion-1b.png","https://www.acb.com/Documentos/Cabeceras/logo-competicion-4a.png",89,2024,107,NA,NA,5844,104279,NA,NA,FALSE,4336,4343,2618,"Surne Bilbao Basket","Surne Bilbao","SBB",4336,2611,"Dreamland Gran Canaria","Dreamland GC","DGC",1,78,12000,9,28,32,20,41,48,11,12,91,19,14,33,16,7,13,2,2,1,5,20,17,78,-90,-1,13,0,0,78,96,5,536,2,10,2,26,11,38,8
2121308,1,"Liga Nacional","Liga Endesa",-402534000,NA,"https://www.acb.com/Documentos/Cabeceras/logo-competicion-1b.png","https://www.acb.com/Documentos/Cabeceras/logo-competicion-4a.png",89,2024,107,NA,NA,5844,104279,NA,NA,TRUE,4343,4343,2618,"Surne Bilbao Basket","Surne Bilbao","SBB",4336,2611,"Dreamland Gran Canaria","Dreamland GC","DGC",1,96,12000,14,31,45,19,31,61,16,19,84,24,9,33,21,7,10,20,1,2,5,17,18,115,90,-1,0,13,0,96,78,2,1693,2,18,6,36,9,39,9
2121336,1,"Liga Nacional","Liga Endesa",-402534000,NA,"https://www.acb.com/Documentos/Cabeceras/logo-competicion-1b.png","https://www.acb.com/Documentos/Cabeceras/logo-competicion-4a.png",89,2024,107,NA,NA,5844,104280,NA,NA,TRUE,4339,4339,2614,"Valencia Basket","Valencia Basket","VBC",4333,2608,"UCAM Murcia","UCAM Murcia","UCM",1,71,12000,8,37,21,16,31,51,15,20,75,24,14,38,19,6,12,10,4,3,3,19,20,75,-75,-1,13,0,0,71,86,3,0,0,0,5,26,14,37,7
2121337,1,"Liga Nacional","Liga Endesa",-402534000,NA,"https://www.acb.com/Documentos/Cabeceras/logo-competicion-1b.png","https://www.acb.com/Documentos/Cabeceras/logo-competicion-4a.png",89,2024,107,NA,NA,5844,104280,NA,NA,FALSE,4333,4339,2614,"Valencia Basket","Valencia Basket","VBC",4333,2608,"UCAM Murcia","UCAM Murcia","UCM",1,86,12000,11,28,39,19,37,51,15,18,83,31,10,41,18,9,10,14,4,4,2,20,19,105,75,-1,0,13,0,86,71,3,2374,0,15,10,38,6,27,12
2121065,1,"Liga Nacional","Liga Endesa",-402534000,NA,"https://www.acb.com/Documentos/Cabeceras/logo-competicion-1b.png","https://www.acb.com/Documentos/Cabeceras/logo-competicion-4a.png",89,2024,107,NA,NA,5844,104277,NA,NA,TRUE,4331,4331,2606,"MoraBanc Andorra","MoraBanc And","MBA",4344,2619,"Joventut Badalona","Joventut","JOV",1,86,12000,7,17,41,29,51,56,7,12,58,18,8,26,20,10,8,15,1,2,2,19,20,97,-65,-1,13,0,0,86,99,3,459,6,5,4,48,6,28,12
2121066,1,"Liga Nacional","Liga Endesa",-402534000,NA,"https://www.acb.com/Documentos/Cabeceras/logo-competicion-1b.png","https://www.acb.com/Documentos/Cabeceras/logo-competicion-4a.png",89,2024,107,NA,NA,5844,104277,NA,NA,FALSE,4344,4331,2606,"MoraBanc Andorra","MoraBanc And","MBA",4344,2619,"Joventut Badalona","Joventut","JOV",1,99,12000,12,33,36,26,33,78,11,17,64,23,13,36,25,6,12,10,2,1,4,20,18,119,65,-1,0,12,0,99,86,3,1710,6,14,6,42,12,50,11
2121036,1,"Liga Nacional","Liga Endesa",-402534000,NA,"https://www.acb.com/Documentos/Cabeceras/logo-competicion-1b.png","https://www.acb.com/Documentos/Cabeceras/logo-competicion-4a.png",89,2024,107,NA,NA,5844,104278,NA,NA,TRUE,4348,4348,2623,"Hiopos Lleida","Hiopos Lleida","HIO",4341,2616,"Río Breogán","Río Breogán","BRE",1,94,12000,8,27,29,20,39,51,30,34,88,24,16,40,15,9,10,9,2,3,1,18,24,111,65,-1,0,13,0,94,81,1,767,2,16,8,40,14,36,13
2121037,1,"Liga Nacional","Liga Endesa",-402534000,NA,"https://www.acb.com/Documentos/Cabeceras/logo-competicion-1b.png","https://www.acb.com/Documentos/Cabeceras/logo-competicion-4a.png",89,2024,107,NA,NA,5844,104278,NA,NA,FALSE,4341,4348,2623,"Hiopos Lleida","Hiopos Lleida","HIO",4341,2616,"Río Breogán","Río Breogán","BRE",1,81,12000,14,44,31,14,21,66,11,13,84,23,12,35,13,5,16,10,3,2,1,24,16,72,-65,-1,12,0,0,81,94,5,1468,1,12,7,20,9,23,9
2128498,1,"Liga Nacional","Liga Endesa",-402534000,NA,"https://www.acb.com/Documentos/Cabeceras/logo-competicion-1b.png","https://www.acb.com/Documentos/Cabeceras/logo-competicion-4a.png",89,2024,107,NA,NA,5845,104289,NA,NA,TRUE,4336,4336,2611,"Dreamland Gran Canaria","Dreamland GC","DGC",4348,2623,"Hiopos Lleida","Hiopos Lleida","HIO",1,94,12000,15,34,44,17,28,60,15,23,65,20,8,28,25,11,14,10,3,1,1,21,24,111,20,-1,0,13,0,94,90,4,1109,4,13,6,30,4,45,13
2128499,1,"Liga Nacional","Liga Endesa",-402534000,NA,"https://www.acb.com/Documentos/Cabeceras/logo-competicion-1b.png","https://www.acb.com/Documentos/Cabeceras/logo-competicion-4a.png",89,2024,107,NA,NA,5845,104289,NA,NA,FALSE,4348,4336,2611,"Dreamland Gran Canaria","Dreamland GC","DGC",4348,2623,"Hiopos Lleida","Hiopos Lleida","HIO",1,90,12000,9,20,45,22,40,55,19,21,90,25,8,33,20,10,17,10,1,3,0,25,21,99,-20,-1,13,0,0,90,94,5,1083,4,9,2,36,7,55,11
2125847,1,"Liga Nacional","Liga Endesa",-402534000,NA,"https://www.acb.com/Documentos/Cabeceras/logo-competicion-1b.png","https://www.acb.com/Documentos/Cabeceras/logo-competicion-4a.png",89,2024,107,NA,NA,5845,104287,NA,NA,FALSE,4347,4334,2609,"Casademont Zaragoza","Casademont Zgz","CAZ",4347,2622,"Leyma Coruña","Leyma Coruña","COR",1,76,12000,8,31,25,18,33,54,16,18,88,27,14,41,19,4,15,2,1,1,0,25,22,82,-40,-1,13,0,0,76,84,4,1839,3,13,2,32,4,33,9
2125846,1,"Liga Nacional","Liga Endesa",-402534000,NA,"https://www.acb.com/Documentos/Cabeceras/logo-competicion-1b.png","https://www.acb.com/Documentos/Cabeceras/logo-competicion-4a.png",89,2024,107,NA,NA,5845,104287,NA,NA,TRUE,4334,4334,2609,"Casademont Zaragoza","Casademont Zgz","CAZ",4347,2622,"Leyma Coruña","Leyma Coruña","COR",1,84,12000,15,43,34,12,25,48,15,22,68,23,14,37,22,7,8,7,1,1,3,22,24,96,40,-1,0,13,0,84,76,2,189,4,8,1,20,5,26,9
2123094,1,"Liga Nacional","Liga Endesa",-402534000,NA,"https://www.acb.com/Documentos/Cabeceras/logo-competicion-1b.png","https://www.acb.com/Documentos/Cabeceras/logo-competicion-4a.png",89,2024,107,NA,NA,5845,104294,NA,NA,TRUE,4339,4339,2614,"Valencia Basket","Valencia Basket","VBC",4332,2607,"Unicaja","Unicaja","UNI",1,84,12000,8,30,26,21,32,65,18,24,75,32,8,40,19,8,18,15,7,3,5,19,23,102,45,-1,0,13,0,84,75,1,2327,0,17,0,40,6,41,12
2123095,1,"Liga Nacional","Liga Endesa",-402534000,NA,"https://www.acb.com/Documentos/Cabeceras/logo-competicion-1b.png","https://www.acb.com/Documentos/Cabeceras/logo-competicion-4a.png",89,2024,107,NA,NA,5845,104294,NA,NA,FALSE,4332,4339,2614,"Valencia Basket","Valencia Basket","VBC",4332,2607,"Unicaja","Unicaja","UNI",1,75,12000,6,30,20,22,44,50,13,14,92,24,11,35,16,9,12,9,3,7,3,23,18,67,-45,-1,13,0,0,75,84,4,0,0,0,7,36,13,43,10
2122987,1,"Liga Nacional","Liga Endesa",-402534000,NA,"https://www.acb.com/Documentos/Cabeceras/logo-competicion-1b.png","https://www.acb.com/Documentos/Cabeceras/logo-competicion-4a.png",89,2024,107,NA,NA,5845,104292,NA,NA,FALSE,4342,4337,2612,"Coviran Granada","Coviran Granada","COV",4342,2617,"Barça","Barça","BAR",1,93,12000,9,22,40,22,38,57,22,29,75,21,11,32,19,6,13,14,3,3,6,23,24,102,35,-1,0,12,0,93,86,2,2295,1,16,2,34,10,51,10
2122986,1,"Liga Nacional","Liga Endesa",-402534000,NA,"https://www.acb.com/Documentos/Cabeceras/logo-competicion-1b.png","https://www.acb.com/Documentos/Cabeceras/logo-competicion-4a.png",89,2024,107,NA,NA,5845,104292,NA,NA,TRUE,4337,4337,2612,"Coviran Granada","Coviran Granada","COV",4342,2617,"Barça","Barça","BAR",1,86,12000,4,22,18,27,46,58,20,27,74,21,13,34,11,4,11,7,4,3,2,25,22,78,-35,-1,13,0,0,86,93,5,21,0,1,2,52,13,42,9
2122762,1,"Liga Nacional","Liga Endesa",-402534000,NA,"https://www.acb.com/Documentos/Cabeceras/logo-competicion-1b.png","https://www.acb.com/Documentos/Cabeceras/logo-competicion-4a.png",89,2024,107,NA,NA,5845,104291,NA,NA,TRUE,4335,4335,2605,"La Laguna Tenerife","La Laguna TFE","LLT",4345,2620,"Real Madrid","Real Madrid","RMB",1,68,12000,9,25,36,16,36,44,9,12,75,23,7,30,17,4,11,6,8,3,4,20,18,72,-55,-1,13,0,0,68,79,1,0,0,0,2,26,2,38,8
2122763,1,"Liga Nacional","Liga Endesa",-402534000,NA,"https://www.acb.com/Documentos/Cabeceras/logo-competicion-1b.png","https://www.acb.com/Documentos/Cabeceras/logo-competicion-4a.png",89,2024,107,NA,NA,5845,104291,NA,NA,FALSE,4345,4335,2605,"La Laguna Tenerife","La Laguna TFE","LLT",4345,2620,"Real Madrid","Real Madrid","RMB",1,79,12000,4,21,19,27,46,58,13,18,72,28,14,42,12,8,10,6,4,8,8,18,20,88,55,-1,0,13,0,79,68,2,2332,0,19,8,50,6,49,9
2122705,1,"Liga Nacional","Liga Endesa",-402534000,NA,"https://www.acb.com/Documentos/Cabeceras/logo-competicion-1b.png","https://www.acb.com/Documentos/Cabeceras/logo-competicion-4a.png",89,2024,107,NA,NA,5845,104290,NA,NA,FALSE,4340,4344,2619,"Joventut Badalona","Joventut","JOV",4340,2615,"BAXI Manresa","BAXI Manresa","BAX",1,92,12000,12,31,38,18,35,51,20,27,74,22,14,36,18,5,9,2,2,3,2,28,26,96,35,-1,0,13,0,92,85,3,2060,2,21,1,30,11,32,9
2122704,1,"Liga Nacional","Liga Endesa",-402534000,NA,"https://www.acb.com/Documentos/Cabeceras/logo-competicion-1b.png","https://www.acb.com/Documentos/Cabeceras/logo-competicion-4a.png",89,2024,107,NA,NA,5845,104290,NA,NA,TRUE,4344,4344,2619,"Joventut Badalona","Joventut","JOV",4340,2615,"BAXI Manresa","BAXI Manresa","BAX",1,85,12000,6,23,26,21,36,58,25,36,69,23,11,34,17,5,14,12,3,2,1,28,28,85,-35,-1,13,0,0,85,92,4,264,1,7,4,42,6,32,11
2122564,1,"Liga Nacional","Liga Endesa",-402534000,NA,"https://www.acb.com/Documentos/Cabeceras/logo-competicion-1b.png","https://www.acb.com/Documentos/Cabeceras/logo-competicion-4a.png",89,2024,107,NA,NA,5845,104288,NA,NA,TRUE,4333,4333,2608,"UCAM Murcia","UCAM Murcia","UCM",4338,2613,"Baskonia","Baskonia","BKN",1,82,12000,10,26,38,22,46,47,8,13,61,20,13,33,12,7,6,8,1,6,3,21,16,73,-45,-1,13,0,0,82,91,4,238,2,7,2,40,4,13,7
2122565,1,"Liga Nacional","Liga Endesa",-402534000,NA,"https://www.acb.com/Documentos/Cabeceras/logo-competicion-1b.png","https://www.acb.com/Documentos/Cabeceras/logo-competicion-4a.png",89,2024,107,NA,NA,5845,104288,NA,NA,FALSE,4338,4333,2608,"UCAM Murcia","UCAM Murcia","UCM",4338,2613,"Baskonia","Baskonia","BKN",1,91,12000,9,23,39,24,45,53,16,25,64,30,17,47,18,5,10,8,6,1,7,16,21,117,45,-1,0,13,0,91,82,5,2121,2,13,2,48,18,24,8
2122370,1,"Liga Nacional","Liga Endesa",-402534000,NA,"https://www.acb.com/Documentos/Cabeceras/logo-competicion-1b.png","https://www.acb.com/Documentos/Cabeceras/logo-competicion-4a.png",89,2024,107,NA,NA,5845,104293,NA,NA,TRUE,4331,4331,2606,"MoraBanc Andorra","MoraBanc And","MBA",4343,2618,"Surne Bilbao Basket","Surne Bilbao","SBB",1,84,12000,10,28,35,20,31,64,14,19,73,27,9,36,19,11,14,13,2,1,1,18,20,105,15,-1,0,13,0,84,81,0,1476,6,7,9,34,5,36,6
2122371,1,"Liga Nacional","Liga Endesa",-402534000,NA,"https://www.acb.com/Documentos/Cabeceras/logo-competicion-1b.png","https://www.acb.com/Documentos/Cabeceras/logo-competicion-4a.png",89,2024,107,NA,NA,5845,104293,NA,NA,FALSE,4343,4331,2606,"MoraBanc Andorra","MoraBanc And","MBA",4343,2618,"Surne Bilbao Basket","Surne Bilbao","SBB",1,81,12000,11,30,36,18,31,58,12,13,92,20,6,26,17,6,12,13,1,2,4,20,18,82,-15,-1,13,0,0,81,84,3,507,6,5,4,30,5,42,7
2122289,1,"Liga Nacional","Liga Endesa",-402534000,NA,"https://www.acb.com/Documentos/Cabeceras/logo-competicion-1b.png","https://www.acb.com/Documentos/Cabeceras/logo-competicion-4a.png",89,2024,107,NA,NA,5845,104286,NA,NA,TRUE,4346,4346,2621,"Bàsquet Girona","Bàsquet Girona","GIR",4341,2616,"Río Breogán","Río Breogán","BRE",1,91,12000,11,34,32,17,31,54,24,29,82,24,8,32,18,9,5,13,2,1,0,22,25,107,30,-1,0,13,0,91,85,2,2364,0,16,7,32,2,46,11
2122290,1,"Liga Nacional","Liga Endesa",-402534000,NA,"https://www.acb.com/Documentos/Cabeceras/logo-competicion-1b.png","https://www.acb.com/Documentos/Cabeceras/logo-competicion-4a.png",89,2024,107,NA,NA,5845,104286,NA,NA,FALSE,4341,4346,2621,"Bàsquet Girona","Bàsquet Girona","GIR",4341,2616,"Río Breogán","Río Breogán","BRE",1,85,12000,13,37,35,15,29,51,16,16,100,27,12,39,19,4,11,2,1,2,2,25,22,94,-30,-1,12,0,0,85,91,5,0,0,0,5,24,4,43,10
2124373,1,"Liga Nacional","Liga Endesa",-402534000,NA,"https://www.acb.com/Documentos/Cabeceras/logo-competicion-1b.png","https://www.acb.com/Documentos/Cabeceras/logo-competicion-4a.png",89,2024,107,NA,NA,5846,104303,NA,NA,TRUE,4342,4342,2617,"Barça","Barça","BAR",4336,2611,"Dreamland Gran Canaria","Dreamland GC","DGC",1,104,12000,15,32,46,21,35,60,17,21,80,24,11,35,27,9,11,11,1,3,3,19,22,130,70,-1,0,13,0,104,90,3,1412,1,18,9,38,8,61,10
2124374,1,"Liga Nacional","Liga Endesa",-402534000,NA,"https://www.acb.com/Documentos/Cabeceras/logo-competicion-1b.png","https://www.acb.com/Documentos/Cabeceras/logo-competicion-4a.png",89,2024,107,NA,NA,5846,104303,NA,NA,FALSE,4336,4342,2617,"Barça","Barça","BAR",4336,2611,"Dreamland Gran Canaria","Dreamland GC","DGC",1,90,12000,9,28,32,27,40,67,9,14,64,19,8,27,21,7,11,11,5,1,2,22,19,98,-70,-1,13,0,0,90,104,4,939,0,18,7,44,10,30,12
2124125,1,"Liga Nacional","Liga Endesa",-402534000,NA,"https://www.acb.com/Documentos/Cabeceras/logo-competicion-1b.png","https://www.acb.com/Documentos/Cabeceras/logo-competicion-4a.png",89,2024,107,NA,NA,5846,104301,NA,NA,TRUE,4338,4338,2613,"Baskonia","Baskonia","BKN",4335,2605,"La Laguna Tenerife","La Laguna TFE","LLT",1,89,12000,12,27,44,20,31,64,13,20,65,18,7,25,23,6,10,15,4,2,5,17,19,104,-20,-1,13,0,0,89,93,4,1419,1,8,7,32,4,32,11
2124126,1,"Liga Nacional","Liga Endesa",-402534000,NA,"https://www.acb.com/Documentos/Cabeceras/logo-competicion-1b.png","https://www.acb.com/Documentos/Cabeceras/logo-competicion-4a.png",89,2024,107,NA,NA,5846,104301,NA,NA,FALSE,4335,4338,2613,"Baskonia","Baskonia","BKN",4335,2605,"La Laguna Tenerife","La Laguna TFE","LLT",1,93,12000,14,27,51,20,35,57,11,13,84,21,6,27,20,6,10,0,2,4,2,19,17,102,20,-1,0,13,0,93,89,1,796,2,12,2,26,6,35,9
2124099,1,"Liga Nacional","Liga Endesa",-402534000,NA,"https://www.acb.com/Documentos/Cabeceras/logo-competicion-1b.png","https://www.acb.com/Documentos/Cabeceras/logo-competicion-4a.png",89,2024,107,NA,NA,5846,104302,NA,NA,FALSE,4334,4341,2616,"Río Breogán","Río Breogán","BRE",4334,2609,"Casademont Zaragoza","Casademont Zgz","CAZ",1,85,12000,14,35,40,16,32,50,11,13,84,21,14,35,23,12,16,11,1,2,5,20,19,98,-25,-1,12,0,0,85,90,5,664,4,8,9,32,4,24,14
2124098,1,"Liga Nacional","Liga Endesa",-402534000,NA,"https://www.acb.com/Documentos/Cabeceras/logo-competicion-1b.png","https://www.acb.com/Documentos/Cabeceras/logo-competicion-4a.png",89,2024,107,NA,NA,5846,104302,NA,NA,TRUE,4341,4341,2616,"Río Breogán","Río Breogán","BRE",4334,2609,"Casademont Zaragoza","Casademont Zgz","CAZ",1,90,12000,15,38,39,18,24,75,9,15,60,23,8,31,24,13,16,19,2,1,4,19,20,109,25,-1,0,13,0,90,85,3,1463,4,8,18,32,5,23,14
2123850,1,"Liga Nacional","Liga Endesa",-402534000,NA,"https://www.acb.com/Documentos/Cabeceras/logo-competicion-1b.png","https://www.acb.com/Documentos/Cabeceras/logo-competicion-4a.png",89,2024,107,NA,NA,5846,104299,NA,NA,FALSE,4331,4345,2620,"Real Madrid","Real Madrid","RMB",4331,2606,"MoraBanc Andorra","MoraBanc And","MBA",1,97,12000,12,29,41,25,47,53,11,17,64,19,18,37,14,9,10,27,2,0,6,23,18,99,-5,-1,13,0,0,97,98,3,240,7,3,13,40,18,63,10
2123849,1,"Liga Nacional","Liga Endesa",-402534000,NA,"https://www.acb.com/Documentos/Cabeceras/logo-competicion-1b.png","https://www.acb.com/Documentos/Cabeceras/logo-competicion-4a.png",89,2024,107,NA,NA,5846,104299,NA,NA,TRUE,4345,4345,2620,"Real Madrid","Real Madrid","RMB",4331,2606,"MoraBanc Andorra","MoraBanc And","MBA",1,98,12000,13,31,41,19,28,67,21,27,77,22,7,29,20,5,12,11,0,1,4,19,22,109,5,-1,0,12,0,98,97,3,1889,7,10,5,34,10,44,7
2123822,1,"Liga Nacional","Liga Endesa",-402534000,NA,"https://www.acb.com/Documentos/Cabeceras/logo-competicion-1b.png","https://www.acb.com/Documentos/Cabeceras/logo-competicion-4a.png",89,2024,107,NA,NA,5846,104300,NA,NA,FALSE,4339,4348,2623,"Hiopos Lleida","Hiopos Lleida","HIO",4339,2614,"Valencia Basket","Valencia Basket","VBC",1,76,12000,10,32,31,16,38,42,14,15,93,39,13,52,20,8,14,14,8,2,4,22,20,101,45,-1,0,13,0,76,67,3,1866,4,16,7,30,7,29,10
2123821,1,"Liga Nacional","Liga Endesa",-402534000,NA,"https://www.acb.com/Documentos/Cabeceras/logo-competicion-1b.png","https://www.acb.com/Documentos/Cabeceras/logo-competicion-4a.png",89,2024,107,NA,NA,5846,104300,NA,NA,TRUE,4348,4348,2623,"Hiopos Lleida","Hiopos Lleida","HIO",4339,2614,"Valencia Basket","Valencia Basket","VBC",1,67,12000,8,30,26,15,47,31,13,21,61,29,18,47,11,8,9,8,2,7,0,20,22,59,-45,-1,13,0,0,67,76,5,495,4,6,6,28,8,27,8
2123541,1,"Liga Nacional","Liga Endesa",-402534000,NA,"https://www.acb.com/Documentos/Cabeceras/logo-competicion-1b.png","https://www.acb.com/Documentos/Cabeceras/logo-competicion-4a.png",89,2024,107,NA,NA,5846,104297,NA,NA,TRUE,4347,4347,2622,"Leyma Coruña","Leyma Coruña","COR",4337,2612,"Coviran Granada","Coviran Granada","COV",1,93,12000,9,24,37,23,36,63,20,24,83,25,5,30,27,8,11,13,4,2,3,26,25,116,20,-1,0,13,0,93,89,5,1916,4,17,9,40,0,43,9
2123542,1,"Liga Nacional","Liga Endesa",-402534000,NA,"https://www.acb.com/Documentos/Cabeceras/logo-competicion-1b.png","https://www.acb.com/Documentos/Cabeceras/logo-competicion-4a.png",89,2024,107,NA,NA,5846,104297,NA,NA,FALSE,4337,4347,2622,"Leyma Coruña","Leyma Coruña","COR",4337,2612,"Coviran Granada","Coviran Granada","COV",1,89,12000,10,28,35,16,38,42,27,31,87,24,13,37,16,7,13,7,2,4,1,26,26,90,-20,-1,13,0,0,89,93,5,176,4,3,7,32,4,22,8
2123570,1,"Liga Nacional","Liga Endesa",-402534000,NA,"https://www.acb.com/Documentos/Cabeceras/logo-competicion-1b.png","https://www.acb.com/Documentos/Cabeceras/logo-competicion-4a.png",89,2024,107,NA,NA,5846,104298,NA,NA,FALSE,4344,4333,2608,"UCAM Murcia","UCAM Murcia","UCM",4344,2619,"Joventut Badalona","Joventut","JOV",1,83,12000,9,21,42,19,36,52,18,24,75,16,3,19,16,9,13,5,0,4,2,24,20,71,-85,-1,13,0,0,83,100,4,503,6,5,4,36,0,29,9
2123569,1,"Liga Nacional","Liga Endesa",-402534000,NA,"https://www.acb.com/Documentos/Cabeceras/logo-competicion-1b.png","https://www.acb.com/Documentos/Cabeceras/logo-competicion-4a.png",89,2024,107,NA,NA,5846,104298,NA,NA,TRUE,4333,4333,2608,"UCAM Murcia","UCAM Murcia","UCM",4344,2619,"Joventut Badalona","Joventut","JOV",1,100,12000,11,26,42,25,35,71,17,25,68,25,8,33,29,5,16,19,4,0,5,22,23,123,85,-1,0,13,0,100,83,2,1698,6,21,6,48,2,45,10
2123262,1,"Liga Nacional","Liga Endesa",-402534000,NA,"https://www.acb.com/Documentos/Cabeceras/logo-competicion-1b.png","https://www.acb.com/Documentos/Cabeceras/logo-competicion-4a.png",89,2024,107,NA,NA,5846,104295,NA,NA,FALSE,4346,4340,2615,"BAXI Manresa","BAXI Manresa","BAX",4346,2621,"Bàsquet Girona","Bàsquet Girona","GIR",1,84,12000,12,30,40,15,32,46,18,20,90,24,6,30,17,5,15,18,3,4,0,25,22,80,-55,-1,13,0,0,84,95,5,129,0,4,5,30,2,50,8
2123261,1,"Liga Nacional","Liga Endesa",-402534000,NA,"https://www.acb.com/Documentos/Cabeceras/logo-competicion-1b.png","https://www.acb.com/Documentos/Cabeceras/logo-competicion-4a.png",89,2024,107,NA,NA,5846,104295,NA,NA,TRUE,4340,4340,2615,"BAXI Manresa","BAXI Manresa","BAX",4346,2621,"Bàsquet Girona","Bàsquet Girona","GIR",1,95,12000,13,27,48,20,38,52,16,25,64,25,13,38,18,6,15,11,4,3,3,23,24,103,55,-1,0,13,0,95,84,2,2177,1,19,4,34,10,47,10
2123290,1,"Liga Nacional","Liga Endesa",-402534000,NA,"https://www.acb.com/Documentos/Cabeceras/logo-competicion-1b.png","https://www.acb.com/Documentos/Cabeceras/logo-competicion-4a.png",89,2024,107,NA,NA,5846,104296,NA,NA,FALSE,4343,4332,2607,"Unicaja","Unicaja","UNI",4343,2618,"Surne Bilbao Basket","Surne Bilbao","SBB",1,79,12000,6,20,30,23,38,60,15,17,88,19,6,25,18,4,14,2,0,2,2,20,19,78,-85,-1,13,0,0,79,96,2,16,0,2,0,40,5,44,8
2123289,1,"Liga Nacional","Liga Endesa",-402534000,NA,"https://www.acb.com/Documentos/Cabeceras/logo-competicion-1b.png","https://www.acb.com/Documentos/Cabeceras/logo-competicion-4a.png",89,2024,107,NA,NA,5846,104296,NA,NA,TRUE,4332,4332,2607,"Unicaja","Unicaja","UNI",4343,2618,"Surne Bilbao Basket","Surne Bilbao","SBB",1,96,12000,11,27,40,23,33,69,17,21,80,23,5,28,26,8,12,17,2,0,9,19,20,119,85,-1,0,13,0,96,79,1,2324,1,19,9,42,3,40,9
2125625,1,"Liga Nacional","Liga Endesa",-402534000,NA,"https://www.acb.com/Documentos/Cabeceras/logo-competicion-1b.png","https://www.acb.com/Documentos/Cabeceras/logo-competicion-4a.png",89,2024,107,NA,NA,5847,104312,NA,NA,FALSE,4332,4342,2617,"Barça","Barça","BAR",4332,2607,"Unicaja","Unicaja","UNI",1,81,12000,11,31,35,18,39,46,12,14,85,20,10,30,19,11,12,20,3,3,3,26,16,76,-10,-1,13,0,0,81,83,4,787,4,5,13,32,3,42,7
2125624,1,"Liga Nacional","Liga Endesa",-402534000,NA,"https://www.acb.com/Documentos/Cabeceras/logo-competicion-1b.png","https://www.acb.com/Documentos/Cabeceras/logo-competicion-4a.png",89,2024,107,NA,NA,5847,104312,NA,NA,TRUE,4342,4342,2617,"Barça","Barça","BAR",4332,2607,"Unicaja","Unicaja","UNI",1,83,12000,6,16,37,20,36,55,25,28,89,29,5,34,12,10,18,7,3,3,2,18,26,100,10,-1,0,13,0,83,81,3,1412,5,8,7,30,0,38,9
2125405,1,"Liga Nacional","Liga Endesa",-402534000,NA,"https://www.acb.com/Documentos/Cabeceras/logo-competicion-1b.png","https://www.acb.com/Documentos/Cabeceras/logo-competicion-4a.png",89,2024,107,NA,NA,5847,104310,NA,NA,FALSE,4348,4331,2606,"MoraBanc Andorra","MoraBanc And","MBA",4348,2623,"Hiopos Lleida","Hiopos Lleida","HIO",1,79,12000,7,26,26,19,29,65,20,23,86,24,6,30,16,6,25,11,3,2,0,20,26,81,-85,-1,13,0,0,79,96,4,62,1,1,2,36,5,14,6
2125404,1,"Liga Nacional","Liga Endesa",-402534000,NA,"https://www.acb.com/Documentos/Cabeceras/logo-competicion-1b.png","https://www.acb.com/Documentos/Cabeceras/logo-competicion-4a.png",89,2024,107,NA,NA,5847,104310,NA,NA,TRUE,4331,4331,2606,"MoraBanc Andorra","MoraBanc And","MBA",4348,2623,"Hiopos Lleida","Hiopos Lleida","HIO",1,96,12000,9,24,37,27,46,58,15,19,78,24,9,33,19,13,15,11,2,3,3,27,19,99,85,-1,0,13,0,96,79,1,2272,1,31,8,42,8,35,13
2125433,1,"Liga Nacional","Liga Endesa",-402534000,NA,"https://www.acb.com/Documentos/Cabeceras/logo-competicion-1b.png","https://www.acb.com/Documentos/Cabeceras/logo-competicion-4a.png",89,2024,107,NA,NA,5847,104311,NA,NA,FALSE,4333,4343,2618,"Surne Bilbao Basket","Surne Bilbao","SBB",4333,2608,"UCAM Murcia","UCAM Murcia","UCM",1,83,13500,6,22,27,25,48,52,15,19,78,37,8,45,16,4,13,12,2,4,5,24,19,85,15,-1,0,12,0,83,80,3,2437,2,20,0,44,4,42,8
2125432,1,"Liga Nacional","Liga Endesa",-402534000,NA,"https://www.acb.com/Documentos/Cabeceras/logo-competicion-1b.png","https://www.acb.com/Documentos/Cabeceras/logo-competicion-4a.png",89,2024,107,NA,NA,5847,104311,NA,NA,TRUE,4343,4343,2618,"Surne Bilbao Basket","Surne Bilbao","SBB",4333,2608,"UCAM Murcia","UCAM Murcia","UCM",1,80,13500,8,33,24,16,37,43,24,29,82,32,10,42,15,6,10,4,4,2,4,19,24,89,-15,-1,13,0,0,80,83,5,130,1,4,5,26,8,28,7
2125069,1,"Liga Nacional","Liga Endesa",-402534000,NA,"https://www.acb.com/Documentos/Cabeceras/logo-competicion-1b.png","https://www.acb.com/Documentos/Cabeceras/logo-competicion-4a.png",89,2024,107,NA,NA,5847,104308,NA,NA,FALSE,4345,4346,2621,"Bàsquet Girona","Bàsquet Girona","GIR",4345,2620,"Real Madrid","Real Madrid","RMB",1,79,12000,12,31,38,18,31,58,7,10,70,30,8,38,20,8,12,4,2,3,2,19,17,95,40,-1,0,13,0,79,71,3,1668,1,11,2,36,5,33,8
2125068,1,"Liga Nacional","Liga Endesa",-402534000,NA,"https://www.acb.com/Documentos/Cabeceras/logo-competicion-1b.png","https://www.acb.com/Documentos/Cabeceras/logo-competicion-4a.png",89,2024,107,NA,NA,5847,104308,NA,NA,TRUE,4346,4346,2621,"Bàsquet Girona","Bàsquet Girona","GIR",4345,2620,"Real Madrid","Real Madrid","RMB",1,71,12000,9,37,24,14,31,45,16,25,64,26,19,45,14,7,11,6,3,2,0,17,19,75,-40,-1,13,0,0,71,79,5,539,1,7,0,28,9,38,13
2125097,1,"Liga Nacional","Liga Endesa",-402534000,NA,"https://www.acb.com/Documentos/Cabeceras/logo-competicion-1b.png","https://www.acb.com/Documentos/Cabeceras/logo-competicion-4a.png",89,2024,107,NA,NA,5847,104309,NA,NA,FALSE,4338,4339,2614,"Valencia Basket","Valencia Basket","VBC",4338,2613,"Baskonia","Baskonia","BKN",1,128,15000,12,28,42,34,54,62,24,29,82,29,15,44,18,7,18,9,2,3,7,24,25,138,15,-1,0,13,0,128,125,5,2571,2,13,6,64,10,25,8
2125096,1,"Liga Nacional","Liga Endesa",-402534000,NA,"https://www.acb.com/Documentos/Cabeceras/logo-competicion-1b.png","https://www.acb.com/Documentos/Cabeceras/logo-competicion-4a.png",89,2024,107,NA,NA,5847,104309,NA,NA,TRUE,4339,4339,2614,"Valencia Basket","Valencia Basket","VBC",4338,2613,"Baskonia","Baskonia","BKN",1,125,15000,14,41,34,30,49,61,23,26,88,24,16,40,21,10,12,10,3,2,8,26,23,133,-15,-1,13,0,0,125,128,4,248,2,4,12,54,15,57,10
2124821,1,"Liga Nacional","Liga Endesa",-402534000,NA,"https://www.acb.com/Documentos/Cabeceras/logo-competicion-1b.png","https://www.acb.com/Documentos/Cabeceras/logo-competicion-4a.png",89,2024,107,NA,NA,5847,104306,NA,NA,TRUE,4341,4341,2616,"Río Breogán","Río Breogán","BRE",4344,2619,"Joventut Badalona","Joventut","JOV",1,65,12000,5,21,23,19,45,42,12,17,70,24,13,37,9,6,11,9,2,4,1,24,19,52,-85,-1,13,0,0,65,82,3,0,0,0,2,34,8,26,7
2124822,1,"Liga Nacional","Liga Endesa",-402534000,NA,"https://www.acb.com/Documentos/Cabeceras/logo-competicion-1b.png","https://www.acb.com/Documentos/Cabeceras/logo-competicion-4a.png",89,2024,107,NA,NA,5847,104306,NA,NA,FALSE,4344,4341,2616,"Río Breogán","Río Breogán","BRE",4344,2619,"Joventut Badalona","Joventut","JOV",1,82,12000,4,19,21,26,40,65,18,21,85,28,8,36,15,7,12,10,4,1,4,19,23,103,85,-1,0,12,0,82,65,2,2361,0,24,7,46,6,29,13
2124793,1,"Liga Nacional","Liga Endesa",-402534000,NA,"https://www.acb.com/Documentos/Cabeceras/logo-competicion-1b.png","https://www.acb.com/Documentos/Cabeceras/logo-competicion-4a.png",89,2024,107,NA,NA,5847,104307,NA,NA,TRUE,4335,4335,2605,"La Laguna Tenerife","La Laguna TFE","LLT",4347,2622,"Leyma Coruña","Leyma Coruña","COR",1,92,12000,15,40,37,17,24,70,13,18,72,21,13,34,22,6,8,2,0,2,1,21,23,109,45,-1,0,13,0,92,83,2,1316,8,9,2,20,10,31,7
2124794,1,"Liga Nacional","Liga Endesa",-402534000,NA,"https://www.acb.com/Documentos/Cabeceras/logo-competicion-1b.png","https://www.acb.com/Documentos/Cabeceras/logo-competicion-4a.png",89,2024,107,NA,NA,5847,104307,NA,NA,FALSE,4347,4335,2605,"La Laguna Tenerife","La Laguna TFE","LLT",4347,2622,"Leyma Coruña","Leyma Coruña","COR",1,83,12000,9,32,28,22,29,75,12,17,70,21,8,29,12,7,10,2,2,0,1,23,21,86,-45,-1,13,0,0,83,92,4,723,7,6,2,40,7,46,7
2124569,1,"Liga Nacional","Liga Endesa",-402534000,NA,"https://www.acb.com/Documentos/Cabeceras/logo-competicion-1b.png","https://www.acb.com/Documentos/Cabeceras/logo-competicion-4a.png",89,2024,107,NA,NA,5847,104304,NA,NA,TRUE,4334,4334,2609,"Casademont Zaragoza","Casademont Zgz","CAZ",4336,2611,"Dreamland Gran Canaria","Dreamland GC","DGC",1,87,12000,10,26,38,22,36,61,13,18,72,21,11,32,20,5,17,11,2,1,4,26,19,86,-50,-1,13,0,0,87,97,3,221,3,4,7,38,7,21,7
2124570,1,"Liga Nacional","Liga Endesa",-402534000,NA,"https://www.acb.com/Documentos/Cabeceras/logo-competicion-1b.png","https://www.acb.com/Documentos/Cabeceras/logo-competicion-4a.png",89,2024,107,NA,NA,5847,104304,NA,NA,FALSE,4336,4334,2609,"Casademont Zaragoza","Casademont Zgz","CAZ",4336,2611,"Dreamland Gran Canaria","Dreamland GC","DGC",1,97,12000,14,33,42,19,31,61,17,21,80,20,11,31,28,10,12,6,3,2,5,21,25,124,50,-1,0,13,0,97,87,1,1992,3,11,7,34,7,48,7
2124514,1,"Liga Nacional","Liga Endesa",-402534000,NA,"https://www.acb.com/Documentos/Cabeceras/logo-competicion-1b.png","https://www.acb.com/Documentos/Cabeceras/logo-competicion-4a.png",89,2024,107,NA,NA,5847,104305,NA,NA,FALSE,4340,4337,2612,"Coviran Granada","Coviran Granada","COV",4340,2615,"BAXI Manresa","BAXI Manresa","BAX",1,80,12000,10,32,31,17,28,60,16,24,66,19,7,26,18,11,18,10,2,2,4,25,24,75,-30,-1,13,0,0,80,86,5,1632,3,13,2,34,4,45,10
2124513,1,"Liga Nacional","Liga Endesa",-402534000,NA,"https://www.acb.com/Documentos/Cabeceras/logo-competicion-1b.png","https://www.acb.com/Documentos/Cabeceras/logo-competicion-4a.png",89,2024,107,NA,NA,5847,104305,NA,NA,TRUE,4337,4337,2612,"Coviran Granada","Coviran Granada","COV",4340,2615,"BAXI Manresa","BAXI Manresa","BAX",1,86,12000,5,24,20,26,40,65,19,24,79,27,16,43,10,12,19,18,2,2,1,24,24,94,30,-1,0,13,0,86,80,3,595,4,6,5,50,6,28,10
2127241,1,"Liga Nacional","Liga Endesa",-402534000,NA,"https://www.acb.com/Documentos/Cabeceras/logo-competicion-1b.png","https://www.acb.com/Documentos/Cabeceras/logo-competicion-4a.png",89,2024,107,NA,NA,5848,104320,NA,NA,TRUE,4347,4347,2622,"Leyma Coruña","Leyma Coruña","COR",4342,2617,"Barça","Barça","BAR",1,93,12000,13,31,41,20,31,64,14,21,66,23,5,28,20,8,9,2,1,1,1,21,21,104,5,-1,0,13,0,93,92,5,1515,3,16,2,36,2,28,11
2127242,1,"Liga Nacional","Liga Endesa",-402534000,NA,"https://www.acb.com/Documentos/Cabeceras/logo-competicion-1b.png","https://www.acb.com/Documentos/Cabeceras/logo-competicion-4a.png",89,2024,107,NA,NA,5848,104320,NA,NA,FALSE,4342,4347,2622,"Leyma Coruña","Leyma Coruña","COR",4342,2617,"Barça","Barça","BAR",1,92,12000,12,33,36,22,32,68,12,16,75,25,10,35,10,7,14,8,1,1,2,21,21,95,-5,-1,13,0,0,92,93,4,755,2,7,2,36,13,47,9
2127075,1,"Liga Nacional","Liga Endesa",-402534000,NA,"https://www.acb.com/Documentos/Cabeceras/logo-competicion-1b.png","https://www.acb.com/Documentos/Cabeceras/logo-competicion-4a.png",89,2024,107,NA,NA,5848,104321,NA,NA,FALSE,4339,4345,2620,"Real Madrid","Real Madrid","RMB",4339,2614,"Valencia Basket","Valencia Basket","VBC",1,89,12000,9,29,31,24,38,63,14,16,87,18,11,29,21,9,10,21,0,1,5,16,15,100,-35,-1,13,0,0,89,96,2,82,0,3,11,42,8,33,7
2127074,1,"Liga Nacional","Liga Endesa",-402534000,NA,"https://www.acb.com/Documentos/Cabeceras/logo-competicion-1b.png","https://www.acb.com/Documentos/Cabeceras/logo-competicion-4a.png",89,2024,107,NA,NA,5848,104321,NA,NA,TRUE,4345,4345,2620,"Real Madrid","Real Madrid","RMB",4339,2614,"Valencia Basket","Valencia Basket","VBC",1,96,12000,8,25,32,30,42,71,12,13,92,22,11,33,18,8,13,8,1,0,5,15,16,114,35,-1,0,13,0,96,89,3,2180,1,19,2,60,22,46,7
2126966,1,"Liga Nacional","Liga Endesa",-402534000,NA,"https://www.acb.com/Documentos/Cabeceras/logo-competicion-1b.png","https://www.acb.com/Documentos/Cabeceras/logo-competicion-4a.png",89,2024,107,NA,NA,5848,104319,NA,NA,TRUE,4348,4348,2623,"Hiopos Lleida","Hiopos Lleida","HIO",4333,2608,"UCAM Murcia","UCAM Murcia","UCM",1,79,12000,6,21,28,25,43,58,11,21,52,26,5,31,17,11,12,9,1,3,2,30,24,75,10,-1,0,13,0,79,77,3,2386,0,17,7,40,7,28,11
2126967,1,"Liga Nacional","Liga Endesa",-402534000,NA,"https://www.acb.com/Documentos/Cabeceras/logo-competicion-1b.png","https://www.acb.com/Documentos/Cabeceras/logo-competicion-4a.png",89,2024,107,NA,NA,5848,104319,NA,NA,FALSE,4333,4348,2623,"Hiopos Lleida","Hiopos Lleida","HIO",4333,2608,"UCAM Murcia","UCAM Murcia","UCM",1,77,12000,8,30,26,16,29,55,21,33,63,32,10,42,11,3,17,4,3,1,3,25,28,74,-10,-1,12,0,0,77,79,5,0,0,0,3,28,7,25,7
2126687,1,"Liga Nacional","Liga Endesa",-402534000,NA,"https://www.acb.com/Documentos/Cabeceras/logo-competicion-1b.png","https://www.acb.com/Documentos/Cabeceras/logo-competicion-4a.png",89,2024,107,NA,NA,5848,104317,NA,NA,FALSE,4335,4346,2621,"Bàsquet Girona","Bàsquet Girona","GIR",4335,2605,"La Laguna Tenerife","La Laguna TFE","LLT",1,93,12000,14,33,42,15,18,83,21,24,87,24,3,27,19,6,15,4,3,0,2,23,18,103,45,-1,0,13,0,93,84,2,1815,5,12,3,22,0,34,12
2126686,1,"Liga Nacional","Liga Endesa",-402534000,NA,"https://www.acb.com/Documentos/Cabeceras/logo-competicion-1b.png","https://www.acb.com/Documentos/Cabeceras/logo-competicion-4a.png",89,2024,107,NA,NA,5848,104317,NA,NA,TRUE,4346,4346,2621,"Bàsquet Girona","Bàsquet Girona","GIR",4335,2605,"La Laguna Tenerife","La Laguna TFE","LLT",1,84,12000,7,31,22,25,41,60,13,16,81,17,15,32,18,10,12,2,0,3,2,19,21,88,-45,-1,13,0,0,84,93,4,401,4,5,9,48,11,41,6
2126715,1,"Liga Nacional","Liga Endesa",-402534000,NA,"https://www.acb.com/Documentos/Cabeceras/logo-competicion-1b.png","https://www.acb.com/Documentos/Cabeceras/logo-competicion-4a.png",89,2024,107,NA,NA,5848,104318,NA,NA,FALSE,4331,4332,2607,"Unicaja","Unicaja","UNI",4331,2606,"MoraBanc Andorra","MoraBanc And","MBA",1,80,12000,8,20,40,14,36,38,28,35,80,23,11,34,14,8,15,0,3,4,0,17,26,88,-90,-1,13,0,0,80,98,3,101,1,2,2,20,5,34,10
2126714,1,"Liga Nacional","Liga Endesa",-402534000,NA,"https://www.acb.com/Documentos/Cabeceras/logo-competicion-1b.png","https://www.acb.com/Documentos/Cabeceras/logo-competicion-4a.png",89,2024,107,NA,NA,5848,104318,NA,NA,TRUE,4332,4332,2607,"Unicaja","Unicaja","UNI",4331,2606,"MoraBanc Andorra","MoraBanc And","MBA",1,98,12000,12,26,46,26,40,65,10,15,66,24,8,32,29,12,12,19,4,2,9,27,17,118,90,-1,0,13,0,98,80,2,2099,2,21,10,42,7,59,9
2126435,1,"Liga Nacional","Liga Endesa",-402534000,NA,"https://www.acb.com/Documentos/Cabeceras/logo-competicion-1b.png","https://www.acb.com/Documentos/Cabeceras/logo-competicion-4a.png",89,2024,107,NA,NA,5848,104315,NA,NA,FALSE,4341,4340,2615,"BAXI Manresa","BAXI Manresa","BAX",4341,2616,"Río Breogán","Río Breogán","BRE",1,104,12000,14,31,45,18,30,60,26,34,76,19,6,25,19,10,15,4,1,2,2,26,27,106,55,-1,0,13,0,104,93,2,2346,2,33,10,32,3,39,10
2126434,1,"Liga Nacional","Liga Endesa",-402534000,NA,"https://www.acb.com/Documentos/Cabeceras/logo-competicion-1b.png","https://www.acb.com/Documentos/Cabeceras/logo-competicion-4a.png",89,2024,107,NA,NA,5848,104315,NA,NA,TRUE,4340,4340,2615,"BAXI Manresa","BAXI Manresa","BAX",4341,2616,"Río Breogán","Río Breogán","BRE",1,93,12000,9,28,32,22,41,53,22,27,81,25,16,41,18,8,20,16,2,1,1,28,25,95,-55,-1,13,0,0,93,104,4,34,1,2,8,44,9,39,7
2126407,1,"Liga Nacional","Liga Endesa",-402534000,NA,"https://www.acb.com/Documentos/Cabeceras/logo-competicion-1b.png","https://www.acb.com/Documentos/Cabeceras/logo-competicion-4a.png",89,2024,107,NA,NA,5848,104316,NA,NA,FALSE,4337,4336,2611,"Dreamland Gran Canaria","Dreamland GC","DGC",4337,2612,"Coviran Granada","Coviran Granada","COV",1,83,12000,10,25,40,19,33,57,15,20,75,18,9,27,15,5,14,6,1,3,2,23,19,76,-75,-1,13,0,0,83,98,5,294,7,2,2,38,6,44,6
2126406,1,"Liga Nacional","Liga Endesa",-402534000,NA,"https://www.acb.com/Documentos/Cabeceras/logo-competicion-1b.png","https://www.acb.com/Documentos/Cabeceras/logo-competicion-4a.png",89,2024,107,NA,NA,5848,104316,NA,NA,TRUE,4336,4336,2611,"Dreamland Gran Canaria","Dreamland GC","DGC",4337,2612,"Coviran Granada","Coviran Granada","COV",1,98,12000,12,26,46,21,36,58,20,24,83,21,12,33,18,11,9,13,3,1,4,19,23,124,75,-1,0,13,0,98,83,1,2075,8,23,7,36,8,50,7
2126127,1,"Liga Nacional","Liga Endesa",-402534000,NA,"https://www.acb.com/Documentos/Cabeceras/logo-competicion-1b.png","https://www.acb.com/Documentos/Cabeceras/logo-competicion-4a.png",89,2024,107,NA,NA,5848,104313,NA,NA,FALSE,4343,4344,2619,"Joventut Badalona","Joventut","JOV",4343,2618,"Surne Bilbao Basket","Surne Bilbao","SBB",1,79,12000,9,28,32,18,35,51,16,22,72,22,8,30,17,6,6,2,2,4,2,19,19,82,-40,-1,13,0,0,79,87,4,566,2,10,0,26,6,36,8
2126126,1,"Liga Nacional","Liga Endesa",-402534000,NA,"https://www.acb.com/Documentos/Cabeceras/logo-competicion-1b.png","https://www.acb.com/Documentos/Cabeceras/logo-competicion-4a.png",89,2024,107,NA,NA,5848,104313,NA,NA,TRUE,4344,4344,2619,"Joventut Badalona","Joventut","JOV",4343,2618,"Surne Bilbao Basket","Surne Bilbao","SBB",1,87,12000,11,29,37,22,36,61,10,14,71,28,10,38,21,4,10,12,4,2,1,19,19,106,40,-1,0,13,0,87,79,3,1725,3,12,6,36,5,26,12
2126155,1,"Liga Nacional","Liga Endesa",-402534000,NA,"https://www.acb.com/Documentos/Cabeceras/logo-competicion-1b.png","https://www.acb.com/Documentos/Cabeceras/logo-competicion-4a.png",89,2024,107,NA,NA,5848,104314,NA,NA,FALSE,4334,4338,2613,"Baskonia","Baskonia","BKN",4334,2609,"Casademont Zaragoza","Casademont Zgz","CAZ",1,84,12000,12,34,35,19,33,57,10,14,71,23,11,34,16,5,12,14,2,1,2,21,15,82,-30,-1,13,0,0,84,90,5,417,3,5,7,34,5,15,8
2126154,1,"Liga Nacional","Liga Endesa",-402534000,NA,"https://www.acb.com/Documentos/Cabeceras/logo-competicion-1b.png","https://www.acb.com/Documentos/Cabeceras/logo-competicion-4a.png",89,2024,107,NA,NA,5848,104314,NA,NA,TRUE,4338,4338,2613,"Baskonia","Baskonia","BKN",4334,2609,"Casademont Zaragoza","Casademont Zgz","CAZ",1,90,12000,5,28,17,25,37,67,25,28,89,24,13,37,15,10,8,13,1,2,5,15,21,111,30,-1,0,13,0,90,84,4,1823,3,11,11,46,12,42,10
2128224,1,"Liga Nacional","Liga Endesa",-402534000,NA,"https://www.acb.com/Documentos/Cabeceras/logo-competicion-1b.png","https://www.acb.com/Documentos/Cabeceras/logo-competicion-4a.png",89,2024,107,NA,NA,5849,104329,NA,NA,FALSE,4340,4333,2608,"UCAM Murcia","UCAM Murcia","UCM",4340,2615,"BAXI Manresa","BAXI Manresa","BAX",1,71,12000,4,21,19,18,35,51,23,31,74,25,11,36,13,8,16,9,5,4,1,22,24,73,-50,-1,13,0,0,71,81,5,545,2,5,2,36,11,38,10
2128223,1,"Liga Nacional","Liga Endesa",-402534000,NA,"https://www.acb.com/Documentos/Cabeceras/logo-competicion-1b.png","https://www.acb.com/Documentos/Cabeceras/logo-competicion-4a.png",89,2024,107,NA,NA,5849,104329,NA,NA,TRUE,4333,4333,2608,"UCAM Murcia","UCAM Murcia","UCM",4340,2615,"BAXI Manresa","BAXI Manresa","BAX",1,81,12000,9,23,39,22,39,56,10,14,71,25,8,33,11,8,15,9,4,5,1,25,22,79,50,-1,0,13,0,81,71,3,1607,3,12,6,38,9,17,7
2128251,1,"Liga Nacional","Liga Endesa",-402534000,NA,"https://www.acb.com/Documentos/Cabeceras/logo-competicion-1b.png","https://www.acb.com/Documentos/Cabeceras/logo-competicion-4a.png",89,2024,107,NA,NA,5849,104330,NA,NA,TRUE,4341,4341,2616,"Río Breogán","Río Breogán","BRE",4345,2620,"Real Madrid","Real Madrid","RMB",1,69,12000,9,27,33,13,35,37,16,19,84,24,8,32,11,7,14,7,5,2,0,23,17,59,-50,-1,13,0,0,69,79,3,57,2,1,4,16,8,24,7
2128252,1,"Liga Nacional","Liga Endesa",-402534000,NA,"https://www.acb.com/Documentos/Cabeceras/logo-competicion-1b.png","https://www.acb.com/Documentos/Cabeceras/logo-competicion-4a.png",89,2024,107,NA,NA,5849,104330,NA,NA,FALSE,4345,4341,2616,"Río Breogán","Río Breogán","BRE",4345,2620,"Real Madrid","Real Madrid","RMB",1,79,12000,7,29,24,19,37,51,20,28,71,30,17,47,17,10,12,6,3,5,3,17,23,97,50,-1,0,12,0,79,69,3,2239,2,14,5,34,11,30,11
2127857,1,"Liga Nacional","Liga Endesa",-402534000,NA,"https://www.acb.com/Documentos/Cabeceras/logo-competicion-1b.png","https://www.acb.com/Documentos/Cabeceras/logo-competicion-4a.png",89,2024,107,NA,NA,5849,104322,NA,NA,TRUE,4343,4343,2618,"Surne Bilbao Basket","Surne Bilbao","SBB",4347,2622,"Leyma Coruña","Leyma Coruña","COR",1,79,12000,15,44,34,12,25,48,10,13,76,31,7,38,21,6,3,3,2,3,3,20,20,95,60,-1,0,13,0,79,67,2,2039,2,19,8,22,6,50,11
2127858,1,"Liga Nacional","Liga Endesa",-402534000,NA,"https://www.acb.com/Documentos/Cabeceras/logo-competicion-1b.png","https://www.acb.com/Documentos/Cabeceras/logo-competicion-4a.png",89,2024,107,NA,NA,5849,104322,NA,NA,FALSE,4347,4343,2618,"Surne Bilbao Basket","Surne Bilbao","SBB",4347,2622,"Leyma Coruña","Leyma Coruña","COR",1,67,12000,8,32,25,14,39,35,15,21,71,34,19,53,14,3,11,5,3,2,0,20,20,72,-60,-1,13,0,0,67,79,5,172,1,3,2,22,8,11,8
2127802,1,"Liga Nacional","Liga Endesa",-402534000,NA,"https://www.acb.com/Documentos/Cabeceras/logo-competicion-1b.png","https://www.acb.com/Documentos/Cabeceras/logo-competicion-4a.png",89,2024,107,NA,NA,5849,104326,NA,NA,FALSE,4337,4334,2609,"Casademont Zaragoza","Casademont Zgz","CAZ",4337,2612,"Coviran Granada","Coviran Granada","COV",1,95,12000,11,27,40,18,36,50,26,36,72,26,13,39,15,10,14,10,7,0,3,25,26,109,35,-1,0,13,0,95,88,4,1648,4,10,4,32,8,32,7
2127801,1,"Liga Nacional","Liga Endesa",-402534000,NA,"https://www.acb.com/Documentos/Cabeceras/logo-competicion-1b.png","https://www.acb.com/Documentos/Cabeceras/logo-competicion-4a.png",89,2024,107,NA,NA,5849,104326,NA,NA,TRUE,4334,4334,2609,"Casademont Zaragoza","Casademont Zgz","CAZ",4337,2612,"Coviran Granada","Coviran Granada","COV",1,88,12000,8,22,36,25,44,56,14,24,58,22,12,34,16,8,13,19,0,7,3,26,25,82,-35,-1,13,0,0,88,95,5,574,4,6,12,44,14,30,11
2127829,1,"Liga Nacional","Liga Endesa",-402534000,NA,"https://www.acb.com/Documentos/Cabeceras/logo-competicion-1b.png","https://www.acb.com/Documentos/Cabeceras/logo-competicion-4a.png",89,2024,107,NA,NA,5849,104328,NA,NA,TRUE,4342,4342,2617,"Barça","Barça","BAR",4348,2623,"Hiopos Lleida","Hiopos Lleida","HIO",1,98,12000,17,24,70,17,36,47,13,20,65,26,9,35,26,12,17,18,5,1,0,14,18,129,130,-1,0,13,0,98,72,4,2263,3,33,11,24,8,49,8
2127830,1,"Liga Nacional","Liga Endesa",-402534000,NA,"https://www.acb.com/Documentos/Cabeceras/logo-competicion-1b.png","https://www.acb.com/Documentos/Cabeceras/logo-competicion-4a.png",89,2024,107,NA,NA,5849,104328,NA,NA,FALSE,4348,4342,2617,"Barça","Barça","BAR",4348,2623,"Hiopos Lleida","Hiopos Lleida","HIO",1,72,12000,7,27,25,23,47,48,5,6,83,18,16,34,11,14,18,13,1,5,1,19,14,59,-130,-1,13,0,0,72,98,4,93,3,2,9,46,10,41,5
2127633,1,"Liga Nacional","Liga Endesa",-402534000,NA,"https://www.acb.com/Documentos/Cabeceras/logo-competicion-1b.png","https://www.acb.com/Documentos/Cabeceras/logo-competicion-4a.png",89,2024,107,NA,NA,5849,104324,NA,NA,TRUE,4339,4339,2614,"Valencia Basket","Valencia Basket","VBC",4336,2611,"Dreamland Gran Canaria","Dreamland GC","DGC",1,86,12000,8,36,22,27,39,69,8,15,53,28,16,44,16,6,9,11,3,3,2,23,21,94,35,-1,0,13,0,86,79,3,654,2,8,4,48,18,39,10
2127634,1,"Liga Nacional","Liga Endesa",-402534000,NA,"https://www.acb.com/Documentos/Cabeceras/logo-competicion-1b.png","https://www.acb.com/Documentos/Cabeceras/logo-competicion-4a.png",89,2024,107,NA,NA,5849,104324,NA,NA,FALSE,4336,4339,2614,"Valencia Basket","Valencia Basket","VBC",4336,2611,"Dreamland Gran Canaria","Dreamland GC","DGC",1,79,12000,8,28,28,20,32,62,15,21,71,25,5,30,12,5,11,6,3,2,1,24,22,76,-35,-1,13,0,0,79,86,5,1518,1,13,3,36,2,29,8
2127522,1,"Liga Nacional","Liga Endesa",-402534000,NA,"https://www.acb.com/Documentos/Cabeceras/logo-competicion-1b.png","https://www.acb.com/Documentos/Cabeceras/logo-competicion-4a.png",89,2024,107,NA,NA,5849,104323,NA,NA,FALSE,4346,4331,2606,"MoraBanc Andorra","MoraBanc And","MBA",4346,2621,"Bàsquet Girona","Bàsquet Girona","GIR",1,106,12000,16,34,47,19,32,59,20,29,68,20,16,36,24,3,8,6,3,3,3,21,22,122,45,-1,0,13,0,106,97,4,2137,4,14,0,34,13,46,7
2127521,1,"Liga Nacional","Liga Endesa",-402534000,NA,"https://www.acb.com/Documentos/Cabeceras/logo-competicion-1b.png","https://www.acb.com/Documentos/Cabeceras/logo-competicion-4a.png",89,2024,107,NA,NA,5849,104323,NA,NA,TRUE,4331,4331,2606,"MoraBanc Andorra","MoraBanc And","MBA",4346,2621,"Bàsquet Girona","Bàsquet Girona","GIR",1,97,12000,13,30,43,20,42,47,18,22,81,17,19,36,18,6,8,6,3,3,1,23,21,104,-45,-1,13,0,0,97,106,3,84,4,2,4,36,22,55,8
2127382,1,"Liga Nacional","Liga Endesa",-402534000,NA,"https://www.acb.com/Documentos/Cabeceras/logo-competicion-1b.png","https://www.acb.com/Documentos/Cabeceras/logo-competicion-4a.png",89,2024,107,NA,NA,5849,104325,NA,NA,FALSE,4338,4344,2619,"Joventut Badalona","Joventut","JOV",4338,2613,"Baskonia","Baskonia","BKN",1,71,12000,6,25,24,20,33,60,13,22,59,24,6,30,9,6,9,17,2,2,2,15,23,74,-95,-1,13,0,0,71,90,3,0,0,0,8,36,2,36,5
2127381,1,"Liga Nacional","Liga Endesa",-402534000,NA,"https://www.acb.com/Documentos/Cabeceras/logo-competicion-1b.png","https://www.acb.com/Documentos/Cabeceras/logo-competicion-4a.png",89,2024,107,NA,NA,5849,104325,NA,NA,TRUE,4344,4344,2619,"Joventut Badalona","Joventut","JOV",4338,2613,"Baskonia","Baskonia","BKN",1,90,12000,11,22,50,23,41,56,11,13,84,30,5,35,17,6,8,11,2,2,4,23,15,101,95,-1,0,13,0,90,71,2,2361,0,22,8,38,3,50,8
2125987,1,"Liga Nacional","Liga Endesa",-402534000,NA,"https://www.acb.com/Documentos/Cabeceras/logo-competicion-1b.png","https://www.acb.com/Documentos/Cabeceras/logo-competicion-4a.png",89,2024,107,NA,NA,5849,104327,NA,NA,FALSE,4332,4335,2605,"La Laguna Tenerife","La Laguna TFE","LLT",4332,2607,"Unicaja","Unicaja","UNI",1,91,12000,13,28,46,21,38,55,10,13,76,26,10,36,18,8,10,16,1,3,3,27,16,95,65,-1,0,13,0,91,78,2,2076,8,13,6,38,0,42,8
2125986,1,"Liga Nacional","Liga Endesa",-402534000,NA,"https://www.acb.com/Documentos/Cabeceras/logo-competicion-1b.png","https://www.acb.com/Documentos/Cabeceras/logo-competicion-4a.png",89,2024,107,NA,NA,5849,104327,NA,NA,TRUE,4335,4335,2605,"La Laguna Tenerife","La Laguna TFE","LLT",4332,2607,"Unicaja","Unicaja","UNI",1,78,12000,5,27,18,20,32,62,23,24,95,18,8,26,12,5,15,0,3,1,2,19,27,81,-65,-1,13,0,0,78,91,3,248,7,3,2,38,2,33,6
2129496,1,"Liga Nacional","Liga Endesa",-402534000,NA,"https://www.acb.com/Documentos/Cabeceras/logo-competicion-1b.png","https://www.acb.com/Documentos/Cabeceras/logo-competicion-4a.png",89,2024,107,NA,NA,5850,104337,NA,NA,FALSE,4334,4343,2618,"Surne Bilbao Basket","Surne Bilbao","SBB",4334,2609,"Casademont Zaragoza","Casademont Zgz","CAZ",1,111,15000,11,30,36,30,43,69,18,23,78,31,13,44,19,6,24,8,0,2,2,28,24,113,35,-1,0,13,0,111,104,3,335,4,7,7,52,10,28,8
2129495,1,"Liga Nacional","Liga Endesa",-402534000,NA,"https://www.acb.com/Documentos/Cabeceras/logo-competicion-1b.png","https://www.acb.com/Documentos/Cabeceras/logo-competicion-4a.png",89,2024,107,NA,NA,5850,104337,NA,NA,TRUE,4343,4343,2618,"Surne Bilbao Basket","Surne Bilbao","SBB",4334,2609,"Casademont Zaragoza","Casademont Zgz","CAZ",1,104,15000,11,36,30,26,42,61,19,27,70,15,10,25,21,15,12,14,2,0,5,24,28,110,-35,-1,13,0,0,104,111,3,2393,3,15,14,44,8,47,8
2129552,1,"Liga Nacional","Liga Endesa",-402534000,NA,"https://www.acb.com/Documentos/Cabeceras/logo-competicion-1b.png","https://www.acb.com/Documentos/Cabeceras/logo-competicion-4a.png",89,2024,107,NA,NA,5850,104338,NA,NA,FALSE,4335,4348,2623,"Hiopos Lleida","Hiopos Lleida","HIO",4335,2605,"La Laguna Tenerife","La Laguna TFE","LLT",1,84,12000,9,30,30,20,25,80,17,17,100,26,5,31,16,8,11,7,1,1,1,21,19,100,60,-1,0,13,0,84,72,3,1799,1,14,10,30,6,25,8
2129551,1,"Liga Nacional","Liga Endesa",-402534000,NA,"https://www.acb.com/Documentos/Cabeceras/logo-competicion-1b.png","https://www.acb.com/Documentos/Cabeceras/logo-competicion-4a.png",89,2024,107,NA,NA,5850,104338,NA,NA,TRUE,4348,4348,2623,"Hiopos Lleida","Hiopos Lleida","HIO",4335,2605,"La Laguna Tenerife","La Laguna TFE","LLT",1,72,12000,10,25,40,12,29,41,18,20,90,19,7,26,15,4,14,3,1,1,1,19,21,71,-60,-1,13,0,0,72,84,4,494,1,6,0,22,2,19,8
2129580,1,"Liga Nacional","Liga Endesa",-402534000,NA,"https://www.acb.com/Documentos/Cabeceras/logo-competicion-1b.png","https://www.acb.com/Documentos/Cabeceras/logo-competicion-4a.png",89,2024,107,NA,NA,5850,104339,NA,NA,FALSE,4342,4338,2613,"Baskonia","Baskonia","BKN",4342,2617,"Barça","Barça","BAR",1,98,12000,10,24,41,22,36,61,24,27,88,24,7,31,17,2,14,15,1,3,2,23,24,102,-60,-1,12,0,0,98,110,3,221,2,4,2,32,4,49,9
2129579,1,"Liga Nacional","Liga Endesa",-402534000,NA,"https://www.acb.com/Documentos/Cabeceras/logo-competicion-1b.png","https://www.acb.com/Documentos/Cabeceras/logo-competicion-4a.png",89,2024,107,NA,NA,5850,104339,NA,NA,TRUE,4338,4338,2613,"Baskonia","Baskonia","BKN",4342,2617,"Barça","Barça","BAR",1,110,12000,13,27,48,28,44,63,15,24,62,21,11,32,25,6,7,18,3,1,8,24,21,126,60,-1,0,13,0,110,98,3,2110,2,14,6,46,10,52,8
2129190,1,"Liga Nacional","Liga Endesa",-402534000,NA,"https://www.acb.com/Documentos/Cabeceras/logo-competicion-1b.png","https://www.acb.com/Documentos/Cabeceras/logo-competicion-4a.png",89,2024,107,NA,NA,5850,104335,NA,NA,TRUE,4340,4340,2615,"BAXI Manresa","BAXI Manresa","BAX",4345,2620,"Real Madrid","Real Madrid","RMB",1,65,12000,9,36,25,10,29,34,18,29,62,30,14,44,14,6,17,14,2,3,2,25,23,52,-10,-1,13,0,0,65,67,5,0,0,0,6,18,0,29,8
2129191,1,"Liga Nacional","Liga Endesa",-402534000,NA,"https://www.acb.com/Documentos/Cabeceras/logo-competicion-1b.png","https://www.acb.com/Documentos/Cabeceras/logo-competicion-4a.png",89,2024,107,NA,NA,5850,104335,NA,NA,FALSE,4345,4340,2615,"BAXI Manresa","BAXI Manresa","BAX",4345,2620,"Real Madrid","Real Madrid","RMB",1,67,12000,6,27,22,16,34,47,17,27,62,31,12,43,10,9,18,6,3,2,1,25,23,61,10,-1,0,12,0,67,65,3,2324,0,15,6,28,4,30,9
2129218,1,"Liga Nacional","Liga Endesa",-402534000,NA,"https://www.acb.com/Documentos/Cabeceras/logo-competicion-1b.png","https://www.acb.com/Documentos/Cabeceras/logo-competicion-4a.png",89,2024,107,NA,NA,5850,104336,NA,NA,FALSE,4333,4332,2607,"Unicaja","Unicaja","UNI",4333,2608,"UCAM Murcia","UCAM Murcia","UCM",1,93,13500,13,35,37,19,37,51,16,18,88,29,9,38,19,10,17,0,5,3,1,23,19,99,-55,-1,13,0,0,93,104,6,719,6,5,4,28,6,22,12
2129217,1,"Liga Nacional","Liga Endesa",-402534000,NA,"https://www.acb.com/Documentos/Cabeceras/logo-competicion-1b.png","https://www.acb.com/Documentos/Cabeceras/logo-competicion-4a.png",89,2024,107,NA,NA,5850,104336,NA,NA,TRUE,4332,4332,2607,"Unicaja","Unicaja","UNI",4333,2608,"UCAM Murcia","UCAM Murcia","UCM",1,104,13500,12,31,38,25,45,55,18,23,78,30,10,40,25,10,16,6,3,5,4,21,21,117,55,-1,0,13,0,104,93,3,1632,6,14,7,36,6,60,8
2128921,1,"Liga Nacional","Liga Endesa",-402534000,NA,"https://www.acb.com/Documentos/Cabeceras/logo-competicion-1b.png","https://www.acb.com/Documentos/Cabeceras/logo-competicion-4a.png",89,2024,107,NA,NA,5850,104333,NA,NA,FALSE,4344,4336,2611,"Dreamland Gran Canaria","Dreamland GC","DGC",4344,2619,"Joventut Badalona","Joventut","JOV",1,68,12000,11,26,42,14,29,48,7,13,53,30,7,37,19,2,16,3,5,2,5,17,17,77,-55,-1,12,0,0,68,79,4,695,6,4,3,26,2,23,9
2128920,1,"Liga Nacional","Liga Endesa",-402534000,NA,"https://www.acb.com/Documentos/Cabeceras/logo-competicion-1b.png","https://www.acb.com/Documentos/Cabeceras/logo-competicion-4a.png",89,2024,107,NA,NA,5850,104333,NA,NA,TRUE,4336,4336,2611,"Dreamland Gran Canaria","Dreamland GC","DGC",4344,2619,"Joventut Badalona","Joventut","JOV",1,79,12000,9,26,34,20,37,54,12,12,100,22,4,26,17,9,5,11,2,5,3,17,17,89,55,-1,0,13,0,79,68,1,1440,6,11,3,34,5,28,12
2128974,1,"Liga Nacional","Liga Endesa",-402534000,NA,"https://www.acb.com/Documentos/Cabeceras/logo-competicion-1b.png","https://www.acb.com/Documentos/Cabeceras/logo-competicion-4a.png",89,2024,107,NA,NA,5850,104334,NA,NA,TRUE,4346,4346,2621,"Bàsquet Girona","Bàsquet Girona","GIR",4339,2614,"Valencia Basket","Valencia Basket","VBC",1,85,12000,6,28,21,31,46,67,5,8,62,30,12,42,17,6,17,15,4,4,2,17,18,94,-30,-1,13,0,0,85,91,5,206,3,4,2,50,9,47,7
2128975,1,"Liga Nacional","Liga Endesa",-402534000,NA,"https://www.acb.com/Documentos/Cabeceras/logo-competicion-1b.png","https://www.acb.com/Documentos/Cabeceras/logo-competicion-4a.png",89,2024,107,NA,NA,5850,104334,NA,NA,FALSE,4339,4346,2621,"Bàsquet Girona","Bàsquet Girona","GIR",4339,2614,"Valencia Basket","Valencia Basket","VBC",1,91,12000,16,42,38,17,37,45,9,13,69,27,17,44,21,10,13,15,4,4,1,18,16,101,30,-1,0,12,0,91,85,2,2067,4,12,9,34,17,30,8
2128752,1,"Liga Nacional","Liga Endesa",-402534000,NA,"https://www.acb.com/Documentos/Cabeceras/logo-competicion-1b.png","https://www.acb.com/Documentos/Cabeceras/logo-competicion-4a.png",89,2024,107,NA,NA,5850,104331,NA,NA,TRUE,4347,4347,2622,"Leyma Coruña","Leyma Coruña","COR",4331,2606,"MoraBanc Andorra","MoraBanc And","MBA",1,91,12000,7,26,26,22,36,61,26,32,81,20,9,29,18,7,10,14,0,3,0,23,24,94,-65,-1,13,0,0,91,104,4,108,2,4,4,40,4,48,6
2128753,1,"Liga Nacional","Liga Endesa",-402534000,NA,"https://www.acb.com/Documentos/Cabeceras/logo-competicion-1b.png","https://www.acb.com/Documentos/Cabeceras/logo-competicion-4a.png",89,2024,107,NA,NA,5850,104331,NA,NA,FALSE,4331,4347,2622,"Leyma Coruña","Leyma Coruña","COR",4331,2606,"MoraBanc Andorra","MoraBanc And","MBA",1,104,12000,14,34,41,24,34,70,14,19,73,27,10,37,19,3,9,14,3,0,2,24,21,119,65,-1,0,13,0,104,91,0,2117,2,25,0,38,8,62,8
2128638,1,"Liga Nacional","Liga Endesa",-402534000,NA,"https://www.acb.com/Documentos/Cabeceras/logo-competicion-1b.png","https://www.acb.com/Documentos/Cabeceras/logo-competicion-4a.png",89,2024,107,NA,NA,5850,104332,NA,NA,TRUE,4337,4337,2612,"Coviran Granada","Coviran Granada","COV",4341,2616,"Río Breogán","Río Breogán","BRE",1,91,12000,9,24,37,22,39,56,20,27,74,22,15,37,15,5,13,7,2,2,1,24,25,97,45,-1,0,13,0,91,82,2,2119,2,19,2,42,6,34,8
2128639,1,"Liga Nacional","Liga Endesa",-402534000,NA,"https://www.acb.com/Documentos/Cabeceras/logo-competicion-1b.png","https://www.acb.com/Documentos/Cabeceras/logo-competicion-4a.png",89,2024,107,NA,NA,5850,104332,NA,NA,FALSE,4341,4337,2612,"Coviran Granada","Coviran Granada","COV",4341,2616,"Río Breogán","Río Breogán","BRE",1,82,12000,9,32,28,19,29,65,17,23,73,20,11,31,16,7,12,7,2,2,1,25,24,84,-45,-1,13,0,0,82,91,3,105,2,2,2,32,8,26,7
2130837,1,"Liga Nacional","Liga Endesa",-402534000,NA,"https://www.acb.com/Documentos/Cabeceras/logo-competicion-1b.png","https://www.acb.com/Documentos/Cabeceras/logo-competicion-4a.png",89,2024,107,NA,NA,5851,104346,NA,NA,FALSE,4336,4341,2616,"Río Breogán","Río Breogán","BRE",4336,2611,"Dreamland Gran Canaria","Dreamland GC","DGC",1,82,12000,7,25,28,21,29,72,19,26,73,34,8,42,20,9,19,16,4,2,2,18,20,105,40,-1,0,13,0,82,74,2,2310,0,21,4,36,2,42,14
2130836,1,"Liga Nacional","Liga Endesa",-402534000,NA,"https://www.acb.com/Documentos/Cabeceras/logo-competicion-1b.png","https://www.acb.com/Documentos/Cabeceras/logo-competicion-4a.png",89,2024,107,NA,NA,5851,104346,NA,NA,TRUE,4341,4341,2616,"Río Breogán","Río Breogán","BRE",4336,2611,"Dreamland Gran Canaria","Dreamland GC","DGC",1,74,12000,13,30,43,14,38,36,7,12,58,19,9,28,16,10,13,10,2,4,5,22,18,63,-40,-1,11,0,0,74,82,4,0,0,0,7,24,5,26,12
2130810,1,"Liga Nacional","Liga Endesa",-402534000,NA,"https://www.acb.com/Documentos/Cabeceras/logo-competicion-1b.png","https://www.acb.com/Documentos/Cabeceras/logo-competicion-4a.png",89,2024,107,NA,NA,5851,104347,NA,NA,TRUE,4342,4342,2617,"Barça","Barça","BAR",4346,2621,"Bàsquet Girona","Bàsquet Girona","GIR",1,97,12000,20,36,55,15,30,50,7,9,77,32,7,39,25,8,14,12,1,0,2,18,15,120,115,-1,0,11,0,97,74,3,2329,0,26,2,26,9,34,10
2130811,1,"Liga Nacional","Liga Endesa",-402534000,NA,"https://www.acb.com/Documentos/Cabeceras/logo-competicion-1b.png","https://www.acb.com/Documentos/Cabeceras/logo-competicion-4a.png",89,2024,107,NA,NA,5851,104347,NA,NA,FALSE,4346,4342,2617,"Barça","Barça","BAR",4346,2621,"Bàsquet Girona","Bàsquet Girona","GIR",1,74,12000,9,42,21,17,32,53,13,16,81,21,12,33,15,6,10,10,0,1,2,15,18,69,-115,-1,13,0,0,74,97,5,0,0,0,0,26,4,28,10
2130863,1,"Liga Nacional","Liga Endesa",-402534000,NA,"https://www.acb.com/Documentos/Cabeceras/logo-competicion-1b.png","https://www.acb.com/Documentos/Cabeceras/logo-competicion-4a.png",89,2024,107,NA,NA,5851,104348,NA,NA,FALSE,4337,4345,2620,"Real Madrid","Real Madrid","RMB",4337,2612,"Coviran Granada","Coviran Granada","COV",1,67,12000,6,30,20,20,40,50,9,10,90,26,12,38,14,10,12,9,1,4,2,25,16,60,-60,-1,13,0,0,67,79,4,0,0,0,4,32,6,23,6
2130862,1,"Liga Nacional","Liga Endesa",-402534000,NA,"https://www.acb.com/Documentos/Cabeceras/logo-competicion-1b.png","https://www.acb.com/Documentos/Cabeceras/logo-competicion-4a.png",89,2024,107,NA,NA,5851,104348,NA,NA,TRUE,4345,4345,2620,"Real Madrid","Real Madrid","RMB",4337,2612,"Coviran Granada","Coviran Granada","COV",1,79,12000,5,17,29,25,41,60,14,22,63,30,5,35,23,5,14,14,4,1,8,16,25,104,60,-1,0,12,0,79,67,2,2322,0,17,6,44,2,35,8
2130641,1,"Liga Nacional","Liga Endesa",-402534000,NA,"https://www.acb.com/Documentos/Cabeceras/logo-competicion-1b.png","https://www.acb.com/Documentos/Cabeceras/logo-competicion-4a.png",89,2024,107,NA,NA,5851,104345,NA,NA,FALSE,4339,4335,2605,"La Laguna Tenerife","La Laguna TFE","LLT",4339,2614,"Valencia Basket","Valencia Basket","VBC",1,102,12000,17,36,47,18,38,47,15,18,83,24,13,37,23,5,8,2,2,2,2,22,19,114,15,-1,0,13,0,102,99,2,2202,1,20,2,34,8,50,14
2130640,1,"Liga Nacional","Liga Endesa",-402534000,NA,"https://www.acb.com/Documentos/Cabeceras/logo-competicion-1b.png","https://www.acb.com/Documentos/Cabeceras/logo-competicion-4a.png",89,2024,107,NA,NA,5851,104345,NA,NA,TRUE,4335,4335,2605,"La Laguna Tenerife","La Laguna TFE","LLT",4339,2614,"Valencia Basket","Valencia Basket","VBC",1,99,12000,13,30,43,20,31,64,20,24,83,24,4,28,20,6,10,3,2,2,2,20,22,113,-15,-1,13,0,0,99,102,4,121,0,5,4,34,2,55,11
2130526,1,"Liga Nacional","Liga Endesa",-402534000,NA,"https://www.acb.com/Documentos/Cabeceras/logo-competicion-1b.png","https://www.acb.com/Documentos/Cabeceras/logo-competicion-4a.png",89,2024,107,NA,NA,5851,104344,NA,NA,TRUE,4348,4348,2623,"Hiopos Lleida","Hiopos Lleida","HIO",4332,2607,"Unicaja","Unicaja","UNI",1,69,12000,7,25,28,14,38,36,20,28,71,21,16,37,14,8,17,0,2,3,1,20,22,62,-145,-1,13,0,0,69,98,3,156,3,4,0,24,9,35,6
2130527,1,"Liga Nacional","Liga Endesa",-402534000,NA,"https://www.acb.com/Documentos/Cabeceras/logo-competicion-1b.png","https://www.acb.com/Documentos/Cabeceras/logo-competicion-4a.png",89,2024,107,NA,NA,5851,104344,NA,NA,FALSE,4332,4348,2623,"Hiopos Lleida","Hiopos Lleida","HIO",4332,2607,"Unicaja","Unicaja","UNI",1,98,12000,14,25,56,19,35,54,18,25,72,30,9,39,23,11,14,16,3,2,7,22,20,122,145,-1,0,13,0,98,69,0,2142,4,29,10,34,8,62,9
2130386,1,"Liga Nacional","Liga Endesa",-402534000,NA,"https://www.acb.com/Documentos/Cabeceras/logo-competicion-1b.png","https://www.acb.com/Documentos/Cabeceras/logo-competicion-4a.png",89,2024,107,NA,NA,5851,104343,NA,NA,TRUE,4333,4333,2608,"UCAM Murcia","UCAM Murcia","UCM",4347,2622,"Leyma Coruña","Leyma Coruña","COR",1,105,12000,13,36,36,25,41,60,16,24,66,22,13,35,22,10,6,18,6,3,4,25,18,115,60,-1,0,13,0,105,93,4,2162,4,14,5,46,13,36,14
2130387,1,"Liga Nacional","Liga Endesa",-402534000,NA,"https://www.acb.com/Documentos/Cabeceras/logo-competicion-1b.png","https://www.acb.com/Documentos/Cabeceras/logo-competicion-4a.png",89,2024,107,NA,NA,5851,104343,NA,NA,FALSE,4347,4333,2608,"UCAM Murcia","UCAM Murcia","UCM",4347,2622,"Leyma Coruña","Leyma Coruña","COR",1,93,12000,11,21,52,21,41,51,18,27,66,27,9,36,16,5,17,10,3,6,1,19,25,97,-60,-1,13,0,0,93,105,5,131,4,3,5,40,7,51,7
2129995,1,"Liga Nacional","Liga Endesa",-402534000,NA,"https://www.acb.com/Documentos/Cabeceras/logo-competicion-1b.png","https://www.acb.com/Documentos/Cabeceras/logo-competicion-4a.png",89,2024,107,NA,NA,5851,104340,NA,NA,FALSE,4334,4344,2619,"Joventut Badalona","Joventut","JOV",4334,2609,"Casademont Zaragoza","Casademont Zgz","CAZ",1,79,12000,12,33,36,17,38,44,9,10,90,22,16,38,19,12,11,12,3,5,1,23,17,86,-50,-1,13,0,0,79,89,5,1570,2,15,2,32,12,21,10
2129994,1,"Liga Nacional","Liga Endesa",-402534000,NA,"https://www.acb.com/Documentos/Cabeceras/logo-competicion-1b.png","https://www.acb.com/Documentos/Cabeceras/logo-competicion-4a.png",89,2024,107,NA,NA,5851,104340,NA,NA,TRUE,4344,4344,2619,"Joventut Badalona","Joventut","JOV",4334,2609,"Casademont Zaragoza","Casademont Zgz","CAZ",1,89,12000,11,30,36,21,32,65,14,19,73,26,10,36,21,8,13,8,5,3,2,18,22,112,50,-1,0,13,0,89,79,2,717,3,13,2,40,11,47,10
2130023,1,"Liga Nacional","Liga Endesa",-402534000,NA,"https://www.acb.com/Documentos/Cabeceras/logo-competicion-1b.png","https://www.acb.com/Documentos/Cabeceras/logo-competicion-4a.png",89,2024,107,NA,NA,5851,104341,NA,NA,FALSE,4340,4331,2606,"MoraBanc Andorra","MoraBanc And","MBA",4340,2615,"BAXI Manresa","BAXI Manresa","BAX",1,81,12000,8,35,22,19,33,57,19,24,79,22,16,38,16,6,15,10,0,4,3,27,24,73,-10,-1,13,0,0,81,83,5,988,1,12,4,36,9,42,9
2130022,1,"Liga Nacional","Liga Endesa",-402534000,NA,"https://www.acb.com/Documentos/Cabeceras/logo-competicion-1b.png","https://www.acb.com/Documentos/Cabeceras/logo-competicion-4a.png",89,2024,107,NA,NA,5851,104341,NA,NA,TRUE,4331,4331,2606,"MoraBanc Andorra","MoraBanc And","MBA",4340,2615,"BAXI Manresa","BAXI Manresa","BAX",1,83,12000,7,27,25,21,34,61,20,28,71,24,10,34,17,8,14,8,4,0,8,26,26,91,10,-1,0,13,0,83,81,3,1221,2,10,6,40,5,50,7
2129967,1,"Liga Nacional","Liga Endesa",-402534000,NA,"https://www.acb.com/Documentos/Cabeceras/logo-competicion-1b.png","https://www.acb.com/Documentos/Cabeceras/logo-competicion-4a.png",89,2024,107,NA,NA,5851,104342,NA,NA,FALSE,4343,4338,2613,"Baskonia","Baskonia","BKN",4343,2618,"Surne Bilbao Basket","Surne Bilbao","SBB",1,97,12000,16,28,57,17,36,47,15,17,88,12,10,22,20,10,9,8,3,3,3,22,18,103,-15,-1,13,0,0,97,100,3,687,4,10,4,32,5,35,8
2129966,1,"Liga Nacional","Liga Endesa",-402534000,NA,"https://www.acb.com/Documentos/Cabeceras/logo-competicion-1b.png","https://www.acb.com/Documentos/Cabeceras/logo-competicion-4a.png",89,2024,107,NA,NA,5851,104342,NA,NA,TRUE,4338,4338,2613,"Baskonia","Baskonia","BKN",4343,2618,"Surne Bilbao Basket","Surne Bilbao","SBB",1,100,12000,11,26,42,24,35,68,19,23,82,20,13,33,21,4,13,7,3,3,6,18,22,119,15,-1,0,13,0,100,97,3,1538,4,9,4,46,10,38,9
2131983,1,"Liga Nacional","Liga Endesa",-402534000,NA,"https://www.acb.com/Documentos/Cabeceras/logo-competicion-1b.png","https://www.acb.com/Documentos/Cabeceras/logo-competicion-4a.png",89,2024,107,NA,NA,5852,104349,NA,NA,TRUE,4336,4336,2611,"Dreamland Gran Canaria","Dreamland GC","DGC",4333,2608,"UCAM Murcia","UCAM Murcia","UCM",1,69,12000,8,23,34,17,34,50,11,16,68,19,8,27,10,9,11,4,1,5,5,15,20,68,-35,-1,13,0,0,69,76,5,820,3,7,2,26,7,37,8
2131984,1,"Liga Nacional","Liga Endesa",-402534000,NA,"https://www.acb.com/Documentos/Cabeceras/logo-competicion-1b.png","https://www.acb.com/Documentos/Cabeceras/logo-competicion-4a.png",89,2024,107,NA,NA,5852,104349,NA,NA,FALSE,4333,4336,2611,"Dreamland Gran Canaria","Dreamland GC","DGC",4333,2608,"UCAM Murcia","UCAM Murcia","UCM",1,76,12000,9,28,32,21,39,53,7,9,77,24,20,44,19,9,17,11,5,1,3,21,15,90,35,-1,0,13,0,76,69,4,1517,4,20,9,34,10,38,10
2131899,1,"Liga Nacional","Liga Endesa",-402534000,NA,"https://www.acb.com/Documentos/Cabeceras/logo-competicion-1b.png","https://www.acb.com/Documentos/Cabeceras/logo-competicion-4a.png",89,2024,107,NA,NA,5852,104353,NA,NA,TRUE,4340,4340,2615,"BAXI Manresa","BAXI Manresa","BAX",4335,2605,"La Laguna Tenerife","La Laguna TFE","LLT",1,86,12000,10,30,33,18,28,64,20,23,86,23,9,32,19,5,15,11,2,1,2,21,22,96,15,-1,0,13,0,86,83,3,1360,6,7,12,32,4,52,7
2131900,1,"Liga Nacional","Liga Endesa",-402534000,NA,"https://www.acb.com/Documentos/Cabeceras/logo-competicion-1b.png","https://www.acb.com/Documentos/Cabeceras/logo-competicion-4a.png",89,2024,107,NA,NA,5852,104353,NA,NA,FALSE,4335,4340,2615,"BAXI Manresa","BAXI Manresa","BAX",4335,2605,"La Laguna Tenerife","La Laguna TFE","LLT",1,83,12000,7,25,28,22,42,52,18,20,90,20,11,31,17,9,11,4,1,2,3,23,19,84,-15,-1,13,0,0,83,86,5,801,6,7,8,40,8,31,8
2131929,1,"Liga Nacional","Liga Endesa",-402534000,NA,"https://www.acb.com/Documentos/Cabeceras/logo-competicion-1b.png","https://www.acb.com/Documentos/Cabeceras/logo-competicion-4a.png",89,2024,107,NA,NA,5852,104355,NA,NA,TRUE,4332,4332,2607,"Unicaja","Unicaja","UNI",4344,2619,"Joventut Badalona","Joventut","JOV",1,78,12000,7,26,26,21,40,52,15,18,83,25,10,35,15,5,13,10,3,5,3,23,26,80,-25,-1,13,0,0,78,83,3,1107,5,9,2,38,2,38,7
2131930,1,"Liga Nacional","Liga Endesa",-402534000,NA,"https://www.acb.com/Documentos/Cabeceras/logo-competicion-1b.png","https://www.acb.com/Documentos/Cabeceras/logo-competicion-4a.png",89,2024,107,NA,NA,5852,104355,NA,NA,FALSE,4344,4332,2607,"Unicaja","Unicaja","UNI",4344,2619,"Joventut Badalona","Joventut","JOV",1,83,12000,10,27,37,16,34,47,21,29,72,28,9,37,22,6,12,7,5,2,3,26,23,93,25,-1,0,13,0,83,78,4,1105,5,10,2,28,2,34,10
2131957,1,"Liga Nacional","Liga Endesa",-402534000,NA,"https://www.acb.com/Documentos/Cabeceras/logo-competicion-1b.png","https://www.acb.com/Documentos/Cabeceras/logo-competicion-4a.png",89,2024,107,NA,NA,5852,104357,NA,NA,TRUE,4339,4339,2614,"Valencia Basket","Valencia Basket","VBC",4341,2616,"Río Breogán","Río Breogán","BRE",1,108,12000,19,38,50,19,27,70,13,15,86,41,10,51,24,7,19,19,5,0,2,16,19,150,235,-1,0,13,0,108,61,0,2347,0,47,6,38,5,53,12
2131958,1,"Liga Nacional","Liga Endesa",-402534000,NA,"https://www.acb.com/Documentos/Cabeceras/logo-competicion-1b.png","https://www.acb.com/Documentos/Cabeceras/logo-competicion-4a.png",89,2024,107,NA,NA,5852,104357,NA,NA,FALSE,4341,4339,2614,"Valencia Basket","Valencia Basket","VBC",4341,2616,"Río Breogán","Río Breogán","BRE",1,61,12000,8,27,29,14,44,31,9,12,75,16,7,23,14,10,13,4,0,5,3,19,16,35,-235,-1,11,0,0,61,108,4,0,0,0,7,22,0,26,5
2131347,1,"Liga Nacional","Liga Endesa",-402534000,NA,"https://www.acb.com/Documentos/Cabeceras/logo-competicion-1b.png","https://www.acb.com/Documentos/Cabeceras/logo-competicion-4a.png",89,2024,107,NA,NA,5852,104351,NA,NA,TRUE,4334,4334,2609,"Casademont Zaragoza","Casademont Zgz","CAZ",4345,2620,"Real Madrid","Real Madrid","RMB",1,89,12000,6,22,27,25,42,59,21,26,80,20,11,31,18,8,17,10,2,1,6,20,21,93,-75,-1,13,0,0,89,104,4,0,0,0,0,46,12,27,6
2131348,1,"Liga Nacional","Liga Endesa",-402534000,NA,"https://www.acb.com/Documentos/Cabeceras/logo-competicion-1b.png","https://www.acb.com/Documentos/Cabeceras/logo-competicion-4a.png",89,2024,107,NA,NA,5852,104351,NA,NA,FALSE,4345,4334,2609,"Casademont Zaragoza","Casademont Zgz","CAZ",4345,2620,"Real Madrid","Real Madrid","RMB",1,104,12000,17,34,50,17,29,58,19,25,76,25,10,35,23,15,15,15,1,2,2,21,19,124,75,-1,0,12,0,104,89,2,2366,0,21,15,30,7,48,9
2131404,1,"Liga Nacional","Liga Endesa",-402534000,NA,"https://www.acb.com/Documentos/Cabeceras/logo-competicion-1b.png","https://www.acb.com/Documentos/Cabeceras/logo-competicion-4a.png",89,2024,107,NA,NA,5852,104352,NA,NA,FALSE,4342,4343,2618,"Surne Bilbao Basket","Surne Bilbao","SBB",4342,2617,"Barça","Barça","BAR",1,85,12000,13,25,52,19,38,50,8,9,88,30,13,43,17,9,19,9,2,2,3,20,16,99,85,-1,0,12,0,85,68,3,2364,0,21,8,30,4,40,11
2131403,1,"Liga Nacional","Liga Endesa",-402534000,NA,"https://www.acb.com/Documentos/Cabeceras/logo-competicion-1b.png","https://www.acb.com/Documentos/Cabeceras/logo-competicion-4a.png",89,2024,107,NA,NA,5852,104352,NA,NA,TRUE,4343,4343,2618,"Surne Bilbao Basket","Surne Bilbao","SBB",4342,2617,"Barça","Barça","BAR",1,68,12000,8,32,25,16,37,43,12,14,85,17,11,28,9,15,13,16,2,2,3,17,19,62,-85,-1,13,0,0,68,85,2,0,0,0,12,30,6,33,10
2131459,1,"Liga Nacional","Liga Endesa",-402534000,NA,"https://www.acb.com/Documentos/Cabeceras/logo-competicion-1b.png","https://www.acb.com/Documentos/Cabeceras/logo-competicion-4a.png",89,2024,107,NA,NA,5852,104354,NA,NA,FALSE,4338,4347,2622,"Leyma Coruña","Leyma Coruña","COR",4338,2613,"Baskonia","Baskonia","BKN",1,105,12000,13,37,35,20,31,64,26,33,78,29,11,40,26,5,15,8,4,1,3,25,25,122,20,-1,0,13,0,105,101,5,2138,5,13,4,40,9,53,10
2131458,1,"Liga Nacional","Liga Endesa",-402534000,NA,"https://www.acb.com/Documentos/Cabeceras/logo-competicion-1b.png","https://www.acb.com/Documentos/Cabeceras/logo-competicion-4a.png",89,2024,107,NA,NA,5852,104354,NA,NA,TRUE,4347,4347,2622,"Leyma Coruña","Leyma Coruña","COR",4338,2613,"Baskonia","Baskonia","BKN",1,101,12000,14,30,46,20,40,50,19,24,79,27,9,36,25,9,14,11,2,4,1,28,23,109,-20,-1,13,0,0,101,105,5,144,5,4,13,36,10,59,12
2131430,1,"Liga Nacional","Liga Endesa",-402534000,NA,"https://www.acb.com/Documentos/Cabeceras/logo-competicion-1b.png","https://www.acb.com/Documentos/Cabeceras/logo-competicion-4a.png",89,2024,107,NA,NA,5852,104356,NA,NA,TRUE,4337,4337,2612,"Coviran Granada","Coviran Granada","COV",4331,2606,"MoraBanc Andorra","MoraBanc And","MBA",1,77,12000,11,37,29,15,31,48,14,21,66,17,13,30,19,9,12,4,0,5,0,21,20,68,-60,-1,13,0,0,77,89,5,0,0,0,3,30,7,39,10
2131431,1,"Liga Nacional","Liga Endesa",-402534000,NA,"https://www.acb.com/Documentos/Cabeceras/logo-competicion-1b.png","https://www.acb.com/Documentos/Cabeceras/logo-competicion-4a.png",89,2024,107,NA,NA,5852,104356,NA,NA,FALSE,4331,4337,2612,"Coviran Granada","Coviran Granada","COV",4331,2606,"MoraBanc Andorra","MoraBanc And","MBA",1,89,12000,8,22,36,21,32,65,23,26,88,29,8,37,17,9,17,8,5,0,2,20,21,113,60,-1,0,13,0,89,77,1,2380,0,17,9,32,4,45,11
2131207,1,"Liga Nacional","Liga Endesa",-402534000,NA,"https://www.acb.com/Documentos/Cabeceras/logo-competicion-1b.png","https://www.acb.com/Documentos/Cabeceras/logo-competicion-4a.png",89,2024,107,NA,NA,5852,104350,NA,NA,TRUE,4346,4346,2621,"Bàsquet Girona","Bàsquet Girona","GIR",4348,2623,"Hiopos Lleida","Hiopos Lleida","HIO",1,95,12000,16,47,34,15,26,57,17,20,85,26,17,43,21,7,14,4,3,1,3,24,20,105,60,-1,0,13,0,95,83,3,1601,2,14,0,26,8,58,9
2131208,1,"Liga Nacional","Liga Endesa",-402534000,NA,"https://www.acb.com/Documentos/Cabeceras/logo-competicion-1b.png","https://www.acb.com/Documentos/Cabeceras/logo-competicion-4a.png",89,2024,107,NA,NA,5852,104350,NA,NA,FALSE,4348,4346,2621,"Bàsquet Girona","Bàsquet Girona","GIR",4348,2623,"Hiopos Lleida","Hiopos Lleida","HIO",1,83,12000,10,26,38,16,37,43,21,31,67,23,15,38,15,10,15,10,1,3,1,21,24,85,-60,-1,13,0,0,83,95,5,688,1,5,7,32,13,34,8
2132975,1,"Liga Nacional","Liga Endesa",-402534000,NA,"https://www.acb.com/Documentos/Cabeceras/logo-competicion-1b.png","https://www.acb.com/Documentos/Cabeceras/logo-competicion-4a.png",89,2024,111,293,354,5869,104433,NA,NA,FALSE,4342,4332,2607,"Unicaja","Unicaja","UNI",4342,2617,"Barça","Barça","BAR",1,101,13500,7,26,26,24,41,58,32,38,84,27,10,37,13,5,12,2,5,1,2,25,30,111,20,-1,0,13,0,101,97,4,953,2,9,2,34,9,33,10
2132974,1,"Liga Nacional","Liga Endesa",-402534000,NA,"https://www.acb.com/Documentos/Cabeceras/logo-competicion-1b.png","https://www.acb.com/Documentos/Cabeceras/logo-competicion-4a.png",89,2024,111,293,354,5869,104433,NA,NA,TRUE,4332,4332,2607,"Unicaja","Unicaja","UNI",4342,2617,"Barça","Barça","BAR",1,97,13500,7,26,26,30,50,60,16,21,76,27,13,40,21,8,13,10,1,5,4,30,25,100,-20,-1,13,0,0,97,101,3,1557,2,11,2,46,12,59,10
2132809,1,"Liga Nacional","Liga Endesa",-402534000,NA,"https://www.acb.com/Documentos/Cabeceras/logo-competicion-1b.png","https://www.acb.com/Documentos/Cabeceras/logo-competicion-4a.png",89,2024,111,293,351,5869,104432,NA,NA,FALSE,4338,4345,2620,"Real Madrid","Real Madrid","RMB",4338,2613,"Baskonia","Baskonia","BKN",1,76,12000,6,22,27,20,36,55,18,22,81,28,7,35,14,14,18,10,1,2,5,23,20,81,-30,-1,13,0,0,76,82,5,1273,5,7,10,36,9,48,8
2132808,1,"Liga Nacional","Liga Endesa",-402534000,NA,"https://www.acb.com/Documentos/Cabeceras/logo-competicion-1b.png","https://www.acb.com/Documentos/Cabeceras/logo-competicion-4a.png",89,2024,111,293,351,5869,104432,NA,NA,TRUE,4345,4345,2620,"Real Madrid","Real Madrid","RMB",4338,2613,"Baskonia","Baskonia","BKN",1,82,12000,11,34,32,14,28,50,21,27,77,28,14,42,19,10,20,7,2,1,2,21,23,93,30,-1,0,13,0,82,76,4,1020,6,11,0,28,7,30,12
2132643,1,"Liga Nacional","Liga Endesa",-402534000,NA,"https://www.acb.com/Documentos/Cabeceras/logo-competicion-1b.png","https://www.acb.com/Documentos/Cabeceras/logo-competicion-4a.png",89,2024,111,293,353,5869,104437,NA,NA,FALSE,4344,4335,2605,"La Laguna Tenerife","La Laguna TFE","LLT",4344,2619,"Joventut Badalona","Joventut","JOV",1,81,12000,7,21,33,21,40,52,18,24,75,16,13,29,10,3,11,3,4,4,1,22,24,75,-75,-1,13,0,0,81,96,4,493,6,7,2,40,4,49,7
2132642,1,"Liga Nacional","Liga Endesa",-402534000,NA,"https://www.acb.com/Documentos/Cabeceras/logo-competicion-1b.png","https://www.acb.com/Documentos/Cabeceras/logo-competicion-4a.png",89,2024,111,293,353,5869,104437,NA,NA,TRUE,4335,4335,2605,"La Laguna Tenerife","La Laguna TFE","LLT",4344,2619,"Joventut Badalona","Joventut","JOV",1,96,12000,12,29,41,20,35,57,20,22,90,19,14,33,21,9,9,5,4,4,2,25,20,111,75,-1,0,13,0,96,81,1,1709,7,17,10,30,15,28,8
2132475,1,"Liga Nacional","Liga Endesa",-402534000,NA,"https://www.acb.com/Documentos/Cabeceras/logo-competicion-1b.png","https://www.acb.com/Documentos/Cabeceras/logo-competicion-4a.png",89,2024,111,293,352,5869,104436,NA,NA,TRUE,4339,4339,2614,"Valencia Basket","Valencia Basket","VBC",4336,2611,"Dreamland Gran Canaria","Dreamland GC","DGC",1,98,12000,16,35,45,18,32,56,14,20,70,27,16,43,16,7,13,8,4,2,2,21,18,111,120,-1,0,13,0,98,74,0,2232,2,36,0,36,17,55,18
2132476,1,"Liga Nacional","Liga Endesa",-402534000,NA,"https://www.acb.com/Documentos/Cabeceras/logo-competicion-1b.png","https://www.acb.com/Documentos/Cabeceras/logo-competicion-4a.png",89,2024,111,293,352,5869,104436,NA,NA,FALSE,4336,4339,2614,"Valencia Basket","Valencia Basket","VBC",4336,2611,"Dreamland Gran Canaria","Dreamland GC","DGC",1,74,12000,7,23,30,19,41,46,15,17,88,20,9,29,16,9,11,6,2,4,5,18,21,78,-120,-1,13,0,0,74,98,5,76,2,2,9,38,8,47,8
2133597,1,"Liga Nacional","Liga Endesa",-402534000,NA,"https://www.acb.com/Documentos/Cabeceras/logo-competicion-1b.png","https://www.acb.com/Documentos/Cabeceras/logo-competicion-4a.png",89,2024,111,293,351,5870,104435,NA,NA,FALSE,4345,4338,2613,"Baskonia","Baskonia","BKN",4345,2620,"Real Madrid","Real Madrid","RMB",1,112,12000,12,31,38,28,40,70,20,27,74,28,16,44,17,3,7,7,10,2,5,22,24,141,45,-1,0,13,0,112,103,3,1333,5,11,5,54,17,45,8
2133596,1,"Liga Nacional","Liga Endesa",-402534000,NA,"https://www.acb.com/Documentos/Cabeceras/logo-competicion-1b.png","https://www.acb.com/Documentos/Cabeceras/logo-competicion-4a.png",89,2024,111,293,351,5870,104435,NA,NA,TRUE,4338,4338,2613,"Baskonia","Baskonia","BKN",4345,2620,"Real Madrid","Real Madrid","RMB",1,103,12000,17,34,50,16,33,48,20,28,71,17,10,27,18,4,6,2,2,8,2,24,22,96,-45,-1,13,0,0,103,112,5,967,5,10,2,32,12,26,8
2133457,1,"Liga Nacional","Liga Endesa",-402534000,NA,"https://www.acb.com/Documentos/Cabeceras/logo-competicion-1b.png","https://www.acb.com/Documentos/Cabeceras/logo-competicion-4a.png",89,2024,111,293,354,5870,104434,NA,NA,FALSE,4332,4342,2617,"Barça","Barça","BAR",4332,2607,"Unicaja","Unicaja","UNI",1,81,12000,8,24,33,22,38,57,13,19,68,35,9,44,18,5,13,14,5,1,4,17,20,104,110,-1,0,13,0,81,59,2,2093,2,24,3,42,5,46,10
2133456,1,"Liga Nacional","Liga Endesa",-402534000,NA,"https://www.acb.com/Documentos/Cabeceras/logo-competicion-1b.png","https://www.acb.com/Documentos/Cabeceras/logo-competicion-4a.png",89,2024,111,293,354,5870,104434,NA,NA,TRUE,4342,4342,2617,"Barça","Barça","BAR",4332,2607,"Unicaja","Unicaja","UNI",1,59,12000,5,25,20,18,46,39,8,12,66,21,14,35,12,8,11,6,1,4,4,21,17,44,-110,-1,13,0,0,59,81,3,295,1,5,4,32,2,25,6
2133287,1,"Liga Nacional","Liga Endesa",-402534000,NA,"https://www.acb.com/Documentos/Cabeceras/logo-competicion-1b.png","https://www.acb.com/Documentos/Cabeceras/logo-competicion-4a.png",89,2024,111,293,352,5870,104439,NA,NA,FALSE,4339,4336,2611,"Dreamland Gran Canaria","Dreamland GC","DGC",4339,2614,"Valencia Basket","Valencia Basket","VBC",1,102,13500,15,35,42,21,41,51,15,19,78,31,15,46,17,6,11,9,4,5,1,20,20,115,40,-1,0,13,0,102,94,3,535,6,10,4,38,11,22,12
2133286,1,"Liga Nacional","Liga Endesa",-402534000,NA,"https://www.acb.com/Documentos/Cabeceras/logo-competicion-1b.png","https://www.acb.com/Documentos/Cabeceras/logo-competicion-4a.png",89,2024,111,293,352,5870,104439,NA,NA,TRUE,4336,4336,2611,"Dreamland Gran Canaria","Dreamland GC","DGC",4339,2614,"Valencia Basket","Valencia Basket","VBC",1,94,13500,12,39,30,20,36,55,18,20,90,27,11,38,19,8,7,2,5,4,1,21,20,107,-40,-1,13,0,0,94,102,6,1899,5,11,0,28,9,44,10
2133147,1,"Liga Nacional","Liga Endesa",-402534000,NA,"https://www.acb.com/Documentos/Cabeceras/logo-competicion-1b.png","https://www.acb.com/Documentos/Cabeceras/logo-competicion-4a.png",89,2024,111,293,353,5870,104438,NA,NA,FALSE,4335,4344,2619,"Joventut Badalona","Joventut","JOV",4335,2605,"La Laguna Tenerife","La Laguna TFE","LLT",1,80,12000,9,21,42,18,39,46,17,22,77,30,10,40,18,13,14,6,4,4,3,18,22,103,100,-1,0,13,0,80,60,2,1923,4,20,12,32,4,30,11
2133146,1,"Liga Nacional","Liga Endesa",-402534000,NA,"https://www.acb.com/Documentos/Cabeceras/logo-competicion-1b.png","https://www.acb.com/Documentos/Cabeceras/logo-competicion-4a.png",89,2024,111,293,353,5870,104438,NA,NA,TRUE,4344,4344,2619,"Joventut Badalona","Joventut","JOV",4335,2605,"La Laguna Tenerife","La Laguna TFE","LLT",1,60,12000,3,22,13,19,41,46,13,16,81,25,13,38,13,8,16,11,5,3,0,23,17,55,-100,-1,13,0,0,60,80,4,446,3,5,0,32,4,20,9
2133736,1,"Liga Nacional","Liga Endesa",-402534000,NA,"https://www.acb.com/Documentos/Cabeceras/logo-competicion-1b.png","https://www.acb.com/Documentos/Cabeceras/logo-competicion-4a.png",89,2024,111,293,354,5876,104445,NA,NA,TRUE,4332,4332,2607,"Unicaja","Unicaja","UNI",4342,2617,"Barça","Barça","BAR",1,97,13500,8,24,33,29,49,59,15,20,75,23,8,31,15,9,7,10,2,1,2,23,22,104,10,-1,0,13,0,97,95,3,1005,4,9,6,34,5,59,15
2133737,1,"Liga Nacional","Liga Endesa",-402534000,NA,"https://www.acb.com/Documentos/Cabeceras/logo-competicion-1b.png","https://www.acb.com/Documentos/Cabeceras/logo-competicion-4a.png",89,2024,111,293,354,5876,104445,NA,NA,FALSE,4342,4332,2607,"Unicaja","Unicaja","UNI",4342,2617,"Barça","Barça","BAR",1,95,13500,12,25,48,19,38,50,21,25,84,29,6,35,16,3,16,7,1,2,1,23,23,96,-10,-1,13,0,0,95,97,6,1330,4,11,3,24,4,27,11
2134046,1,"Liga Nacional","Liga Endesa",-402534000,NA,"https://www.acb.com/Documentos/Cabeceras/logo-competicion-1b.png","https://www.acb.com/Documentos/Cabeceras/logo-competicion-4a.png",89,2024,111,292,363,5871,104446,NA,NA,FALSE,4332,4345,2620,"Real Madrid","Real Madrid","RMB",4332,2607,"Unicaja","Unicaja","UNI",1,81,12000,9,22,40,19,41,46,16,18,88,22,10,32,20,4,14,2,3,4,3,23,20,82,-90,-1,13,0,0,81,99,2,17,0,3,2,36,5,54,6
2134045,1,"Liga Nacional","Liga Endesa",-402534000,NA,"https://www.acb.com/Documentos/Cabeceras/logo-competicion-1b.png","https://www.acb.com/Documentos/Cabeceras/logo-competicion-4a.png",89,2024,111,292,363,5871,104446,NA,NA,TRUE,4345,4345,2620,"Real Madrid","Real Madrid","RMB",4332,2607,"Unicaja","Unicaja","UNI",1,99,12000,14,31,45,18,29,62,21,28,75,25,6,31,19,12,9,2,5,3,1,20,23,122,90,-1,0,13,0,99,81,1,2174,1,25,2,30,3,51,9
2133906,1,"Liga Nacional","Liga Endesa",-402534000,NA,"https://www.acb.com/Documentos/Cabeceras/logo-competicion-1b.png","https://www.acb.com/Documentos/Cabeceras/logo-competicion-4a.png",89,2024,111,292,364,5871,104440,NA,NA,FALSE,4335,4339,2614,"Valencia Basket","Valencia Basket","VBC",4335,2605,"La Laguna Tenerife","La Laguna TFE","LLT",1,65,12000,10,30,33,12,31,38,11,16,68,23,10,33,13,8,13,10,2,3,1,18,18,61,-90,-1,13,0,0,65,83,3,148,3,6,0,22,4,22,8
2133905,1,"Liga Nacional","Liga Endesa",-402534000,NA,"https://www.acb.com/Documentos/Cabeceras/logo-competicion-1b.png","https://www.acb.com/Documentos/Cabeceras/logo-competicion-4a.png",89,2024,111,292,364,5871,104440,NA,NA,TRUE,4339,4339,2614,"Valencia Basket","Valencia Basket","VBC",4335,2605,"La Laguna Tenerife","La Laguna TFE","LLT",1,83,12000,8,25,32,23,39,58,13,16,81,31,11,42,15,6,12,8,4,2,4,18,18,100,90,-1,0,13,0,83,65,1,2162,4,18,3,46,8,41,12
2134325,1,"Liga Nacional","Liga Endesa",-402534000,NA,"https://www.acb.com/Documentos/Cabeceras/logo-competicion-1b.png","https://www.acb.com/Documentos/Cabeceras/logo-competicion-4a.png",89,2024,111,292,363,5872,104447,NA,NA,TRUE,4345,4345,2620,"Real Madrid","Real Madrid","RMB",4332,2607,"Unicaja","Unicaja","UNI",1,90,12000,13,27,48,14,27,51,23,25,92,22,4,26,13,12,17,5,2,2,0,21,20,94,75,-1,0,13,0,90,75,2,1840,3,19,4,28,6,33,11
2134326,1,"Liga Nacional","Liga Endesa",-402534000,NA,"https://www.acb.com/Documentos/Cabeceras/logo-competicion-1b.png","https://www.acb.com/Documentos/Cabeceras/logo-competicion-4a.png",89,2024,111,292,363,5872,104447,NA,NA,FALSE,4332,4345,2620,"Real Madrid","Real Madrid","RMB",4332,2607,"Unicaja","Unicaja","UNI",1,75,12000,5,25,20,25,38,65,10,16,62,24,11,35,14,11,22,9,2,2,1,24,20,70,-75,-1,13,0,0,75,90,2,460,2,6,7,38,2,34,10
2134186,1,"Liga Nacional","Liga Endesa",-402534000,NA,"https://www.acb.com/Documentos/Cabeceras/logo-competicion-1b.png","https://www.acb.com/Documentos/Cabeceras/logo-competicion-4a.png",89,2024,111,292,364,5872,104441,NA,NA,FALSE,4335,4339,2614,"Valencia Basket","Valencia Basket","VBC",4335,2605,"La Laguna Tenerife","La Laguna TFE","LLT",1,74,12000,14,30,46,11,36,30,10,13,76,24,8,32,17,7,13,10,0,8,3,22,20,63,-155,-1,13,0,0,74,105,3,217,0,5,10,22,2,30,7
2134185,1,"Liga Nacional","Liga Endesa",-402534000,NA,"https://www.acb.com/Documentos/Cabeceras/logo-competicion-1b.png","https://www.acb.com/Documentos/Cabeceras/logo-competicion-4a.png",89,2024,111,292,364,5872,104441,NA,NA,TRUE,4339,4339,2614,"Valencia Basket","Valencia Basket","VBC",4335,2605,"La Laguna Tenerife","La Laguna TFE","LLT",1,105,12000,16,35,45,20,36,55,17,20,85,34,12,46,21,6,11,10,8,0,5,20,21,138,155,-1,0,13,0,105,74,1,2079,1,31,4,36,11,62,15
2134607,1,"Liga Nacional","Liga Endesa",-402534000,NA,"https://www.acb.com/Documentos/Cabeceras/logo-competicion-1b.png","https://www.acb.com/Documentos/Cabeceras/logo-competicion-4a.png",89,2024,111,292,363,5873,104448,NA,NA,FALSE,4345,4332,2607,"Unicaja","Unicaja","UNI",4345,2620,"Real Madrid","Real Madrid","RMB",1,84,12000,8,25,32,21,36,58,18,20,90,29,12,41,11,3,15,0,4,0,4,22,19,91,-10,-1,13,0,0,84,86,4,23,2,2,0,40,15,31,13
2134606,1,"Liga Nacional","Liga Endesa",-402534000,NA,"https://www.acb.com/Documentos/Cabeceras/logo-competicion-1b.png","https://www.acb.com/Documentos/Cabeceras/logo-competicion-4a.png",89,2024,111,292,363,5873,104448,NA,NA,TRUE,4332,4332,2607,"Unicaja","Unicaja","UNI",4345,2620,"Real Madrid","Real Madrid","RMB",1,86,12000,6,19,31,28,48,58,12,14,85,19,6,25,18,5,6,15,0,3,2,20,21,91,10,-1,0,13,0,86,84,4,2252,2,19,3,48,2,56,9
2134467,1,"Liga Nacional","Liga Endesa",-402534000,NA,"https://www.acb.com/Documentos/Cabeceras/logo-competicion-1b.png","https://www.acb.com/Documentos/Cabeceras/logo-competicion-4a.png",89,2024,111,292,364,5873,104442,NA,NA,FALSE,4339,4335,2605,"La Laguna Tenerife","La Laguna TFE","LLT",4339,2614,"Valencia Basket","Valencia Basket","VBC",1,94,12000,9,24,37,22,36,61,23,27,85,26,10,36,16,6,11,2,6,0,1,21,25,118,35,-1,0,13,0,94,87,2,1019,1,14,4,32,2,34,11
2134466,1,"Liga Nacional","Liga Endesa",-402534000,NA,"https://www.acb.com/Documentos/Cabeceras/logo-competicion-1b.png","https://www.acb.com/Documentos/Cabeceras/logo-competicion-4a.png",89,2024,111,292,364,5873,104442,NA,NA,TRUE,4335,4335,2605,"La Laguna Tenerife","La Laguna TFE","LLT",4339,2614,"Valencia Basket","Valencia Basket","VBC",1,87,12000,6,24,25,24,40,60,21,26,80,19,11,30,15,3,11,5,0,6,1,25,21,75,-35,-1,13,0,0,87,94,3,1332,1,14,2,38,7,35,7
2134747,1,"Liga Nacional","Liga Endesa",-402534000,NA,"https://www.acb.com/Documentos/Cabeceras/logo-competicion-1b.png","https://www.acb.com/Documentos/Cabeceras/logo-competicion-4a.png",89,2024,111,292,363,5874,104449,NA,NA,FALSE,4345,4332,2607,"Unicaja","Unicaja","UNI",4345,2620,"Real Madrid","Real Madrid","RMB",1,86,12000,8,29,27,21,39,53,20,22,90,32,14,46,10,5,12,4,3,2,2,16,24,103,35,-1,0,13,0,86,79,2,396,2,7,2,38,17,35,7
2134746,1,"Liga Nacional","Liga Endesa",-402534000,NA,"https://www.acb.com/Documentos/Cabeceras/logo-competicion-1b.png","https://www.acb.com/Documentos/Cabeceras/logo-competicion-4a.png",89,2024,111,292,363,5874,104449,NA,NA,TRUE,4332,4332,2607,"Unicaja","Unicaja","UNI",4345,2620,"Real Madrid","Real Madrid","RMB",1,79,12000,11,32,34,19,40,47,8,11,72,22,10,32,14,5,6,11,2,3,1,24,16,70,-35,-1,13,0,0,79,86,4,1797,1,12,0,30,11,45,9
2134886,1,"Liga Nacional","Liga Endesa",-402534000,NA,"https://www.acb.com/Documentos/Cabeceras/logo-competicion-1b.png","https://www.acb.com/Documentos/Cabeceras/logo-competicion-4a.png",89,2024,111,291,372,5877,104451,NA,NA,TRUE,4345,4345,2620,"Real Madrid","Real Madrid","RMB",4339,2614,"Valencia Basket","Valencia Basket","VBC",1,89,12000,10,33,30,25,42,59,9,12,75,29,13,42,13,6,6,8,5,2,3,14,19,109,70,-1,0,13,0,89,75,1,1775,3,18,2,46,5,50,11
2134887,1,"Liga Nacional","Liga Endesa",-402534000,NA,"https://www.acb.com/Documentos/Cabeceras/logo-competicion-1b.png","https://www.acb.com/Documentos/Cabeceras/logo-competicion-4a.png",89,2024,111,291,372,5877,104451,NA,NA,FALSE,4339,4345,2620,"Real Madrid","Real Madrid","RMB",4339,2614,"Valencia Basket","Valencia Basket","VBC",1,75,12000,11,35,31,17,36,47,8,9,88,27,13,40,12,1,11,5,2,5,2,19,14,65,-70,-1,13,0,0,75,89,4,524,3,7,0,26,9,35,9
2135027,1,"Liga Nacional","Liga Endesa",-402534000,NA,"https://www.acb.com/Documentos/Cabeceras/logo-competicion-1b.png","https://www.acb.com/Documentos/Cabeceras/logo-competicion-4a.png",89,2024,111,291,372,5878,104452,NA,NA,FALSE,4339,4345,2620,"Real Madrid","Real Madrid","RMB",4339,2614,"Valencia Basket","Valencia Basket","VBC",1,96,13500,18,43,41,17,31,54,8,10,80,28,9,37,20,2,10,23,3,4,1,20,16,99,-30,-1,13,0,0,96,102,4,1314,5,9,6,30,4,53,11
2135026,1,"Liga Nacional","Liga Endesa",-402534000,NA,"https://www.acb.com/Documentos/Cabeceras/logo-competicion-1b.png","https://www.acb.com/Documentos/Cabeceras/logo-competicion-4a.png",89,2024,111,291,372,5878,104452,NA,NA,TRUE,4345,4345,2620,"Real Madrid","Real Madrid","RMB",4339,2614,"Valencia Basket","Valencia Basket","VBC",1,102,13500,11,37,29,31,47,65,7,9,77,25,14,39,16,6,3,2,4,3,2,16,20,121,30,-1,0,13,0,102,96,3,1173,5,11,2,58,13,48,9
2135195,1,"Liga Nacional","Liga Endesa",-402534000,NA,"https://www.acb.com/Documentos/Cabeceras/logo-competicion-1b.png","https://www.acb.com/Documentos/Cabeceras/logo-competicion-4a.png",89,2024,111,291,372,5879,104453,NA,NA,FALSE,4345,4339,2614,"Valencia Basket","Valencia Basket","VBC",4345,2620,"Real Madrid","Real Madrid","RMB",1,81,12000,7,19,36,22,41,53,16,22,72,33,6,39,19,8,10,11,9,1,2,22,19,105,55,-1,0,13,0,81,70,2,2004,4,16,4,44,4,37,15
2135194,1,"Liga Nacional","Liga Endesa",-402534000,NA,"https://www.acb.com/Documentos/Cabeceras/logo-competicion-1b.png","https://www.acb.com/Documentos/Cabeceras/logo-competicion-4a.png",89,2024,111,291,372,5879,104453,NA,NA,TRUE,4339,4339,2614,"Valencia Basket","Valencia Basket","VBC",4345,2620,"Real Madrid","Real Madrid","RMB",1,70,12000,8,40,20,16,36,44,14,17,82,25,20,45,14,2,12,12,1,9,5,21,21,56,-55,-1,13,0,0,70,81,2,276,3,3,4,30,11,43,7
2112893,2,"Copa de España","Copa del Rey",-1142812800,NA,"https://static.acb.com/img/d/15/9/27868934009.png","https://static.acb.com/img/d/15/9/27868934009.png",89,2024,103,293,354,5861,104402,NA,NA,TRUE,4382,4382,2611,"Dreamland Gran Canaria","Dreamland GC","DGC",4383,2614,"Valencia Basket","Valencia Basket","VBC",1,79,12000,6,34,17,26,37,70,9,12,75,25,8,33,20,12,7,14,3,2,4,18,19,97,70,-1,0,13,0,79,65,2,2141,3,17,9,50,6,26,7
2112894,2,"Copa de España","Copa del Rey",-1142812800,NA,"https://static.acb.com/img/d/15/9/27868934009.png","https://static.acb.com/img/d/15/9/27868934009.png",89,2024,103,293,354,5861,104402,NA,NA,FALSE,4383,4382,2611,"Dreamland Gran Canaria","Dreamland GC","DGC",4383,2614,"Valencia Basket","Valencia Basket","VBC",1,65,12000,10,31,32,11,24,45,13,17,76,28,9,37,11,2,17,2,2,3,0,20,18,57,-70,-1,13,0,0,65,79,3,124,2,3,0,22,3,28,5
2112702,2,"Copa de España","Copa del Rey",-1142812800,NA,"https://static.acb.com/img/d/15/9/27868934009.png","https://static.acb.com/img/d/15/9/27868934009.png",89,2024,103,293,353,5861,104401,NA,NA,FALSE,4381,4376,2625,"Real Madrid","Real Madrid","RMB",4381,2615,"BAXI Manresa","BAXI Manresa","BAX",1,69,12000,4,26,15,17,40,42,23,26,88,22,11,33,18,5,14,11,1,6,3,27,22,53,-115,-1,13,0,0,69,92,5,75,2,3,7,26,0,36,10
2112701,2,"Copa de España","Copa del Rey",-1142812800,NA,"https://static.acb.com/img/d/15/9/27868934009.png","https://static.acb.com/img/d/15/9/27868934009.png",89,2024,103,293,353,5861,104401,NA,NA,TRUE,4376,4376,2625,"Real Madrid","Real Madrid","RMB",4381,2615,"BAXI Manresa","BAXI Manresa","BAX",1,92,12000,9,29,31,23,32,71,19,25,76,34,6,40,15,9,15,15,7,0,2,23,27,117,115,-1,0,13,0,92,69,2,2170,2,25,4,46,9,56,7
2111921,2,"Copa de España","Copa del Rey",-1142812800,NA,"https://static.acb.com/img/d/15/9/27868934009.png","https://static.acb.com/img/d/15/9/27868934009.png",89,2024,103,293,352,5861,104400,NA,NA,TRUE,4379,4379,2610,"La Laguna Tenerife","La Laguna TFE","LLT",4380,2617,"Barça","Barça","BAR",1,91,12000,10,24,41,21,32,65,19,22,86,18,7,25,24,7,8,2,1,2,4,18,25,117,25,-1,0,13,0,91,86,3,404,8,7,2,28,7,37,9
2111922,2,"Copa de España","Copa del Rey",-1142812800,NA,"https://static.acb.com/img/d/15/9/27868934009.png","https://static.acb.com/img/d/15/9/27868934009.png",89,2024,103,293,352,5861,104400,NA,NA,FALSE,4380,4379,2610,"La Laguna Tenerife","La Laguna TFE","LLT",4380,2617,"Barça","Barça","BAR",1,86,12000,12,25,48,20,33,60,10,15,66,18,10,28,18,3,12,10,2,1,0,25,17,85,-25,-1,13,0,0,86,91,3,1784,8,12,0,28,14,36,8
2111729,2,"Copa de España","Copa del Rey",-1142812800,NA,"https://static.acb.com/img/d/15/9/27868934009.png","https://static.acb.com/img/d/15/9/27868934009.png",89,2024,103,293,351,5861,104399,NA,NA,TRUE,4377,4377,2607,"Unicaja","Unicaja","UNI",4378,2503,"Joventut Badalona","Joventut","JOV",1,100,12000,9,28,32,32,46,69,9,17,52,23,12,35,28,12,3,21,2,4,4,23,20,126,85,-1,0,13,0,100,83,1,1978,4,20,4,50,9,56,9
2111730,2,"Copa de España","Copa del Rey",-1142812800,NA,"https://static.acb.com/img/d/15/9/27868934009.png","https://static.acb.com/img/d/15/9/27868934009.png",89,2024,103,293,351,5861,104399,NA,NA,FALSE,4378,4377,2607,"Unicaja","Unicaja","UNI",4378,2503,"Joventut Badalona","Joventut","JOV",1,83,12000,14,27,51,13,29,44,15,25,60,25,7,32,13,2,12,0,4,2,1,20,23,84,-85,-1,13,0,0,83,100,5,154,4,5,0,24,8,25,6
2113821,2,"Copa de España","Copa del Rey",-1142812800,NA,"https://static.acb.com/img/d/15/9/27868934009.png","https://static.acb.com/img/d/15/9/27868934009.png",89,2024,103,292,362,5862,104404,NA,NA,FALSE,4376,4382,2611,"Dreamland Gran Canaria","Dreamland GC","DGC",4376,2625,"Real Madrid","Real Madrid","RMB",1,80,12000,9,27,33,18,27,66,17,26,65,29,8,37,16,12,11,6,5,3,3,26,19,93,85,-1,0,13,0,80,63,3,1069,2,22,4,34,5,42,13
2113820,2,"Copa de España","Copa del Rey",-1142812800,NA,"https://static.acb.com/img/d/15/9/27868934009.png","https://static.acb.com/img/d/15/9/27868934009.png",89,2024,103,292,362,5862,104404,NA,NA,TRUE,4382,4382,2611,"Dreamland Gran Canaria","Dreamland GC","DGC",4376,2625,"Real Madrid","Real Madrid","RMB",1,63,12000,5,22,22,16,38,42,16,25,64,20,13,33,10,3,12,6,3,5,2,19,26,54,-85,-1,13,0,0,63,80,5,1176,1,14,4,22,4,37,9
2113681,2,"Copa de España","Copa del Rey",-1142812800,NA,"https://static.acb.com/img/d/15/9/27868934009.png","https://static.acb.com/img/d/15/9/27868934009.png",89,2024,103,292,361,5862,104403,NA,NA,FALSE,4379,4377,2607,"Unicaja","Unicaja","UNI",4379,2610,"La Laguna Tenerife","La Laguna TFE","LLT",1,83,12000,11,36,30,17,25,68,16,23,69,23,11,34,23,5,15,3,3,3,1,25,25,90,-35,-1,13,0,0,83,90,4,426,4,5,3,30,8,27,11
2113680,2,"Copa de España","Copa del Rey",-1142812800,NA,"https://static.acb.com/img/d/15/9/27868934009.png","https://static.acb.com/img/d/15/9/27868934009.png",89,2024,103,292,361,5862,104403,NA,NA,TRUE,4377,4377,2607,"Unicaja","Unicaja","UNI",4379,2610,"La Laguna Tenerife","La Laguna TFE","LLT",1,90,12000,7,23,30,24,44,54,21,26,80,22,12,34,19,9,10,11,3,3,4,25,25,101,35,-1,0,13,0,90,83,3,1776,4,15,7,42,9,51,7
2114295,2,"Copa de España","Copa del Rey",-1142812800,NA,"https://static.acb.com/img/d/15/9/27868934009.png","https://static.acb.com/img/d/15/9/27868934009.png",89,2024,103,291,371,5863,104405,NA,NA,FALSE,4376,4377,2607,"Unicaja","Unicaja","UNI",4376,2625,"Real Madrid","Real Madrid","RMB",1,79,12000,10,29,34,12,28,42,25,34,73,29,12,41,10,3,17,9,4,3,1,21,27,79,-70,-1,13,0,0,79,93,4,18,1,1,0,24,5,42,7
2114294,2,"Copa de España","Copa del Rey",-1142812800,NA,"https://static.acb.com/img/d/15/9/27868934009.png","https://static.acb.com/img/d/15/9/27868934009.png",89,2024,103,291,371,5863,104405,NA,NA,TRUE,4377,4377,2607,"Unicaja","Unicaja","UNI",4376,2625,"Real Madrid","Real Madrid","RMB",1,93,12000,13,29,44,17,38,44,20,23,86,24,8,32,14,10,6,4,3,4,2,27,20,95,70,-1,0,13,0,93,79,1,2175,1,18,0,24,6,30,9
2079692,3,"Supercopa","Supercopa Endesa",477108000,NA,"https://static.acb.com/img/14/39/3/27868634006.png","https://static.acb.com/img/1c/1a/3d/27940034120.png",89,2024,103,292,352,5853,104359,NA,NA,TRUE,4351,4351,2626,"UCAM Murcia","UCAM Murcia","UCM",4352,2627,"Unicaja","Unicaja","UNI",1,78,12000,8,25,32,17,30,56,20,27,74,22,8,30,14,8,16,15,3,0,0,20,24,84,-30,-1,13,0,0,78,84,4,513,6,5,2,32,6,43,9
2079693,3,"Supercopa","Supercopa Endesa",477108000,NA,"https://static.acb.com/img/14/39/3/27868634006.png","https://static.acb.com/img/1c/1a/3d/27940034120.png",89,2024,103,292,352,5853,104359,NA,NA,FALSE,4352,4351,2626,"UCAM Murcia","UCAM Murcia","UCM",4352,2627,"Unicaja","Unicaja","UNI",1,84,12000,7,23,30,24,46,52,15,21,71,23,15,38,13,8,12,22,0,3,3,24,20,80,30,-1,0,13,0,84,78,2,1404,6,12,14,42,10,35,9
2079501,3,"Supercopa","Supercopa Endesa",477108000,NA,"https://static.acb.com/img/14/39/3/27868634006.png","https://static.acb.com/img/1c/1a/3d/27940034120.png",89,2024,103,292,351,5853,104358,NA,NA,FALSE,4350,4349,2625,"Real Madrid","Real Madrid","RMB",4350,2624,"Barça","Barça","BAR",1,83,12000,11,24,45,20,45,44,10,13,76,32,9,41,16,6,12,16,2,8,4,28,19,78,-30,-1,13,0,0,83,89,5,431,2,6,4,32,4,38,8
2079500,3,"Supercopa","Supercopa Endesa",477108000,NA,"https://static.acb.com/img/14/39/3/27868634006.png","https://static.acb.com/img/1c/1a/3d/27940034120.png",89,2024,103,292,351,5853,104358,NA,NA,TRUE,4349,4349,2625,"Real Madrid","Real Madrid","RMB",4350,2624,"Barça","Barça","BAR",1,89,12000,10,34,29,18,36,50,23,31,74,29,13,42,12,7,9,7,8,2,1,19,28,106,30,-1,0,13,0,89,83,5,1593,3,12,2,36,6,31,8
2079843,3,"Supercopa","Supercopa Endesa",477108000,NA,"https://static.acb.com/img/14/39/3/27868634006.png","https://static.acb.com/img/1c/1a/3d/27940034120.png",89,2024,103,291,361,5854,104360,NA,NA,FALSE,4352,4349,2625,"Real Madrid","Real Madrid","RMB",4352,2627,"Unicaja","Unicaja","UNI",1,90,12000,11,28,39,26,46,56,5,8,62,27,14,41,21,6,13,11,2,4,3,27,17,93,50,-1,0,13,0,90,80,2,2390,0,17,9,48,11,26,12
2079842,3,"Supercopa","Supercopa Endesa",477108000,NA,"https://static.acb.com/img/14/39/3/27868634006.png","https://static.acb.com/img/1c/1a/3d/27940034120.png",89,2024,103,291,361,5854,104360,NA,NA,TRUE,4349,4349,2625,"Real Madrid","Real Madrid","RMB",4352,2627,"Unicaja","Unicaja","UNI",1,80,12000,7,26,26,17,36,47,25,31,80,24,13,37,11,6,13,6,4,2,1,18,25,86,-50,-1,13,0,0,80,90,4,0,0,0,3,34,10,38,13
