"id","id_competition","competition_name","competition_official_name","competition_initial_date","competition_final_date","competition_url_image","competition_url_image_negative","id_edition","edition_year","id_phase","id_subphase","id_round","id_matchweek","id_match","period","id_edition_license_team","is_local","id_team","id_local_team","local_team_id_team_denomination","local_team_team_actual_name","local_team_team_actual_short_name","local_team_team_abbrev_name","id_visitor_team","visitor_team_id_team_denomination","visitor_team_team_actual_name","visitor_team_team_actual_short_name","visitor_team_team_abbrev_name","match_number","points","time_played","3pt_success","3pt_tried","3pt_percentage","2pt_success","2pt_tried","2pt_percentage","1pt_success","1pt_tried","1pt_percentage","defensive_rebound","offensive_rebound","total_rebound","asis","steals","turnovers","counter_attack","blocks","received_blocks","dunks","personal_fouls","received_fouls","val","differential","tournament_number2","defeats","victories","tie","team_score","rival_team_score","timeouts","time_as_leader","leader_changes","maximun_difference","points_after_steal","points_in_the_paint","second_opportinity_points","bench_points","best_streak"
2026230,1,"Liga Nacional","Liga Endesa",-402534000,NA,"https://www.acb.com/Documentos/Cabeceras/logo-competicion-1b.png","https://www.acb.com/Documentos/Cabeceras/logo-competicion-4a.png",88,2023,107,NA,NA,5669,103789,NA,NA,TRUE,4238,4238,2511,"Barça","Barça","BAR",4230,2503,"Joventut Badalona","Joventut","JOV",1,95,12000,15,26,57,21,33,63,8,13,61,24,3,27,20,7,10,7,4,1,3,25,20,109,80,-1,0,13,0,95,79,3,2072,5,16,5,36,4,53,10
2026231,1,"Liga Nacional","Liga Endesa",-402534000,NA,"https://www.acb.com/Documentos/Cabeceras/logo-competicion-1b.png","https://www.acb.com/Documentos/Cabeceras/logo-competicion-4a.png",88,2023,107,NA,NA,5669,103789,NA,NA,FALSE,4230,4238,2511,"Barça","Barça","BAR",4230,2503,"Joventut Badalona","Joventut","JOV",1,79,12000,4,18,22,23,46,50,21,22,95,19,12,31,11,8,10,4,1,4,2,20,25,83,-80,-1,13,0,0,79,95,4,195,4,2,0,42,6,36,6
2025903,1,"Liga Nacional","Liga Endesa",-402534000,NA,"https://www.acb.com/Documentos/Cabeceras/logo-competicion-1b.png","https://www.acb.com/Documentos/Cabeceras/logo-competicion-4a.png",88,2023,107,NA,NA,5669,103779,NA,NA,FALSE,4240,4225,2498,"Surne Bilbao Basket","Surne Bilbao","SBB",4240,2513,"MoraBanc Andorra","MoraBanc And","MBA",1,73,12000,8,31,25,18,32,56,13,17,76,23,13,36,9,10,22,4,3,3,1,18,19,66,-110,-1,13,0,0,73,95,5,24,2,2,9,30,11,47,6
2025902,1,"Liga Nacional","Liga Endesa",-402534000,NA,"https://www.acb.com/Documentos/Cabeceras/logo-competicion-1b.png","https://www.acb.com/Documentos/Cabeceras/logo-competicion-4a.png",88,2023,107,NA,NA,5669,103779,NA,NA,TRUE,4225,4225,2498,"Surne Bilbao Basket","Surne Bilbao","SBB",4240,2513,"MoraBanc Andorra","MoraBanc And","MBA",1,95,12000,10,20,50,27,48,56,11,17,64,23,10,33,23,15,13,14,4,2,6,19,17,116,110,-1,0,13,0,95,73,2,2250,2,28,17,48,4,53,12
2025983,1,"Liga Nacional","Liga Endesa",-402534000,NA,"https://www.acb.com/Documentos/Cabeceras/logo-competicion-1b.png","https://www.acb.com/Documentos/Cabeceras/logo-competicion-4a.png",88,2023,107,NA,NA,5669,103781,NA,NA,FALSE,4233,4237,2510,"Río Breogán","Río Breogán","BRE",4233,2506,"Baskonia","Baskonia","BKN",1,88,12000,9,17,52,22,36,61,17,23,73,30,6,36,16,6,15,8,3,2,2,21,19,102,45,-1,0,13,0,88,79,3,2388,0,18,11,40,8,24,9
2025982,1,"Liga Nacional","Liga Endesa",-402534000,NA,"https://www.acb.com/Documentos/Cabeceras/logo-competicion-1b.png","https://www.acb.com/Documentos/Cabeceras/logo-competicion-4a.png",88,2023,107,NA,NA,5669,103781,NA,NA,TRUE,4237,4237,2510,"Río Breogán","Río Breogán","BRE",4233,2506,"Baskonia","Baskonia","BKN",1,79,12000,8,32,25,21,39,53,13,20,65,19,16,35,18,8,8,13,4,3,0,19,20,85,-45,-1,13,0,0,79,88,4,0,0,0,6,38,11,42,10
2025626,1,"Liga Nacional","Liga Endesa",-402534000,NA,"https://www.acb.com/Documentos/Cabeceras/logo-competicion-1b.png","https://www.acb.com/Documentos/Cabeceras/logo-competicion-4a.png",88,2023,107,NA,NA,5669,103778,NA,NA,TRUE,4229,4229,2502,"Dreamland Gran Canaria","Dreamland GC","DGC",4232,2505,"BAXI Manresa","BAXI Manresa","BAX",1,97,12000,8,24,33,23,36,63,27,32,84,27,7,34,19,7,14,6,4,2,1,19,25,117,25,-1,0,13,0,97,92,3,859,1,14,4,40,4,36,8
2025627,1,"Liga Nacional","Liga Endesa",-402534000,NA,"https://www.acb.com/Documentos/Cabeceras/logo-competicion-1b.png","https://www.acb.com/Documentos/Cabeceras/logo-competicion-4a.png",88,2023,107,NA,NA,5669,103778,NA,NA,FALSE,4232,4229,2502,"Dreamland Gran Canaria","Dreamland GC","DGC",4232,2505,"BAXI Manresa","BAXI Manresa","BAX",1,92,12000,11,24,45,22,46,47,15,18,83,22,9,31,23,7,10,13,2,4,1,25,18,94,-25,-1,13,0,0,92,97,3,1442,0,12,9,34,10,45,10
2025518,1,"Liga Nacional","Liga Endesa",-402534000,NA,"https://www.acb.com/Documentos/Cabeceras/logo-competicion-1b.png","https://www.acb.com/Documentos/Cabeceras/logo-competicion-4a.png",88,2023,107,NA,NA,5669,103777,NA,NA,TRUE,4239,4239,2512,"Real Madrid","Real Madrid","RMB",4234,2507,"Casademont Zaragoza","Casademont Zgz","CAZ",1,101,12000,10,23,43,27,42,64,17,18,94,26,9,35,23,10,13,13,11,3,7,13,19,141,155,-1,0,13,0,101,70,0,2323,0,37,11,50,7,49,18
2025519,1,"Liga Nacional","Liga Endesa",-402534000,NA,"https://www.acb.com/Documentos/Cabeceras/logo-competicion-1b.png","https://www.acb.com/Documentos/Cabeceras/logo-competicion-4a.png",88,2023,107,NA,NA,5669,103777,NA,NA,FALSE,4234,4239,2512,"Real Madrid","Real Madrid","RMB",4234,2507,"Casademont Zaragoza","Casademont Zgz","CAZ",1,70,12000,5,19,26,24,54,44,7,9,77,17,17,34,11,9,16,8,3,10,1,20,12,47,-155,-1,13,0,0,70,101,4,0,0,0,8,38,18,32,10
2025134,1,"Liga Nacional","Liga Endesa",-402534000,NA,"https://www.acb.com/Documentos/Cabeceras/logo-competicion-1b.png","https://www.acb.com/Documentos/Cabeceras/logo-competicion-4a.png",88,2023,107,NA,NA,5669,103775,NA,NA,TRUE,4226,4226,2499,"Monbus Obradoiro","Monbus Obra","MOB",4241,2514,"Zunder Palencia","Zunder Palencia","ZPA",1,84,12000,10,22,45,21,40,52,12,17,70,26,5,31,18,10,6,12,1,3,2,18,20,101,100,-1,0,13,0,84,64,3,2345,1,27,16,32,6,31,10
2025135,1,"Liga Nacional","Liga Endesa",-402534000,NA,"https://www.acb.com/Documentos/Cabeceras/logo-competicion-1b.png","https://www.acb.com/Documentos/Cabeceras/logo-competicion-4a.png",88,2023,107,NA,NA,5669,103775,NA,NA,FALSE,4241,4226,2499,"Monbus Obradoiro","Monbus Obra","MOB",4241,2514,"Zunder Palencia","Zunder Palencia","ZPA",1,64,12000,8,26,30,14,31,45,12,18,66,25,11,36,14,2,17,2,3,1,1,20,18,58,-100,-1,13,0,0,64,84,4,0,0,2,2,20,2,38,10
2025215,1,"Liga Nacional","Liga Endesa",-402534000,NA,"https://www.acb.com/Documentos/Cabeceras/logo-competicion-1b.png","https://www.acb.com/Documentos/Cabeceras/logo-competicion-4a.png",88,2023,107,NA,NA,5669,103776,NA,NA,FALSE,4231,4224,2497,"Unicaja","Unicaja","UNI",4231,2605,"Lenovo Tenerife","Lenovo Tenerife","LNT",1,75,12000,9,23,39,13,27,48,22,29,75,23,8,31,16,5,18,2,2,1,2,23,25,77,-115,-1,13,0,0,75,98,3,297,6,3,8,26,5,44,7
2025214,1,"Liga Nacional","Liga Endesa",-402534000,NA,"https://www.acb.com/Documentos/Cabeceras/logo-competicion-1b.png","https://www.acb.com/Documentos/Cabeceras/logo-competicion-4a.png",88,2023,107,NA,NA,5669,103776,NA,NA,TRUE,4224,4224,2497,"Unicaja","Unicaja","UNI",4231,2605,"Lenovo Tenerife","Lenovo Tenerife","LNT",1,98,12000,14,30,46,20,35,57,16,18,88,22,8,30,13,12,9,10,1,2,3,26,23,107,115,-1,0,13,0,98,75,1,1944,6,23,13,30,2,47,10
2024774,1,"Liga Nacional","Liga Endesa",-402534000,NA,"https://www.acb.com/Documentos/Cabeceras/logo-competicion-1b.png","https://www.acb.com/Documentos/Cabeceras/logo-competicion-4a.png",88,2023,107,NA,NA,5669,103773,NA,NA,TRUE,4228,4228,2501,"Valencia Basket","Valencia Basket","VBC",4236,2509,"Bàsquet Girona","Bàsquet Girona","GIR",1,85,12000,8,29,27,22,32,68,17,20,85,20,7,27,16,12,17,13,3,3,3,21,20,88,-20,-1,13,0,0,85,89,4,251,9,5,20,38,4,46,7
2024775,1,"Liga Nacional","Liga Endesa",-402534000,NA,"https://www.acb.com/Documentos/Cabeceras/logo-competicion-1b.png","https://www.acb.com/Documentos/Cabeceras/logo-competicion-4a.png",88,2023,107,NA,NA,5669,103773,NA,NA,FALSE,4236,4228,2501,"Valencia Basket","Valencia Basket","VBC",4236,2509,"Bàsquet Girona","Bàsquet Girona","GIR",1,89,12000,11,26,42,20,35,57,16,19,84,22,10,32,21,9,18,4,3,2,2,20,21,102,20,-1,0,13,0,89,85,5,1450,9,10,13,32,4,42,10
2024694,1,"Liga Nacional","Liga Endesa",-402534000,NA,"https://www.acb.com/Documentos/Cabeceras/logo-competicion-1b.png","https://www.acb.com/Documentos/Cabeceras/logo-competicion-4a.png",88,2023,107,NA,NA,5669,103774,NA,NA,TRUE,4227,4227,2500,"Coviran Granada","Coviran Granada","COV",4235,2508,"UCAM Murcia","UCAM Murcia","UCM",1,101,15000,14,38,36,16,40,40,27,30,90,24,17,41,21,7,16,7,3,5,2,26,27,102,-15,-1,13,0,0,101,104,4,1711,8,8,7,30,8,22,9
2024695,1,"Liga Nacional","Liga Endesa",-402534000,NA,"https://www.acb.com/Documentos/Cabeceras/logo-competicion-1b.png","https://www.acb.com/Documentos/Cabeceras/logo-competicion-4a.png",88,2023,107,NA,NA,5669,103774,NA,NA,FALSE,4235,4227,2500,"Coviran Granada","Coviran Granada","COV",4235,2508,"UCAM Murcia","UCAM Murcia","UCM",1,104,15000,8,26,30,31,53,58,18,22,81,29,14,43,14,7,13,12,5,3,1,28,25,110,15,-1,0,13,0,104,101,4,751,8,7,4,58,14,31,8
2028728,1,"Liga Nacional","Liga Endesa",-402534000,NA,"https://www.acb.com/Documentos/Cabeceras/logo-competicion-1b.png","https://www.acb.com/Documentos/Cabeceras/logo-competicion-4a.png",88,2023,107,NA,NA,5668,103772,NA,NA,TRUE,4226,4226,2499,"Monbus Obradoiro","Monbus Obra","MOB",4225,2498,"Surne Bilbao Basket","Surne Bilbao","SBB",1,77,12000,8,29,27,17,42,40,19,23,82,21,19,40,14,9,12,9,1,4,0,19,20,76,-5,-1,13,0,0,77,78,3,1358,6,7,15,28,8,27,6
2028729,1,"Liga Nacional","Liga Endesa",-402534000,NA,"https://www.acb.com/Documentos/Cabeceras/logo-competicion-1b.png","https://www.acb.com/Documentos/Cabeceras/logo-competicion-4a.png",88,2023,107,NA,NA,5668,103772,NA,NA,FALSE,4225,4226,2499,"Monbus Obradoiro","Monbus Obra","MOB",4225,2498,"Surne Bilbao Basket","Surne Bilbao","SBB",1,78,12000,6,23,26,24,41,58,12,18,66,27,15,42,17,6,13,11,4,1,4,21,18,90,5,-1,0,13,0,78,77,1,686,7,5,7,44,7,32,5
2027335,1,"Liga Nacional","Liga Endesa",-402534000,NA,"https://www.acb.com/Documentos/Cabeceras/logo-competicion-1b.png","https://www.acb.com/Documentos/Cabeceras/logo-competicion-4a.png",88,2023,107,NA,NA,5668,103771,NA,NA,FALSE,4239,4232,2505,"BAXI Manresa","BAXI Manresa","BAX",4239,2512,"Real Madrid","Real Madrid","RMB",1,94,12000,15,36,41,16,28,57,17,21,80,22,9,31,21,12,14,8,4,7,1,20,20,104,30,-1,0,13,0,94,88,1,1502,6,11,13,32,10,35,10
2027334,1,"Liga Nacional","Liga Endesa",-402534000,NA,"https://www.acb.com/Documentos/Cabeceras/logo-competicion-1b.png","https://www.acb.com/Documentos/Cabeceras/logo-competicion-4a.png",88,2023,107,NA,NA,5668,103771,NA,NA,TRUE,4232,4232,2505,"BAXI Manresa","BAXI Manresa","BAX",4239,2512,"Real Madrid","Real Madrid","RMB",1,88,12000,11,24,45,24,47,51,7,11,63,27,16,43,20,6,19,4,7,4,2,20,19,100,-30,-1,13,0,0,88,94,4,827,5,6,11,34,14,38,7
2027249,1,"Liga Nacional","Liga Endesa",-402534000,NA,"https://www.acb.com/Documentos/Cabeceras/logo-competicion-1b.png","https://www.acb.com/Documentos/Cabeceras/logo-competicion-4a.png",88,2023,107,NA,NA,5668,103788,NA,NA,FALSE,4237,4240,2513,"MoraBanc Andorra","MoraBanc And","MBA",4237,2510,"Río Breogán","Río Breogán","BRE",1,69,12000,4,18,22,18,41,43,21,30,70,23,10,33,11,9,7,5,1,6,1,19,28,73,30,-1,0,13,0,69,63,4,1078,4,9,11,32,10,30,18
2027248,1,"Liga Nacional","Liga Endesa",-402534000,NA,"https://www.acb.com/Documentos/Cabeceras/logo-competicion-1b.png","https://www.acb.com/Documentos/Cabeceras/logo-competicion-4a.png",88,2023,107,NA,NA,5668,103788,NA,NA,TRUE,4240,4240,2513,"MoraBanc Andorra","MoraBanc And","MBA",4237,2510,"Río Breogán","Río Breogán","BRE",1,63,12000,8,24,33,15,28,53,9,15,60,28,7,35,10,6,16,0,6,1,2,28,19,59,-30,-1,12,0,0,63,69,5,903,4,12,4,26,4,34,13
2027135,1,"Liga Nacional","Liga Endesa",-402534000,NA,"https://www.acb.com/Documentos/Cabeceras/logo-competicion-1b.png","https://www.acb.com/Documentos/Cabeceras/logo-competicion-4a.png",88,2023,107,NA,NA,5668,103787,NA,NA,FALSE,4238,4241,2514,"Zunder Palencia","Zunder Palencia","ZPA",4238,2511,"Barça","Barça","BAR",1,84,13500,10,26,38,16,41,39,22,34,64,25,15,40,21,8,11,12,4,6,4,18,28,97,5,-1,0,13,0,84,83,3,1701,5,10,13,30,8,30,6
2027134,1,"Liga Nacional","Liga Endesa",-402534000,NA,"https://www.acb.com/Documentos/Cabeceras/logo-competicion-1b.png","https://www.acb.com/Documentos/Cabeceras/logo-competicion-4a.png",88,2023,107,NA,NA,5668,103787,NA,NA,TRUE,4241,4241,2514,"Zunder Palencia","Zunder Palencia","ZPA",4238,2511,"Barça","Barça","BAR",1,83,13500,9,31,29,18,36,50,20,24,83,30,14,44,16,7,13,4,6,3,1,28,18,86,-5,-1,13,0,0,83,84,5,780,5,7,4,22,3,48,7
2026909,1,"Liga Nacional","Liga Endesa",-402534000,NA,"https://www.acb.com/Documentos/Cabeceras/logo-competicion-1b.png","https://www.acb.com/Documentos/Cabeceras/logo-competicion-4a.png",88,2023,107,NA,NA,5668,103786,NA,NA,FALSE,4229,4236,2509,"Bàsquet Girona","Bàsquet Girona","GIR",4229,2502,"Dreamland Gran Canaria","Dreamland GC","DGC",1,64,12000,9,33,27,16,35,45,5,10,50,23,12,35,16,12,19,7,5,2,5,18,18,63,-120,-1,13,0,0,64,88,4,0,0,0,9,26,5,48,8
2026908,1,"Liga Nacional","Liga Endesa",-402534000,NA,"https://www.acb.com/Documentos/Cabeceras/logo-competicion-1b.png","https://www.acb.com/Documentos/Cabeceras/logo-competicion-4a.png",88,2023,107,NA,NA,5668,103786,NA,NA,TRUE,4236,4236,2509,"Bàsquet Girona","Bàsquet Girona","GIR",4229,2502,"Dreamland Gran Canaria","Dreamland GC","DGC",1,88,12000,10,25,40,22,45,48,14,20,70,31,16,47,23,11,17,14,2,5,6,18,18,105,120,-1,0,13,0,88,64,1,2399,0,32,15,40,8,35,11
2026853,1,"Liga Nacional","Liga Endesa",-402534000,NA,"https://www.acb.com/Documentos/Cabeceras/logo-competicion-1b.png","https://www.acb.com/Documentos/Cabeceras/logo-competicion-4a.png",88,2023,107,NA,NA,5668,103785,NA,NA,FALSE,4227,4230,2503,"Joventut Badalona","Joventut","JOV",4227,2500,"Coviran Granada","Coviran Granada","COV",1,80,12000,11,27,40,18,33,54,11,16,68,26,9,35,18,13,21,12,2,1,1,28,20,82,-30,-1,13,0,0,80,86,4,1336,4,13,10,32,3,24,10
2026852,1,"Liga Nacional","Liga Endesa",-402534000,NA,"https://www.acb.com/Documentos/Cabeceras/logo-competicion-1b.png","https://www.acb.com/Documentos/Cabeceras/logo-competicion-4a.png",88,2023,107,NA,NA,5668,103785,NA,NA,TRUE,4230,4230,2503,"Joventut Badalona","Joventut","JOV",4227,2500,"Coviran Granada","Coviran Granada","COV",1,86,12000,9,25,36,23,45,51,13,23,56,21,14,35,11,12,18,9,1,2,0,20,28,85,30,-1,0,13,0,86,80,3,784,5,12,10,42,16,29,10
2026601,1,"Liga Nacional","Liga Endesa",-402534000,NA,"https://www.acb.com/Documentos/Cabeceras/logo-competicion-1b.png","https://www.acb.com/Documentos/Cabeceras/logo-competicion-4a.png",88,2023,107,NA,NA,5668,103784,NA,NA,FALSE,4228,4231,2605,"Lenovo Tenerife","Lenovo Tenerife","LNT",4228,2501,"Valencia Basket","Valencia Basket","VBC",1,94,12000,10,18,55,22,36,61,20,28,71,22,6,28,19,8,11,4,3,0,1,32,26,105,40,-1,0,13,0,94,86,2,1531,2,14,11,34,11,41,6
2026600,1,"Liga Nacional","Liga Endesa",-402534000,NA,"https://www.acb.com/Documentos/Cabeceras/logo-competicion-1b.png","https://www.acb.com/Documentos/Cabeceras/logo-competicion-4a.png",88,2023,107,NA,NA,5668,103784,NA,NA,TRUE,4231,4231,2605,"Lenovo Tenerife","Lenovo Tenerife","LNT",4228,2501,"Valencia Basket","Valencia Basket","VBC",1,86,12000,7,24,29,18,31,58,29,34,85,19,9,28,15,3,12,2,0,3,3,27,29,84,-40,-1,13,0,0,86,94,4,764,1,6,8,34,4,30,9
2026517,1,"Liga Nacional","Liga Endesa",-402534000,NA,"https://www.acb.com/Documentos/Cabeceras/logo-competicion-1b.png","https://www.acb.com/Documentos/Cabeceras/logo-competicion-4a.png",88,2023,107,NA,NA,5668,103783,NA,NA,FALSE,4233,4235,2508,"UCAM Murcia","UCAM Murcia","UCM",4233,2506,"Baskonia","Baskonia","BKN",1,76,12000,5,22,22,18,38,47,25,30,83,26,11,37,10,7,17,5,0,2,2,26,25,68,-60,-1,13,0,0,76,88,4,0,0,0,0,32,6,40,5
2026516,1,"Liga Nacional","Liga Endesa",-402534000,NA,"https://www.acb.com/Documentos/Cabeceras/logo-competicion-1b.png","https://www.acb.com/Documentos/Cabeceras/logo-competicion-4a.png",88,2023,107,NA,NA,5668,103783,NA,NA,TRUE,4235,4235,2508,"UCAM Murcia","UCAM Murcia","UCM",4233,2506,"Baskonia","Baskonia","BKN",1,88,12000,7,21,33,24,45,53,19,34,55,28,12,40,17,12,12,13,2,0,4,25,26,98,60,-1,0,13,0,88,76,1,2320,0,14,10,42,10,23,9
2026433,1,"Liga Nacional","Liga Endesa",-402534000,NA,"https://www.acb.com/Documentos/Cabeceras/logo-competicion-1b.png","https://www.acb.com/Documentos/Cabeceras/logo-competicion-4a.png",88,2023,107,NA,NA,5668,103782,NA,NA,FALSE,4224,4234,2507,"Casademont Zaragoza","Casademont Zgz","CAZ",4224,2497,"Unicaja","Unicaja","UNI",1,92,12000,15,31,48,14,30,46,19,25,76,17,10,27,25,5,14,11,0,1,2,28,18,86,-40,-1,13,0,0,92,100,4,419,6,6,15,24,7,27,8
2026432,1,"Liga Nacional","Liga Endesa",-402534000,NA,"https://www.acb.com/Documentos/Cabeceras/logo-competicion-1b.png","https://www.acb.com/Documentos/Cabeceras/logo-competicion-4a.png",88,2023,107,NA,NA,5668,103782,NA,NA,TRUE,4234,4234,2507,"Casademont Zaragoza","Casademont Zgz","CAZ",4224,2497,"Unicaja","Unicaja","UNI",1,100,12000,6,13,46,28,38,73,26,33,78,23,2,25,16,8,13,18,1,0,1,18,28,123,40,-1,0,13,0,100,92,1,1768,6,10,12,48,2,38,7
2030149,1,"Liga Nacional","Liga Endesa",-402534000,NA,"https://www.acb.com/Documentos/Cabeceras/logo-competicion-1b.png","https://www.acb.com/Documentos/Cabeceras/logo-competicion-4a.png",88,2023,107,NA,NA,5667,103760,NA,NA,FALSE,4234,4226,2499,"Monbus Obradoiro","Monbus Obra","MOB",4234,2507,"Casademont Zaragoza","Casademont Zgz","CAZ",1,72,12000,4,18,22,20,37,54,20,26,76,25,4,29,19,6,14,12,3,2,0,24,20,72,-40,-1,13,0,0,72,80,5,336,3,3,10,36,4,39,8
2030148,1,"Liga Nacional","Liga Endesa",-402534000,NA,"https://www.acb.com/Documentos/Cabeceras/logo-competicion-1b.png","https://www.acb.com/Documentos/Cabeceras/logo-competicion-4a.png",88,2023,107,NA,NA,5667,103760,NA,NA,TRUE,4226,4226,2499,"Monbus Obradoiro","Monbus Obra","MOB",4234,2507,"Casademont Zaragoza","Casademont Zgz","CAZ",1,80,12000,5,28,17,21,42,50,23,26,88,27,18,45,12,11,11,18,2,3,2,20,24,93,40,-1,0,13,0,80,72,2,1930,3,17,11,38,14,34,11
2028505,1,"Liga Nacional","Liga Endesa",-402534000,NA,"https://www.acb.com/Documentos/Cabeceras/logo-competicion-1b.png","https://www.acb.com/Documentos/Cabeceras/logo-competicion-4a.png",88,2023,107,NA,NA,5667,103759,NA,NA,TRUE,4239,4239,2512,"Real Madrid","Real Madrid","RMB",4238,2511,"Barça","Barça","BAR",1,86,12000,6,30,20,22,41,53,24,32,75,24,14,38,20,10,9,6,3,4,9,24,22,91,35,-1,0,13,0,86,79,3,2180,4,16,15,44,8,42,9
2028506,1,"Liga Nacional","Liga Endesa",-402534000,NA,"https://www.acb.com/Documentos/Cabeceras/logo-competicion-1b.png","https://www.acb.com/Documentos/Cabeceras/logo-competicion-4a.png",88,2023,107,NA,NA,5667,103759,NA,NA,FALSE,4238,4239,2512,"Real Madrid","Real Madrid","RMB",4238,2511,"Barça","Barça","BAR",1,79,12000,6,22,27,21,42,50,19,30,63,29,14,43,15,6,14,8,4,3,4,23,22,81,-35,-1,13,0,0,79,86,5,142,4,1,9,40,16,48,9
2028288,1,"Liga Nacional","Liga Endesa",-402534000,NA,"https://www.acb.com/Documentos/Cabeceras/logo-competicion-1b.png","https://www.acb.com/Documentos/Cabeceras/logo-competicion-4a.png",88,2023,107,NA,NA,5667,103757,NA,NA,FALSE,4241,4240,2513,"MoraBanc Andorra","MoraBanc And","MBA",4241,2514,"Zunder Palencia","Zunder Palencia","ZPA",1,74,12000,9,29,31,18,36,50,11,17,64,21,14,35,12,4,15,2,4,2,2,19,20,69,-65,-1,13,0,0,74,87,5,143,4,3,2,20,12,39,8
2028287,1,"Liga Nacional","Liga Endesa",-402534000,NA,"https://www.acb.com/Documentos/Cabeceras/logo-competicion-1b.png","https://www.acb.com/Documentos/Cabeceras/logo-competicion-4a.png",88,2023,107,NA,NA,5667,103757,NA,NA,TRUE,4240,4240,2513,"MoraBanc Andorra","MoraBanc And","MBA",4241,2514,"Zunder Palencia","Zunder Palencia","ZPA",1,87,12000,6,18,33,27,44,61,15,20,75,23,6,29,21,7,7,10,2,4,6,20,18,99,65,-1,0,12,0,87,74,2,2095,4,14,14,48,2,30,10
2028314,1,"Liga Nacional","Liga Endesa",-402534000,NA,"https://www.acb.com/Documentos/Cabeceras/logo-competicion-1b.png","https://www.acb.com/Documentos/Cabeceras/logo-competicion-4a.png",88,2023,107,NA,NA,5667,103758,NA,NA,TRUE,4237,4237,2510,"Río Breogán","Río Breogán","BRE",4232,2505,"BAXI Manresa","BAXI Manresa","BAX",1,85,13500,6,23,26,17,40,42,33,39,84,28,14,42,12,5,14,5,4,2,1,19,29,96,-20,-1,12,0,0,85,89,6,499,4,5,5,24,11,40,9
2028315,1,"Liga Nacional","Liga Endesa",-402534000,NA,"https://www.acb.com/Documentos/Cabeceras/logo-competicion-1b.png","https://www.acb.com/Documentos/Cabeceras/logo-competicion-4a.png",88,2023,107,NA,NA,5667,103758,NA,NA,FALSE,4232,4237,2510,"Río Breogán","Río Breogán","BRE",4232,2505,"BAXI Manresa","BAXI Manresa","BAX",1,89,13500,14,41,34,18,40,45,11,15,73,26,20,46,20,7,11,7,2,4,2,29,19,86,20,-1,0,13,0,89,85,3,1894,5,12,5,30,13,40,8
2028035,1,"Liga Nacional","Liga Endesa",-402534000,NA,"https://www.acb.com/Documentos/Cabeceras/logo-competicion-1b.png","https://www.acb.com/Documentos/Cabeceras/logo-competicion-4a.png",88,2023,107,NA,NA,5667,103755,NA,NA,TRUE,4230,4230,2503,"Joventut Badalona","Joventut","JOV",4229,2502,"Dreamland Gran Canaria","Dreamland GC","DGC",1,89,12000,5,12,41,31,49,63,12,17,70,20,10,30,15,7,14,6,1,0,3,21,22,99,70,-1,0,13,0,89,75,3,2182,4,16,23,58,15,36,12
2028036,1,"Liga Nacional","Liga Endesa",-402534000,NA,"https://www.acb.com/Documentos/Cabeceras/logo-competicion-1b.png","https://www.acb.com/Documentos/Cabeceras/logo-competicion-4a.png",88,2023,107,NA,NA,5667,103755,NA,NA,FALSE,4229,4230,2503,"Joventut Badalona","Joventut","JOV",4229,2502,"Dreamland Gran Canaria","Dreamland GC","DGC",1,75,12000,9,24,37,16,29,55,16,21,76,16,5,21,15,9,15,9,0,1,0,22,21,70,-70,-1,13,0,0,75,89,5,108,4,3,16,24,3,28,10
2028008,1,"Liga Nacional","Liga Endesa",-402534000,NA,"https://www.acb.com/Documentos/Cabeceras/logo-competicion-1b.png","https://www.acb.com/Documentos/Cabeceras/logo-competicion-4a.png",88,2023,107,NA,NA,5667,103756,NA,NA,FALSE,4236,4227,2500,"Coviran Granada","Coviran Granada","COV",4236,2509,"Bàsquet Girona","Bàsquet Girona","GIR",1,102,12000,11,28,39,24,38,63,21,27,77,19,11,30,22,10,9,14,5,2,4,22,25,124,55,-1,0,13,0,102,91,3,807,4,11,14,46,12,57,13
2028007,1,"Liga Nacional","Liga Endesa",-402534000,NA,"https://www.acb.com/Documentos/Cabeceras/logo-competicion-1b.png","https://www.acb.com/Documentos/Cabeceras/logo-competicion-4a.png",88,2023,107,NA,NA,5667,103756,NA,NA,TRUE,4227,4227,2500,"Coviran Granada","Coviran Granada","COV",4236,2509,"Bàsquet Girona","Bàsquet Girona","GIR",1,91,12000,11,31,35,24,34,70,10,15,66,21,11,32,24,5,15,0,2,4,2,25,22,97,-55,-1,13,0,0,91,102,4,1460,4,12,9,44,9,33,8
2027727,1,"Liga Nacional","Liga Endesa",-402534000,NA,"https://www.acb.com/Documentos/Cabeceras/logo-competicion-1b.png","https://www.acb.com/Documentos/Cabeceras/logo-competicion-4a.png",88,2023,107,NA,NA,5667,103754,NA,NA,TRUE,4224,4224,2497,"Unicaja","Unicaja","UNI",4228,2501,"Valencia Basket","Valencia Basket","VBC",1,76,12000,9,28,32,13,31,41,23,27,85,18,8,26,10,9,11,4,0,5,0,21,20,63,-30,-1,13,0,0,76,82,3,1542,0,10,9,22,5,50,9
2027728,1,"Liga Nacional","Liga Endesa",-402534000,NA,"https://www.acb.com/Documentos/Cabeceras/logo-competicion-1b.png","https://www.acb.com/Documentos/Cabeceras/logo-competicion-4a.png",88,2023,107,NA,NA,5667,103754,NA,NA,FALSE,4228,4224,2497,"Unicaja","Unicaja","UNI",4228,2501,"Valencia Basket","Valencia Basket","VBC",1,82,12000,6,17,35,21,36,58,22,28,78,27,8,35,13,8,19,13,7,0,0,20,21,95,30,-1,0,13,0,82,76,4,700,1,9,4,32,11,42,10
2027755,1,"Liga Nacional","Liga Endesa",-402534000,NA,"https://www.acb.com/Documentos/Cabeceras/logo-competicion-1b.png","https://www.acb.com/Documentos/Cabeceras/logo-competicion-4a.png",88,2023,107,NA,NA,5667,103769,NA,NA,TRUE,4235,4235,2508,"UCAM Murcia","UCAM Murcia","UCM",4231,2605,"Lenovo Tenerife","Lenovo Tenerife","LNT",1,80,12000,6,18,33,25,45,55,12,13,92,23,10,33,18,9,9,4,3,0,4,20,18,99,60,-1,0,13,0,80,68,3,1253,3,19,14,50,13,25,21
2027756,1,"Liga Nacional","Liga Endesa",-402534000,NA,"https://www.acb.com/Documentos/Cabeceras/logo-competicion-1b.png","https://www.acb.com/Documentos/Cabeceras/logo-competicion-4a.png",88,2023,107,NA,NA,5667,103769,NA,NA,FALSE,4231,4235,2508,"UCAM Murcia","UCAM Murcia","UCM",4231,2605,"Lenovo Tenerife","Lenovo Tenerife","LNT",1,68,12000,7,25,28,17,30,56,13,15,86,19,8,27,14,8,16,2,0,3,2,19,20,66,-60,-1,13,0,0,68,80,2,840,2,10,4,26,4,31,12
2027584,1,"Liga Nacional","Liga Endesa",-402534000,NA,"https://www.acb.com/Documentos/Cabeceras/logo-competicion-1b.png","https://www.acb.com/Documentos/Cabeceras/logo-competicion-4a.png",88,2023,107,NA,NA,5667,103770,NA,NA,FALSE,4225,4233,2506,"Baskonia","Baskonia","BKN",4225,2498,"Surne Bilbao Basket","Surne Bilbao","SBB",1,72,12000,7,24,29,22,40,55,7,13,53,25,9,34,18,7,16,4,1,4,5,19,14,66,-100,-1,13,0,0,72,92,4,642,3,5,6,34,10,41,9
2027583,1,"Liga Nacional","Liga Endesa",-402534000,NA,"https://www.acb.com/Documentos/Cabeceras/logo-competicion-1b.png","https://www.acb.com/Documentos/Cabeceras/logo-competicion-4a.png",88,2023,107,NA,NA,5667,103770,NA,NA,TRUE,4233,4233,2506,"Baskonia","Baskonia","BKN",4225,2498,"Surne Bilbao Basket","Surne Bilbao","SBB",1,92,12000,9,29,31,25,42,59,15,22,68,27,12,39,20,10,11,22,4,1,5,14,19,114,100,-1,0,13,0,92,72,4,1566,4,28,17,50,11,46,11
2029949,1,"Liga Nacional","Liga Endesa",-402534000,NA,"https://www.acb.com/Documentos/Cabeceras/logo-competicion-1b.png","https://www.acb.com/Documentos/Cabeceras/logo-competicion-4a.png",88,2023,107,NA,NA,5649,103761,NA,NA,FALSE,4239,4236,2509,"Bàsquet Girona","Bàsquet Girona","GIR",4239,2512,"Real Madrid","Real Madrid","RMB",1,93,12000,16,35,45,15,29,51,15,19,78,29,8,37,22,11,15,9,4,2,3,18,21,116,95,-1,0,13,0,93,74,0,2185,1,29,12,28,4,48,7
2029948,1,"Liga Nacional","Liga Endesa",-402534000,NA,"https://www.acb.com/Documentos/Cabeceras/logo-competicion-1b.png","https://www.acb.com/Documentos/Cabeceras/logo-competicion-4a.png",88,2023,107,NA,NA,5649,103761,NA,NA,TRUE,4236,4236,2509,"Bàsquet Girona","Bàsquet Girona","GIR",4239,2512,"Real Madrid","Real Madrid","RMB",1,74,12000,6,24,25,20,45,44,16,20,80,29,14,43,18,5,16,10,2,4,3,21,18,72,-95,-1,13,0,0,74,93,3,162,0,4,11,36,10,30,6
2029751,1,"Liga Nacional","Liga Endesa",-402534000,NA,"https://www.acb.com/Documentos/Cabeceras/logo-competicion-1b.png","https://www.acb.com/Documentos/Cabeceras/logo-competicion-4a.png",88,2023,107,NA,NA,5649,103762,NA,NA,FALSE,4233,4227,2500,"Coviran Granada","Coviran Granada","COV",4233,2506,"Baskonia","Baskonia","BKN",1,90,12000,12,30,40,21,37,56,12,15,80,32,9,41,17,4,12,4,2,0,3,22,16,99,45,-1,0,13,0,90,81,3,2087,1,17,7,38,2,67,10
2029750,1,"Liga Nacional","Liga Endesa",-402534000,NA,"https://www.acb.com/Documentos/Cabeceras/logo-competicion-1b.png","https://www.acb.com/Documentos/Cabeceras/logo-competicion-4a.png",88,2023,107,NA,NA,5649,103762,NA,NA,TRUE,4227,4227,2500,"Coviran Granada","Coviran Granada","COV",4233,2506,"Baskonia","Baskonia","BKN",1,81,12000,7,31,22,22,43,51,16,22,72,26,15,41,17,6,10,6,0,2,2,16,20,86,-45,-1,13,0,0,81,90,4,295,1,4,7,40,15,40,11
2029723,1,"Liga Nacional","Liga Endesa",-402534000,NA,"https://www.acb.com/Documentos/Cabeceras/logo-competicion-1b.png","https://www.acb.com/Documentos/Cabeceras/logo-competicion-4a.png",88,2023,107,NA,NA,5649,103763,NA,NA,FALSE,4226,4228,2501,"Valencia Basket","Valencia Basket","VBC",4226,2499,"Monbus Obradoiro","Monbus Obra","MOB",1,79,12000,8,27,29,20,30,66,15,18,83,24,7,31,17,8,15,5,3,2,0,23,21,87,-30,-1,13,0,0,79,85,5,1211,3,8,6,34,5,16,9
2029722,1,"Liga Nacional","Liga Endesa",-402534000,NA,"https://www.acb.com/Documentos/Cabeceras/logo-competicion-1b.png","https://www.acb.com/Documentos/Cabeceras/logo-competicion-4a.png",88,2023,107,NA,NA,5649,103763,NA,NA,TRUE,4228,4228,2501,"Valencia Basket","Valencia Basket","VBC",4226,2499,"Monbus Obradoiro","Monbus Obra","MOB",1,85,12000,7,17,41,25,41,60,14,21,66,24,4,28,21,9,12,12,2,3,5,21,23,99,30,-1,0,13,0,85,79,4,1026,3,10,14,42,5,47,10
2029475,1,"Liga Nacional","Liga Endesa",-402534000,NA,"https://www.acb.com/Documentos/Cabeceras/logo-competicion-1b.png","https://www.acb.com/Documentos/Cabeceras/logo-competicion-4a.png",88,2023,107,NA,NA,5649,103764,NA,NA,FALSE,4224,4229,2502,"Dreamland Gran Canaria","Dreamland GC","DGC",4224,2497,"Unicaja","Unicaja","UNI",1,69,12000,6,23,26,16,32,50,19,30,63,31,4,35,15,3,15,5,3,6,3,24,23,59,-35,-1,13,0,0,69,76,4,896,5,9,7,28,3,22,7
2029474,1,"Liga Nacional","Liga Endesa",-402534000,NA,"https://www.acb.com/Documentos/Cabeceras/logo-competicion-1b.png","https://www.acb.com/Documentos/Cabeceras/logo-competicion-4a.png",88,2023,107,NA,NA,5649,103764,NA,NA,TRUE,4229,4229,2502,"Dreamland Gran Canaria","Dreamland GC","DGC",4224,2497,"Unicaja","Unicaja","UNI",1,76,12000,6,30,20,22,38,57,14,23,60,29,11,40,18,8,12,6,6,2,3,23,24,86,35,-1,0,13,0,76,69,3,1305,6,13,14,36,9,46,7
2029313,1,"Liga Nacional","Liga Endesa",-402534000,NA,"https://www.acb.com/Documentos/Cabeceras/logo-competicion-1b.png","https://www.acb.com/Documentos/Cabeceras/logo-competicion-4a.png",88,2023,107,NA,NA,5649,103562,NA,NA,FALSE,4235,4225,2498,"Surne Bilbao Basket","Surne Bilbao","SBB",4235,2508,"UCAM Murcia","UCAM Murcia","UCM",1,68,12000,4,23,17,21,46,45,14,17,82,26,13,39,10,9,11,2,6,2,1,19,18,71,-45,-1,13,0,0,68,77,5,511,0,6,2,36,12,17,14
2029312,1,"Liga Nacional","Liga Endesa",-402534000,NA,"https://www.acb.com/Documentos/Cabeceras/logo-competicion-1b.png","https://www.acb.com/Documentos/Cabeceras/logo-competicion-4a.png",88,2023,107,NA,NA,5649,103562,NA,NA,TRUE,4225,4225,2498,"Surne Bilbao Basket","Surne Bilbao","SBB",4235,2508,"UCAM Murcia","UCAM Murcia","UCM",1,77,12000,5,17,29,24,51,47,14,20,70,31,15,46,14,6,12,14,2,5,3,18,19,84,45,-1,0,13,0,77,68,2,1838,1,22,8,44,10,46,13
2029340,1,"Liga Nacional","Liga Endesa",-402534000,NA,"https://www.acb.com/Documentos/Cabeceras/logo-competicion-1b.png","https://www.acb.com/Documentos/Cabeceras/logo-competicion-4a.png",88,2023,107,NA,NA,5649,103765,NA,NA,TRUE,4238,4238,2511,"Barça","Barça","BAR",4240,2513,"MoraBanc Andorra","MoraBanc And","MBA",1,91,12000,14,30,46,19,35,54,11,17,64,25,11,36,16,4,8,2,1,1,2,13,20,108,20,-1,0,13,0,91,87,4,357,2,6,7,30,10,41,9
2029341,1,"Liga Nacional","Liga Endesa",-402534000,NA,"https://www.acb.com/Documentos/Cabeceras/logo-competicion-1b.png","https://www.acb.com/Documentos/Cabeceras/logo-competicion-4a.png",88,2023,107,NA,NA,5649,103765,NA,NA,FALSE,4240,4238,2511,"Barça","Barça","BAR",4240,2513,"MoraBanc Andorra","MoraBanc And","MBA",1,87,12000,14,28,50,21,40,52,3,8,37,22,10,32,24,5,7,9,1,1,2,20,13,96,-20,-1,11,0,0,87,91,3,1853,3,15,4,34,10,43,5
2029157,1,"Liga Nacional","Liga Endesa",-402534000,NA,"https://www.acb.com/Documentos/Cabeceras/logo-competicion-1b.png","https://www.acb.com/Documentos/Cabeceras/logo-competicion-4a.png",88,2023,107,NA,NA,5649,103766,NA,NA,FALSE,4237,4231,2605,"Lenovo Tenerife","Lenovo Tenerife","LNT",4237,2510,"Río Breogán","Río Breogán","BRE",1,81,13500,8,26,30,22,40,55,13,17,76,25,11,36,17,8,17,11,7,0,0,28,22,86,-35,-1,11,0,0,81,88,6,1062,4,7,9,42,13,47,7
2029156,1,"Liga Nacional","Liga Endesa",-402534000,NA,"https://www.acb.com/Documentos/Cabeceras/logo-competicion-1b.png","https://www.acb.com/Documentos/Cabeceras/logo-competicion-4a.png",88,2023,107,NA,NA,5649,103766,NA,NA,TRUE,4231,4231,2605,"Lenovo Tenerife","Lenovo Tenerife","LNT",4237,2510,"Río Breogán","Río Breogán","BRE",1,88,13500,7,23,30,21,42,50,25,29,86,24,13,37,11,9,10,0,0,7,1,22,25,90,35,-1,0,13,0,88,81,4,1507,5,9,7,34,4,34,7
2028875,1,"Liga Nacional","Liga Endesa",-402534000,NA,"https://www.acb.com/Documentos/Cabeceras/logo-competicion-1b.png","https://www.acb.com/Documentos/Cabeceras/logo-competicion-4a.png",88,2023,107,NA,NA,5649,103767,NA,NA,FALSE,4234,4232,2505,"BAXI Manresa","BAXI Manresa","BAX",4234,2507,"Casademont Zaragoza","Casademont Zgz","CAZ",1,75,12000,9,24,37,18,35,51,12,15,80,25,10,35,17,8,19,7,0,3,2,19,15,74,-30,-1,13,0,0,75,81,4,16,1,1,12,36,6,25,9
2028874,1,"Liga Nacional","Liga Endesa",-402534000,NA,"https://www.acb.com/Documentos/Cabeceras/logo-competicion-1b.png","https://www.acb.com/Documentos/Cabeceras/logo-competicion-4a.png",88,2023,107,NA,NA,5649,103767,NA,NA,TRUE,4232,4232,2505,"BAXI Manresa","BAXI Manresa","BAX",4234,2507,"Casademont Zaragoza","Casademont Zgz","CAZ",1,81,12000,7,32,21,23,37,62,14,17,82,23,15,38,20,7,13,14,3,0,5,15,19,98,30,-1,0,13,0,81,75,2,2241,1,19,17,36,14,33,11
2028904,1,"Liga Nacional","Liga Endesa",-402534000,NA,"https://www.acb.com/Documentos/Cabeceras/logo-competicion-1b.png","https://www.acb.com/Documentos/Cabeceras/logo-competicion-4a.png",88,2023,107,NA,NA,5649,103768,NA,NA,TRUE,4241,4241,2514,"Zunder Palencia","Zunder Palencia","ZPA",4230,2503,"Joventut Badalona","Joventut","JOV",1,69,12000,7,29,24,14,27,51,20,27,74,22,8,30,9,6,10,6,0,3,0,21,19,57,-30,-1,13,0,0,69,75,4,604,5,4,14,24,4,37,9
2028905,1,"Liga Nacional","Liga Endesa",-402534000,NA,"https://www.acb.com/Documentos/Cabeceras/logo-competicion-1b.png","https://www.acb.com/Documentos/Cabeceras/logo-competicion-4a.png",88,2023,107,NA,NA,5649,103768,NA,NA,FALSE,4230,4241,2514,"Zunder Palencia","Zunder Palencia","ZPA",4230,2503,"Joventut Badalona","Joventut","JOV",1,75,12000,9,21,42,15,35,42,18,24,75,30,8,38,16,4,13,5,3,0,0,22,20,83,30,-1,0,13,0,75,69,2,1724,5,12,0,22,5,34,8
2031383,1,"Liga Nacional","Liga Endesa",-402534000,NA,"https://www.acb.com/Documentos/Cabeceras/logo-competicion-1b.png","https://www.acb.com/Documentos/Cabeceras/logo-competicion-4a.png",88,2023,107,NA,NA,5670,103726,NA,NA,FALSE,4238,4229,2502,"Dreamland Gran Canaria","Dreamland GC","DGC",4238,2511,"Barça","Barça","BAR",1,83,12000,9,20,45,21,42,50,14,23,60,21,16,37,16,6,14,4,1,2,2,21,23,88,50,-1,0,13,0,83,73,3,1323,3,12,16,36,13,51,8
2031382,1,"Liga Nacional","Liga Endesa",-402534000,NA,"https://www.acb.com/Documentos/Cabeceras/logo-competicion-1b.png","https://www.acb.com/Documentos/Cabeceras/logo-competicion-4a.png",88,2023,107,NA,NA,5670,103726,NA,NA,TRUE,4229,4229,2502,"Dreamland Gran Canaria","Dreamland GC","DGC",4238,2511,"Barça","Barça","BAR",1,73,12000,5,23,21,21,35,60,16,27,59,20,12,32,19,6,14,6,2,0,2,24,20,71,-50,-1,13,0,0,73,83,3,919,3,9,9,36,8,31,7
2031159,1,"Liga Nacional","Liga Endesa",-402534000,NA,"https://www.acb.com/Documentos/Cabeceras/logo-competicion-1b.png","https://www.acb.com/Documentos/Cabeceras/logo-competicion-4a.png",88,2023,107,NA,NA,5670,103727,NA,NA,FALSE,4228,4237,2510,"Río Breogán","Río Breogán","BRE",4228,2501,"Valencia Basket","Valencia Basket","VBC",1,61,12000,6,19,31,15,30,50,13,17,76,25,8,33,9,6,18,6,7,3,0,24,16,55,10,-1,0,13,0,61,59,3,893,6,5,12,10,2,34,9
2031158,1,"Liga Nacional","Liga Endesa",-402534000,NA,"https://www.acb.com/Documentos/Cabeceras/logo-competicion-1b.png","https://www.acb.com/Documentos/Cabeceras/logo-competicion-4a.png",88,2023,107,NA,NA,5670,103727,NA,NA,TRUE,4237,4237,2510,"Río Breogán","Río Breogán","BRE",4228,2501,"Valencia Basket","Valencia Basket","VBC",1,59,12000,4,19,21,14,42,33,19,28,67,21,18,39,9,10,11,2,3,7,0,17,23,56,-10,-1,13,0,0,59,61,5,1165,5,5,4,20,13,36,7
2031127,1,"Liga Nacional","Liga Endesa",-402534000,NA,"https://www.acb.com/Documentos/Cabeceras/logo-competicion-1b.png","https://www.acb.com/Documentos/Cabeceras/logo-competicion-4a.png",88,2023,107,NA,NA,5670,103728,NA,NA,FALSE,4233,4234,2507,"Casademont Zaragoza","Casademont Zgz","CAZ",4233,2506,"Baskonia","Baskonia","BKN",1,85,12000,11,33,33,23,39,58,6,9,66,24,15,39,12,11,16,4,3,2,0,17,18,92,25,-1,0,13,0,85,80,3,1859,3,17,12,38,14,53,7
2031126,1,"Liga Nacional","Liga Endesa",-402534000,NA,"https://www.acb.com/Documentos/Cabeceras/logo-competicion-1b.png","https://www.acb.com/Documentos/Cabeceras/logo-competicion-4a.png",88,2023,107,NA,NA,5670,103728,NA,NA,TRUE,4234,4234,2507,"Casademont Zaragoza","Casademont Zgz","CAZ",4233,2506,"Baskonia","Baskonia","BKN",1,80,12000,7,18,38,25,43,58,9,15,60,23,9,32,15,11,17,17,2,3,3,18,17,84,-25,-1,13,0,0,80,85,4,457,3,8,21,50,9,17,10
2030875,1,"Liga Nacional","Liga Endesa",-402534000,NA,"https://www.acb.com/Documentos/Cabeceras/logo-competicion-1b.png","https://www.acb.com/Documentos/Cabeceras/logo-competicion-4a.png",88,2023,107,NA,NA,5670,103729,NA,NA,FALSE,4241,4232,2505,"BAXI Manresa","BAXI Manresa","BAX",4241,2514,"Zunder Palencia","Zunder Palencia","ZPA",1,91,12000,12,29,41,23,35,65,9,14,64,24,10,34,19,5,10,0,3,3,0,19,18,104,-5,-1,13,0,0,91,92,4,1422,9,8,9,36,4,46,11
2030874,1,"Liga Nacional","Liga Endesa",-402534000,NA,"https://www.acb.com/Documentos/Cabeceras/logo-competicion-1b.png","https://www.acb.com/Documentos/Cabeceras/logo-competicion-4a.png",88,2023,107,NA,NA,5670,103729,NA,NA,TRUE,4232,4232,2505,"BAXI Manresa","BAXI Manresa","BAX",4241,2514,"Zunder Palencia","Zunder Palencia","ZPA",1,92,12000,14,32,43,18,38,47,14,19,73,20,18,38,20,1,8,13,3,1,5,18,19,103,5,-1,0,13,0,92,91,3,755,10,4,10,26,13,20,9
2030842,1,"Liga Nacional","Liga Endesa",-402534000,NA,"https://www.acb.com/Documentos/Cabeceras/logo-competicion-1b.png","https://www.acb.com/Documentos/Cabeceras/logo-competicion-4a.png",88,2023,107,NA,NA,5670,103730,NA,NA,TRUE,4239,4239,2512,"Real Madrid","Real Madrid","RMB",4235,2508,"UCAM Murcia","UCAM Murcia","UCM",1,106,12000,8,22,36,34,44,77,14,19,73,23,6,29,22,6,16,11,4,0,7,21,22,123,70,-1,0,13,0,106,92,2,1655,3,21,12,60,5,43,9
2030843,1,"Liga Nacional","Liga Endesa",-402534000,NA,"https://www.acb.com/Documentos/Cabeceras/logo-competicion-1b.png","https://www.acb.com/Documentos/Cabeceras/logo-competicion-4a.png",88,2023,107,NA,NA,5670,103730,NA,NA,FALSE,4235,4239,2512,"Real Madrid","Real Madrid","RMB",4235,2508,"UCAM Murcia","UCAM Murcia","UCM",1,92,12000,9,26,34,24,36,66,17,19,89,18,7,25,22,11,17,9,0,3,2,24,20,95,-70,-1,13,0,0,92,106,5,562,2,8,8,34,9,36,6
2030591,1,"Liga Nacional","Liga Endesa",-402534000,NA,"https://www.acb.com/Documentos/Cabeceras/logo-competicion-1b.png","https://www.acb.com/Documentos/Cabeceras/logo-competicion-4a.png",88,2023,107,NA,NA,5670,103732,NA,NA,TRUE,4224,4224,2497,"Unicaja","Unicaja","UNI",4230,2503,"Joventut Badalona","Joventut","JOV",1,113,12000,11,24,45,30,43,69,20,24,83,26,9,35,29,7,11,16,3,1,3,23,21,143,110,-1,0,13,0,113,91,1,2397,0,25,8,50,10,66,7
2030592,1,"Liga Nacional","Liga Endesa",-402534000,NA,"https://www.acb.com/Documentos/Cabeceras/logo-competicion-1b.png","https://www.acb.com/Documentos/Cabeceras/logo-competicion-4a.png",88,2023,107,NA,NA,5670,103732,NA,NA,FALSE,4230,4224,2497,"Unicaja","Unicaja","UNI",4230,2503,"Joventut Badalona","Joventut","JOV",1,91,12000,7,13,53,26,56,46,18,23,78,16,12,28,20,2,13,4,2,3,2,21,23,88,-110,-1,12,0,0,91,113,4,0,0,0,12,48,11,39,7
2030564,1,"Liga Nacional","Liga Endesa",-402534000,NA,"https://www.acb.com/Documentos/Cabeceras/logo-competicion-1b.png","https://www.acb.com/Documentos/Cabeceras/logo-competicion-4a.png",88,2023,107,NA,NA,5670,103751,NA,NA,FALSE,4231,4236,2509,"Bàsquet Girona","Bàsquet Girona","GIR",4231,2605,"Lenovo Tenerife","Lenovo Tenerife","LNT",1,79,12000,9,28,32,18,34,52,16,22,72,27,8,35,21,11,12,5,3,3,4,27,23,89,65,-1,0,13,0,79,66,3,1485,3,18,21,28,8,50,14
2030563,1,"Liga Nacional","Liga Endesa",-402534000,NA,"https://www.acb.com/Documentos/Cabeceras/logo-competicion-1b.png","https://www.acb.com/Documentos/Cabeceras/logo-competicion-4a.png",88,2023,107,NA,NA,5670,103751,NA,NA,TRUE,4236,4236,2509,"Bàsquet Girona","Bàsquet Girona","GIR",4231,2605,"Lenovo Tenerife","Lenovo Tenerife","LNT",1,66,12000,8,32,25,11,29,37,20,28,71,28,15,43,13,7,19,7,3,2,5,24,26,63,-65,-1,13,0,0,66,79,2,771,2,5,13,18,2,31,7
2030317,1,"Liga Nacional","Liga Endesa",-402534000,NA,"https://www.acb.com/Documentos/Cabeceras/logo-competicion-1b.png","https://www.acb.com/Documentos/Cabeceras/logo-competicion-4a.png",88,2023,107,NA,NA,5670,103752,NA,NA,FALSE,4226,4240,2513,"MoraBanc Andorra","MoraBanc And","MBA",4226,2499,"Monbus Obradoiro","Monbus Obra","MOB",1,89,12000,8,27,29,22,38,57,21,24,87,24,9,33,15,4,10,7,6,2,1,24,22,95,-15,-1,13,0,0,89,92,3,2201,4,21,10,32,10,27,17
2030316,1,"Liga Nacional","Liga Endesa",-402534000,NA,"https://www.acb.com/Documentos/Cabeceras/logo-competicion-1b.png","https://www.acb.com/Documentos/Cabeceras/logo-competicion-4a.png",88,2023,107,NA,NA,5670,103752,NA,NA,TRUE,4240,4240,2513,"MoraBanc Andorra","MoraBanc And","MBA",4226,2499,"Monbus Obradoiro","Monbus Obra","MOB",1,92,12000,10,23,43,21,42,50,20,23,86,26,8,34,13,5,9,11,2,5,5,22,24,97,15,-1,0,12,0,92,89,4,173,4,4,12,36,12,46,11
2030288,1,"Liga Nacional","Liga Endesa",-402534000,NA,"https://www.acb.com/Documentos/Cabeceras/logo-competicion-1b.png","https://www.acb.com/Documentos/Cabeceras/logo-competicion-4a.png",88,2023,107,NA,NA,5670,103753,NA,NA,TRUE,4225,4225,2498,"Surne Bilbao Basket","Surne Bilbao","SBB",4227,2500,"Coviran Granada","Coviran Granada","COV",1,94,12000,10,21,47,21,37,56,22,28,78,21,10,31,14,7,12,0,4,2,2,18,22,107,5,-1,0,13,0,94,93,2,1325,10,7,9,32,6,63,8
2030289,1,"Liga Nacional","Liga Endesa",-402534000,NA,"https://www.acb.com/Documentos/Cabeceras/logo-competicion-1b.png","https://www.acb.com/Documentos/Cabeceras/logo-competicion-4a.png",88,2023,107,NA,NA,5670,103753,NA,NA,FALSE,4227,4225,2498,"Surne Bilbao Basket","Surne Bilbao","SBB",4227,2500,"Coviran Granada","Coviran Granada","COV",1,93,12000,13,30,43,20,34,58,14,18,77,15,12,27,18,7,12,4,2,3,2,22,18,93,-5,-1,13,0,0,93,94,5,641,10,4,5,40,13,33,7
2032603,1,"Liga Nacional","Liga Endesa",-402534000,NA,"https://www.acb.com/Documentos/Cabeceras/logo-competicion-1b.png","https://www.acb.com/Documentos/Cabeceras/logo-competicion-4a.png",88,2023,107,NA,NA,5671,103717,NA,NA,TRUE,4233,4233,2506,"Baskonia","Baskonia","BKN",4224,2497,"Unicaja","Unicaja","UNI",1,84,12000,12,34,35,17,35,48,14,17,82,25,8,33,20,3,11,14,3,4,4,20,19,84,-45,-1,13,0,0,84,93,4,181,2,3,9,32,6,34,7
2032604,1,"Liga Nacional","Liga Endesa",-402534000,NA,"https://www.acb.com/Documentos/Cabeceras/logo-competicion-1b.png","https://www.acb.com/Documentos/Cabeceras/logo-competicion-4a.png",88,2023,107,NA,NA,5671,103717,NA,NA,FALSE,4224,4233,2506,"Baskonia","Baskonia","BKN",4224,2497,"Unicaja","Unicaja","UNI",1,93,12000,9,23,39,24,49,48,18,21,85,32,14,46,21,6,9,14,4,3,2,20,20,116,45,-1,0,13,0,93,84,4,2104,2,18,6,36,4,61,18
2032379,1,"Liga Nacional","Liga Endesa",-402534000,NA,"https://www.acb.com/Documentos/Cabeceras/logo-competicion-1b.png","https://www.acb.com/Documentos/Cabeceras/logo-competicion-4a.png",88,2023,107,NA,NA,5671,103718,NA,NA,TRUE,4227,4227,2500,"Coviran Granada","Coviran Granada","COV",4234,2507,"Casademont Zaragoza","Casademont Zgz","CAZ",1,78,12000,8,26,30,18,28,64,18,23,78,32,5,37,15,9,18,8,3,0,2,22,23,92,40,-1,0,13,0,78,70,3,1823,4,14,9,28,5,23,10
2032380,1,"Liga Nacional","Liga Endesa",-402534000,NA,"https://www.acb.com/Documentos/Cabeceras/logo-competicion-1b.png","https://www.acb.com/Documentos/Cabeceras/logo-competicion-4a.png",88,2023,107,NA,NA,5671,103718,NA,NA,FALSE,4234,4227,2500,"Coviran Granada","Coviran Granada","COV",4234,2507,"Casademont Zaragoza","Casademont Zgz","CAZ",1,70,12000,7,23,30,18,39,46,13,14,92,23,4,27,15,11,15,10,0,3,2,24,21,64,-40,-1,13,0,0,70,78,5,261,4,6,11,36,3,35,7
2032407,1,"Liga Nacional","Liga Endesa",-402534000,NA,"https://www.acb.com/Documentos/Cabeceras/logo-competicion-1b.png","https://www.acb.com/Documentos/Cabeceras/logo-competicion-4a.png",88,2023,107,NA,NA,5671,103719,NA,NA,TRUE,4228,4228,2501,"Valencia Basket","Valencia Basket","VBC",4232,2505,"BAXI Manresa","BAXI Manresa","BAX",1,84,12000,9,23,39,19,42,45,19,22,86,21,16,37,21,12,16,8,10,7,5,20,22,103,25,-1,0,13,0,84,79,3,2300,1,13,8,32,14,37,9
2032408,1,"Liga Nacional","Liga Endesa",-402534000,NA,"https://www.acb.com/Documentos/Cabeceras/logo-competicion-1b.png","https://www.acb.com/Documentos/Cabeceras/logo-competicion-4a.png",88,2023,107,NA,NA,5671,103719,NA,NA,FALSE,4232,4228,2501,"Valencia Basket","Valencia Basket","VBC",4232,2505,"BAXI Manresa","BAXI Manresa","BAX",1,79,12000,6,26,23,22,41,53,17,22,77,23,16,39,14,10,18,8,7,10,4,24,18,71,-25,-1,13,0,0,79,84,3,12,1,1,12,40,18,33,10
2032184,1,"Liga Nacional","Liga Endesa",-402534000,NA,"https://www.acb.com/Documentos/Cabeceras/logo-competicion-1b.png","https://www.acb.com/Documentos/Cabeceras/logo-competicion-4a.png",88,2023,107,NA,NA,5671,103720,NA,NA,FALSE,4239,4231,2605,"Lenovo Tenerife","Lenovo Tenerife","LNT",4239,2512,"Real Madrid","Real Madrid","RMB",1,82,12000,10,27,37,14,22,63,24,26,92,27,7,34,16,4,19,0,6,2,6,18,22,98,30,-1,0,13,0,82,76,2,2331,1,14,7,28,8,39,10
2032183,1,"Liga Nacional","Liga Endesa",-402534000,NA,"https://www.acb.com/Documentos/Cabeceras/logo-competicion-1b.png","https://www.acb.com/Documentos/Cabeceras/logo-competicion-4a.png",88,2023,107,NA,NA,5671,103720,NA,NA,TRUE,4231,4231,2605,"Lenovo Tenerife","Lenovo Tenerife","LNT",4239,2512,"Real Madrid","Real Madrid","RMB",1,76,12000,12,32,37,16,38,42,8,8,100,16,13,29,15,13,12,4,2,6,0,24,15,66,-30,-1,13,0,0,76,82,4,0,1,1,10,26,18,53,11
2032100,1,"Liga Nacional","Liga Endesa",-402534000,NA,"https://www.acb.com/Documentos/Cabeceras/logo-competicion-1b.png","https://www.acb.com/Documentos/Cabeceras/logo-competicion-4a.png",88,2023,107,NA,NA,5671,103721,NA,NA,FALSE,4225,4238,2511,"Barça","Barça","BAR",4225,2498,"Surne Bilbao Basket","Surne Bilbao","SBB",1,82,12000,7,21,33,26,48,54,9,11,81,25,7,32,14,10,10,8,2,1,4,14,15,92,-45,-1,13,0,0,82,91,4,25,2,1,9,42,4,33,10
2032099,1,"Liga Nacional","Liga Endesa",-402534000,NA,"https://www.acb.com/Documentos/Cabeceras/logo-competicion-1b.png","https://www.acb.com/Documentos/Cabeceras/logo-competicion-4a.png",88,2023,107,NA,NA,5671,103721,NA,NA,TRUE,4238,4238,2511,"Barça","Barça","BAR",4225,2498,"Surne Bilbao Basket","Surne Bilbao","SBB",1,91,12000,11,28,39,24,42,57,10,14,71,30,11,41,24,5,13,12,1,2,6,15,14,107,45,-1,0,13,0,91,82,4,2337,2,20,7,38,10,48,17
2031852,1,"Liga Nacional","Liga Endesa",-402534000,NA,"https://www.acb.com/Documentos/Cabeceras/logo-competicion-1b.png","https://www.acb.com/Documentos/Cabeceras/logo-competicion-4a.png",88,2023,107,NA,NA,5671,103722,NA,NA,FALSE,4229,4235,2508,"UCAM Murcia","UCAM Murcia","UCM",4229,2502,"Dreamland Gran Canaria","Dreamland GC","DGC",1,69,12000,10,33,30,15,33,45,9,15,60,17,10,27,12,8,16,10,1,6,1,18,20,50,-130,-1,13,0,0,69,95,4,406,1,7,7,30,11,19,6
2031851,1,"Liga Nacional","Liga Endesa",-402534000,NA,"https://www.acb.com/Documentos/Cabeceras/logo-competicion-1b.png","https://www.acb.com/Documentos/Cabeceras/logo-competicion-4a.png",88,2023,107,NA,NA,5671,103722,NA,NA,TRUE,4235,4235,2508,"UCAM Murcia","UCAM Murcia","UCM",4229,2502,"Dreamland Gran Canaria","Dreamland GC","DGC",1,95,12000,11,26,42,27,45,60,8,10,80,32,15,47,24,11,15,10,6,1,7,21,17,128,130,-1,0,13,0,95,69,2,1876,1,29,13,50,19,46,24
2031825,1,"Liga Nacional","Liga Endesa",-402534000,NA,"https://www.acb.com/Documentos/Cabeceras/logo-competicion-1b.png","https://www.acb.com/Documentos/Cabeceras/logo-competicion-4a.png",88,2023,107,NA,NA,5671,103723,NA,NA,FALSE,4236,4226,2499,"Monbus Obradoiro","Monbus Obra","MOB",4236,2509,"Bàsquet Girona","Bàsquet Girona","GIR",1,79,12000,9,31,29,14,31,45,24,30,80,27,14,41,8,10,18,12,0,2,2,25,26,74,-30,-1,12,0,0,79,85,5,438,4,7,12,28,7,27,12
2031824,1,"Liga Nacional","Liga Endesa",-402534000,NA,"https://www.acb.com/Documentos/Cabeceras/logo-competicion-1b.png","https://www.acb.com/Documentos/Cabeceras/logo-competicion-4a.png",88,2023,107,NA,NA,5671,103723,NA,NA,TRUE,4226,4226,2499,"Monbus Obradoiro","Monbus Obra","MOB",4236,2509,"Bàsquet Girona","Bàsquet Girona","GIR",1,85,12000,9,26,34,22,36,61,14,22,63,24,8,32,18,10,17,10,2,0,5,26,24,89,30,-1,0,13,0,85,79,5,1870,4,12,8,42,6,25,9
2031579,1,"Liga Nacional","Liga Endesa",-402534000,NA,"https://www.acb.com/Documentos/Cabeceras/logo-competicion-1b.png","https://www.acb.com/Documentos/Cabeceras/logo-competicion-4a.png",88,2023,107,NA,NA,5671,103724,NA,NA,FALSE,4240,4230,2503,"Joventut Badalona","Joventut","JOV",4240,2513,"MoraBanc Andorra","MoraBanc And","MBA",1,94,12000,8,21,38,25,43,58,20,22,90,20,12,32,20,9,11,0,0,5,2,21,22,107,50,-1,0,13,0,94,84,3,1690,1,13,10,40,13,61,8
2031578,1,"Liga Nacional","Liga Endesa",-402534000,NA,"https://www.acb.com/Documentos/Cabeceras/logo-competicion-1b.png","https://www.acb.com/Documentos/Cabeceras/logo-competicion-4a.png",88,2023,107,NA,NA,5671,103724,NA,NA,TRUE,4230,4230,2503,"Joventut Badalona","Joventut","JOV",4240,2513,"MoraBanc Andorra","MoraBanc And","MBA",1,84,12000,9,29,31,22,29,75,13,14,92,18,7,25,20,6,17,12,5,0,2,23,20,92,-50,-1,13,0,0,84,94,3,625,1,9,10,38,6,45,9
2031551,1,"Liga Nacional","Liga Endesa",-402534000,NA,"https://www.acb.com/Documentos/Cabeceras/logo-competicion-1b.png","https://www.acb.com/Documentos/Cabeceras/logo-competicion-4a.png",88,2023,107,NA,NA,5671,103725,NA,NA,FALSE,4237,4241,2514,"Zunder Palencia","Zunder Palencia","ZPA",4237,2510,"Río Breogán","Río Breogán","BRE",1,59,12000,5,25,20,18,48,37,8,13,61,18,17,35,13,10,8,10,2,6,2,16,19,53,-75,-1,11,0,0,59,74,5,644,0,7,14,26,5,30,10
2031550,1,"Liga Nacional","Liga Endesa",-402534000,NA,"https://www.acb.com/Documentos/Cabeceras/logo-competicion-1b.png","https://www.acb.com/Documentos/Cabeceras/logo-competicion-4a.png",88,2023,107,NA,NA,5671,103725,NA,NA,TRUE,4241,4241,2514,"Zunder Palencia","Zunder Palencia","ZPA",4237,2510,"Río Breogán","Río Breogán","BRE",1,74,12000,10,26,38,16,25,64,12,18,66,34,9,43,20,5,20,7,6,2,3,19,16,92,75,-1,0,13,0,74,59,4,1667,1,20,15,22,5,36,13
2033845,1,"Liga Nacional","Liga Endesa",-402534000,NA,"https://www.acb.com/Documentos/Cabeceras/logo-competicion-1b.png","https://www.acb.com/Documentos/Cabeceras/logo-competicion-4a.png",88,2023,107,NA,NA,5672,103746,NA,NA,TRUE,4228,4228,2501,"Valencia Basket","Valencia Basket","VBC",4238,2511,"Barça","Barça","BAR",1,71,12000,4,19,21,22,44,50,15,21,71,26,9,35,10,9,7,11,2,3,1,21,19,72,15,-1,0,13,0,71,68,4,1638,2,14,4,36,4,31,11
2033846,1,"Liga Nacional","Liga Endesa",-402534000,NA,"https://www.acb.com/Documentos/Cabeceras/logo-competicion-1b.png","https://www.acb.com/Documentos/Cabeceras/logo-competicion-4a.png",88,2023,107,NA,NA,5672,103746,NA,NA,FALSE,4238,4228,2501,"Valencia Basket","Valencia Basket","VBC",4238,2511,"Barça","Barça","BAR",1,68,12000,9,21,42,12,34,35,17,22,77,28,10,38,14,5,13,2,3,2,2,19,20,75,-15,-1,13,0,0,68,71,4,643,1,6,0,22,9,37,9
2033659,1,"Liga Nacional","Liga Endesa",-402534000,NA,"https://www.acb.com/Documentos/Cabeceras/logo-competicion-1b.png","https://www.acb.com/Documentos/Cabeceras/logo-competicion-4a.png",88,2023,107,NA,NA,5672,103747,NA,NA,TRUE,4240,4240,2513,"MoraBanc Andorra","MoraBanc And","MBA",4233,2506,"Baskonia","Baskonia","BKN",1,85,12000,15,26,57,15,40,37,10,14,71,25,12,37,17,14,14,13,1,4,2,20,15,91,85,-1,0,13,0,85,68,2,2094,1,21,12,26,2,29,9
2033660,1,"Liga Nacional","Liga Endesa",-402534000,NA,"https://www.acb.com/Documentos/Cabeceras/logo-competicion-1b.png","https://www.acb.com/Documentos/Cabeceras/logo-competicion-4a.png",88,2023,107,NA,NA,5672,103747,NA,NA,FALSE,4233,4240,2513,"MoraBanc Andorra","MoraBanc And","MBA",4233,2506,"Baskonia","Baskonia","BKN",1,68,12000,4,21,19,22,36,61,12,18,66,27,8,35,11,9,17,14,4,1,0,15,20,77,-85,-1,10,0,0,68,85,4,132,0,4,10,42,6,26,5
2033627,1,"Liga Nacional","Liga Endesa",-402534000,NA,"https://www.acb.com/Documentos/Cabeceras/logo-competicion-1b.png","https://www.acb.com/Documentos/Cabeceras/logo-competicion-4a.png",88,2023,107,NA,NA,5672,103748,NA,NA,TRUE,4225,4225,2498,"Surne Bilbao Basket","Surne Bilbao","SBB",4231,2605,"Lenovo Tenerife","Lenovo Tenerife","LNT",1,93,13500,11,24,45,19,46,41,22,28,78,27,19,46,13,5,13,12,8,4,1,23,22,101,-5,-1,13,0,0,93,94,4,111,3,5,11,32,14,47,13
2033628,1,"Liga Nacional","Liga Endesa",-402534000,NA,"https://www.acb.com/Documentos/Cabeceras/logo-competicion-1b.png","https://www.acb.com/Documentos/Cabeceras/logo-competicion-4a.png",88,2023,107,NA,NA,5672,103748,NA,NA,FALSE,4231,4225,2498,"Surne Bilbao Basket","Surne Bilbao","SBB",4231,2605,"Lenovo Tenerife","Lenovo Tenerife","LNT",1,94,13500,11,33,33,20,36,55,21,26,80,24,12,36,17,7,8,2,5,8,1,23,23,100,5,-1,0,13,0,94,93,4,2326,3,10,9,28,11,51,7
2033348,1,"Liga Nacional","Liga Endesa",-402534000,NA,"https://www.acb.com/Documentos/Cabeceras/logo-competicion-1b.png","https://www.acb.com/Documentos/Cabeceras/logo-competicion-4a.png",88,2023,107,NA,NA,5672,103734,NA,NA,FALSE,4241,4239,2512,"Real Madrid","Real Madrid","RMB",4241,2514,"Zunder Palencia","Zunder Palencia","ZPA",1,68,12000,5,27,18,19,30,63,15,19,78,21,8,29,5,4,16,4,4,0,0,20,20,57,-115,-1,13,0,0,68,91,4,11,0,2,10,16,6,38,7
2033347,1,"Liga Nacional","Liga Endesa",-402534000,NA,"https://www.acb.com/Documentos/Cabeceras/logo-competicion-1b.png","https://www.acb.com/Documentos/Cabeceras/logo-competicion-4a.png",88,2023,107,NA,NA,5672,103734,NA,NA,TRUE,4239,4239,2512,"Real Madrid","Real Madrid","RMB",4241,2514,"Zunder Palencia","Zunder Palencia","ZPA",1,91,12000,10,27,37,22,34,64,17,23,73,27,10,37,22,7,11,12,0,3,4,20,20,108,115,-1,0,13,0,91,68,0,2343,1,31,10,40,10,48,12
2033376,1,"Liga Nacional","Liga Endesa",-402534000,NA,"https://www.acb.com/Documentos/Cabeceras/logo-competicion-1b.png","https://www.acb.com/Documentos/Cabeceras/logo-competicion-4a.png",88,2023,107,NA,NA,5672,103749,NA,NA,FALSE,4227,4232,2505,"BAXI Manresa","BAXI Manresa","BAX",4227,2500,"Coviran Granada","Coviran Granada","COV",1,84,12000,5,26,19,21,41,51,27,30,90,27,10,37,10,6,13,4,1,2,0,23,24,80,-30,-1,13,0,0,84,90,3,0,0,0,4,38,6,18,11
2033375,1,"Liga Nacional","Liga Endesa",-402534000,NA,"https://www.acb.com/Documentos/Cabeceras/logo-competicion-1b.png","https://www.acb.com/Documentos/Cabeceras/logo-competicion-4a.png",88,2023,107,NA,NA,5672,103749,NA,NA,TRUE,4232,4232,2505,"BAXI Manresa","BAXI Manresa","BAX",4227,2500,"Coviran Granada","Coviran Granada","COV",1,90,12000,11,40,27,18,28,64,21,26,80,30,11,41,20,4,11,11,2,1,4,24,21,98,30,-1,0,13,0,90,84,3,2360,0,19,7,30,5,42,10
2033162,1,"Liga Nacional","Liga Endesa",-402534000,NA,"https://www.acb.com/Documentos/Cabeceras/logo-competicion-1b.png","https://www.acb.com/Documentos/Cabeceras/logo-competicion-4a.png",88,2023,107,NA,NA,5672,103750,NA,NA,FALSE,4230,4234,2507,"Casademont Zaragoza","Casademont Zgz","CAZ",4230,2503,"Joventut Badalona","Joventut","JOV",1,83,12000,6,28,21,24,35,68,17,23,73,20,8,28,21,5,17,4,2,1,3,21,22,83,-150,-1,11,0,0,83,113,4,108,0,4,8,44,8,28,8
2033161,1,"Liga Nacional","Liga Endesa",-402534000,NA,"https://www.acb.com/Documentos/Cabeceras/logo-competicion-1b.png","https://www.acb.com/Documentos/Cabeceras/logo-competicion-4a.png",88,2023,107,NA,NA,5672,103750,NA,NA,TRUE,4234,4234,2507,"Casademont Zaragoza","Casademont Zgz","CAZ",4230,2503,"Joventut Badalona","Joventut","JOV",1,113,12000,15,29,51,28,44,63,12,15,80,28,11,39,30,11,11,18,1,2,4,22,21,147,150,-1,0,13,0,113,83,1,2223,1,40,23,54,15,39,13
2033075,1,"Liga Nacional","Liga Endesa",-402534000,NA,"https://www.acb.com/Documentos/Cabeceras/logo-competicion-1b.png","https://www.acb.com/Documentos/Cabeceras/logo-competicion-4a.png",88,2023,107,NA,NA,5672,103733,NA,NA,TRUE,4229,4229,2502,"Dreamland Gran Canaria","Dreamland GC","DGC",4226,2499,"Monbus Obradoiro","Monbus Obra","MOB",1,87,12000,11,35,31,18,29,62,18,19,94,21,10,31,19,12,7,17,1,2,3,22,15,98,35,-1,0,13,0,87,80,1,2375,1,16,18,32,12,47,12
2033076,1,"Liga Nacional","Liga Endesa",-402534000,NA,"https://www.acb.com/Documentos/Cabeceras/logo-competicion-1b.png","https://www.acb.com/Documentos/Cabeceras/logo-competicion-4a.png",88,2023,107,NA,NA,5672,103733,NA,NA,FALSE,4226,4229,2502,"Dreamland Gran Canaria","Dreamland GC","DGC",4226,2499,"Monbus Obradoiro","Monbus Obra","MOB",1,80,12000,9,21,42,19,30,63,15,25,60,24,9,33,18,3,17,3,4,1,1,16,22,93,-35,-1,13,0,0,80,87,4,0,1,1,7,36,8,33,9
2032854,1,"Liga Nacional","Liga Endesa",-402534000,NA,"https://www.acb.com/Documentos/Cabeceras/logo-competicion-1b.png","https://www.acb.com/Documentos/Cabeceras/logo-competicion-4a.png",88,2023,107,NA,NA,5672,103731,NA,NA,FALSE,4235,4236,2509,"Bàsquet Girona","Bàsquet Girona","GIR",4235,2508,"UCAM Murcia","UCAM Murcia","UCM",1,76,12000,3,24,12,25,49,51,17,25,68,25,17,42,15,12,15,8,3,5,4,20,24,79,-30,-1,13,0,0,76,82,5,891,8,7,13,42,6,21,15
2032853,1,"Liga Nacional","Liga Endesa",-402534000,NA,"https://www.acb.com/Documentos/Cabeceras/logo-competicion-1b.png","https://www.acb.com/Documentos/Cabeceras/logo-competicion-4a.png",88,2023,107,NA,NA,5672,103731,NA,NA,TRUE,4236,4236,2509,"Bàsquet Girona","Bàsquet Girona","GIR",4235,2508,"UCAM Murcia","UCAM Murcia","UCM",1,82,12000,12,30,40,16,37,43,14,18,77,27,12,39,15,7,20,2,5,3,2,24,20,78,30,-1,0,13,0,82,76,3,1400,8,14,5,26,6,27,12
2032800,1,"Liga Nacional","Liga Endesa",-402534000,NA,"https://www.acb.com/Documentos/Cabeceras/logo-competicion-1b.png","https://www.acb.com/Documentos/Cabeceras/logo-competicion-4a.png",88,2023,107,NA,NA,5672,103716,NA,NA,FALSE,4237,4224,2497,"Unicaja","Unicaja","UNI",4237,2510,"Río Breogán","Río Breogán","BRE",1,70,12000,9,26,34,12,33,36,19,22,86,30,6,36,16,3,15,5,4,1,3,21,23,74,-85,-1,11,0,0,70,87,4,677,2,7,10,22,7,27,8
2032799,1,"Liga Nacional","Liga Endesa",-402534000,NA,"https://www.acb.com/Documentos/Cabeceras/logo-competicion-1b.png","https://www.acb.com/Documentos/Cabeceras/logo-competicion-4a.png",88,2023,107,NA,NA,5672,103716,NA,NA,TRUE,4224,4224,2497,"Unicaja","Unicaja","UNI",4237,2510,"Río Breogán","Río Breogán","BRE",1,87,12000,10,24,41,22,47,46,13,15,86,32,7,39,19,12,8,12,1,4,4,23,21,103,85,-1,0,13,0,87,70,1,1659,3,18,10,34,9,60,12
2035197,1,"Liga Nacional","Liga Endesa",-402534000,NA,"https://www.acb.com/Documentos/Cabeceras/logo-competicion-1b.png","https://www.acb.com/Documentos/Cabeceras/logo-competicion-4a.png",88,2023,107,NA,NA,5674,103737,NA,NA,TRUE,4230,4230,2503,"Joventut Badalona","Joventut","JOV",4228,2501,"Valencia Basket","Valencia Basket","VBC",1,80,12000,14,32,43,8,24,33,22,29,75,22,10,32,17,10,11,14,5,1,0,25,23,89,20,-1,0,11,0,80,76,4,2103,3,14,9,14,11,33,7
2035198,1,"Liga Nacional","Liga Endesa",-402534000,NA,"https://www.acb.com/Documentos/Cabeceras/logo-competicion-1b.png","https://www.acb.com/Documentos/Cabeceras/logo-competicion-4a.png",88,2023,107,NA,NA,5674,103737,NA,NA,FALSE,4228,4230,2503,"Joventut Badalona","Joventut","JOV",4228,2501,"Valencia Basket","Valencia Basket","VBC",1,76,12000,8,20,40,16,34,47,20,32,62,23,13,36,11,5,15,10,1,5,1,23,25,69,-20,-1,13,0,0,76,80,4,238,3,6,14,24,2,49,11
2034947,1,"Liga Nacional","Liga Endesa",-402534000,NA,"https://www.acb.com/Documentos/Cabeceras/logo-competicion-1b.png","https://www.acb.com/Documentos/Cabeceras/logo-competicion-4a.png",88,2023,107,NA,NA,5674,103738,NA,NA,TRUE,4233,4233,2506,"Baskonia","Baskonia","BKN",4229,2502,"Dreamland Gran Canaria","Dreamland GC","DGC",1,76,12000,10,24,41,16,38,42,14,20,70,29,8,37,14,6,10,9,1,5,3,21,23,79,-60,-1,13,0,0,76,88,5,0,0,0,2,28,4,43,7
2034948,1,"Liga Nacional","Liga Endesa",-402534000,NA,"https://www.acb.com/Documentos/Cabeceras/logo-competicion-1b.png","https://www.acb.com/Documentos/Cabeceras/logo-competicion-4a.png",88,2023,107,NA,NA,5674,103738,NA,NA,FALSE,4229,4233,2506,"Baskonia","Baskonia","BKN",4229,2502,"Dreamland Gran Canaria","Dreamland GC","DGC",1,88,12000,12,35,34,16,27,59,20,24,83,32,7,39,20,7,8,7,6,1,3,23,21,111,60,-1,0,13,0,88,76,4,2274,0,15,3,30,4,35,8
2034915,1,"Liga Nacional","Liga Endesa",-402534000,NA,"https://www.acb.com/Documentos/Cabeceras/logo-competicion-1b.png","https://www.acb.com/Documentos/Cabeceras/logo-competicion-4a.png",88,2023,107,NA,NA,5674,103739,NA,NA,FALSE,4238,4237,2510,"Río Breogán","Río Breogán","BRE",4238,2511,"Barça","Barça","BAR",1,79,12000,9,23,39,23,37,62,6,6,100,30,9,39,19,6,15,8,4,2,2,19,18,101,80,-1,0,13,0,79,63,2,2385,0,17,3,30,16,43,15
2034914,1,"Liga Nacional","Liga Endesa",-402534000,NA,"https://www.acb.com/Documentos/Cabeceras/logo-competicion-1b.png","https://www.acb.com/Documentos/Cabeceras/logo-competicion-4a.png",88,2023,107,NA,NA,5674,103739,NA,NA,TRUE,4237,4237,2510,"Río Breogán","Río Breogán","BRE",4238,2511,"Barça","Barça","BAR",1,63,12000,4,20,20,20,40,50,11,14,78,18,6,24,14,5,11,6,2,4,2,18,19,55,-80,-1,12,0,0,63,79,4,0,0,0,9,36,5,30,7
2034659,1,"Liga Nacional","Liga Endesa",-402534000,NA,"https://www.acb.com/Documentos/Cabeceras/logo-competicion-1b.png","https://www.acb.com/Documentos/Cabeceras/logo-competicion-4a.png",88,2023,107,NA,NA,5674,103740,NA,NA,FALSE,4232,4235,2508,"UCAM Murcia","UCAM Murcia","UCM",4232,2505,"BAXI Manresa","BAXI Manresa","BAX",1,74,12000,3,25,12,23,40,57,19,24,79,25,10,35,11,9,14,4,2,2,3,17,24,78,-65,-1,13,0,0,74,87,3,7,0,2,8,44,8,30,13
2034658,1,"Liga Nacional","Liga Endesa",-402534000,NA,"https://www.acb.com/Documentos/Cabeceras/logo-competicion-1b.png","https://www.acb.com/Documentos/Cabeceras/logo-competicion-4a.png",88,2023,107,NA,NA,5674,103740,NA,NA,TRUE,4235,4235,2508,"UCAM Murcia","UCAM Murcia","UCM",4232,2505,"BAXI Manresa","BAXI Manresa","BAX",1,87,12000,10,30,33,23,40,57,11,14,78,30,13,43,14,9,15,9,2,2,3,24,17,91,65,-1,0,13,0,87,74,3,2322,1,20,17,44,6,25,13
2034631,1,"Liga Nacional","Liga Endesa",-402534000,NA,"https://www.acb.com/Documentos/Cabeceras/logo-competicion-1b.png","https://www.acb.com/Documentos/Cabeceras/logo-competicion-4a.png",88,2023,107,NA,NA,5674,103741,NA,NA,FALSE,4239,4227,2500,"Coviran Granada","Coviran Granada","COV",4239,2512,"Real Madrid","Real Madrid","RMB",1,83,12000,10,37,27,21,28,75,11,12,91,27,9,36,19,7,10,15,6,2,5,17,18,105,35,-1,0,13,0,83,76,3,1619,2,15,6,38,6,27,12
2034630,1,"Liga Nacional","Liga Endesa",-402534000,NA,"https://www.acb.com/Documentos/Cabeceras/logo-competicion-1b.png","https://www.acb.com/Documentos/Cabeceras/logo-competicion-4a.png",88,2023,107,NA,NA,5674,103741,NA,NA,TRUE,4227,4227,2500,"Coviran Granada","Coviran Granada","COV",4239,2512,"Real Madrid","Real Madrid","RMB",1,76,12000,12,36,33,18,38,47,4,6,66,25,14,39,17,5,13,10,2,5,2,18,17,74,-35,-1,13,0,0,76,83,3,188,2,3,4,34,9,19,8
2034346,1,"Liga Nacional","Liga Endesa",-402534000,NA,"https://www.acb.com/Documentos/Cabeceras/logo-competicion-1b.png","https://www.acb.com/Documentos/Cabeceras/logo-competicion-4a.png",88,2023,107,NA,NA,5674,103742,NA,NA,TRUE,4231,4231,2605,"Lenovo Tenerife","Lenovo Tenerife","LNT",4240,2513,"MoraBanc Andorra","MoraBanc And","MBA",1,71,12000,10,26,38,18,33,54,5,9,55,26,8,34,18,11,13,9,0,0,3,14,16,88,90,-1,0,13,0,71,53,2,2230,0,24,17,26,6,28,11
2034347,1,"Liga Nacional","Liga Endesa",-402534000,NA,"https://www.acb.com/Documentos/Cabeceras/logo-competicion-1b.png","https://www.acb.com/Documentos/Cabeceras/logo-competicion-4a.png",88,2023,107,NA,NA,5674,103742,NA,NA,FALSE,4240,4231,2605,"Lenovo Tenerife","Lenovo Tenerife","LNT",4240,2513,"MoraBanc Andorra","MoraBanc And","MBA",1,53,12000,5,21,23,15,34,44,8,8,100,25,8,33,8,7,17,5,0,0,1,16,14,47,-90,-1,13,0,0,53,71,2,0,0,0,2,26,7,40,7
2034377,1,"Liga Nacional","Liga Endesa",-402534000,NA,"https://www.acb.com/Documentos/Cabeceras/logo-competicion-1b.png","https://www.acb.com/Documentos/Cabeceras/logo-competicion-4a.png",88,2023,107,NA,NA,5674,103743,NA,NA,FALSE,4236,4241,2514,"Zunder Palencia","Zunder Palencia","ZPA",4236,2509,"Bàsquet Girona","Bàsquet Girona","GIR",1,80,12000,9,31,29,20,37,54,13,19,68,23,14,37,18,7,12,10,1,4,2,20,18,80,20,-1,0,13,0,80,76,3,1302,7,7,10,28,4,42,7
2034376,1,"Liga Nacional","Liga Endesa",-402534000,NA,"https://www.acb.com/Documentos/Cabeceras/logo-competicion-1b.png","https://www.acb.com/Documentos/Cabeceras/logo-competicion-4a.png",88,2023,107,NA,NA,5674,103743,NA,NA,TRUE,4241,4241,2514,"Zunder Palencia","Zunder Palencia","ZPA",4236,2509,"Bàsquet Girona","Bàsquet Girona","GIR",1,76,12000,7,27,25,21,39,53,13,18,72,24,13,37,14,9,13,4,4,1,3,18,20,85,-20,-1,13,0,0,76,80,4,751,6,6,11,40,7,32,8
2034067,1,"Liga Nacional","Liga Endesa",-402534000,NA,"https://www.acb.com/Documentos/Cabeceras/logo-competicion-1b.png","https://www.acb.com/Documentos/Cabeceras/logo-competicion-4a.png",88,2023,107,NA,NA,5674,103744,NA,NA,FALSE,4225,4234,2507,"Casademont Zaragoza","Casademont Zgz","CAZ",4225,2498,"Surne Bilbao Basket","Surne Bilbao","SBB",1,63,12000,7,27,25,18,34,52,6,12,50,22,8,30,13,9,18,4,4,3,3,22,18,52,-70,-1,13,0,0,63,77,4,1904,1,17,13,28,7,29,9
2034066,1,"Liga Nacional","Liga Endesa",-402534000,NA,"https://www.acb.com/Documentos/Cabeceras/logo-competicion-1b.png","https://www.acb.com/Documentos/Cabeceras/logo-competicion-4a.png",88,2023,107,NA,NA,5674,103744,NA,NA,TRUE,4234,4234,2507,"Casademont Zaragoza","Casademont Zgz","CAZ",4225,2498,"Surne Bilbao Basket","Surne Bilbao","SBB",1,77,12000,10,24,41,17,36,47,13,20,65,28,14,42,18,10,21,6,4,4,0,19,21,88,70,-1,0,13,0,77,63,4,416,2,17,13,30,12,25,15
2034094,1,"Liga Nacional","Liga Endesa",-402534000,NA,"https://www.acb.com/Documentos/Cabeceras/logo-competicion-1b.png","https://www.acb.com/Documentos/Cabeceras/logo-competicion-4a.png",88,2023,107,NA,NA,5674,103745,NA,NA,TRUE,4224,4224,2497,"Unicaja","Unicaja","UNI",4226,2499,"Monbus Obradoiro","Monbus Obra","MOB",1,87,12000,7,20,35,24,41,58,18,31,58,30,9,39,19,11,6,14,3,3,2,22,24,109,65,-1,0,13,0,87,74,1,2022,1,15,13,42,5,49,12
2034095,1,"Liga Nacional","Liga Endesa",-402534000,NA,"https://www.acb.com/Documentos/Cabeceras/logo-competicion-1b.png","https://www.acb.com/Documentos/Cabeceras/logo-competicion-4a.png",88,2023,107,NA,NA,5674,103745,NA,NA,FALSE,4226,4224,2497,"Unicaja","Unicaja","UNI",4226,2499,"Monbus Obradoiro","Monbus Obra","MOB",1,74,12000,8,21,38,19,37,51,12,18,66,26,4,30,11,3,13,5,3,3,2,24,22,66,-65,-1,13,0,0,74,87,5,214,1,5,0,36,5,39,9
2036430,1,"Liga Nacional","Liga Endesa",-402534000,NA,"https://www.acb.com/Documentos/Cabeceras/logo-competicion-1b.png","https://www.acb.com/Documentos/Cabeceras/logo-competicion-4a.png",88,2023,107,NA,NA,5681,103843,NA,NA,FALSE,4231,4238,2511,"Barça","Barça","BAR",4231,2605,"Lenovo Tenerife","Lenovo Tenerife","LNT",1,83,12000,13,35,37,17,33,51,10,11,90,17,11,28,16,4,10,10,1,3,1,19,13,74,-55,-1,13,0,0,83,94,4,170,3,5,20,28,5,23,8
2036429,1,"Liga Nacional","Liga Endesa",-402534000,NA,"https://www.acb.com/Documentos/Cabeceras/logo-competicion-1b.png","https://www.acb.com/Documentos/Cabeceras/logo-competicion-4a.png",88,2023,107,NA,NA,5681,103843,NA,NA,TRUE,4238,4238,2511,"Barça","Barça","BAR",4231,2605,"Lenovo Tenerife","Lenovo Tenerife","LNT",1,94,12000,16,26,61,17,28,60,12,14,85,23,4,27,26,6,13,4,3,1,5,14,19,124,55,-1,0,13,0,94,83,3,1892,3,13,9,28,3,57,8
2036233,1,"Liga Nacional","Liga Endesa",-402534000,NA,"https://www.acb.com/Documentos/Cabeceras/logo-competicion-1b.png","https://www.acb.com/Documentos/Cabeceras/logo-competicion-4a.png",88,2023,107,NA,NA,5681,103844,NA,NA,TRUE,4228,4228,2501,"Valencia Basket","Valencia Basket","VBC",4234,2507,"Casademont Zaragoza","Casademont Zgz","CAZ",1,76,12000,10,24,41,19,40,47,8,10,80,25,12,37,15,8,19,9,4,2,0,26,20,76,35,-1,0,13,0,76,69,3,836,3,9,20,36,9,28,7
2036234,1,"Liga Nacional","Liga Endesa",-402534000,NA,"https://www.acb.com/Documentos/Cabeceras/logo-competicion-1b.png","https://www.acb.com/Documentos/Cabeceras/logo-competicion-4a.png",88,2023,107,NA,NA,5681,103844,NA,NA,FALSE,4234,4228,2501,"Valencia Basket","Valencia Basket","VBC",4234,2507,"Casademont Zaragoza","Casademont Zgz","CAZ",1,69,12000,6,23,26,16,32,50,19,29,65,22,8,30,14,11,15,8,3,3,2,20,26,72,-35,-1,13,0,0,69,76,4,1443,2,9,11,26,2,25,7
2036203,1,"Liga Nacional","Liga Endesa",-402534000,NA,"https://www.acb.com/Documentos/Cabeceras/logo-competicion-1b.png","https://www.acb.com/Documentos/Cabeceras/logo-competicion-4a.png",88,2023,107,NA,NA,5681,103845,NA,NA,TRUE,4225,4225,2498,"Surne Bilbao Basket","Surne Bilbao","SBB",4239,2512,"Real Madrid","Real Madrid","RMB",1,84,12000,10,30,33,18,35,51,18,23,78,21,9,30,18,9,10,13,4,4,3,27,16,78,-15,-1,13,0,0,84,87,3,170,2,4,10,28,4,66,14
2036204,1,"Liga Nacional","Liga Endesa",-402534000,NA,"https://www.acb.com/Documentos/Cabeceras/logo-competicion-1b.png","https://www.acb.com/Documentos/Cabeceras/logo-competicion-4a.png",88,2023,107,NA,NA,5681,103845,NA,NA,FALSE,4239,4225,2498,"Surne Bilbao Basket","Surne Bilbao","SBB",4239,2512,"Real Madrid","Real Madrid","RMB",1,87,12000,10,31,32,15,31,48,27,31,87,29,15,44,15,7,16,12,4,4,1,18,25,103,15,-1,0,13,0,87,84,3,1954,2,14,5,28,7,38,8
2035934,1,"Liga Nacional","Liga Endesa",-402534000,NA,"https://www.acb.com/Documentos/Cabeceras/logo-competicion-1b.png","https://www.acb.com/Documentos/Cabeceras/logo-competicion-4a.png",88,2023,107,NA,NA,5681,103792,NA,NA,FALSE,4227,4229,2502,"Dreamland Gran Canaria","Dreamland GC","DGC",4227,2500,"Coviran Granada","Coviran Granada","COV",1,75,12000,6,15,40,24,41,58,9,14,64,25,10,35,14,7,21,6,3,4,2,19,19,78,-70,-1,13,0,0,75,89,3,0,0,0,13,44,9,31,7
2035933,1,"Liga Nacional","Liga Endesa",-402534000,NA,"https://www.acb.com/Documentos/Cabeceras/logo-competicion-1b.png","https://www.acb.com/Documentos/Cabeceras/logo-competicion-4a.png",88,2023,107,NA,NA,5681,103792,NA,NA,TRUE,4229,4229,2502,"Dreamland Gran Canaria","Dreamland GC","DGC",4227,2500,"Coviran Granada","Coviran Granada","COV",1,89,12000,15,33,45,18,35,51,8,13,61,19,11,30,20,10,12,12,4,3,3,19,19,98,70,-1,0,13,0,89,75,4,2381,0,19,14,32,5,22,7
2035882,1,"Liga Nacional","Liga Endesa",-402534000,NA,"https://www.acb.com/Documentos/Cabeceras/logo-competicion-1b.png","https://www.acb.com/Documentos/Cabeceras/logo-competicion-4a.png",88,2023,107,NA,NA,5681,103857,NA,NA,FALSE,4233,4226,2499,"Monbus Obradoiro","Monbus Obra","MOB",4233,2506,"Baskonia","Baskonia","BKN",1,95,15000,12,34,35,22,43,51,15,16,93,29,10,39,21,7,21,10,2,7,1,27,19,84,-65,-1,11,0,0,95,108,5,238,3,3,11,44,7,19,7
2035881,1,"Liga Nacional","Liga Endesa",-402534000,NA,"https://www.acb.com/Documentos/Cabeceras/logo-competicion-1b.png","https://www.acb.com/Documentos/Cabeceras/logo-competicion-4a.png",88,2023,107,NA,NA,5681,103857,NA,NA,TRUE,4226,4226,2499,"Monbus Obradoiro","Monbus Obra","MOB",4233,2506,"Baskonia","Baskonia","BKN",1,108,15000,11,35,31,25,44,56,25,34,73,31,13,44,16,13,15,15,8,2,3,21,26,125,65,-1,0,13,0,108,95,4,2428,3,15,26,42,9,52,12
2035602,1,"Liga Nacional","Liga Endesa",-402534000,NA,"https://www.acb.com/Documentos/Cabeceras/logo-competicion-1b.png","https://www.acb.com/Documentos/Cabeceras/logo-competicion-4a.png",88,2023,107,NA,NA,5681,103780,NA,NA,FALSE,4235,4241,2514,"Zunder Palencia","Zunder Palencia","ZPA",4235,2508,"UCAM Murcia","UCAM Murcia","UCM",1,76,12000,4,17,23,27,49,55,10,11,90,29,9,38,14,9,9,15,4,5,5,20,14,85,50,-1,0,13,0,76,66,3,1726,3,13,13,40,2,29,8
2035601,1,"Liga Nacional","Liga Endesa",-402534000,NA,"https://www.acb.com/Documentos/Cabeceras/logo-competicion-1b.png","https://www.acb.com/Documentos/Cabeceras/logo-competicion-4a.png",88,2023,107,NA,NA,5681,103780,NA,NA,TRUE,4241,4241,2514,"Zunder Palencia","Zunder Palencia","ZPA",4235,2508,"UCAM Murcia","UCAM Murcia","UCM",1,66,12000,7,23,30,16,36,44,13,20,65,27,11,38,13,3,14,2,5,4,2,14,20,70,-50,-1,13,0,0,66,76,4,573,2,5,4,26,8,21,9
2035629,1,"Liga Nacional","Liga Endesa",-402534000,NA,"https://www.acb.com/Documentos/Cabeceras/logo-competicion-1b.png","https://www.acb.com/Documentos/Cabeceras/logo-competicion-4a.png",88,2023,107,NA,NA,5681,103791,NA,NA,TRUE,4236,4236,2509,"Bàsquet Girona","Bàsquet Girona","GIR",4224,2497,"Unicaja","Unicaja","UNI",1,78,12000,9,30,30,17,32,53,17,18,94,33,11,44,11,4,22,7,2,1,3,27,22,74,-20,-1,13,0,0,78,82,4,2221,0,17,2,26,7,26,7
2035630,1,"Liga Nacional","Liga Endesa",-402534000,NA,"https://www.acb.com/Documentos/Cabeceras/logo-competicion-1b.png","https://www.acb.com/Documentos/Cabeceras/logo-competicion-4a.png",88,2023,107,NA,NA,5681,103791,NA,NA,FALSE,4224,4236,2509,"Bàsquet Girona","Bàsquet Girona","GIR",4224,2497,"Unicaja","Unicaja","UNI",1,82,12000,4,26,15,25,46,54,20,30,66,23,11,34,18,15,9,8,1,2,2,22,27,91,20,-1,0,13,0,82,78,2,136,1,4,6,44,8,61,9
2035327,1,"Liga Nacional","Liga Endesa",-402534000,NA,"https://www.acb.com/Documentos/Cabeceras/logo-competicion-1b.png","https://www.acb.com/Documentos/Cabeceras/logo-competicion-4a.png",88,2023,107,NA,NA,5681,103735,NA,NA,TRUE,4240,4240,2513,"MoraBanc Andorra","MoraBanc And","MBA",4232,2505,"BAXI Manresa","BAXI Manresa","BAX",1,86,12000,5,21,23,23,42,54,25,31,80,25,14,39,13,10,15,10,3,4,6,21,26,96,-20,-1,13,0,0,86,90,4,142,1,5,12,44,7,25,9
2035328,1,"Liga Nacional","Liga Endesa",-402534000,NA,"https://www.acb.com/Documentos/Cabeceras/logo-competicion-1b.png","https://www.acb.com/Documentos/Cabeceras/logo-competicion-4a.png",88,2023,107,NA,NA,5681,103735,NA,NA,FALSE,4232,4240,2513,"MoraBanc Andorra","MoraBanc And","MBA",4232,2505,"BAXI Manresa","BAXI Manresa","BAX",1,90,12000,12,33,36,22,35,62,10,11,90,24,9,33,19,8,14,13,5,3,5,26,20,97,20,-1,0,13,0,90,86,3,2102,2,17,10,38,11,40,10
2035360,1,"Liga Nacional","Liga Endesa",-402534000,NA,"https://www.acb.com/Documentos/Cabeceras/logo-competicion-1b.png","https://www.acb.com/Documentos/Cabeceras/logo-competicion-4a.png",88,2023,107,NA,NA,5681,103736,NA,NA,FALSE,4230,4237,2510,"Río Breogán","Río Breogán","BRE",4230,2503,"Joventut Badalona","Joventut","JOV",1,77,12000,5,23,21,20,34,58,22,26,84,21,5,26,9,13,14,10,4,6,2,22,18,69,-40,-1,11,0,0,77,85,5,663,4,9,12,32,4,10,13
2035359,1,"Liga Nacional","Liga Endesa",-402534000,NA,"https://www.acb.com/Documentos/Cabeceras/logo-competicion-1b.png","https://www.acb.com/Documentos/Cabeceras/logo-competicion-4a.png",88,2023,107,NA,NA,5681,103736,NA,NA,TRUE,4237,4237,2510,"Río Breogán","Río Breogán","BRE",4230,2503,"Joventut Badalona","Joventut","JOV",1,85,12000,11,32,34,17,34,50,18,21,85,26,15,41,19,4,16,2,7,4,2,18,21,98,40,-1,0,13,0,85,77,4,1327,4,16,13,28,12,49,10
2037714,1,"Liga Nacional","Liga Endesa",-402534000,NA,"https://www.acb.com/Documentos/Cabeceras/logo-competicion-1b.png","https://www.acb.com/Documentos/Cabeceras/logo-competicion-4a.png",88,2023,107,NA,NA,5675,103834,NA,NA,TRUE,4235,4235,2508,"UCAM Murcia","UCAM Murcia","UCM",4238,2511,"Barça","Barça","BAR",1,82,12000,3,18,16,31,46,67,11,13,84,22,6,28,11,9,10,4,2,2,5,21,16,83,45,-1,0,13,0,82,73,2,602,2,9,11,58,4,26,12
2037715,1,"Liga Nacional","Liga Endesa",-402534000,NA,"https://www.acb.com/Documentos/Cabeceras/logo-competicion-1b.png","https://www.acb.com/Documentos/Cabeceras/logo-competicion-4a.png",88,2023,107,NA,NA,5675,103834,NA,NA,FALSE,4238,4235,2508,"UCAM Murcia","UCAM Murcia","UCM",4238,2511,"Barça","Barça","BAR",1,73,12000,5,20,25,25,38,65,8,13,61,25,7,32,13,6,15,4,2,2,1,16,21,81,-45,-1,13,0,0,73,82,3,1442,2,7,8,40,4,44,8
2037467,1,"Liga Nacional","Liga Endesa",-402534000,NA,"https://www.acb.com/Documentos/Cabeceras/logo-competicion-1b.png","https://www.acb.com/Documentos/Cabeceras/logo-competicion-4a.png",88,2023,107,NA,NA,5675,103835,NA,NA,TRUE,4233,4233,2506,"Baskonia","Baskonia","BKN",4228,2501,"Valencia Basket","Valencia Basket","VBC",1,83,12000,11,30,36,19,29,65,12,13,92,18,7,25,18,5,10,5,4,2,2,23,21,91,45,-1,0,13,0,83,74,4,1511,5,12,13,34,12,42,15
2037468,1,"Liga Nacional","Liga Endesa",-402534000,NA,"https://www.acb.com/Documentos/Cabeceras/logo-competicion-1b.png","https://www.acb.com/Documentos/Cabeceras/logo-competicion-4a.png",88,2023,107,NA,NA,5675,103835,NA,NA,FALSE,4228,4233,2506,"Baskonia","Baskonia","BKN",4228,2501,"Valencia Basket","Valencia Basket","VBC",1,74,12000,4,18,22,19,42,45,24,27,88,21,16,37,14,8,10,4,2,4,3,21,23,83,-45,-1,13,0,0,74,83,3,785,4,8,2,26,6,43,7
2037495,1,"Liga Nacional","Liga Endesa",-402534000,NA,"https://www.acb.com/Documentos/Cabeceras/logo-competicion-1b.png","https://www.acb.com/Documentos/Cabeceras/logo-competicion-4a.png",88,2023,107,NA,NA,5675,103841,NA,NA,TRUE,4230,4230,2503,"Joventut Badalona","Joventut","JOV",4225,2498,"Surne Bilbao Basket","Surne Bilbao","SBB",1,81,12000,8,24,33,21,43,48,15,23,65,24,13,37,12,7,9,3,2,6,2,20,22,80,15,-1,0,12,0,81,78,5,264,4,3,8,36,7,44,7
2037496,1,"Liga Nacional","Liga Endesa",-402534000,NA,"https://www.acb.com/Documentos/Cabeceras/logo-competicion-1b.png","https://www.acb.com/Documentos/Cabeceras/logo-competicion-4a.png",88,2023,107,NA,NA,5675,103841,NA,NA,FALSE,4225,4230,2503,"Joventut Badalona","Joventut","JOV",4225,2498,"Surne Bilbao Basket","Surne Bilbao","SBB",1,78,12000,10,24,41,17,35,48,14,21,66,28,11,39,19,6,16,2,6,2,2,22,20,89,-15,-1,13,0,0,78,81,4,1813,4,8,0,30,12,36,7
2037076,1,"Liga Nacional","Liga Endesa",-402534000,NA,"https://www.acb.com/Documentos/Cabeceras/logo-competicion-1b.png","https://www.acb.com/Documentos/Cabeceras/logo-competicion-4a.png",88,2023,107,NA,NA,5675,103836,NA,NA,FALSE,4224,4239,2512,"Real Madrid","Real Madrid","RMB",4224,2497,"Unicaja","Unicaja","UNI",1,99,12000,13,27,48,25,42,59,10,13,76,22,12,34,28,8,13,22,2,4,2,21,21,120,30,-1,0,13,0,99,93,2,238,2,8,13,38,14,60,9
2037075,1,"Liga Nacional","Liga Endesa",-402534000,NA,"https://www.acb.com/Documentos/Cabeceras/logo-competicion-1b.png","https://www.acb.com/Documentos/Cabeceras/logo-competicion-4a.png",88,2023,107,NA,NA,5675,103836,NA,NA,TRUE,4239,4239,2512,"Real Madrid","Real Madrid","RMB",4224,2497,"Unicaja","Unicaja","UNI",1,93,12000,13,26,50,19,39,48,16,18,88,20,9,29,17,7,14,12,4,2,2,22,21,98,-30,-1,13,0,0,93,99,3,2080,1,21,12,34,10,43,9
2037048,1,"Liga Nacional","Liga Endesa",-402534000,NA,"https://www.acb.com/Documentos/Cabeceras/logo-competicion-1b.png","https://www.acb.com/Documentos/Cabeceras/logo-competicion-4a.png",88,2023,107,NA,NA,5675,103837,NA,NA,FALSE,4240,4227,2500,"Coviran Granada","Coviran Granada","COV",4240,2513,"MoraBanc Andorra","MoraBanc And","MBA",1,88,12000,9,27,33,23,42,54,15,18,83,15,12,27,14,13,8,8,0,0,6,22,19,91,-15,-1,13,0,0,88,91,4,297,4,3,11,36,20,53,9
2037047,1,"Liga Nacional","Liga Endesa",-402534000,NA,"https://www.acb.com/Documentos/Cabeceras/logo-competicion-1b.png","https://www.acb.com/Documentos/Cabeceras/logo-competicion-4a.png",88,2023,107,NA,NA,5675,103837,NA,NA,TRUE,4227,4227,2500,"Coviran Granada","Coviran Granada","COV",4240,2513,"MoraBanc Andorra","MoraBanc And","MBA",1,91,12000,12,24,50,22,32,68,11,12,91,21,7,28,17,3,19,6,0,0,1,19,22,100,15,-1,0,13,0,91,88,2,1964,4,15,11,40,11,37,8
2037104,1,"Liga Nacional","Liga Endesa",-402534000,NA,"https://www.acb.com/Documentos/Cabeceras/logo-competicion-1b.png","https://www.acb.com/Documentos/Cabeceras/logo-competicion-4a.png",88,2023,107,NA,NA,5675,103838,NA,NA,FALSE,4226,4232,2505,"BAXI Manresa","BAXI Manresa","BAX",4226,2499,"Monbus Obradoiro","Monbus Obra","MOB",1,56,12000,6,30,20,13,33,39,12,16,75,30,12,42,11,10,20,5,7,4,1,19,17,52,-100,-1,13,0,0,56,76,5,278,0,4,8,24,7,25,5
2037103,1,"Liga Nacional","Liga Endesa",-402534000,NA,"https://www.acb.com/Documentos/Cabeceras/logo-competicion-1b.png","https://www.acb.com/Documentos/Cabeceras/logo-competicion-4a.png",88,2023,107,NA,NA,5675,103838,NA,NA,TRUE,4232,4232,2505,"BAXI Manresa","BAXI Manresa","BAX",4226,2499,"Monbus Obradoiro","Monbus Obra","MOB",1,76,12000,11,35,31,17,36,47,9,15,60,32,13,45,22,12,14,11,4,7,3,17,19,91,100,-1,0,13,0,76,56,1,2008,1,20,20,28,10,39,12
2036796,1,"Liga Nacional","Liga Endesa",-402534000,NA,"https://www.acb.com/Documentos/Cabeceras/logo-competicion-1b.png","https://www.acb.com/Documentos/Cabeceras/logo-competicion-4a.png",88,2023,107,NA,NA,5675,103839,NA,NA,FALSE,4241,4231,2605,"Lenovo Tenerife","Lenovo Tenerife","LNT",4241,2514,"Zunder Palencia","Zunder Palencia","ZPA",1,71,12000,9,18,50,16,32,50,12,22,54,23,7,30,13,4,15,0,0,4,1,15,17,66,-105,-1,13,0,0,71,92,4,24,1,1,0,22,8,38,6
2036795,1,"Liga Nacional","Liga Endesa",-402534000,NA,"https://www.acb.com/Documentos/Cabeceras/logo-competicion-1b.png","https://www.acb.com/Documentos/Cabeceras/logo-competicion-4a.png",88,2023,107,NA,NA,5675,103839,NA,NA,TRUE,4231,4231,2605,"Lenovo Tenerife","Lenovo Tenerife","LNT",4241,2514,"Zunder Palencia","Zunder Palencia","ZPA",1,92,12000,14,24,58,22,38,57,6,11,54,24,6,30,24,9,9,0,4,0,3,17,15,117,105,-1,0,13,0,92,71,1,2343,1,24,15,40,6,34,7
2036766,1,"Liga Nacional","Liga Endesa",-402534000,NA,"https://www.acb.com/Documentos/Cabeceras/logo-competicion-1b.png","https://www.acb.com/Documentos/Cabeceras/logo-competicion-4a.png",88,2023,107,NA,NA,5675,103840,NA,NA,FALSE,4237,4236,2509,"Bàsquet Girona","Bàsquet Girona","GIR",4237,2510,"Río Breogán","Río Breogán","BRE",1,83,12000,13,33,39,15,29,51,14,16,87,28,8,36,18,9,20,4,10,1,3,22,19,96,-20,-1,13,0,0,83,87,5,1627,1,11,15,30,10,31,11
2036765,1,"Liga Nacional","Liga Endesa",-402534000,NA,"https://www.acb.com/Documentos/Cabeceras/logo-competicion-1b.png","https://www.acb.com/Documentos/Cabeceras/logo-competicion-4a.png",88,2023,107,NA,NA,5675,103840,NA,NA,TRUE,4236,4236,2509,"Bàsquet Girona","Bàsquet Girona","GIR",4237,2510,"Río Breogán","Río Breogán","BRE",1,87,12000,12,28,42,17,40,42,17,24,70,26,14,40,14,5,15,5,1,10,2,20,21,77,20,-1,0,13,0,87,83,4,561,2,9,10,32,12,56,9
2036626,1,"Liga Nacional","Liga Endesa",-402534000,NA,"https://www.acb.com/Documentos/Cabeceras/logo-competicion-1b.png","https://www.acb.com/Documentos/Cabeceras/logo-competicion-4a.png",88,2023,107,NA,NA,5675,103842,NA,NA,FALSE,4229,4234,2507,"Casademont Zaragoza","Casademont Zgz","CAZ",4229,2502,"Dreamland Gran Canaria","Dreamland GC","DGC",1,101,12000,18,38,47,18,34,52,11,17,64,21,14,35,25,7,9,8,3,1,1,24,18,113,35,-1,0,13,0,101,94,3,2136,5,12,10,30,20,39,8
2036625,1,"Liga Nacional","Liga Endesa",-402534000,NA,"https://www.acb.com/Documentos/Cabeceras/logo-competicion-1b.png","https://www.acb.com/Documentos/Cabeceras/logo-competicion-4a.png",88,2023,107,NA,NA,5675,103842,NA,NA,TRUE,4234,4234,2507,"Casademont Zaragoza","Casademont Zgz","CAZ",4229,2502,"Dreamland Gran Canaria","Dreamland GC","DGC",1,94,12000,6,17,35,29,43,67,18,28,64,24,8,32,17,7,12,12,1,3,5,18,24,107,-35,-1,13,0,0,94,101,4,147,5,1,12,56,6,43,9
2039000,1,"Liga Nacional","Liga Endesa",-402534000,NA,"https://www.acb.com/Documentos/Cabeceras/logo-competicion-1b.png","https://www.acb.com/Documentos/Cabeceras/logo-competicion-4a.png",88,2023,107,NA,NA,5676,103864,NA,NA,FALSE,4231,4229,2502,"Dreamland Gran Canaria","Dreamland GC","DGC",4231,2605,"Lenovo Tenerife","Lenovo Tenerife","LNT",1,94,13500,9,25,36,24,39,61,19,21,90,26,7,33,19,11,14,6,3,4,4,24,24,109,60,-1,0,13,0,94,82,4,2114,7,18,16,48,6,37,10
2038999,1,"Liga Nacional","Liga Endesa",-402534000,NA,"https://www.acb.com/Documentos/Cabeceras/logo-competicion-1b.png","https://www.acb.com/Documentos/Cabeceras/logo-competicion-4a.png",88,2023,107,NA,NA,5676,103864,NA,NA,TRUE,4229,4229,2502,"Dreamland Gran Canaria","Dreamland GC","DGC",4231,2605,"Lenovo Tenerife","Lenovo Tenerife","LNT",1,82,13500,7,29,24,21,40,52,19,25,76,20,16,36,13,7,16,10,4,3,2,25,24,75,-60,-1,13,0,0,82,94,5,401,7,4,10,34,11,21,12
2038746,1,"Liga Nacional","Liga Endesa",-402534000,NA,"https://www.acb.com/Documentos/Cabeceras/logo-competicion-1b.png","https://www.acb.com/Documentos/Cabeceras/logo-competicion-4a.png",88,2023,107,NA,NA,5676,103849,NA,NA,FALSE,4236,4238,2511,"Barça","Barça","BAR",4236,2509,"Bàsquet Girona","Bàsquet Girona","GIR",1,78,12000,10,33,30,22,44,50,4,9,44,15,9,24,23,13,14,20,4,6,3,19,13,66,-185,-1,13,0,0,78,115,2,0,0,0,21,42,7,49,7
2038745,1,"Liga Nacional","Liga Endesa",-402534000,NA,"https://www.acb.com/Documentos/Cabeceras/logo-competicion-1b.png","https://www.acb.com/Documentos/Cabeceras/logo-competicion-4a.png",88,2023,107,NA,NA,5676,103849,NA,NA,TRUE,4238,4238,2511,"Barça","Barça","BAR",4236,2509,"Bàsquet Girona","Bàsquet Girona","GIR",1,115,12000,15,25,60,28,45,62,14,19,73,38,13,51,30,9,20,19,6,4,7,13,19,161,185,-1,0,13,0,115,78,3,2381,0,39,15,50,3,72,14
2038716,1,"Liga Nacional","Liga Endesa",-402534000,NA,"https://www.acb.com/Documentos/Cabeceras/logo-competicion-1b.png","https://www.acb.com/Documentos/Cabeceras/logo-competicion-4a.png",88,2023,107,NA,NA,5676,103865,NA,NA,FALSE,4232,4233,2506,"Baskonia","Baskonia","BKN",4232,2505,"BAXI Manresa","BAXI Manresa","BAX",1,86,12000,15,38,39,17,29,58,7,18,38,20,10,30,17,10,11,17,2,2,2,22,17,81,-40,-1,13,0,0,86,94,2,0,0,0,14,28,7,36,6
2038715,1,"Liga Nacional","Liga Endesa",-402534000,NA,"https://www.acb.com/Documentos/Cabeceras/logo-competicion-1b.png","https://www.acb.com/Documentos/Cabeceras/logo-competicion-4a.png",88,2023,107,NA,NA,5676,103865,NA,NA,TRUE,4233,4233,2506,"Baskonia","Baskonia","BKN",4232,2505,"BAXI Manresa","BAXI Manresa","BAX",1,94,12000,15,29,51,15,28,53,19,24,79,27,9,36,21,5,15,13,2,2,1,17,22,114,40,-1,0,13,0,94,86,3,2371,0,23,12,28,13,66,10
2038438,1,"Liga Nacional","Liga Endesa",-402534000,NA,"https://www.acb.com/Documentos/Cabeceras/logo-competicion-1b.png","https://www.acb.com/Documentos/Cabeceras/logo-competicion-4a.png",88,2023,107,NA,NA,5676,103567,NA,NA,TRUE,4239,4239,2512,"Real Madrid","Real Madrid","RMB",4240,2513,"MoraBanc Andorra","MoraBanc And","MBA",1,85,12000,11,36,30,19,39,48,14,19,73,31,15,46,25,2,8,10,7,0,6,16,24,115,45,-1,0,13,0,85,76,1,2264,0,16,9,36,7,38,8
2038439,1,"Liga Nacional","Liga Endesa",-402534000,NA,"https://www.acb.com/Documentos/Cabeceras/logo-competicion-1b.png","https://www.acb.com/Documentos/Cabeceras/logo-competicion-4a.png",88,2023,107,NA,NA,5676,103567,NA,NA,FALSE,4240,4239,2512,"Real Madrid","Real Madrid","RMB",4240,2513,"MoraBanc Andorra","MoraBanc And","MBA",1,76,12000,8,25,32,22,44,50,8,15,53,31,7,38,14,6,10,8,0,6,1,25,16,63,-45,-1,12,0,0,76,85,2,0,0,0,2,34,4,57,6
2038468,1,"Liga Nacional","Liga Endesa",-402534000,NA,"https://www.acb.com/Documentos/Cabeceras/logo-competicion-1b.png","https://www.acb.com/Documentos/Cabeceras/logo-competicion-4a.png",88,2023,107,NA,NA,5676,103847,NA,NA,FALSE,4234,4237,2510,"Río Breogán","Río Breogán","BRE",4234,2507,"Casademont Zaragoza","Casademont Zgz","CAZ",1,77,12000,11,26,42,14,37,37,16,17,94,23,11,34,11,10,13,5,6,2,0,24,18,78,-25,-1,13,0,0,77,82,4,1746,0,11,8,24,6,25,7
2038467,1,"Liga Nacional","Liga Endesa",-402534000,NA,"https://www.acb.com/Documentos/Cabeceras/logo-competicion-1b.png","https://www.acb.com/Documentos/Cabeceras/logo-competicion-4a.png",88,2023,107,NA,NA,5676,103847,NA,NA,TRUE,4237,4237,2510,"Río Breogán","Río Breogán","BRE",4234,2507,"Casademont Zaragoza","Casademont Zgz","CAZ",1,82,12000,7,20,35,20,42,47,21,29,72,27,13,40,17,8,15,5,2,6,1,20,24,89,25,-1,0,13,0,82,77,5,440,1,15,6,34,8,50,10
2038159,1,"Liga Nacional","Liga Endesa",-402534000,NA,"https://www.acb.com/Documentos/Cabeceras/logo-competicion-1b.png","https://www.acb.com/Documentos/Cabeceras/logo-competicion-4a.png",88,2023,107,NA,NA,5676,103831,NA,NA,TRUE,4225,4225,2498,"Surne Bilbao Basket","Surne Bilbao","SBB",4224,2497,"Unicaja","Unicaja","UNI",1,43,12000,2,20,10,14,33,42,9,20,45,27,6,33,8,5,16,9,4,0,2,16,23,36,-120,-1,13,0,0,43,67,3,173,2,5,6,28,6,17,9
2038160,1,"Liga Nacional","Liga Endesa",-402534000,NA,"https://www.acb.com/Documentos/Cabeceras/logo-competicion-1b.png","https://www.acb.com/Documentos/Cabeceras/logo-competicion-4a.png",88,2023,107,NA,NA,5676,103831,NA,NA,FALSE,4224,4225,2498,"Surne Bilbao Basket","Surne Bilbao","SBB",4224,2497,"Unicaja","Unicaja","UNI",1,67,12000,5,24,20,23,38,60,6,11,54,35,7,42,18,11,13,9,0,4,3,23,16,75,120,-1,0,13,0,67,43,3,2075,3,24,18,44,2,31,14
2038190,1,"Liga Nacional","Liga Endesa",-402534000,NA,"https://www.acb.com/Documentos/Cabeceras/logo-competicion-1b.png","https://www.acb.com/Documentos/Cabeceras/logo-competicion-4a.png",88,2023,107,NA,NA,5676,103846,NA,NA,FALSE,4230,4235,2508,"UCAM Murcia","UCAM Murcia","UCM",4230,2503,"Joventut Badalona","Joventut","JOV",1,73,12000,6,18,33,17,45,37,21,28,75,25,9,34,13,5,13,9,1,3,0,18,25,70,-160,-1,12,0,0,73,105,4,19,0,2,6,34,2,22,9
2038189,1,"Liga Nacional","Liga Endesa",-402534000,NA,"https://www.acb.com/Documentos/Cabeceras/logo-competicion-1b.png","https://www.acb.com/Documentos/Cabeceras/logo-competicion-4a.png",88,2023,107,NA,NA,5676,103846,NA,NA,TRUE,4235,4235,2508,"UCAM Murcia","UCAM Murcia","UCM",4230,2503,"Joventut Badalona","Joventut","JOV",1,105,12000,9,23,39,32,51,62,14,19,73,32,10,42,23,11,7,23,4,1,6,25,18,132,160,-1,0,13,0,105,73,2,2309,1,39,17,60,5,31,16
2037912,1,"Liga Nacional","Liga Endesa",-402534000,NA,"https://www.acb.com/Documentos/Cabeceras/logo-competicion-1b.png","https://www.acb.com/Documentos/Cabeceras/logo-competicion-4a.png",88,2023,107,NA,NA,5676,103832,NA,NA,FALSE,4228,4241,2514,"Zunder Palencia","Zunder Palencia","ZPA",4228,2501,"Valencia Basket","Valencia Basket","VBC",1,101,12000,14,27,51,24,36,66,11,12,91,26,5,31,21,6,12,20,2,3,3,18,23,125,120,-1,0,13,0,101,77,2,1928,1,25,18,32,10,51,8
2037911,1,"Liga Nacional","Liga Endesa",-402534000,NA,"https://www.acb.com/Documentos/Cabeceras/logo-competicion-1b.png","https://www.acb.com/Documentos/Cabeceras/logo-competicion-4a.png",88,2023,107,NA,NA,5676,103832,NA,NA,TRUE,4241,4241,2514,"Zunder Palencia","Zunder Palencia","ZPA",4228,2501,"Valencia Basket","Valencia Basket","VBC",1,77,12000,11,33,33,15,27,55,14,17,82,17,8,25,16,5,15,0,3,2,1,23,18,67,-120,-1,13,0,0,77,101,4,274,1,5,10,18,9,23,8
2037885,1,"Liga Nacional","Liga Endesa",-402534000,NA,"https://www.acb.com/Documentos/Cabeceras/logo-competicion-1b.png","https://www.acb.com/Documentos/Cabeceras/logo-competicion-4a.png",88,2023,107,NA,NA,5676,103833,NA,NA,FALSE,4227,4226,2499,"Monbus Obradoiro","Monbus Obra","MOB",4227,2500,"Coviran Granada","Coviran Granada","COV",1,94,12000,14,31,45,21,33,63,10,13,76,23,9,32,17,4,10,4,3,5,0,22,19,100,85,-1,0,12,0,94,77,3,2297,0,18,17,28,10,21,9
2037884,1,"Liga Nacional","Liga Endesa",-402534000,NA,"https://www.acb.com/Documentos/Cabeceras/logo-competicion-1b.png","https://www.acb.com/Documentos/Cabeceras/logo-competicion-4a.png",88,2023,107,NA,NA,5676,103833,NA,NA,TRUE,4226,4226,2499,"Monbus Obradoiro","Monbus Obra","MOB",4227,2500,"Coviran Granada","Coviran Granada","COV",1,77,12000,10,24,41,18,34,52,11,15,73,20,9,29,16,3,14,8,6,3,3,19,22,83,-85,-1,13,0,0,77,94,4,0,0,0,4,28,10,35,7
2040290,1,"Liga Nacional","Liga Endesa",-402534000,NA,"https://www.acb.com/Documentos/Cabeceras/logo-competicion-1b.png","https://www.acb.com/Documentos/Cabeceras/logo-competicion-4a.png",88,2023,107,NA,NA,5677,103855,NA,NA,FALSE,4233,4230,2503,"Joventut Badalona","Joventut","JOV",4233,2506,"Baskonia","Baskonia","BKN",1,72,12000,8,32,25,19,32,59,10,13,76,23,11,34,13,4,9,6,1,2,2,18,19,74,-25,-1,13,0,0,72,77,4,915,4,7,7,34,10,30,9
2040289,1,"Liga Nacional","Liga Endesa",-402534000,NA,"https://www.acb.com/Documentos/Cabeceras/logo-competicion-1b.png","https://www.acb.com/Documentos/Cabeceras/logo-competicion-4a.png",88,2023,107,NA,NA,5677,103855,NA,NA,TRUE,4230,4230,2503,"Joventut Badalona","Joventut","JOV",4233,2506,"Baskonia","Baskonia","BKN",1,77,12000,7,26,26,19,34,55,18,19,94,25,10,35,19,6,9,10,2,1,2,20,17,91,25,-1,0,13,0,77,72,4,1031,5,9,11,32,10,36,8
2040093,1,"Liga Nacional","Liga Endesa",-402534000,NA,"https://www.acb.com/Documentos/Cabeceras/logo-competicion-1b.png","https://www.acb.com/Documentos/Cabeceras/logo-competicion-4a.png",88,2023,107,NA,NA,5677,103856,NA,NA,TRUE,4238,4238,2511,"Barça","Barça","BAR",4227,2500,"Coviran Granada","Coviran Granada","COV",1,80,12000,4,14,28,30,49,61,8,18,44,27,9,36,13,5,15,10,4,2,3,19,17,80,55,-1,0,13,0,80,69,2,1210,6,11,10,46,8,51,8
2040094,1,"Liga Nacional","Liga Endesa",-402534000,NA,"https://www.acb.com/Documentos/Cabeceras/logo-competicion-1b.png","https://www.acb.com/Documentos/Cabeceras/logo-competicion-4a.png",88,2023,107,NA,NA,5677,103856,NA,NA,FALSE,4227,4238,2511,"Barça","Barça","BAR",4227,2500,"Coviran Granada","Coviran Granada","COV",1,69,12000,9,30,30,14,31,45,14,18,77,22,10,32,13,11,18,8,2,4,0,19,17,61,-55,-1,13,0,0,69,80,5,1011,5,9,17,20,2,18,8
2040064,1,"Liga Nacional","Liga Endesa",-402534000,NA,"https://www.acb.com/Documentos/Cabeceras/logo-competicion-1b.png","https://www.acb.com/Documentos/Cabeceras/logo-competicion-4a.png",88,2023,107,NA,NA,5677,103858,NA,NA,FALSE,4225,4228,2501,"Valencia Basket","Valencia Basket","VBC",4225,2498,"Surne Bilbao Basket","Surne Bilbao","SBB",1,85,12000,7,20,35,24,37,64,16,19,84,27,8,35,15,12,16,10,6,1,2,20,21,108,30,-1,0,13,0,85,79,3,2348,1,13,17,42,9,56,9
2040063,1,"Liga Nacional","Liga Endesa",-402534000,NA,"https://www.acb.com/Documentos/Cabeceras/logo-competicion-1b.png","https://www.acb.com/Documentos/Cabeceras/logo-competicion-4a.png",88,2023,107,NA,NA,5677,103858,NA,NA,TRUE,4228,4228,2501,"Valencia Basket","Valencia Basket","VBC",4225,2498,"Surne Bilbao Basket","Surne Bilbao","SBB",1,79,12000,6,25,24,22,44,50,17,26,65,20,16,36,19,15,13,17,1,4,5,21,19,81,-30,-1,13,0,0,79,85,4,0,1,1,16,36,9,39,7
2039838,1,"Liga Nacional","Liga Endesa",-402534000,NA,"https://www.acb.com/Documentos/Cabeceras/logo-competicion-1b.png","https://www.acb.com/Documentos/Cabeceras/logo-competicion-4a.png",88,2023,107,NA,NA,5677,103866,NA,NA,FALSE,4241,4229,2502,"Dreamland Gran Canaria","Dreamland GC","DGC",4241,2514,"Zunder Palencia","Zunder Palencia","ZPA",1,73,12000,9,25,36,14,27,51,18,26,69,24,7,31,19,1,20,0,4,2,2,22,22,69,-135,-1,13,0,0,73,100,5,0,0,0,9,20,6,37,7
2039837,1,"Liga Nacional","Liga Endesa",-402534000,NA,"https://www.acb.com/Documentos/Cabeceras/logo-competicion-1b.png","https://www.acb.com/Documentos/Cabeceras/logo-competicion-4a.png",88,2023,107,NA,NA,5677,103866,NA,NA,TRUE,4229,4229,2502,"Dreamland Gran Canaria","Dreamland GC","DGC",4241,2514,"Zunder Palencia","Zunder Palencia","ZPA",1,100,12000,9,19,47,25,46,54,23,26,88,24,8,32,21,10,8,8,2,4,4,22,21,118,135,-1,0,13,0,100,73,3,2285,0,34,15,36,6,54,11
2039782,1,"Liga Nacional","Liga Endesa",-402534000,NA,"https://www.acb.com/Documentos/Cabeceras/logo-competicion-1b.png","https://www.acb.com/Documentos/Cabeceras/logo-competicion-4a.png",88,2023,107,NA,NA,5677,103859,NA,NA,FALSE,4237,4239,2512,"Real Madrid","Real Madrid","RMB",4237,2510,"Río Breogán","Río Breogán","BRE",1,58,12000,5,31,16,16,39,41,11,17,64,23,9,32,11,9,12,9,2,5,1,27,16,29,-165,-1,13,0,0,58,91,3,700,1,4,10,28,4,29,7
2039781,1,"Liga Nacional","Liga Endesa",-402534000,NA,"https://www.acb.com/Documentos/Cabeceras/logo-competicion-1b.png","https://www.acb.com/Documentos/Cabeceras/logo-competicion-4a.png",88,2023,107,NA,NA,5677,103859,NA,NA,TRUE,4239,4239,2512,"Real Madrid","Real Madrid","RMB",4237,2510,"Río Breogán","Río Breogán","BRE",1,91,12000,9,28,32,18,31,58,28,31,90,41,9,50,19,6,16,12,5,2,4,18,27,127,165,-1,0,13,0,91,58,0,1617,2,33,14,34,4,43,15
2039508,1,"Liga Nacional","Liga Endesa",-402534000,NA,"https://www.acb.com/Documentos/Cabeceras/logo-competicion-1b.png","https://www.acb.com/Documentos/Cabeceras/logo-competicion-4a.png",88,2023,107,NA,NA,5677,103860,NA,NA,FALSE,4240,4236,2509,"Bàsquet Girona","Bàsquet Girona","GIR",4240,2513,"MoraBanc Andorra","MoraBanc And","MBA",1,104,13500,9,34,26,28,40,70,21,28,75,23,7,30,16,18,12,19,2,1,1,22,24,115,-15,-1,12,0,0,104,107,5,1539,6,15,26,46,4,46,9
2039507,1,"Liga Nacional","Liga Endesa",-402534000,NA,"https://www.acb.com/Documentos/Cabeceras/logo-competicion-1b.png","https://www.acb.com/Documentos/Cabeceras/logo-competicion-4a.png",88,2023,107,NA,NA,5677,103860,NA,NA,TRUE,4236,4236,2509,"Bàsquet Girona","Bàsquet Girona","GIR",4240,2513,"MoraBanc Andorra","MoraBanc And","MBA",1,107,13500,17,44,38,17,31,54,22,25,88,28,16,44,20,8,22,7,2,2,1,24,22,111,15,-1,0,13,0,107,104,6,930,6,10,11,28,13,44,9
2039480,1,"Liga Nacional","Liga Endesa",-402534000,NA,"https://www.acb.com/Documentos/Cabeceras/logo-competicion-1b.png","https://www.acb.com/Documentos/Cabeceras/logo-competicion-4a.png",88,2023,107,NA,NA,5677,103861,NA,NA,FALSE,4226,4231,2605,"Lenovo Tenerife","Lenovo Tenerife","LNT",4226,2499,"Monbus Obradoiro","Monbus Obra","MOB",1,92,12000,6,24,25,24,34,70,26,28,92,25,8,33,18,6,11,4,1,2,3,24,24,107,25,-1,0,13,0,92,87,4,249,4,5,2,46,0,35,10
2039479,1,"Liga Nacional","Liga Endesa",-402534000,NA,"https://www.acb.com/Documentos/Cabeceras/logo-competicion-1b.png","https://www.acb.com/Documentos/Cabeceras/logo-competicion-4a.png",88,2023,107,NA,NA,5677,103861,NA,NA,TRUE,4231,4231,2605,"Lenovo Tenerife","Lenovo Tenerife","LNT",4226,2499,"Monbus Obradoiro","Monbus Obra","MOB",1,87,12000,10,25,40,21,36,58,15,19,78,18,6,24,15,7,12,2,2,1,0,25,24,87,-25,-1,13,0,0,87,92,4,2064,4,13,11,40,7,33,10
2039199,1,"Liga Nacional","Liga Endesa",-402534000,NA,"https://www.acb.com/Documentos/Cabeceras/logo-competicion-1b.png","https://www.acb.com/Documentos/Cabeceras/logo-competicion-4a.png",88,2023,107,NA,NA,5677,103862,NA,NA,TRUE,4234,4234,2507,"Casademont Zaragoza","Casademont Zgz","CAZ",4235,2508,"UCAM Murcia","UCAM Murcia","UCM",1,82,12000,5,18,27,26,50,52,15,19,78,32,8,40,17,8,15,12,5,2,1,22,21,93,30,-1,0,13,0,82,76,3,1805,5,12,10,38,8,28,16
2039200,1,"Liga Nacional","Liga Endesa",-402534000,NA,"https://www.acb.com/Documentos/Cabeceras/logo-competicion-1b.png","https://www.acb.com/Documentos/Cabeceras/logo-competicion-4a.png",88,2023,107,NA,NA,5677,103862,NA,NA,FALSE,4235,4234,2507,"Casademont Zaragoza","Casademont Zgz","CAZ",4235,2508,"UCAM Murcia","UCAM Murcia","UCM",1,76,12000,6,19,31,22,52,42,14,17,82,30,10,40,19,9,13,2,2,5,2,21,21,82,-30,-1,13,0,0,76,82,5,408,4,4,4,42,8,30,9
2039228,1,"Liga Nacional","Liga Endesa",-402534000,NA,"https://www.acb.com/Documentos/Cabeceras/logo-competicion-1b.png","https://www.acb.com/Documentos/Cabeceras/logo-competicion-4a.png",88,2023,107,NA,NA,5677,103863,NA,NA,FALSE,4232,4224,2497,"Unicaja","Unicaja","UNI",4232,2505,"BAXI Manresa","BAXI Manresa","BAX",1,77,12000,9,30,30,17,43,39,16,25,64,29,15,44,16,9,18,14,2,4,1,23,22,69,-70,-1,13,0,0,77,91,3,0,0,0,18,32,10,34,8
2039227,1,"Liga Nacional","Liga Endesa",-402534000,NA,"https://www.acb.com/Documentos/Cabeceras/logo-competicion-1b.png","https://www.acb.com/Documentos/Cabeceras/logo-competicion-4a.png",88,2023,107,NA,NA,5677,103863,NA,NA,TRUE,4224,4224,2497,"Unicaja","Unicaja","UNI",4232,2505,"BAXI Manresa","BAXI Manresa","BAX",1,91,12000,10,24,41,19,41,46,23,31,74,31,9,40,15,12,16,9,4,2,2,23,22,99,70,-1,0,13,0,91,77,2,2323,0,22,7,30,10,37,9
2045580,1,"Liga Nacional","Liga Endesa",-402534000,NA,"https://www.acb.com/Documentos/Cabeceras/logo-competicion-1b.png","https://www.acb.com/Documentos/Cabeceras/logo-competicion-4a.png",88,2023,107,NA,NA,5678,103809,NA,NA,TRUE,4234,4234,2507,"Casademont Zaragoza","Casademont Zgz","CAZ",4238,2511,"Barça","Barça","BAR",1,101,12000,12,21,57,24,42,57,17,24,70,19,10,29,19,7,11,2,2,2,3,15,18,114,10,-1,0,11,0,101,99,5,1731,8,13,15,44,9,44,7
2045581,1,"Liga Nacional","Liga Endesa",-402534000,NA,"https://www.acb.com/Documentos/Cabeceras/logo-competicion-1b.png","https://www.acb.com/Documentos/Cabeceras/logo-competicion-4a.png",88,2023,107,NA,NA,5678,103809,NA,NA,FALSE,4238,4234,2507,"Casademont Zaragoza","Casademont Zgz","CAZ",4238,2511,"Barça","Barça","BAR",1,99,12000,11,31,35,27,41,65,12,16,75,20,16,36,21,5,11,4,2,2,4,18,15,109,-10,-1,13,0,0,99,101,4,381,7,3,15,48,13,34,7
2045384,1,"Liga Nacional","Liga Endesa",-402534000,NA,"https://www.acb.com/Documentos/Cabeceras/logo-competicion-1b.png","https://www.acb.com/Documentos/Cabeceras/logo-competicion-4a.png",88,2023,107,NA,NA,5678,103828,NA,NA,TRUE,4235,4235,2508,"UCAM Murcia","UCAM Murcia","UCM",4228,2501,"Valencia Basket","Valencia Basket","VBC",1,77,13500,12,36,33,14,43,32,13,16,81,24,17,41,15,16,17,4,0,5,3,28,20,63,-40,-1,13,0,0,77,85,5,197,2,3,10,28,14,28,12
2045385,1,"Liga Nacional","Liga Endesa",-402534000,NA,"https://www.acb.com/Documentos/Cabeceras/logo-competicion-1b.png","https://www.acb.com/Documentos/Cabeceras/logo-competicion-4a.png",88,2023,107,NA,NA,5678,103828,NA,NA,FALSE,4228,4235,2508,"UCAM Murcia","UCAM Murcia","UCM",4228,2501,"Valencia Basket","Valencia Basket","VBC",1,85,13500,6,17,35,22,44,50,23,29,79,33,11,44,19,10,20,10,5,0,4,21,27,110,40,-1,0,13,0,85,77,4,2412,2,24,22,36,8,59,20
2045352,1,"Liga Nacional","Liga Endesa",-402534000,NA,"https://www.acb.com/Documentos/Cabeceras/logo-competicion-1b.png","https://www.acb.com/Documentos/Cabeceras/logo-competicion-4a.png",88,2023,107,NA,NA,5678,103829,NA,NA,TRUE,4233,4233,2506,"Baskonia","Baskonia","BKN",4231,2605,"Lenovo Tenerife","Lenovo Tenerife","LNT",1,104,12000,15,28,53,19,27,70,21,25,84,25,6,31,22,3,13,6,2,2,1,19,20,123,20,-1,0,13,0,104,100,3,1843,2,18,8,34,4,51,11
2045353,1,"Liga Nacional","Liga Endesa",-402534000,NA,"https://www.acb.com/Documentos/Cabeceras/logo-competicion-1b.png","https://www.acb.com/Documentos/Cabeceras/logo-competicion-4a.png",88,2023,107,NA,NA,5678,103829,NA,NA,FALSE,4231,4233,2506,"Baskonia","Baskonia","BKN",4231,2605,"Lenovo Tenerife","Lenovo Tenerife","LNT",1,100,12000,13,26,50,24,46,52,13,15,86,16,11,27,21,6,5,10,2,2,2,20,18,110,-20,-1,13,0,0,100,104,4,533,2,7,20,38,15,56,14
2045100,1,"Liga Nacional","Liga Endesa",-402534000,NA,"https://www.acb.com/Documentos/Cabeceras/logo-competicion-1b.png","https://www.acb.com/Documentos/Cabeceras/logo-competicion-4a.png",88,2023,107,NA,NA,5678,103830,NA,NA,TRUE,4230,4230,2503,"Joventut Badalona","Joventut","JOV",4226,2499,"Monbus Obradoiro","Monbus Obra","MOB",1,78,12000,9,20,45,17,41,41,17,21,80,26,10,36,17,8,13,11,3,3,2,23,21,85,45,-1,0,13,0,78,69,3,893,4,9,11,30,8,28,8
2045101,1,"Liga Nacional","Liga Endesa",-402534000,NA,"https://www.acb.com/Documentos/Cabeceras/logo-competicion-1b.png","https://www.acb.com/Documentos/Cabeceras/logo-competicion-4a.png",88,2023,107,NA,NA,5678,103830,NA,NA,FALSE,4226,4230,2503,"Joventut Badalona","Joventut","JOV",4226,2499,"Monbus Obradoiro","Monbus Obra","MOB",1,69,12000,5,21,23,21,42,50,12,15,80,23,10,33,15,6,12,8,3,3,1,21,22,72,-45,-1,13,0,0,69,78,4,1364,3,11,8,36,9,21,7
2045073,1,"Liga Nacional","Liga Endesa",-402534000,NA,"https://www.acb.com/Documentos/Cabeceras/logo-competicion-1b.png","https://www.acb.com/Documentos/Cabeceras/logo-competicion-4a.png",88,2023,107,NA,NA,5678,103850,NA,NA,FALSE,4229,4239,2512,"Real Madrid","Real Madrid","RMB",4229,2502,"Dreamland Gran Canaria","Dreamland GC","DGC",1,71,12000,4,32,12,24,41,58,11,18,61,23,12,35,17,6,11,2,1,1,4,21,20,65,-130,-1,13,0,0,71,97,4,0,0,0,4,40,13,26,9
2045072,1,"Liga Nacional","Liga Endesa",-402534000,NA,"https://www.acb.com/Documentos/Cabeceras/logo-competicion-1b.png","https://www.acb.com/Documentos/Cabeceras/logo-competicion-4a.png",88,2023,107,NA,NA,5678,103850,NA,NA,TRUE,4239,4239,2512,"Real Madrid","Real Madrid","RMB",4229,2502,"Dreamland Gran Canaria","Dreamland GC","DGC",1,97,12000,11,29,37,21,29,72,22,26,84,36,5,41,27,6,13,6,1,0,7,20,20,129,130,-1,0,13,0,97,71,1,2377,0,28,18,40,6,43,14
2044826,1,"Liga Nacional","Liga Endesa",-402534000,NA,"https://www.acb.com/Documentos/Cabeceras/logo-competicion-1b.png","https://www.acb.com/Documentos/Cabeceras/logo-competicion-4a.png",88,2023,107,NA,NA,5678,103851,NA,NA,FALSE,4224,4240,2513,"MoraBanc Andorra","MoraBanc And","MBA",4224,2497,"Unicaja","Unicaja","UNI",1,87,12000,9,24,37,22,36,61,16,19,84,29,6,35,16,6,10,12,1,0,0,24,21,100,30,-1,0,13,0,87,81,1,722,5,8,8,36,5,61,7
2044825,1,"Liga Nacional","Liga Endesa",-402534000,NA,"https://www.acb.com/Documentos/Cabeceras/logo-competicion-1b.png","https://www.acb.com/Documentos/Cabeceras/logo-competicion-4a.png",88,2023,107,NA,NA,5678,103851,NA,NA,TRUE,4240,4240,2513,"MoraBanc Andorra","MoraBanc And","MBA",4224,2497,"Unicaja","Unicaja","UNI",1,81,12000,7,22,31,22,38,57,16,23,69,23,5,28,17,5,9,9,0,1,2,21,24,86,-30,-1,12,0,0,81,87,5,1584,4,9,5,30,3,33,6
2044798,1,"Liga Nacional","Liga Endesa",-402534000,NA,"https://www.acb.com/Documentos/Cabeceras/logo-competicion-1b.png","https://www.acb.com/Documentos/Cabeceras/logo-competicion-4a.png",88,2023,107,NA,NA,5678,103852,NA,NA,FALSE,4236,4232,2505,"BAXI Manresa","BAXI Manresa","BAX",4236,2509,"Bàsquet Girona","Bàsquet Girona","GIR",1,87,12000,14,36,38,19,41,46,7,12,58,23,13,36,16,8,16,7,5,6,1,23,18,76,-70,-1,13,0,0,87,101,5,15,1,1,10,34,15,27,11
2044797,1,"Liga Nacional","Liga Endesa",-402534000,NA,"https://www.acb.com/Documentos/Cabeceras/logo-competicion-1b.png","https://www.acb.com/Documentos/Cabeceras/logo-competicion-4a.png",88,2023,107,NA,NA,5678,103852,NA,NA,TRUE,4232,4232,2505,"BAXI Manresa","BAXI Manresa","BAX",4236,2509,"Bàsquet Girona","Bàsquet Girona","GIR",1,101,12000,15,37,40,21,35,60,14,19,73,31,11,42,21,8,14,14,6,5,3,18,22,122,70,-1,0,13,0,101,87,2,2300,1,19,8,36,8,42,11
2044545,1,"Liga Nacional","Liga Endesa",-402534000,NA,"https://www.acb.com/Documentos/Cabeceras/logo-competicion-1b.png","https://www.acb.com/Documentos/Cabeceras/logo-competicion-4a.png",88,2023,107,NA,NA,5678,103853,NA,NA,TRUE,4227,4227,2500,"Coviran Granada","Coviran Granada","COV",4241,2514,"Zunder Palencia","Zunder Palencia","ZPA",1,109,12000,16,25,64,21,37,56,19,24,79,20,11,31,19,8,8,20,1,5,4,28,21,118,120,-1,0,13,0,109,85,2,2331,0,27,13,40,12,40,10
2044546,1,"Liga Nacional","Liga Endesa",-402534000,NA,"https://www.acb.com/Documentos/Cabeceras/logo-competicion-1b.png","https://www.acb.com/Documentos/Cabeceras/logo-competicion-4a.png",88,2023,107,NA,NA,5678,103853,NA,NA,FALSE,4241,4227,2500,"Coviran Granada","Coviran Granada","COV",4241,2514,"Zunder Palencia","Zunder Palencia","ZPA",1,85,12000,10,32,31,17,29,58,21,25,84,15,13,28,16,5,10,4,7,0,4,22,27,98,-120,-1,13,0,0,85,109,3,0,0,0,6,32,13,31,7
2044515,1,"Liga Nacional","Liga Endesa",-402534000,NA,"https://www.acb.com/Documentos/Cabeceras/logo-competicion-1b.png","https://www.acb.com/Documentos/Cabeceras/logo-competicion-4a.png",88,2023,107,NA,NA,5678,103854,NA,NA,TRUE,4225,4225,2498,"Surne Bilbao Basket","Surne Bilbao","SBB",4237,2510,"Río Breogán","Río Breogán","BRE",1,68,12000,11,34,32,15,36,41,5,8,62,30,14,44,17,7,17,10,7,6,2,19,14,68,-40,-1,13,0,0,68,76,4,1803,0,13,9,28,14,23,6
2044516,1,"Liga Nacional","Liga Endesa",-402534000,NA,"https://www.acb.com/Documentos/Cabeceras/logo-competicion-1b.png","https://www.acb.com/Documentos/Cabeceras/logo-competicion-4a.png",88,2023,107,NA,NA,5678,103854,NA,NA,FALSE,4237,4225,2498,"Surne Bilbao Basket","Surne Bilbao","SBB",4237,2510,"Río Breogán","Río Breogán","BRE",1,76,12000,10,26,38,18,39,46,10,12,83,27,7,34,22,11,13,11,6,7,2,15,18,93,40,-1,0,13,0,76,68,3,539,1,9,12,36,3,35,12
2047075,1,"Liga Nacional","Liga Endesa",-402534000,NA,"https://www.acb.com/Documentos/Cabeceras/logo-competicion-1b.png","https://www.acb.com/Documentos/Cabeceras/logo-competicion-4a.png",88,2023,107,NA,NA,5679,103800,NA,NA,FALSE,4240,4228,2501,"Valencia Basket","Valencia Basket","VBC",4240,2513,"MoraBanc Andorra","MoraBanc And","MBA",1,82,12000,9,24,37,24,45,53,7,11,63,17,15,32,22,8,10,10,2,3,5,23,16,86,-20,-1,13,0,0,82,86,4,2008,3,10,11,44,7,46,10
2047074,1,"Liga Nacional","Liga Endesa",-402534000,NA,"https://www.acb.com/Documentos/Cabeceras/logo-competicion-1b.png","https://www.acb.com/Documentos/Cabeceras/logo-competicion-4a.png",88,2023,107,NA,NA,5679,103800,NA,NA,TRUE,4228,4228,2501,"Valencia Basket","Valencia Basket","VBC",4240,2513,"MoraBanc Andorra","MoraBanc And","MBA",1,86,12000,10,24,41,19,32,59,18,22,81,24,9,33,19,8,12,9,3,2,3,17,22,109,20,-1,0,13,0,86,82,5,204,4,6,13,28,7,30,9
2047019,1,"Liga Nacional","Liga Endesa",-402534000,NA,"https://www.acb.com/Documentos/Cabeceras/logo-competicion-1b.png","https://www.acb.com/Documentos/Cabeceras/logo-competicion-4a.png",88,2023,107,NA,NA,5679,103799,NA,NA,FALSE,4233,4238,2511,"Barça","Barça","BAR",4233,2506,"Baskonia","Baskonia","BKN",1,62,12000,8,25,32,16,37,43,6,9,66,28,10,38,12,6,21,12,4,2,2,18,17,57,-100,-1,13,0,0,62,82,4,655,4,8,6,24,4,14,9
2047018,1,"Liga Nacional","Liga Endesa",-402534000,NA,"https://www.acb.com/Documentos/Cabeceras/logo-competicion-1b.png","https://www.acb.com/Documentos/Cabeceras/logo-competicion-4a.png",88,2023,107,NA,NA,5679,103799,NA,NA,TRUE,4238,4238,2511,"Barça","Barça","BAR",4233,2506,"Baskonia","Baskonia","BKN",1,82,12000,10,28,35,19,38,50,14,15,93,29,7,36,17,7,12,13,3,4,2,17,17,91,100,-1,0,13,0,82,62,3,1640,4,30,20,34,4,52,13
2046906,1,"Liga Nacional","Liga Endesa",-402534000,NA,"https://www.acb.com/Documentos/Cabeceras/logo-competicion-1b.png","https://www.acb.com/Documentos/Cabeceras/logo-competicion-4a.png",88,2023,107,NA,NA,5679,103801,NA,NA,TRUE,4237,4237,2510,"Río Breogán","Río Breogán","BRE",4235,2508,"UCAM Murcia","UCAM Murcia","UCM",1,74,12000,5,19,26,18,36,50,23,29,79,18,12,30,15,9,16,7,3,4,1,16,24,81,-45,-1,13,0,0,74,83,5,98,2,3,8,30,6,23,8
2046907,1,"Liga Nacional","Liga Endesa",-402534000,NA,"https://www.acb.com/Documentos/Cabeceras/logo-competicion-1b.png","https://www.acb.com/Documentos/Cabeceras/logo-competicion-4a.png",88,2023,107,NA,NA,5679,103801,NA,NA,FALSE,4235,4237,2510,"Río Breogán","Río Breogán","BRE",4235,2508,"UCAM Murcia","UCAM Murcia","UCM",1,83,12000,11,22,50,21,33,63,8,14,57,20,6,26,19,7,15,6,4,3,1,24,16,84,45,-1,0,13,0,83,74,1,2302,3,19,17,38,6,40,10
2046630,1,"Liga Nacional","Liga Endesa",-402534000,NA,"https://www.acb.com/Documentos/Cabeceras/logo-competicion-1b.png","https://www.acb.com/Documentos/Cabeceras/logo-competicion-4a.png",88,2023,107,NA,NA,5679,103802,NA,NA,FALSE,4234,4241,2514,"Zunder Palencia","Zunder Palencia","ZPA",4234,2507,"Casademont Zaragoza","Casademont Zgz","CAZ",1,88,12000,8,22,36,21,38,55,22,26,84,26,10,36,10,10,14,4,1,2,1,17,26,103,40,-1,0,12,0,88,80,3,1892,5,13,5,32,10,18,10
2046629,1,"Liga Nacional","Liga Endesa",-402534000,NA,"https://www.acb.com/Documentos/Cabeceras/logo-competicion-1b.png","https://www.acb.com/Documentos/Cabeceras/logo-competicion-4a.png",88,2023,107,NA,NA,5679,103802,NA,NA,TRUE,4241,4241,2514,"Zunder Palencia","Zunder Palencia","ZPA",4234,2507,"Casademont Zaragoza","Casademont Zgz","CAZ",1,80,12000,14,26,53,13,36,36,12,13,92,21,10,31,12,10,16,7,2,1,1,26,17,73,-40,-1,13,0,0,80,88,5,257,5,5,6,22,9,26,9
2046657,1,"Liga Nacional","Liga Endesa",-402534000,NA,"https://www.acb.com/Documentos/Cabeceras/logo-competicion-1b.png","https://www.acb.com/Documentos/Cabeceras/logo-competicion-4a.png",88,2023,107,NA,NA,5679,103803,NA,NA,FALSE,4230,4236,2509,"Bàsquet Girona","Bàsquet Girona","GIR",4230,2503,"Joventut Badalona","Joventut","JOV",1,82,12000,9,22,40,18,35,51,19,30,63,34,7,41,19,7,15,2,1,3,4,23,21,89,75,-1,0,13,0,82,67,2,2005,3,17,4,34,0,28,12
2046656,1,"Liga Nacional","Liga Endesa",-402534000,NA,"https://www.acb.com/Documentos/Cabeceras/logo-competicion-1b.png","https://www.acb.com/Documentos/Cabeceras/logo-competicion-4a.png",88,2023,107,NA,NA,5679,103803,NA,NA,TRUE,4236,4236,2509,"Bàsquet Girona","Bàsquet Girona","GIR",4230,2503,"Joventut Badalona","Joventut","JOV",1,67,12000,5,29,17,19,41,46,14,18,77,26,14,40,13,6,13,7,3,1,2,21,22,66,-75,-1,13,0,0,67,82,4,339,2,7,4,36,6,21,7
2046383,1,"Liga Nacional","Liga Endesa",-402534000,NA,"https://www.acb.com/Documentos/Cabeceras/logo-competicion-1b.png","https://www.acb.com/Documentos/Cabeceras/logo-competicion-4a.png",88,2023,107,NA,NA,5679,103804,NA,NA,FALSE,4239,4226,2499,"Monbus Obradoiro","Monbus Obra","MOB",4239,2512,"Real Madrid","Real Madrid","RMB",1,85,12000,10,24,41,20,31,64,15,19,78,28,5,33,21,12,14,15,1,3,5,17,19,108,55,-1,0,12,0,85,74,2,1970,2,16,11,38,10,43,9
2046382,1,"Liga Nacional","Liga Endesa",-402534000,NA,"https://www.acb.com/Documentos/Cabeceras/logo-competicion-1b.png","https://www.acb.com/Documentos/Cabeceras/logo-competicion-4a.png",88,2023,107,NA,NA,5679,103804,NA,NA,TRUE,4226,4226,2499,"Monbus Obradoiro","Monbus Obra","MOB",4239,2512,"Real Madrid","Real Madrid","RMB",1,74,12000,9,26,34,22,45,48,3,4,75,23,12,35,13,7,14,7,3,1,1,19,17,74,-55,-1,13,0,0,74,85,5,205,2,4,12,32,15,27,8
2046355,1,"Liga Nacional","Liga Endesa",-402534000,NA,"https://www.acb.com/Documentos/Cabeceras/logo-competicion-1b.png","https://www.acb.com/Documentos/Cabeceras/logo-competicion-4a.png",88,2023,107,NA,NA,5679,103805,NA,NA,FALSE,4225,4229,2502,"Dreamland Gran Canaria","Dreamland GC","DGC",4225,2498,"Surne Bilbao Basket","Surne Bilbao","SBB",1,75,12000,8,21,38,20,43,46,11,14,78,18,8,26,18,9,14,6,7,5,0,21,17,73,-40,-1,13,0,0,75,83,5,1980,5,11,17,36,6,29,11
2046354,1,"Liga Nacional","Liga Endesa",-402534000,NA,"https://www.acb.com/Documentos/Cabeceras/logo-competicion-1b.png","https://www.acb.com/Documentos/Cabeceras/logo-competicion-4a.png",88,2023,107,NA,NA,5679,103805,NA,NA,TRUE,4229,4229,2502,"Dreamland Gran Canaria","Dreamland GC","DGC",4225,2498,"Surne Bilbao Basket","Surne Bilbao","SBB",1,83,12000,9,26,34,22,37,59,12,15,80,29,14,43,24,9,17,11,5,7,4,17,20,108,40,-1,0,13,0,83,75,1,338,6,8,8,38,8,27,12
2046103,1,"Liga Nacional","Liga Endesa",-402534000,NA,"https://www.acb.com/Documentos/Cabeceras/logo-competicion-1b.png","https://www.acb.com/Documentos/Cabeceras/logo-competicion-4a.png",88,2023,107,NA,NA,5679,103806,NA,NA,FALSE,4231,4232,2505,"BAXI Manresa","BAXI Manresa","BAX",4231,2605,"Lenovo Tenerife","Lenovo Tenerife","LNT",1,76,12000,8,25,32,18,33,54,16,20,80,26,6,32,15,5,11,6,5,1,0,21,23,87,15,-1,0,13,0,76,73,5,2071,3,11,8,32,4,39,8
2046102,1,"Liga Nacional","Liga Endesa",-402534000,NA,"https://www.acb.com/Documentos/Cabeceras/logo-competicion-1b.png","https://www.acb.com/Documentos/Cabeceras/logo-competicion-4a.png",88,2023,107,NA,NA,5679,103806,NA,NA,TRUE,4232,4232,2505,"BAXI Manresa","BAXI Manresa","BAX",4231,2605,"Lenovo Tenerife","Lenovo Tenerife","LNT",1,73,12000,5,25,20,25,45,55,8,10,80,26,14,40,15,4,11,8,1,5,1,23,21,73,-15,-1,13,0,0,73,76,3,127,3,1,4,42,11,22,8
2046075,1,"Liga Nacional","Liga Endesa",-402534000,NA,"https://www.acb.com/Documentos/Cabeceras/logo-competicion-1b.png","https://www.acb.com/Documentos/Cabeceras/logo-competicion-4a.png",88,2023,107,NA,NA,5679,103807,NA,NA,FALSE,4227,4224,2497,"Unicaja","Unicaja","UNI",4227,2500,"Coviran Granada","Coviran Granada","COV",1,70,12000,7,24,29,18,38,47,13,16,81,26,11,37,11,5,18,7,0,2,2,26,18,55,-110,-1,13,0,0,70,92,4,172,0,5,8,30,12,21,8
2046074,1,"Liga Nacional","Liga Endesa",-402534000,NA,"https://www.acb.com/Documentos/Cabeceras/logo-competicion-1b.png","https://www.acb.com/Documentos/Cabeceras/logo-competicion-4a.png",88,2023,107,NA,NA,5679,103807,NA,NA,TRUE,4224,4224,2497,"Unicaja","Unicaja","UNI",4227,2500,"Coviran Granada","Coviran Granada","COV",1,92,12000,11,27,40,20,35,57,19,23,82,27,6,33,19,11,10,19,3,0,0,18,25,120,110,-1,0,13,0,92,70,0,1980,1,30,24,30,2,55,13
2048184,1,"Liga Nacional","Liga Endesa",-402534000,NA,"https://www.acb.com/Documentos/Cabeceras/logo-competicion-1b.png","https://www.acb.com/Documentos/Cabeceras/logo-competicion-4a.png",88,2023,107,NA,NA,5680,103808,NA,NA,TRUE,4237,4237,2510,"Río Breogán","Río Breogán","BRE",4226,2499,"Monbus Obradoiro","Monbus Obra","MOB",1,88,12000,8,33,24,21,31,67,22,28,78,17,17,34,16,8,17,6,4,1,2,25,24,90,-10,-1,13,0,0,88,90,3,16,2,1,14,36,13,17,11
2048185,1,"Liga Nacional","Liga Endesa",-402534000,NA,"https://www.acb.com/Documentos/Cabeceras/logo-competicion-1b.png","https://www.acb.com/Documentos/Cabeceras/logo-competicion-4a.png",88,2023,107,NA,NA,5680,103808,NA,NA,FALSE,4226,4237,2510,"Río Breogán","Río Breogán","BRE",4226,2499,"Monbus Obradoiro","Monbus Obra","MOB",1,90,12000,5,19,26,25,36,69,25,33,75,19,6,25,11,8,17,9,1,4,1,26,25,80,10,-1,0,13,0,90,88,4,2250,2,12,7,38,4,19,6
2047994,1,"Liga Nacional","Liga Endesa",-402534000,NA,"https://www.acb.com/Documentos/Cabeceras/logo-competicion-1b.png","https://www.acb.com/Documentos/Cabeceras/logo-competicion-4a.png",88,2023,107,NA,NA,5680,103827,NA,NA,FALSE,4239,4230,2503,"Joventut Badalona","Joventut","JOV",4239,2512,"Real Madrid","Real Madrid","RMB",1,101,12000,15,38,39,19,27,70,18,19,94,30,9,39,26,8,9,10,4,1,5,16,23,143,140,-1,0,13,0,101,73,1,2360,0,36,10,38,5,51,9
2047993,1,"Liga Nacional","Liga Endesa",-402534000,NA,"https://www.acb.com/Documentos/Cabeceras/logo-competicion-1b.png","https://www.acb.com/Documentos/Cabeceras/logo-competicion-4a.png",88,2023,107,NA,NA,5680,103827,NA,NA,TRUE,4230,4230,2503,"Joventut Badalona","Joventut","JOV",4239,2512,"Real Madrid","Real Madrid","RMB",1,73,12000,8,25,32,17,42,40,15,18,83,20,12,32,15,6,13,10,1,4,0,23,14,56,-140,-1,12,0,0,73,101,5,0,0,0,9,28,16,34,8
2047912,1,"Liga Nacional","Liga Endesa",-402534000,NA,"https://www.acb.com/Documentos/Cabeceras/logo-competicion-1b.png","https://www.acb.com/Documentos/Cabeceras/logo-competicion-4a.png",88,2023,107,NA,NA,5680,103810,NA,NA,TRUE,4228,4228,2501,"Valencia Basket","Valencia Basket","VBC",4227,2500,"Coviran Granada","Coviran Granada","COV",1,75,12000,6,24,25,24,42,57,9,18,50,24,13,37,20,11,19,19,6,2,4,21,17,79,-30,-1,13,0,0,75,81,4,902,3,7,9,40,7,40,7
2047913,1,"Liga Nacional","Liga Endesa",-402534000,NA,"https://www.acb.com/Documentos/Cabeceras/logo-competicion-1b.png","https://www.acb.com/Documentos/Cabeceras/logo-competicion-4a.png",88,2023,107,NA,NA,5680,103810,NA,NA,FALSE,4227,4228,2501,"Valencia Basket","Valencia Basket","VBC",4227,2500,"Coviran Granada","Coviran Granada","COV",1,81,12000,8,26,30,20,37,54,17,22,77,24,12,36,17,10,18,7,2,6,1,17,19,84,30,-1,0,12,0,81,75,4,1167,3,14,14,36,4,21,7
2047689,1,"Liga Nacional","Liga Endesa",-402534000,NA,"https://www.acb.com/Documentos/Cabeceras/logo-competicion-1b.png","https://www.acb.com/Documentos/Cabeceras/logo-competicion-4a.png",88,2023,107,NA,NA,5680,103793,NA,NA,FALSE,4224,4235,2508,"UCAM Murcia","UCAM Murcia","UCM",4224,2497,"Unicaja","Unicaja","UNI",1,88,12000,8,24,33,23,45,51,18,22,81,28,17,45,21,3,11,4,3,1,4,18,24,112,115,-1,0,13,0,88,65,1,2291,1,26,10,44,21,39,9
2047688,1,"Liga Nacional","Liga Endesa",-402534000,NA,"https://www.acb.com/Documentos/Cabeceras/logo-competicion-1b.png","https://www.acb.com/Documentos/Cabeceras/logo-competicion-4a.png",88,2023,107,NA,NA,5680,103793,NA,NA,TRUE,4235,4235,2508,"UCAM Murcia","UCAM Murcia","UCM",4224,2497,"Unicaja","Unicaja","UNI",1,65,12000,4,17,23,17,38,44,19,26,73,22,7,29,10,7,13,5,1,3,3,26,18,47,-115,-1,13,0,0,65,88,4,66,1,3,8,30,0,35,5
2047547,1,"Liga Nacional","Liga Endesa",-402534000,NA,"https://www.acb.com/Documentos/Cabeceras/logo-competicion-1b.png","https://www.acb.com/Documentos/Cabeceras/logo-competicion-4a.png",88,2023,107,NA,NA,5680,103794,NA,NA,FALSE,4234,4231,2605,"Lenovo Tenerife","Lenovo Tenerife","LNT",4234,2507,"Casademont Zaragoza","Casademont Zgz","CAZ",1,70,12000,6,19,31,19,39,48,14,22,63,33,11,44,11,5,16,4,2,4,4,20,19,70,30,-1,0,13,0,70,64,3,558,1,9,10,32,13,18,12
2047546,1,"Liga Nacional","Liga Endesa",-402534000,NA,"https://www.acb.com/Documentos/Cabeceras/logo-competicion-1b.png","https://www.acb.com/Documentos/Cabeceras/logo-competicion-4a.png",88,2023,107,NA,NA,5680,103794,NA,NA,TRUE,4231,4231,2605,"Lenovo Tenerife","Lenovo Tenerife","LNT",4234,2507,"Casademont Zaragoza","Casademont Zgz","CAZ",1,64,12000,8,32,25,16,31,51,8,13,61,28,8,36,16,7,13,2,4,2,1,20,19,67,-30,-1,13,0,0,64,70,4,1768,0,20,6,26,11,26,10
2047490,1,"Liga Nacional","Liga Endesa",-402534000,NA,"https://www.acb.com/Documentos/Cabeceras/logo-competicion-1b.png","https://www.acb.com/Documentos/Cabeceras/logo-competicion-4a.png",88,2023,107,NA,NA,5680,103795,NA,NA,TRUE,4240,4240,2513,"MoraBanc Andorra","MoraBanc And","MBA",4229,2502,"Dreamland Gran Canaria","Dreamland GC","DGC",1,77,12000,8,23,34,22,43,51,9,17,52,22,11,33,15,4,13,11,0,2,6,20,19,69,-105,-1,13,0,0,77,98,4,94,1,4,16,38,12,37,7
2047491,1,"Liga Nacional","Liga Endesa",-402534000,NA,"https://www.acb.com/Documentos/Cabeceras/logo-competicion-1b.png","https://www.acb.com/Documentos/Cabeceras/logo-competicion-4a.png",88,2023,107,NA,NA,5680,103795,NA,NA,FALSE,4229,4240,2513,"MoraBanc Andorra","MoraBanc And","MBA",4229,2502,"Dreamland Gran Canaria","Dreamland GC","DGC",1,98,12000,15,36,41,20,33,60,13,20,65,28,11,39,25,8,11,12,2,0,3,19,20,121,105,-1,0,13,0,98,77,4,2238,1,27,19,36,10,42,9
2047350,1,"Liga Nacional","Liga Endesa",-402534000,NA,"https://www.acb.com/Documentos/Cabeceras/logo-competicion-1b.png","https://www.acb.com/Documentos/Cabeceras/logo-competicion-4a.png",88,2023,107,NA,NA,5680,103796,NA,NA,TRUE,4225,4225,2498,"Surne Bilbao Basket","Surne Bilbao","SBB",4236,2509,"Bàsquet Girona","Bàsquet Girona","GIR",1,80,12000,7,28,25,18,38,47,23,30,76,31,12,43,19,6,11,11,8,5,5,22,24,94,30,-1,0,13,0,80,74,3,1416,2,9,10,36,4,38,13
2047351,1,"Liga Nacional","Liga Endesa",-402534000,NA,"https://www.acb.com/Documentos/Cabeceras/logo-competicion-1b.png","https://www.acb.com/Documentos/Cabeceras/logo-competicion-4a.png",88,2023,107,NA,NA,5680,103796,NA,NA,FALSE,4236,4225,2498,"Surne Bilbao Basket","Surne Bilbao","SBB",4236,2509,"Bàsquet Girona","Bàsquet Girona","GIR",1,74,12000,11,33,33,14,32,43,13,18,72,32,10,42,15,4,14,15,5,7,2,24,22,72,-30,-1,13,0,0,74,80,5,782,2,12,7,26,7,14,16
2045935,1,"Liga Nacional","Liga Endesa",-402534000,NA,"https://www.acb.com/Documentos/Cabeceras/logo-competicion-1b.png","https://www.acb.com/Documentos/Cabeceras/logo-competicion-4a.png",88,2023,107,NA,NA,5680,103797,NA,NA,FALSE,4232,4238,2511,"Barça","Barça","BAR",4232,2505,"BAXI Manresa","BAXI Manresa","BAX",1,83,12000,13,36,36,17,28,60,10,12,83,23,14,37,21,11,22,19,4,2,2,21,17,92,5,-1,0,13,0,83,82,3,1348,4,13,15,28,10,33,8
2045934,1,"Liga Nacional","Liga Endesa",-402534000,NA,"https://www.acb.com/Documentos/Cabeceras/logo-competicion-1b.png","https://www.acb.com/Documentos/Cabeceras/logo-competicion-4a.png",88,2023,107,NA,NA,5680,103797,NA,NA,TRUE,4238,4238,2511,"Barça","Barça","BAR",4232,2505,"BAXI Manresa","BAXI Manresa","BAX",1,82,12000,8,21,38,21,40,52,16,18,88,20,7,27,11,13,17,12,3,4,4,17,20,84,-5,-1,13,0,0,82,83,3,516,4,6,19,38,4,40,9
2045795,1,"Liga Nacional","Liga Endesa",-402534000,NA,"https://www.acb.com/Documentos/Cabeceras/logo-competicion-1b.png","https://www.acb.com/Documentos/Cabeceras/logo-competicion-4a.png",88,2023,107,NA,NA,5680,103798,NA,NA,FALSE,4241,4233,2506,"Baskonia","Baskonia","BKN",4241,2514,"Zunder Palencia","Zunder Palencia","ZPA",1,82,12000,9,31,29,20,39,51,15,17,88,20,12,32,15,10,16,8,2,2,3,24,19,75,-60,-1,13,0,0,82,94,5,1670,2,12,16,34,11,49,10
2045794,1,"Liga Nacional","Liga Endesa",-402534000,NA,"https://www.acb.com/Documentos/Cabeceras/logo-competicion-1b.png","https://www.acb.com/Documentos/Cabeceras/logo-competicion-4a.png",88,2023,107,NA,NA,5680,103798,NA,NA,TRUE,4233,4233,2506,"Baskonia","Baskonia","BKN",4241,2514,"Zunder Palencia","Zunder Palencia","ZPA",1,94,12000,10,27,37,19,32,59,26,33,78,24,11,35,14,8,14,11,2,2,3,19,24,105,60,-1,0,13,0,94,82,2,599,2,12,9,36,7,67,11
2049429,1,"Liga Nacional","Liga Endesa",-402534000,NA,"https://www.acb.com/Documentos/Cabeceras/logo-competicion-1b.png","https://www.acb.com/Documentos/Cabeceras/logo-competicion-4a.png",88,2023,107,NA,NA,5666,103819,NA,NA,FALSE,4228,4239,2512,"Real Madrid","Real Madrid","RMB",4228,2501,"Valencia Basket","Valencia Basket","VBC",1,74,12000,9,23,39,21,47,44,5,15,33,33,11,44,13,10,17,8,3,7,1,22,16,64,-45,-1,13,0,0,74,83,3,35,0,2,4,34,7,26,6
2049428,1,"Liga Nacional","Liga Endesa",-402534000,NA,"https://www.acb.com/Documentos/Cabeceras/logo-competicion-1b.png","https://www.acb.com/Documentos/Cabeceras/logo-competicion-4a.png",88,2023,107,NA,NA,5666,103819,NA,NA,TRUE,4239,4239,2512,"Real Madrid","Real Madrid","RMB",4228,2501,"Valencia Basket","Valencia Basket","VBC",1,83,12000,10,31,32,21,35,60,11,18,61,32,8,40,23,9,16,8,8,3,8,17,20,105,45,-1,0,13,0,83,74,0,2342,1,16,12,38,6,32,8
2049152,1,"Liga Nacional","Liga Endesa",-402534000,NA,"https://www.acb.com/Documentos/Cabeceras/logo-competicion-1b.png","https://www.acb.com/Documentos/Cabeceras/logo-competicion-4a.png",88,2023,107,NA,NA,5666,103820,NA,NA,FALSE,4237,4229,2502,"Dreamland Gran Canaria","Dreamland GC","DGC",4237,2510,"Río Breogán","Río Breogán","BRE",1,60,12000,5,23,21,17,30,56,11,12,91,16,12,28,10,7,20,2,4,4,0,20,16,49,-130,-1,13,0,0,60,86,5,114,1,1,7,32,6,36,7
2049151,1,"Liga Nacional","Liga Endesa",-402534000,NA,"https://www.acb.com/Documentos/Cabeceras/logo-competicion-1b.png","https://www.acb.com/Documentos/Cabeceras/logo-competicion-4a.png",88,2023,107,NA,NA,5666,103820,NA,NA,TRUE,4229,4229,2502,"Dreamland Gran Canaria","Dreamland GC","DGC",4237,2510,"Río Breogán","Río Breogán","BRE",1,86,12000,13,26,50,17,34,50,13,20,65,20,13,33,14,15,10,7,4,4,3,16,20,105,130,-1,0,13,0,86,60,1,2285,1,34,10,20,8,29,14
2049179,1,"Liga Nacional","Liga Endesa",-402534000,NA,"https://www.acb.com/Documentos/Cabeceras/logo-competicion-1b.png","https://www.acb.com/Documentos/Cabeceras/logo-competicion-4a.png",88,2023,107,NA,NA,5666,103821,NA,NA,TRUE,4236,4236,2509,"Bàsquet Girona","Bàsquet Girona","GIR",4233,2506,"Baskonia","Baskonia","BKN",1,85,12000,11,34,32,20,39,51,12,14,85,26,8,34,16,6,9,11,3,3,6,21,17,84,-40,-1,12,0,0,85,93,4,152,1,3,4,38,4,50,11
2049180,1,"Liga Nacional","Liga Endesa",-402534000,NA,"https://www.acb.com/Documentos/Cabeceras/logo-competicion-1b.png","https://www.acb.com/Documentos/Cabeceras/logo-competicion-4a.png",88,2023,107,NA,NA,5666,103821,NA,NA,FALSE,4233,4236,2509,"Bàsquet Girona","Bàsquet Girona","GIR",4233,2506,"Baskonia","Baskonia","BKN",1,93,12000,12,29,41,17,35,48,23,30,76,33,10,43,18,5,12,18,3,2,3,17,20,109,40,-1,0,13,0,93,85,4,2229,2,19,7,32,4,45,7
2049015,1,"Liga Nacional","Liga Endesa",-402534000,NA,"https://www.acb.com/Documentos/Cabeceras/logo-competicion-1b.png","https://www.acb.com/Documentos/Cabeceras/logo-competicion-4a.png",88,2023,107,NA,NA,5666,103822,NA,NA,FALSE,4225,4241,2514,"Zunder Palencia","Zunder Palencia","ZPA",4225,2498,"Surne Bilbao Basket","Surne Bilbao","SBB",1,72,12000,6,30,20,21,35,60,12,19,63,28,7,35,17,9,13,7,4,3,4,27,20,69,-30,-1,13,0,0,72,78,4,60,0,3,7,36,4,50,9
2049014,1,"Liga Nacional","Liga Endesa",-402534000,NA,"https://www.acb.com/Documentos/Cabeceras/logo-competicion-1b.png","https://www.acb.com/Documentos/Cabeceras/logo-competicion-4a.png",88,2023,107,NA,NA,5666,103822,NA,NA,TRUE,4241,4241,2514,"Zunder Palencia","Zunder Palencia","ZPA",4225,2498,"Surne Bilbao Basket","Surne Bilbao","SBB",1,78,12000,9,22,40,13,35,37,25,34,73,28,9,37,14,7,13,8,4,4,0,21,27,85,30,-1,0,12,0,78,72,4,2273,1,15,13,20,2,23,12
2048768,1,"Liga Nacional","Liga Endesa",-402534000,NA,"https://www.acb.com/Documentos/Cabeceras/logo-competicion-1b.png","https://www.acb.com/Documentos/Cabeceras/logo-competicion-4a.png",88,2023,107,NA,NA,5666,103823,NA,NA,FALSE,4230,4232,2505,"BAXI Manresa","BAXI Manresa","BAX",4230,2503,"Joventut Badalona","Joventut","JOV",1,89,12000,11,21,52,22,41,53,12,19,63,22,7,29,19,5,16,4,3,3,2,25,20,85,-65,-1,12,0,0,89,102,5,643,4,8,11,38,7,35,9
2048767,1,"Liga Nacional","Liga Endesa",-402534000,NA,"https://www.acb.com/Documentos/Cabeceras/logo-competicion-1b.png","https://www.acb.com/Documentos/Cabeceras/logo-competicion-4a.png",88,2023,107,NA,NA,5666,103823,NA,NA,TRUE,4232,4232,2505,"BAXI Manresa","BAXI Manresa","BAX",4230,2503,"Joventut Badalona","Joventut","JOV",1,102,12000,11,30,36,22,40,55,25,29,86,24,14,38,22,7,8,15,3,3,7,20,22,122,65,-1,0,13,0,102,89,4,1643,4,18,19,40,10,40,12
2048740,1,"Liga Nacional","Liga Endesa",-402534000,NA,"https://www.acb.com/Documentos/Cabeceras/logo-competicion-1b.png","https://www.acb.com/Documentos/Cabeceras/logo-competicion-4a.png",88,2023,107,NA,NA,5666,103824,NA,NA,FALSE,4235,4226,2499,"Monbus Obradoiro","Monbus Obra","MOB",4235,2508,"UCAM Murcia","UCAM Murcia","UCM",1,87,12000,13,30,43,16,37,43,16,20,80,24,14,38,21,10,12,19,5,7,3,27,19,92,40,-1,0,13,0,87,79,3,716,8,11,17,30,9,52,14
2048739,1,"Liga Nacional","Liga Endesa",-402534000,NA,"https://www.acb.com/Documentos/Cabeceras/logo-competicion-1b.png","https://www.acb.com/Documentos/Cabeceras/logo-competicion-4a.png",88,2023,107,NA,NA,5666,103824,NA,NA,TRUE,4226,4226,2499,"Monbus Obradoiro","Monbus Obra","MOB",4235,2508,"UCAM Murcia","UCAM Murcia","UCM",1,79,12000,7,25,28,18,45,40,22,25,88,25,20,45,9,6,15,0,7,4,1,19,27,87,-40,-1,13,0,0,79,87,5,1497,8,10,10,30,14,27,11
2048493,1,"Liga Nacional","Liga Endesa",-402534000,NA,"https://www.acb.com/Documentos/Cabeceras/logo-competicion-1b.png","https://www.acb.com/Documentos/Cabeceras/logo-competicion-4a.png",88,2023,107,NA,NA,5666,103825,NA,NA,FALSE,4240,4234,2507,"Casademont Zaragoza","Casademont Zgz","CAZ",4240,2513,"MoraBanc Andorra","MoraBanc And","MBA",1,76,12000,6,26,23,25,53,47,8,10,80,22,14,36,18,9,2,18,1,4,5,19,14,79,20,-1,0,12,0,76,72,1,1336,9,10,12,46,10,46,10
2048492,1,"Liga Nacional","Liga Endesa",-402534000,NA,"https://www.acb.com/Documentos/Cabeceras/logo-competicion-1b.png","https://www.acb.com/Documentos/Cabeceras/logo-competicion-4a.png",88,2023,107,NA,NA,5666,103825,NA,NA,TRUE,4234,4234,2507,"Casademont Zaragoza","Casademont Zgz","CAZ",4240,2513,"MoraBanc Andorra","MoraBanc And","MBA",1,72,12000,9,27,33,18,26,69,9,11,81,34,3,37,14,1,17,9,4,1,3,14,19,87,-20,-1,13,0,0,72,76,4,850,8,8,3,32,4,21,7
2048465,1,"Liga Nacional","Liga Endesa",-402534000,NA,"https://www.acb.com/Documentos/Cabeceras/logo-competicion-1b.png","https://www.acb.com/Documentos/Cabeceras/logo-competicion-4a.png",88,2023,107,NA,NA,5666,103826,NA,NA,FALSE,4231,4227,2500,"Coviran Granada","Coviran Granada","COV",4231,2605,"Lenovo Tenerife","Lenovo Tenerife","LNT",1,80,12000,8,24,33,19,32,59,18,21,85,24,5,29,17,6,9,2,3,1,2,18,21,96,60,-1,0,13,0,80,68,2,1867,2,15,10,28,3,25,8
2048464,1,"Liga Nacional","Liga Endesa",-402534000,NA,"https://www.acb.com/Documentos/Cabeceras/logo-competicion-1b.png","https://www.acb.com/Documentos/Cabeceras/logo-competicion-4a.png",88,2023,107,NA,NA,5666,103826,NA,NA,TRUE,4227,4227,2500,"Coviran Granada","Coviran Granada","COV",4231,2605,"Lenovo Tenerife","Lenovo Tenerife","LNT",1,68,12000,5,24,20,22,37,59,9,10,90,23,7,30,12,6,12,7,1,3,0,21,17,63,-60,-1,13,0,0,68,80,5,387,1,4,12,36,4,24,10
2048325,1,"Liga Nacional","Liga Endesa",-402534000,NA,"https://www.acb.com/Documentos/Cabeceras/logo-competicion-1b.png","https://www.acb.com/Documentos/Cabeceras/logo-competicion-4a.png",88,2023,107,NA,NA,5666,103811,NA,NA,FALSE,4238,4224,2497,"Unicaja","Unicaja","UNI",4238,2511,"Barça","Barça","BAR",1,71,12000,9,26,34,19,38,50,6,10,60,22,11,33,16,6,21,9,1,2,2,20,19,63,-100,-1,13,0,0,71,91,4,628,2,7,9,28,6,26,7
2048324,1,"Liga Nacional","Liga Endesa",-402534000,NA,"https://www.acb.com/Documentos/Cabeceras/logo-competicion-1b.png","https://www.acb.com/Documentos/Cabeceras/logo-competicion-4a.png",88,2023,107,NA,NA,5666,103811,NA,NA,TRUE,4224,4224,2497,"Unicaja","Unicaja","UNI",4238,2511,"Barça","Barça","BAR",1,91,12000,12,23,52,21,38,55,13,17,76,27,6,33,21,14,11,8,2,1,2,19,18,116,100,-1,0,13,0,91,71,2,1618,2,20,23,30,8,52,8
2050630,1,"Liga Nacional","Liga Endesa",-402534000,NA,"https://www.acb.com/Documentos/Cabeceras/logo-competicion-1b.png","https://www.acb.com/Documentos/Cabeceras/logo-competicion-4a.png",88,2023,107,NA,NA,5665,103714,NA,NA,FALSE,4239,4233,2506,"Baskonia","Baskonia","BKN",4239,2512,"Real Madrid","Real Madrid","RMB",1,99,12000,17,31,54,16,30,53,16,20,80,33,5,38,21,7,13,18,9,1,0,16,21,133,70,-1,0,13,0,99,85,2,2332,0,18,8,32,7,36,10
2050629,1,"Liga Nacional","Liga Endesa",-402534000,NA,"https://www.acb.com/Documentos/Cabeceras/logo-competicion-1b.png","https://www.acb.com/Documentos/Cabeceras/logo-competicion-4a.png",88,2023,107,NA,NA,5665,103714,NA,NA,TRUE,4233,4233,2506,"Baskonia","Baskonia","BKN",4239,2512,"Real Madrid","Real Madrid","RMB",1,85,12000,12,39,30,16,32,50,17,19,89,23,11,34,10,9,8,7,1,8,1,21,15,72,-70,-1,13,0,0,85,99,2,0,0,0,11,30,9,39,7
2050404,1,"Liga Nacional","Liga Endesa",-402534000,NA,"https://www.acb.com/Documentos/Cabeceras/logo-competicion-1b.png","https://www.acb.com/Documentos/Cabeceras/logo-competicion-4a.png",88,2023,107,NA,NA,5665,103715,NA,NA,FALSE,4226,4238,2511,"Barça","Barça","BAR",4226,2499,"Monbus Obradoiro","Monbus Obra","MOB",1,90,13500,9,26,34,24,48,50,15,20,75,28,7,35,11,15,13,11,1,2,3,29,17,79,-10,-1,13,0,0,90,92,6,1867,4,13,16,38,2,25,9
2050403,1,"Liga Nacional","Liga Endesa",-402534000,NA,"https://www.acb.com/Documentos/Cabeceras/logo-competicion-1b.png","https://www.acb.com/Documentos/Cabeceras/logo-competicion-4a.png",88,2023,107,NA,NA,5665,103715,NA,NA,TRUE,4238,4238,2511,"Barça","Barça","BAR",4226,2499,"Monbus Obradoiro","Monbus Obra","MOB",1,92,13500,8,24,33,24,46,52,20,35,57,36,15,51,20,7,20,8,2,1,3,17,29,110,10,-1,0,13,0,92,90,6,435,5,6,13,48,12,30,16
2050462,1,"Liga Nacional","Liga Endesa",-402534000,NA,"https://www.acb.com/Documentos/Cabeceras/logo-competicion-1b.png","https://www.acb.com/Documentos/Cabeceras/logo-competicion-4a.png",88,2023,107,NA,NA,5665,103812,NA,NA,FALSE,4229,4228,2501,"Valencia Basket","Valencia Basket","VBC",4229,2502,"Dreamland Gran Canaria","Dreamland GC","DGC",1,86,12000,14,30,46,17,29,58,10,14,71,20,3,23,19,6,10,18,4,3,2,22,18,89,35,-1,0,13,0,86,79,2,1485,3,9,15,28,5,29,12
2050461,1,"Liga Nacional","Liga Endesa",-402534000,NA,"https://www.acb.com/Documentos/Cabeceras/logo-competicion-1b.png","https://www.acb.com/Documentos/Cabeceras/logo-competicion-4a.png",88,2023,107,NA,NA,5665,103812,NA,NA,TRUE,4228,4228,2501,"Valencia Basket","Valencia Basket","VBC",4229,2502,"Dreamland Gran Canaria","Dreamland GC","DGC",1,79,12000,5,14,35,26,43,60,12,18,66,26,6,32,19,7,16,11,3,4,1,19,22,91,-35,-1,13,0,0,79,86,4,684,3,11,10,42,2,41,17
2050151,1,"Liga Nacional","Liga Endesa",-402534000,NA,"https://www.acb.com/Documentos/Cabeceras/logo-competicion-1b.png","https://www.acb.com/Documentos/Cabeceras/logo-competicion-4a.png",88,2023,107,NA,NA,5665,103813,NA,NA,TRUE,4237,4237,2510,"Río Breogán","Río Breogán","BRE",4227,2500,"Coviran Granada","Coviran Granada","COV",1,85,12000,9,23,39,21,34,61,16,17,94,19,8,27,15,9,11,14,5,0,2,20,21,103,30,-1,0,13,0,85,79,3,1838,1,16,4,42,6,20,12
2050152,1,"Liga Nacional","Liga Endesa",-402534000,NA,"https://www.acb.com/Documentos/Cabeceras/logo-competicion-1b.png","https://www.acb.com/Documentos/Cabeceras/logo-competicion-4a.png",88,2023,107,NA,NA,5665,103813,NA,NA,FALSE,4227,4237,2510,"Río Breogán","Río Breogán","BRE",4227,2500,"Coviran Granada","Coviran Granada","COV",1,79,12000,6,17,35,21,35,60,19,26,73,18,11,29,14,6,16,2,0,4,1,21,20,75,-30,-1,13,0,0,79,85,5,303,1,5,11,30,2,35,13
2050124,1,"Liga Nacional","Liga Endesa",-402534000,NA,"https://www.acb.com/Documentos/Cabeceras/logo-competicion-1b.png","https://www.acb.com/Documentos/Cabeceras/logo-competicion-4a.png",88,2023,107,NA,NA,5665,103814,NA,NA,FALSE,4232,4225,2498,"Surne Bilbao Basket","Surne Bilbao","SBB",4232,2505,"BAXI Manresa","BAXI Manresa","BAX",1,54,12000,8,36,22,13,31,41,4,8,50,25,14,39,17,8,14,2,5,11,3,21,16,43,-100,-1,13,0,0,54,74,3,149,2,3,2,24,9,22,7
2050123,1,"Liga Nacional","Liga Endesa",-402534000,NA,"https://www.acb.com/Documentos/Cabeceras/logo-competicion-1b.png","https://www.acb.com/Documentos/Cabeceras/logo-competicion-4a.png",88,2023,107,NA,NA,5665,103814,NA,NA,TRUE,4225,4225,2498,"Surne Bilbao Basket","Surne Bilbao","SBB",4232,2505,"BAXI Manresa","BAXI Manresa","BAX",1,74,12000,9,24,37,18,43,41,11,18,61,33,19,52,14,5,11,2,11,4,0,16,20,98,100,-1,0,13,0,74,54,3,2163,2,20,2,28,12,31,12
2049847,1,"Liga Nacional","Liga Endesa",-402534000,NA,"https://www.acb.com/Documentos/Cabeceras/logo-competicion-1b.png","https://www.acb.com/Documentos/Cabeceras/logo-competicion-4a.png",88,2023,107,NA,NA,5665,103815,NA,NA,FALSE,4230,4231,2605,"Lenovo Tenerife","Lenovo Tenerife","LNT",4230,2503,"Joventut Badalona","Joventut","JOV",1,70,12000,8,24,33,17,40,42,12,14,85,16,10,26,17,5,8,2,1,2,1,24,18,62,-100,-1,12,0,0,70,90,5,74,3,2,9,32,6,27,13
2049846,1,"Liga Nacional","Liga Endesa",-402534000,NA,"https://www.acb.com/Documentos/Cabeceras/logo-competicion-1b.png","https://www.acb.com/Documentos/Cabeceras/logo-competicion-4a.png",88,2023,107,NA,NA,5665,103815,NA,NA,TRUE,4231,4231,2605,"Lenovo Tenerife","Lenovo Tenerife","LNT",4230,2503,"Joventut Badalona","Joventut","JOV",1,90,12000,10,24,41,24,38,63,12,14,85,30,12,42,23,6,14,4,2,1,3,18,23,123,100,-1,0,13,0,90,70,2,2161,3,26,6,42,8,29,11
2049875,1,"Liga Nacional","Liga Endesa",-402534000,NA,"https://www.acb.com/Documentos/Cabeceras/logo-competicion-1b.png","https://www.acb.com/Documentos/Cabeceras/logo-competicion-4a.png",88,2023,107,NA,NA,5665,103816,NA,NA,TRUE,4241,4241,2514,"Zunder Palencia","Zunder Palencia","ZPA",4224,2497,"Unicaja","Unicaja","UNI",1,72,12000,4,22,18,21,39,53,18,21,85,22,15,37,15,6,15,8,4,1,1,20,23,82,-70,-1,13,0,0,72,86,4,304,1,6,11,36,6,37,8
2049876,1,"Liga Nacional","Liga Endesa",-402534000,NA,"https://www.acb.com/Documentos/Cabeceras/logo-competicion-1b.png","https://www.acb.com/Documentos/Cabeceras/logo-competicion-4a.png",88,2023,107,NA,NA,5665,103816,NA,NA,FALSE,4224,4241,2514,"Zunder Palencia","Zunder Palencia","ZPA",4224,2497,"Unicaja","Unicaja","UNI",1,86,12000,13,30,43,19,35,54,9,14,64,22,13,35,22,11,16,10,1,3,2,23,20,95,70,-1,0,13,0,86,72,2,2070,2,22,16,22,11,52,10
2049571,1,"Liga Nacional","Liga Endesa",-402534000,NA,"https://www.acb.com/Documentos/Cabeceras/logo-competicion-1b.png","https://www.acb.com/Documentos/Cabeceras/logo-competicion-4a.png",88,2023,107,NA,NA,5665,103817,NA,NA,FALSE,4235,4240,2513,"MoraBanc Andorra","MoraBanc And","MBA",4235,2508,"UCAM Murcia","UCAM Murcia","UCM",1,73,12000,12,36,33,11,29,37,15,18,83,18,10,28,17,8,14,4,2,2,1,26,22,63,-125,-1,13,0,0,73,98,4,360,4,4,9,22,6,36,6
2049570,1,"Liga Nacional","Liga Endesa",-402534000,NA,"https://www.acb.com/Documentos/Cabeceras/logo-competicion-1b.png","https://www.acb.com/Documentos/Cabeceras/logo-competicion-4a.png",88,2023,107,NA,NA,5665,103817,NA,NA,TRUE,4240,4240,2513,"MoraBanc Andorra","MoraBanc And","MBA",4235,2508,"UCAM Murcia","UCAM Murcia","UCM",1,98,12000,10,21,47,23,34,67,22,26,84,32,4,36,20,8,14,14,2,1,3,22,25,126,125,-1,0,12,0,98,73,0,1975,5,25,14,42,0,42,12
2049602,1,"Liga Nacional","Liga Endesa",-402534000,NA,"https://www.acb.com/Documentos/Cabeceras/logo-competicion-1b.png","https://www.acb.com/Documentos/Cabeceras/logo-competicion-4a.png",88,2023,107,NA,NA,5665,103818,NA,NA,FALSE,4236,4234,2507,"Casademont Zaragoza","Casademont Zgz","CAZ",4236,2509,"Bàsquet Girona","Bàsquet Girona","GIR",1,74,12000,12,36,33,12,34,35,14,17,82,32,11,43,15,6,16,10,2,4,1,25,17,63,-35,-1,12,0,0,74,81,5,31,1,1,14,24,2,42,6
2049601,1,"Liga Nacional","Liga Endesa",-402534000,NA,"https://www.acb.com/Documentos/Cabeceras/logo-competicion-1b.png","https://www.acb.com/Documentos/Cabeceras/logo-competicion-4a.png",88,2023,107,NA,NA,5665,103818,NA,NA,TRUE,4234,4234,2507,"Casademont Zaragoza","Casademont Zgz","CAZ",4236,2509,"Bàsquet Girona","Bàsquet Girona","GIR",1,81,12000,7,20,35,21,43,48,18,30,60,36,8,44,17,12,14,8,4,2,3,18,25,102,35,-1,0,13,0,81,74,3,2357,1,15,4,40,3,15,10
2051916,1,"Liga Nacional","Liga Endesa",-402534000,NA,"https://www.acb.com/Documentos/Cabeceras/logo-competicion-1b.png","https://www.acb.com/Documentos/Cabeceras/logo-competicion-4a.png",88,2023,107,NA,NA,5664,103609,NA,NA,FALSE,4238,4231,2605,"Lenovo Tenerife","Lenovo Tenerife","LNT",4238,2511,"Barça","Barça","BAR",1,83,12000,8,18,44,26,38,68,7,11,63,21,5,26,17,4,9,8,1,0,3,18,16,94,15,-1,0,13,0,83,80,4,1507,10,7,12,44,6,36,8
2051915,1,"Liga Nacional","Liga Endesa",-402534000,NA,"https://www.acb.com/Documentos/Cabeceras/logo-competicion-1b.png","https://www.acb.com/Documentos/Cabeceras/logo-competicion-4a.png",88,2023,107,NA,NA,5664,103609,NA,NA,TRUE,4231,4231,2605,"Lenovo Tenerife","Lenovo Tenerife","LNT",4238,2511,"Barça","Barça","BAR",1,80,12000,8,25,32,24,36,66,8,12,66,17,9,26,19,7,10,6,0,1,2,16,18,90,-15,-1,13,0,0,80,83,5,456,10,5,13,42,6,28,7
2051689,1,"Liga Nacional","Liga Endesa",-402534000,NA,"https://www.acb.com/Documentos/Cabeceras/logo-competicion-1b.png","https://www.acb.com/Documentos/Cabeceras/logo-competicion-4a.png",88,2023,107,NA,NA,5664,103610,NA,NA,TRUE,4232,4232,2505,"BAXI Manresa","BAXI Manresa","BAX",4233,2506,"Baskonia","Baskonia","BKN",1,82,12000,10,30,33,20,38,52,12,14,85,29,11,40,20,4,15,10,6,0,4,20,14,91,-40,-1,13,0,0,82,90,3,1977,3,11,2,32,7,39,9
2051690,1,"Liga Nacional","Liga Endesa",-402534000,NA,"https://www.acb.com/Documentos/Cabeceras/logo-competicion-1b.png","https://www.acb.com/Documentos/Cabeceras/logo-competicion-4a.png",88,2023,107,NA,NA,5664,103610,NA,NA,FALSE,4233,4232,2505,"BAXI Manresa","BAXI Manresa","BAX",4233,2506,"Baskonia","Baskonia","BKN",1,90,12000,13,38,34,20,37,54,11,16,68,26,14,40,22,11,12,13,0,6,2,14,20,104,40,-1,0,13,0,90,82,2,212,3,8,14,38,8,56,11
2051718,1,"Liga Nacional","Liga Endesa",-402534000,NA,"https://www.acb.com/Documentos/Cabeceras/logo-competicion-1b.png","https://www.acb.com/Documentos/Cabeceras/logo-competicion-4a.png",88,2023,107,NA,NA,5664,103611,NA,NA,FALSE,4237,4228,2501,"Valencia Basket","Valencia Basket","VBC",4237,2510,"Río Breogán","Río Breogán","BRE",1,80,12000,13,32,40,15,28,53,11,21,52,25,7,32,19,5,11,5,3,1,0,25,18,78,-40,-1,13,0,0,80,88,5,1632,1,13,8,24,4,35,10
2051717,1,"Liga Nacional","Liga Endesa",-402534000,NA,"https://www.acb.com/Documentos/Cabeceras/logo-competicion-1b.png","https://www.acb.com/Documentos/Cabeceras/logo-competicion-4a.png",88,2023,107,NA,NA,5664,103611,NA,NA,TRUE,4228,4228,2501,"Valencia Basket","Valencia Basket","VBC",4237,2510,"Río Breogán","Río Breogán","BRE",1,88,12000,8,26,30,21,42,50,22,29,75,24,17,41,18,6,7,6,1,2,2,18,24,105,40,-1,0,13,0,88,80,2,686,1,9,8,32,4,24,13
2051443,1,"Liga Nacional","Liga Endesa",-402534000,NA,"https://www.acb.com/Documentos/Cabeceras/logo-competicion-1b.png","https://www.acb.com/Documentos/Cabeceras/logo-competicion-4a.png",88,2023,107,NA,NA,5664,103612,NA,NA,FALSE,4239,4235,2508,"UCAM Murcia","UCAM Murcia","UCM",4239,2512,"Real Madrid","Real Madrid","RMB",1,61,12000,8,31,25,11,26,42,15,16,93,32,9,41,14,4,20,11,3,0,1,19,16,61,-60,-1,12,0,0,61,73,4,350,3,4,2,22,5,21,9
2051442,1,"Liga Nacional","Liga Endesa",-402534000,NA,"https://www.acb.com/Documentos/Cabeceras/logo-competicion-1b.png","https://www.acb.com/Documentos/Cabeceras/logo-competicion-4a.png",88,2023,107,NA,NA,5664,103612,NA,NA,TRUE,4235,4235,2508,"UCAM Murcia","UCAM Murcia","UCM",4239,2512,"Real Madrid","Real Madrid","RMB",1,73,12000,4,24,16,24,46,52,13,17,76,29,9,38,14,14,7,17,0,3,3,16,16,83,60,-1,0,13,0,73,61,2,1823,3,15,18,44,8,26,12
2051414,1,"Liga Nacional","Liga Endesa",-402534000,NA,"https://www.acb.com/Documentos/Cabeceras/logo-competicion-1b.png","https://www.acb.com/Documentos/Cabeceras/logo-competicion-4a.png",88,2023,107,NA,NA,5664,103613,NA,NA,TRUE,4227,4227,2500,"Coviran Granada","Coviran Granada","COV",4226,2499,"Monbus Obradoiro","Monbus Obra","MOB",1,77,12000,11,28,39,17,31,54,10,20,50,22,12,34,12,7,13,18,0,1,3,25,24,74,15,-1,0,13,0,77,74,2,2001,2,14,15,24,9,22,16
2051415,1,"Liga Nacional","Liga Endesa",-402534000,NA,"https://www.acb.com/Documentos/Cabeceras/logo-competicion-1b.png","https://www.acb.com/Documentos/Cabeceras/logo-competicion-4a.png",88,2023,107,NA,NA,5664,103613,NA,NA,FALSE,4226,4227,2500,"Coviran Granada","Coviran Granada","COV",4226,2499,"Monbus Obradoiro","Monbus Obra","MOB",1,74,12000,7,25,28,16,33,48,21,27,77,23,14,37,15,7,14,2,1,0,0,24,25,80,-15,-1,13,0,0,74,77,4,270,2,5,2,26,17,16,7
2051138,1,"Liga Nacional","Liga Endesa",-402534000,NA,"https://www.acb.com/Documentos/Cabeceras/logo-competicion-1b.png","https://www.acb.com/Documentos/Cabeceras/logo-competicion-4a.png",88,2023,107,NA,NA,5664,103614,NA,NA,FALSE,4225,4240,2513,"MoraBanc Andorra","MoraBanc And","MBA",4225,2498,"Surne Bilbao Basket","Surne Bilbao","SBB",1,78,12000,10,31,32,19,34,55,10,15,66,26,12,38,15,5,13,2,6,3,1,18,18,85,-45,-1,13,0,0,78,87,3,1197,1,9,4,36,14,36,7
2051137,1,"Liga Nacional","Liga Endesa",-402534000,NA,"https://www.acb.com/Documentos/Cabeceras/logo-competicion-1b.png","https://www.acb.com/Documentos/Cabeceras/logo-competicion-4a.png",88,2023,107,NA,NA,5664,103614,NA,NA,TRUE,4240,4240,2513,"MoraBanc Andorra","MoraBanc And","MBA",4225,2498,"Surne Bilbao Basket","Surne Bilbao","SBB",1,87,12000,11,28,39,19,38,50,16,21,76,23,13,36,21,9,8,14,3,6,1,18,18,101,45,-1,0,12,0,87,78,3,1110,2,15,10,38,11,28,11
2051166,1,"Liga Nacional","Liga Endesa",-402534000,NA,"https://www.acb.com/Documentos/Cabeceras/logo-competicion-1b.png","https://www.acb.com/Documentos/Cabeceras/logo-competicion-4a.png",88,2023,107,NA,NA,5664,103615,NA,NA,TRUE,4230,4230,2503,"Joventut Badalona","Joventut","JOV",4234,2507,"Casademont Zaragoza","Casademont Zgz","CAZ",1,95,12000,13,31,41,22,41,53,12,19,63,33,14,47,22,4,13,11,2,7,1,20,18,104,55,-1,0,13,0,95,84,4,2189,2,18,4,40,17,37,9
2051167,1,"Liga Nacional","Liga Endesa",-402534000,NA,"https://www.acb.com/Documentos/Cabeceras/logo-competicion-1b.png","https://www.acb.com/Documentos/Cabeceras/logo-competicion-4a.png",88,2023,107,NA,NA,5664,103615,NA,NA,FALSE,4234,4230,2503,"Joventut Badalona","Joventut","JOV",4234,2507,"Casademont Zaragoza","Casademont Zgz","CAZ",1,84,12000,11,32,34,19,38,50,13,17,76,24,5,29,18,8,7,11,7,2,2,19,19,93,-55,-1,13,0,0,84,95,4,105,2,1,9,36,0,21,8
2050886,1,"Liga Nacional","Liga Endesa",-402534000,NA,"https://www.acb.com/Documentos/Cabeceras/logo-competicion-1b.png","https://www.acb.com/Documentos/Cabeceras/logo-competicion-4a.png",88,2023,107,NA,NA,5664,103703,NA,NA,FALSE,4241,4236,2509,"Bàsquet Girona","Bàsquet Girona","GIR",4241,2514,"Zunder Palencia","Zunder Palencia","ZPA",1,86,12000,9,24,37,20,41,48,19,24,79,24,16,40,20,8,17,6,2,1,3,22,22,97,10,-1,0,13,0,86,84,4,414,5,5,12,38,11,17,7
2050885,1,"Liga Nacional","Liga Endesa",-402534000,NA,"https://www.acb.com/Documentos/Cabeceras/logo-competicion-1b.png","https://www.acb.com/Documentos/Cabeceras/logo-competicion-4a.png",88,2023,107,NA,NA,5664,103703,NA,NA,TRUE,4236,4236,2509,"Bàsquet Girona","Bàsquet Girona","GIR",4241,2514,"Zunder Palencia","Zunder Palencia","ZPA",1,84,12000,15,35,42,14,28,50,11,15,73,22,8,30,18,5,14,5,2,2,2,22,21,84,-10,-1,13,0,0,84,86,5,1835,5,13,14,28,6,45,16
2050856,1,"Liga Nacional","Liga Endesa",-402534000,NA,"https://www.acb.com/Documentos/Cabeceras/logo-competicion-1b.png","https://www.acb.com/Documentos/Cabeceras/logo-competicion-4a.png",88,2023,107,NA,NA,5664,103713,NA,NA,FALSE,4229,4224,2497,"Unicaja","Unicaja","UNI",4229,2502,"Dreamland Gran Canaria","Dreamland GC","DGC",1,77,12000,5,25,20,21,37,56,20,23,86,25,11,36,16,7,12,0,3,0,2,22,19,85,-15,-1,13,0,0,77,80,4,292,7,5,13,40,12,17,8
2050855,1,"Liga Nacional","Liga Endesa",-402534000,NA,"https://www.acb.com/Documentos/Cabeceras/logo-competicion-1b.png","https://www.acb.com/Documentos/Cabeceras/logo-competicion-4a.png",88,2023,107,NA,NA,5664,103713,NA,NA,TRUE,4224,4224,2497,"Unicaja","Unicaja","UNI",4229,2502,"Dreamland Gran Canaria","Dreamland GC","DGC",1,80,12000,8,23,34,21,38,55,14,22,63,26,8,34,15,9,10,12,0,3,3,19,22,88,15,-1,0,13,0,80,77,1,1837,7,13,6,40,6,44,10
2053205,1,"Liga Nacional","Liga Endesa",-402534000,NA,"https://www.acb.com/Documentos/Cabeceras/logo-competicion-1b.png","https://www.acb.com/Documentos/Cabeceras/logo-competicion-4a.png",88,2023,107,NA,NA,5663,103603,NA,NA,FALSE,4225,4239,2512,"Real Madrid","Real Madrid","RMB",4225,2498,"Surne Bilbao Basket","Surne Bilbao","SBB",1,80,12000,9,21,42,25,50,50,3,6,50,17,17,34,17,14,18,6,3,8,5,21,16,77,-75,-1,13,0,0,80,95,3,0,0,0,14,40,20,52,10
2053204,1,"Liga Nacional","Liga Endesa",-402534000,NA,"https://www.acb.com/Documentos/Cabeceras/logo-competicion-1b.png","https://www.acb.com/Documentos/Cabeceras/logo-competicion-4a.png",88,2023,107,NA,NA,5663,103603,NA,NA,TRUE,4239,4239,2512,"Real Madrid","Real Madrid","RMB",4225,2498,"Surne Bilbao Basket","Surne Bilbao","SBB",1,95,12000,12,22,54,24,34,70,11,15,73,23,4,27,25,14,17,9,8,2,7,16,21,131,75,-1,0,13,0,95,80,1,2383,0,28,16,44,7,47,11
2053010,1,"Liga Nacional","Liga Endesa",-402534000,NA,"https://www.acb.com/Documentos/Cabeceras/logo-competicion-1b.png","https://www.acb.com/Documentos/Cabeceras/logo-competicion-4a.png",88,2023,107,NA,NA,5663,103601,NA,NA,FALSE,4228,4234,2507,"Casademont Zaragoza","Casademont Zgz","CAZ",4228,2501,"Valencia Basket","Valencia Basket","VBC",1,85,12000,10,33,30,19,35,54,17,29,58,21,11,32,17,14,9,16,1,1,4,21,26,93,50,-1,0,13,0,85,75,3,395,1,10,16,36,9,47,10
2053009,1,"Liga Nacional","Liga Endesa",-402534000,NA,"https://www.acb.com/Documentos/Cabeceras/logo-competicion-1b.png","https://www.acb.com/Documentos/Cabeceras/logo-competicion-4a.png",88,2023,107,NA,NA,5663,103601,NA,NA,TRUE,4234,4234,2507,"Casademont Zaragoza","Casademont Zgz","CAZ",4228,2501,"Valencia Basket","Valencia Basket","VBC",1,75,12000,4,15,26,21,40,52,21,27,77,33,10,43,10,6,18,2,1,1,2,26,21,75,-50,-1,13,0,0,75,85,5,1978,1,11,5,40,8,17,10
2052954,1,"Liga Nacional","Liga Endesa",-402534000,NA,"https://www.acb.com/Documentos/Cabeceras/logo-competicion-1b.png","https://www.acb.com/Documentos/Cabeceras/logo-competicion-4a.png",88,2023,107,NA,NA,5663,103602,NA,NA,FALSE,4240,4233,2506,"Baskonia","Baskonia","BKN",4240,2513,"MoraBanc Andorra","MoraBanc And","MBA",1,95,12000,9,19,47,25,43,58,18,24,75,20,7,27,26,8,11,17,1,1,2,23,22,110,-65,-1,12,0,0,95,108,3,781,2,10,10,42,4,46,8
2052953,1,"Liga Nacional","Liga Endesa",-402534000,NA,"https://www.acb.com/Documentos/Cabeceras/logo-competicion-1b.png","https://www.acb.com/Documentos/Cabeceras/logo-competicion-4a.png",88,2023,107,NA,NA,5663,103602,NA,NA,TRUE,4233,4233,2506,"Baskonia","Baskonia","BKN",4240,2513,"MoraBanc Andorra","MoraBanc And","MBA",1,108,12000,15,35,42,22,32,68,19,22,86,22,11,33,19,4,11,4,1,1,4,23,22,119,65,-1,0,13,0,108,95,3,1487,2,16,10,38,13,42,10
2052702,1,"Liga Nacional","Liga Endesa",-402534000,NA,"https://www.acb.com/Documentos/Cabeceras/logo-competicion-1b.png","https://www.acb.com/Documentos/Cabeceras/logo-competicion-4a.png",88,2023,107,NA,NA,5663,103604,NA,NA,FALSE,4236,4237,2510,"Río Breogán","Río Breogán","BRE",4236,2509,"Bàsquet Girona","Bàsquet Girona","GIR",1,75,12000,10,30,33,13,33,39,19,25,76,24,19,43,13,10,16,2,1,2,0,22,18,74,-90,-1,13,0,0,75,93,4,626,5,6,5,24,17,35,8
2052701,1,"Liga Nacional","Liga Endesa",-402534000,NA,"https://www.acb.com/Documentos/Cabeceras/logo-competicion-1b.png","https://www.acb.com/Documentos/Cabeceras/logo-competicion-4a.png",88,2023,107,NA,NA,5663,103604,NA,NA,TRUE,4237,4237,2510,"Río Breogán","Río Breogán","BRE",4236,2509,"Bàsquet Girona","Bàsquet Girona","GIR",1,93,12000,11,23,47,23,43,53,14,19,73,21,11,32,21,6,10,9,3,1,5,18,21,110,90,-1,0,13,0,93,75,4,1542,6,22,14,38,14,47,13
2052672,1,"Liga Nacional","Liga Endesa",-402534000,NA,"https://www.acb.com/Documentos/Cabeceras/logo-competicion-1b.png","https://www.acb.com/Documentos/Cabeceras/logo-competicion-4a.png",88,2023,107,NA,NA,5663,103616,NA,NA,FALSE,4238,4227,2500,"Coviran Granada","Coviran Granada","COV",4238,2511,"Barça","Barça","BAR",1,94,12000,10,23,43,25,37,67,14,18,77,28,11,39,19,7,14,9,2,1,3,15,21,123,165,-1,0,13,0,94,61,2,2235,1,33,14,44,18,46,11
2052671,1,"Liga Nacional","Liga Endesa",-402534000,NA,"https://www.acb.com/Documentos/Cabeceras/logo-competicion-1b.png","https://www.acb.com/Documentos/Cabeceras/logo-competicion-4a.png",88,2023,107,NA,NA,5663,103616,NA,NA,TRUE,4227,4227,2500,"Coviran Granada","Coviran Granada","COV",4238,2511,"Barça","Barça","BAR",1,61,12000,6,29,20,17,30,56,9,12,75,16,7,23,14,8,13,4,1,2,1,21,15,47,-165,-1,13,0,0,61,94,3,59,1,1,4,26,2,26,3
2052420,1,"Liga Nacional","Liga Endesa",-402534000,NA,"https://www.acb.com/Documentos/Cabeceras/logo-competicion-1b.png","https://www.acb.com/Documentos/Cabeceras/logo-competicion-4a.png",88,2023,107,NA,NA,5663,103605,NA,NA,FALSE,4224,4230,2503,"Joventut Badalona","Joventut","JOV",4224,2497,"Unicaja","Unicaja","UNI",1,81,12000,5,17,29,25,42,59,16,17,94,25,4,29,20,6,17,15,4,2,5,24,19,86,-20,-1,13,0,0,81,85,2,1794,10,11,6,44,7,50,9
2052419,1,"Liga Nacional","Liga Endesa",-402534000,NA,"https://www.acb.com/Documentos/Cabeceras/logo-competicion-1b.png","https://www.acb.com/Documentos/Cabeceras/logo-competicion-4a.png",88,2023,107,NA,NA,5663,103605,NA,NA,TRUE,4230,4230,2503,"Joventut Badalona","Joventut","JOV",4224,2497,"Unicaja","Unicaja","UNI",1,85,12000,4,16,25,25,45,55,23,30,76,22,9,31,19,12,11,6,2,4,1,19,24,100,20,-1,0,13,0,85,81,4,534,11,5,10,46,2,31,7
2052391,1,"Liga Nacional","Liga Endesa",-402534000,NA,"https://www.acb.com/Documentos/Cabeceras/logo-competicion-1b.png","https://www.acb.com/Documentos/Cabeceras/logo-competicion-4a.png",88,2023,107,NA,NA,5663,103606,NA,NA,TRUE,4241,4241,2514,"Zunder Palencia","Zunder Palencia","ZPA",4232,2505,"BAXI Manresa","BAXI Manresa","BAX",1,88,12000,6,26,23,24,34,70,22,30,73,25,6,31,19,5,14,0,4,1,1,24,28,98,-35,-1,13,0,0,88,95,3,852,11,8,5,46,9,29,10
2052392,1,"Liga Nacional","Liga Endesa",-402534000,NA,"https://www.acb.com/Documentos/Cabeceras/logo-competicion-1b.png","https://www.acb.com/Documentos/Cabeceras/logo-competicion-4a.png",88,2023,107,NA,NA,5663,103606,NA,NA,FALSE,4232,4241,2514,"Zunder Palencia","Zunder Palencia","ZPA",4232,2505,"BAXI Manresa","BAXI Manresa","BAX",1,95,12000,13,34,38,18,38,47,20,24,83,26,13,39,20,7,10,11,1,4,1,29,23,97,35,-1,0,13,0,95,88,1,1366,12,8,6,28,8,33,6
2052139,1,"Liga Nacional","Liga Endesa",-402534000,NA,"https://www.acb.com/Documentos/Cabeceras/logo-competicion-1b.png","https://www.acb.com/Documentos/Cabeceras/logo-competicion-4a.png",88,2023,107,NA,NA,5663,103607,NA,NA,TRUE,4229,4229,2502,"Dreamland Gran Canaria","Dreamland GC","DGC",4235,2508,"UCAM Murcia","UCAM Murcia","UCM",1,91,12000,10,21,47,20,33,60,21,28,75,19,5,24,17,8,13,4,3,4,1,21,27,101,55,-1,0,13,0,91,80,2,2173,2,14,2,32,2,33,7
2052140,1,"Liga Nacional","Liga Endesa",-402534000,NA,"https://www.acb.com/Documentos/Cabeceras/logo-competicion-1b.png","https://www.acb.com/Documentos/Cabeceras/logo-competicion-4a.png",88,2023,107,NA,NA,5663,103607,NA,NA,FALSE,4235,4229,2502,"Dreamland Gran Canaria","Dreamland GC","DGC",4235,2508,"UCAM Murcia","UCAM Murcia","UCM",1,80,12000,9,22,40,17,32,53,19,27,70,22,10,32,13,11,18,7,4,2,1,28,21,77,-55,-1,13,0,0,80,91,4,18,2,1,6,32,15,46,10
2052111,1,"Liga Nacional","Liga Endesa",-402534000,NA,"https://www.acb.com/Documentos/Cabeceras/logo-competicion-1b.png","https://www.acb.com/Documentos/Cabeceras/logo-competicion-4a.png",88,2023,107,NA,NA,5663,103608,NA,NA,TRUE,4226,4226,2499,"Monbus Obradoiro","Monbus Obra","MOB",4231,2605,"Lenovo Tenerife","Lenovo Tenerife","LNT",1,86,12000,3,17,17,29,42,69,19,23,82,21,7,28,12,5,10,2,5,3,4,20,24,96,-55,-1,13,0,0,86,97,4,560,0,8,6,52,11,39,9
2052112,1,"Liga Nacional","Liga Endesa",-402534000,NA,"https://www.acb.com/Documentos/Cabeceras/logo-competicion-1b.png","https://www.acb.com/Documentos/Cabeceras/logo-competicion-4a.png",88,2023,107,NA,NA,5663,103608,NA,NA,FALSE,4231,4226,2499,"Monbus Obradoiro","Monbus Obra","MOB",4231,2605,"Lenovo Tenerife","Lenovo Tenerife","LNT",1,97,12000,16,32,50,18,32,56,13,16,81,22,9,31,19,6,11,7,3,5,4,24,20,103,55,-1,0,13,0,97,86,2,1756,1,17,10,24,9,57,8
2054441,1,"Liga Nacional","Liga Endesa",-402534000,NA,"https://www.acb.com/Documentos/Cabeceras/logo-competicion-1b.png","https://www.acb.com/Documentos/Cabeceras/logo-competicion-4a.png",88,2023,107,NA,NA,5662,103629,NA,NA,TRUE,4228,4228,2501,"Valencia Basket","Valencia Basket","VBC",4224,2497,"Unicaja","Unicaja","UNI",1,63,12000,7,31,22,14,34,41,14,15,93,24,14,38,11,5,16,5,2,4,0,17,17,54,-100,-1,13,0,0,63,83,4,54,1,1,4,26,13,38,8
2054442,1,"Liga Nacional","Liga Endesa",-402534000,NA,"https://www.acb.com/Documentos/Cabeceras/logo-competicion-1b.png","https://www.acb.com/Documentos/Cabeceras/logo-competicion-4a.png",88,2023,107,NA,NA,5662,103629,NA,NA,FALSE,4224,4228,2501,"Valencia Basket","Valencia Basket","VBC",4224,2497,"Unicaja","Unicaja","UNI",1,83,12000,9,26,34,22,41,53,12,14,85,29,11,40,25,10,13,16,4,2,3,17,16,108,100,-1,0,13,0,83,63,1,2099,1,25,12,40,9,57,11
2054193,1,"Liga Nacional","Liga Endesa",-402534000,NA,"https://www.acb.com/Documentos/Cabeceras/logo-competicion-1b.png","https://www.acb.com/Documentos/Cabeceras/logo-competicion-4a.png",88,2023,107,NA,NA,5662,103630,NA,NA,TRUE,4233,4233,2506,"Baskonia","Baskonia","BKN",4226,2499,"Monbus Obradoiro","Monbus Obra","MOB",1,89,12000,10,31,32,20,32,62,19,24,79,26,6,32,16,7,7,8,3,3,1,20,22,101,50,-1,0,13,0,89,79,1,2169,3,13,4,38,5,52,9
2054194,1,"Liga Nacional","Liga Endesa",-402534000,NA,"https://www.acb.com/Documentos/Cabeceras/logo-competicion-1b.png","https://www.acb.com/Documentos/Cabeceras/logo-competicion-4a.png",88,2023,107,NA,NA,5662,103630,NA,NA,FALSE,4226,4233,2506,"Baskonia","Baskonia","BKN",4226,2499,"Monbus Obradoiro","Monbus Obra","MOB",1,79,12000,9,26,34,19,38,50,14,20,70,29,12,41,19,3,18,2,3,3,0,23,20,79,-50,-1,13,0,0,79,89,5,145,2,2,6,36,6,28,8
2054222,1,"Liga Nacional","Liga Endesa",-402534000,NA,"https://www.acb.com/Documentos/Cabeceras/logo-competicion-1b.png","https://www.acb.com/Documentos/Cabeceras/logo-competicion-4a.png",88,2023,107,NA,NA,5662,103631,NA,NA,FALSE,4241,4238,2511,"Barça","Barça","BAR",4241,2514,"Zunder Palencia","Zunder Palencia","ZPA",1,94,12000,10,26,38,29,49,59,6,10,60,18,11,29,28,4,6,7,2,1,7,29,17,98,-40,-1,12,0,0,94,102,5,113,1,4,8,50,8,35,6
2054221,1,"Liga Nacional","Liga Endesa",-402534000,NA,"https://www.acb.com/Documentos/Cabeceras/logo-competicion-1b.png","https://www.acb.com/Documentos/Cabeceras/logo-competicion-4a.png",88,2023,107,NA,NA,5662,103631,NA,NA,TRUE,4238,4238,2511,"Barça","Barça","BAR",4241,2514,"Zunder Palencia","Zunder Palencia","ZPA",1,102,12000,12,25,48,20,34,58,26,32,81,25,11,36,21,0,10,11,1,1,3,17,28,127,40,-1,0,13,0,102,94,4,2260,2,17,1,30,6,50,8
2054008,1,"Liga Nacional","Liga Endesa",-402534000,NA,"https://www.acb.com/Documentos/Cabeceras/logo-competicion-1b.png","https://www.acb.com/Documentos/Cabeceras/logo-competicion-4a.png",88,2023,107,NA,NA,5662,103632,NA,NA,FALSE,4239,4229,2502,"Dreamland Gran Canaria","Dreamland GC","DGC",4239,2512,"Real Madrid","Real Madrid","RMB",1,77,12000,13,34,38,13,32,40,12,13,92,22,11,33,14,3,11,7,3,5,2,17,19,75,-115,-1,11,0,0,77,100,5,0,0,0,10,26,7,41,10
2054007,1,"Liga Nacional","Liga Endesa",-402534000,NA,"https://www.acb.com/Documentos/Cabeceras/logo-competicion-1b.png","https://www.acb.com/Documentos/Cabeceras/logo-competicion-4a.png",88,2023,107,NA,NA,5662,103632,NA,NA,TRUE,4229,4229,2502,"Dreamland Gran Canaria","Dreamland GC","DGC",4239,2512,"Real Madrid","Real Madrid","RMB",1,100,12000,15,27,55,23,37,62,9,14,64,27,6,33,17,7,8,10,5,3,2,19,16,117,115,-1,0,13,0,100,77,2,2380,0,30,12,38,10,49,10
2053926,1,"Liga Nacional","Liga Endesa",-402534000,NA,"https://www.acb.com/Documentos/Cabeceras/logo-competicion-1b.png","https://www.acb.com/Documentos/Cabeceras/logo-competicion-4a.png",88,2023,107,NA,NA,5662,103633,NA,NA,TRUE,4236,4236,2509,"Bàsquet Girona","Bàsquet Girona","GIR",4227,2500,"Coviran Granada","Coviran Granada","COV",1,80,12000,10,27,37,17,38,44,16,20,80,27,17,44,16,5,13,2,4,6,3,21,20,87,95,-1,0,13,0,80,61,2,1802,1,23,4,32,17,48,10
2053927,1,"Liga Nacional","Liga Endesa",-402534000,NA,"https://www.acb.com/Documentos/Cabeceras/logo-competicion-1b.png","https://www.acb.com/Documentos/Cabeceras/logo-competicion-4a.png",88,2023,107,NA,NA,5662,103633,NA,NA,FALSE,4227,4236,2509,"Bàsquet Girona","Bàsquet Girona","GIR",4227,2500,"Coviran Granada","Coviran Granada","COV",1,61,12000,7,31,22,15,30,50,10,14,71,23,9,32,10,7,15,2,7,4,1,22,21,54,-95,-1,12,0,0,61,80,3,545,0,9,6,26,10,29,6
2053677,1,"Liga Nacional","Liga Endesa",-402534000,NA,"https://www.acb.com/Documentos/Cabeceras/logo-competicion-1b.png","https://www.acb.com/Documentos/Cabeceras/logo-competicion-4a.png",88,2023,107,NA,NA,5662,103619,NA,NA,FALSE,4237,4232,2505,"BAXI Manresa","BAXI Manresa","BAX",4237,2510,"Río Breogán","Río Breogán","BRE",1,68,12000,6,25,24,18,37,48,14,23,60,24,13,37,16,8,15,4,1,4,0,17,23,70,-75,-1,13,0,0,68,83,3,179,2,2,4,30,5,30,6
2053676,1,"Liga Nacional","Liga Endesa",-402534000,NA,"https://www.acb.com/Documentos/Cabeceras/logo-competicion-1b.png","https://www.acb.com/Documentos/Cabeceras/logo-competicion-4a.png",88,2023,107,NA,NA,5662,103619,NA,NA,TRUE,4232,4232,2505,"BAXI Manresa","BAXI Manresa","BAX",4237,2510,"Río Breogán","Río Breogán","BRE",1,83,12000,10,31,32,19,34,55,15,18,83,30,12,42,18,9,14,4,4,1,4,23,17,96,75,-1,0,13,0,83,68,1,2201,3,21,9,36,8,37,7
2053650,1,"Liga Nacional","Liga Endesa",-402534000,NA,"https://www.acb.com/Documentos/Cabeceras/logo-competicion-1b.png","https://www.acb.com/Documentos/Cabeceras/logo-competicion-4a.png",88,2023,107,NA,NA,5662,103634,NA,NA,FALSE,4230,4240,2513,"MoraBanc Andorra","MoraBanc And","MBA",4230,2503,"Joventut Badalona","Joventut","JOV",1,86,12000,11,26,42,23,45,51,7,13,53,26,15,41,13,7,9,8,1,3,1,18,20,95,35,-1,0,12,0,86,79,3,1489,3,8,10,40,17,30,11
2053649,1,"Liga Nacional","Liga Endesa",-402534000,NA,"https://www.acb.com/Documentos/Cabeceras/logo-competicion-1b.png","https://www.acb.com/Documentos/Cabeceras/logo-competicion-4a.png",88,2023,107,NA,NA,5662,103634,NA,NA,TRUE,4240,4240,2513,"MoraBanc Andorra","MoraBanc And","MBA",4230,2503,"Joventut Badalona","Joventut","JOV",1,79,12000,8,27,29,21,35,60,13,15,86,25,7,32,14,6,10,14,3,1,2,21,18,85,-35,-1,13,0,0,79,86,4,479,3,11,10,40,2,37,11
2053373,1,"Liga Nacional","Liga Endesa",-402534000,NA,"https://www.acb.com/Documentos/Cabeceras/logo-competicion-1b.png","https://www.acb.com/Documentos/Cabeceras/logo-competicion-4a.png",88,2023,107,NA,NA,5662,103618,NA,NA,FALSE,4234,4225,2498,"Surne Bilbao Basket","Surne Bilbao","SBB",4234,2507,"Casademont Zaragoza","Casademont Zgz","CAZ",1,83,12000,11,21,52,16,42,38,18,22,81,23,15,38,17,7,13,4,3,4,2,18,22,95,-15,-1,13,0,0,83,86,4,393,1,6,2,28,12,31,8
2053372,1,"Liga Nacional","Liga Endesa",-402534000,NA,"https://www.acb.com/Documentos/Cabeceras/logo-competicion-1b.png","https://www.acb.com/Documentos/Cabeceras/logo-competicion-4a.png",88,2023,107,NA,NA,5662,103618,NA,NA,TRUE,4225,4225,2498,"Surne Bilbao Basket","Surne Bilbao","SBB",4234,2507,"Casademont Zaragoza","Casademont Zgz","CAZ",1,86,12000,9,27,33,25,43,58,9,12,75,22,14,36,18,5,10,6,4,3,4,22,18,93,15,-1,0,13,0,86,83,5,1943,1,14,9,44,11,57,15
2053403,1,"Liga Nacional","Liga Endesa",-402534000,NA,"https://www.acb.com/Documentos/Cabeceras/logo-competicion-1b.png","https://www.acb.com/Documentos/Cabeceras/logo-competicion-4a.png",88,2023,107,NA,NA,5662,103635,NA,NA,FALSE,4235,4231,2605,"Lenovo Tenerife","Lenovo Tenerife","LNT",4235,2508,"UCAM Murcia","UCAM Murcia","UCM",1,73,12000,8,21,38,19,36,52,11,17,64,22,10,32,17,8,16,10,3,2,3,17,18,80,-10,-1,12,0,0,73,75,5,502,6,5,10,36,8,27,9
2053402,1,"Liga Nacional","Liga Endesa",-402534000,NA,"https://www.acb.com/Documentos/Cabeceras/logo-competicion-1b.png","https://www.acb.com/Documentos/Cabeceras/logo-competicion-4a.png",88,2023,107,NA,NA,5662,103635,NA,NA,TRUE,4231,4231,2605,"Lenovo Tenerife","Lenovo Tenerife","LNT",4235,2508,"UCAM Murcia","UCAM Murcia","UCM",1,75,12000,8,26,30,19,34,55,13,16,81,23,9,32,14,9,15,8,2,3,4,19,16,75,10,-1,0,13,0,75,73,4,1693,7,15,11,32,9,27,10
2055609,1,"Liga Nacional","Liga Endesa",-402534000,NA,"https://www.acb.com/Documentos/Cabeceras/logo-competicion-1b.png","https://www.acb.com/Documentos/Cabeceras/logo-competicion-4a.png",88,2023,107,NA,NA,5661,103620,NA,NA,FALSE,4228,4238,2511,"Barça","Barça","BAR",4228,2501,"Valencia Basket","Valencia Basket","VBC",1,79,12000,5,18,27,22,46,47,20,22,90,22,12,34,15,10,13,6,5,4,1,18,17,86,15,-1,0,13,0,79,76,4,659,3,5,7,40,6,55,19
2055608,1,"Liga Nacional","Liga Endesa",-402534000,NA,"https://www.acb.com/Documentos/Cabeceras/logo-competicion-1b.png","https://www.acb.com/Documentos/Cabeceras/logo-competicion-4a.png",88,2023,107,NA,NA,5661,103620,NA,NA,TRUE,4238,4238,2511,"Barça","Barça","BAR",4228,2501,"Valencia Basket","Valencia Basket","VBC",1,76,12000,4,16,25,26,45,57,12,15,80,24,7,31,16,8,15,8,4,4,9,17,18,83,-15,-1,13,0,0,76,79,4,1461,3,14,5,42,2,42,8
2055553,1,"Liga Nacional","Liga Endesa",-402534000,NA,"https://www.acb.com/Documentos/Cabeceras/logo-competicion-1b.png","https://www.acb.com/Documentos/Cabeceras/logo-competicion-4a.png",88,2023,107,NA,NA,5661,103622,NA,NA,FALSE,4232,4227,2500,"Coviran Granada","Coviran Granada","COV",4232,2505,"BAXI Manresa","BAXI Manresa","BAX",1,94,12000,13,38,34,19,31,61,17,28,60,23,12,35,21,8,8,10,3,1,4,26,26,104,5,-1,0,13,0,94,93,4,665,4,8,8,30,10,41,7
2055552,1,"Liga Nacional","Liga Endesa",-402534000,NA,"https://www.acb.com/Documentos/Cabeceras/logo-competicion-1b.png","https://www.acb.com/Documentos/Cabeceras/logo-competicion-4a.png",88,2023,107,NA,NA,5661,103622,NA,NA,TRUE,4227,4227,2500,"Coviran Granada","Coviran Granada","COV",4232,2505,"BAXI Manresa","BAXI Manresa","BAX",1,93,12000,8,25,32,23,36,63,23,30,76,27,11,38,17,4,10,2,1,3,1,26,26,103,-5,-1,13,0,0,93,94,4,1661,3,8,8,38,6,38,7
2055441,1,"Liga Nacional","Liga Endesa",-402534000,NA,"https://www.acb.com/Documentos/Cabeceras/logo-competicion-1b.png","https://www.acb.com/Documentos/Cabeceras/logo-competicion-4a.png",88,2023,107,NA,NA,5661,103621,NA,NA,FALSE,4229,4226,2499,"Monbus Obradoiro","Monbus Obra","MOB",4229,2502,"Dreamland Gran Canaria","Dreamland GC","DGC",1,81,12000,8,21,38,22,36,61,13,23,56,23,6,29,19,15,17,5,4,2,1,22,20,90,45,-1,0,13,0,81,72,1,1430,7,13,13,38,2,38,8
2055440,1,"Liga Nacional","Liga Endesa",-402534000,NA,"https://www.acb.com/Documentos/Cabeceras/logo-competicion-1b.png","https://www.acb.com/Documentos/Cabeceras/logo-competicion-4a.png",88,2023,107,NA,NA,5661,103621,NA,NA,TRUE,4226,4226,2499,"Monbus Obradoiro","Monbus Obra","MOB",4229,2502,"Dreamland Gran Canaria","Dreamland GC","DGC",1,72,12000,4,19,21,19,42,45,22,25,88,24,13,37,9,7,19,6,2,3,2,20,20,64,-45,-1,13,0,0,72,81,4,460,7,4,10,36,10,14,5
2055252,1,"Liga Nacional","Liga Endesa",-402534000,NA,"https://www.acb.com/Documentos/Cabeceras/logo-competicion-1b.png","https://www.acb.com/Documentos/Cabeceras/logo-competicion-4a.png",88,2023,107,NA,NA,5661,103623,NA,NA,TRUE,4231,4231,2605,"Lenovo Tenerife","Lenovo Tenerife","LNT",4233,2506,"Baskonia","Baskonia","BKN",1,95,12000,11,29,37,21,32,65,20,22,90,24,10,34,15,4,8,7,2,1,0,21,21,110,85,-1,0,13,0,95,78,2,2295,3,17,11,30,13,46,7
2055253,1,"Liga Nacional","Liga Endesa",-402534000,NA,"https://www.acb.com/Documentos/Cabeceras/logo-competicion-1b.png","https://www.acb.com/Documentos/Cabeceras/logo-competicion-4a.png",88,2023,107,NA,NA,5661,103623,NA,NA,FALSE,4233,4231,2605,"Lenovo Tenerife","Lenovo Tenerife","LNT",4233,2506,"Baskonia","Baskonia","BKN",1,78,12000,7,18,38,20,37,54,17,25,68,16,10,26,15,6,11,12,1,1,2,23,21,76,-85,-1,11,0,0,78,95,3,54,3,1,11,36,10,24,7
2055169,1,"Liga Nacional","Liga Endesa",-402534000,NA,"https://www.acb.com/Documentos/Cabeceras/logo-competicion-1b.png","https://www.acb.com/Documentos/Cabeceras/logo-competicion-4a.png",88,2023,107,NA,NA,5661,103624,NA,NA,FALSE,4236,4239,2512,"Real Madrid","Real Madrid","RMB",4236,2509,"Bàsquet Girona","Bàsquet Girona","GIR",1,79,12000,11,25,44,19,41,46,8,11,72,24,11,35,16,4,13,7,1,4,0,23,16,72,-65,-1,13,0,0,79,92,3,0,0,0,12,36,6,42,5
2055168,1,"Liga Nacional","Liga Endesa",-402534000,NA,"https://www.acb.com/Documentos/Cabeceras/logo-competicion-1b.png","https://www.acb.com/Documentos/Cabeceras/logo-competicion-4a.png",88,2023,107,NA,NA,5661,103624,NA,NA,TRUE,4239,4239,2512,"Real Madrid","Real Madrid","RMB",4236,2509,"Bàsquet Girona","Bàsquet Girona","GIR",1,92,12000,8,22,36,22,36,61,24,27,88,25,4,29,25,10,10,16,4,1,7,16,23,125,65,-1,0,13,0,92,79,2,2400,0,17,12,44,4,34,9
2054916,1,"Liga Nacional","Liga Endesa",-402534000,NA,"https://www.acb.com/Documentos/Cabeceras/logo-competicion-1b.png","https://www.acb.com/Documentos/Cabeceras/logo-competicion-4a.png",88,2023,107,NA,NA,5661,103625,NA,NA,TRUE,4235,4235,2508,"UCAM Murcia","UCAM Murcia","UCM",4225,2498,"Surne Bilbao Basket","Surne Bilbao","SBB",1,96,12000,12,27,44,20,37,54,20,29,68,24,9,33,21,7,6,13,6,4,2,21,24,115,100,-1,0,13,0,96,76,3,2227,2,31,11,40,9,51,10
2054917,1,"Liga Nacional","Liga Endesa",-402534000,NA,"https://www.acb.com/Documentos/Cabeceras/logo-competicion-1b.png","https://www.acb.com/Documentos/Cabeceras/logo-competicion-4a.png",88,2023,107,NA,NA,5661,103625,NA,NA,FALSE,4225,4235,2508,"UCAM Murcia","UCAM Murcia","UCM",4225,2498,"Surne Bilbao Basket","Surne Bilbao","SBB",1,76,12000,3,15,20,25,45,55,17,21,80,24,9,33,15,4,13,6,6,5,6,24,21,77,-100,-1,13,0,0,76,96,2,64,2,3,8,40,13,45,6
2054888,1,"Liga Nacional","Liga Endesa",-402534000,NA,"https://www.acb.com/Documentos/Cabeceras/logo-competicion-1b.png","https://www.acb.com/Documentos/Cabeceras/logo-competicion-4a.png",88,2023,107,NA,NA,5661,103626,NA,NA,TRUE,4224,4224,2497,"Unicaja","Unicaja","UNI",4240,2513,"MoraBanc Andorra","MoraBanc And","MBA",1,92,12000,12,32,37,21,32,65,14,18,77,24,10,34,22,8,17,11,2,1,3,24,23,104,30,-1,0,13,0,92,86,3,1069,9,8,15,38,8,58,8
2054889,1,"Liga Nacional","Liga Endesa",-402534000,NA,"https://www.acb.com/Documentos/Cabeceras/logo-competicion-1b.png","https://www.acb.com/Documentos/Cabeceras/logo-competicion-4a.png",88,2023,107,NA,NA,5661,103626,NA,NA,FALSE,4240,4224,2497,"Unicaja","Unicaja","UNI",4240,2513,"MoraBanc Andorra","MoraBanc And","MBA",1,86,12000,4,17,23,26,41,63,22,36,61,21,10,31,14,12,15,10,1,1,3,23,23,86,-30,-1,13,0,0,86,92,1,1077,8,9,16,38,9,45,10
2054637,1,"Liga Nacional","Liga Endesa",-402534000,NA,"https://www.acb.com/Documentos/Cabeceras/logo-competicion-1b.png","https://www.acb.com/Documentos/Cabeceras/logo-competicion-4a.png",88,2023,107,NA,NA,5661,103627,NA,NA,FALSE,4241,4230,2503,"Joventut Badalona","Joventut","JOV",4241,2514,"Zunder Palencia","Zunder Palencia","ZPA",1,77,12000,8,30,26,18,29,62,17,24,70,26,10,36,11,6,18,10,6,5,1,27,22,68,-60,-1,13,0,0,77,89,4,1594,0,11,7,32,8,20,6
2054636,1,"Liga Nacional","Liga Endesa",-402534000,NA,"https://www.acb.com/Documentos/Cabeceras/logo-competicion-1b.png","https://www.acb.com/Documentos/Cabeceras/logo-competicion-4a.png",88,2023,107,NA,NA,5661,103627,NA,NA,TRUE,4230,4230,2503,"Joventut Badalona","Joventut","JOV",4241,2514,"Zunder Palencia","Zunder Palencia","ZPA",1,89,12000,10,25,40,20,42,47,19,21,90,24,8,32,20,8,11,10,5,6,4,23,26,101,60,-1,0,13,0,89,77,3,733,1,16,15,36,6,50,14
2054609,1,"Liga Nacional","Liga Endesa",-402534000,NA,"https://www.acb.com/Documentos/Cabeceras/logo-competicion-1b.png","https://www.acb.com/Documentos/Cabeceras/logo-competicion-4a.png",88,2023,107,NA,NA,5661,103628,NA,NA,FALSE,4237,4234,2507,"Casademont Zaragoza","Casademont Zgz","CAZ",4237,2510,"Río Breogán","Río Breogán","BRE",1,61,12000,8,35,22,10,27,37,17,22,77,25,13,38,12,15,17,11,1,6,2,21,21,55,-10,-1,13,0,0,61,63,4,782,2,7,11,18,7,29,13
2054608,1,"Liga Nacional","Liga Endesa",-402534000,NA,"https://www.acb.com/Documentos/Cabeceras/logo-competicion-1b.png","https://www.acb.com/Documentos/Cabeceras/logo-competicion-4a.png",88,2023,107,NA,NA,5661,103628,NA,NA,TRUE,4234,4234,2507,"Casademont Zaragoza","Casademont Zgz","CAZ",4237,2510,"Río Breogán","Río Breogán","BRE",1,63,12000,7,21,33,15,38,39,12,17,70,32,14,46,10,7,23,12,6,1,4,21,20,65,10,-1,0,13,0,63,61,4,1446,3,14,6,24,6,36,14
2056939,1,"Liga Nacional","Liga Endesa",-402534000,NA,"https://www.acb.com/Documentos/Cabeceras/logo-competicion-1b.png","https://www.acb.com/Documentos/Cabeceras/logo-competicion-4a.png",88,2023,107,NA,NA,5660,103574,NA,NA,FALSE,4238,4232,2505,"BAXI Manresa","BAXI Manresa","BAX",4238,2511,"Barça","Barça","BAR",1,87,12000,11,21,52,18,36,50,18,20,90,32,7,39,16,8,22,8,4,6,2,18,21,99,50,-1,0,13,0,87,77,3,2190,4,16,8,34,4,43,9
2056938,1,"Liga Nacional","Liga Endesa",-402534000,NA,"https://www.acb.com/Documentos/Cabeceras/logo-competicion-1b.png","https://www.acb.com/Documentos/Cabeceras/logo-competicion-4a.png",88,2023,107,NA,NA,5660,103574,NA,NA,TRUE,4232,4232,2505,"BAXI Manresa","BAXI Manresa","BAX",4238,2511,"Barça","Barça","BAR",1,77,12000,8,32,25,21,45,46,11,13,84,22,12,34,17,12,12,11,6,4,5,21,16,75,-50,-1,13,0,0,77,87,5,123,3,2,15,32,5,28,9
2056725,1,"Liga Nacional","Liga Endesa",-402534000,NA,"https://www.acb.com/Documentos/Cabeceras/logo-competicion-1b.png","https://www.acb.com/Documentos/Cabeceras/logo-competicion-4a.png",88,2023,107,NA,NA,5660,103575,NA,NA,FALSE,4227,4235,2508,"UCAM Murcia","UCAM Murcia","UCM",4227,2500,"Coviran Granada","Coviran Granada","COV",1,78,12000,5,17,29,22,44,50,19,25,76,21,11,32,15,6,14,4,1,1,3,21,26,82,-65,-1,11,0,0,78,91,5,0,0,0,10,44,8,34,10
2056724,1,"Liga Nacional","Liga Endesa",-402534000,NA,"https://www.acb.com/Documentos/Cabeceras/logo-competicion-1b.png","https://www.acb.com/Documentos/Cabeceras/logo-competicion-4a.png",88,2023,107,NA,NA,5660,103575,NA,NA,TRUE,4235,4235,2508,"UCAM Murcia","UCAM Murcia","UCM",4227,2500,"Coviran Granada","Coviran Granada","COV",1,91,12000,10,19,52,23,35,65,15,22,68,25,3,28,19,9,15,13,2,1,2,28,20,97,65,-1,0,13,0,91,78,3,2400,0,26,11,46,5,33,6
2056698,1,"Liga Nacional","Liga Endesa",-402534000,NA,"https://www.acb.com/Documentos/Cabeceras/logo-competicion-1b.png","https://www.acb.com/Documentos/Cabeceras/logo-competicion-4a.png",88,2023,107,NA,NA,5660,103576,NA,NA,FALSE,4230,4233,2506,"Baskonia","Baskonia","BKN",4230,2503,"Joventut Badalona","Joventut","JOV",1,81,12000,9,17,52,23,46,50,8,11,72,29,10,39,19,5,12,10,3,1,2,21,14,93,15,-1,0,13,0,81,78,4,2376,0,15,4,38,11,21,6
2056697,1,"Liga Nacional","Liga Endesa",-402534000,NA,"https://www.acb.com/Documentos/Cabeceras/logo-competicion-1b.png","https://www.acb.com/Documentos/Cabeceras/logo-competicion-4a.png",88,2023,107,NA,NA,5660,103576,NA,NA,TRUE,4233,4233,2506,"Baskonia","Baskonia","BKN",4230,2503,"Joventut Badalona","Joventut","JOV",1,78,12000,7,32,21,22,34,64,13,20,65,22,11,33,16,8,7,16,1,3,2,14,20,88,-15,-1,12,0,0,78,81,2,0,0,0,13,38,10,33,8
2056422,1,"Liga Nacional","Liga Endesa",-402534000,NA,"https://www.acb.com/Documentos/Cabeceras/logo-competicion-1b.png","https://www.acb.com/Documentos/Cabeceras/logo-competicion-4a.png",88,2023,107,NA,NA,5660,103573,NA,NA,TRUE,4237,4237,2510,"Río Breogán","Río Breogán","BRE",4239,2512,"Real Madrid","Real Madrid","RMB",1,73,12000,8,27,29,20,33,60,9,16,56,23,10,33,17,6,13,2,1,1,0,23,16,70,-35,-1,13,0,0,73,80,5,1906,5,12,9,26,11,31,10
2056423,1,"Liga Nacional","Liga Endesa",-402534000,NA,"https://www.acb.com/Documentos/Cabeceras/logo-competicion-1b.png","https://www.acb.com/Documentos/Cabeceras/logo-competicion-4a.png",88,2023,107,NA,NA,5660,103573,NA,NA,FALSE,4239,4237,2510,"Río Breogán","Río Breogán","BRE",4239,2512,"Real Madrid","Real Madrid","RMB",1,80,12000,8,31,25,18,33,54,20,23,86,22,16,38,14,7,10,10,1,1,4,17,23,94,35,-1,0,13,0,80,73,2,417,6,7,13,36,14,36,8
2056451,1,"Liga Nacional","Liga Endesa",-402534000,NA,"https://www.acb.com/Documentos/Cabeceras/logo-competicion-1b.png","https://www.acb.com/Documentos/Cabeceras/logo-competicion-4a.png",88,2023,107,NA,NA,5660,103577,NA,NA,FALSE,4228,4225,2498,"Surne Bilbao Basket","Surne Bilbao","SBB",4228,2501,"Valencia Basket","Valencia Basket","VBC",1,78,12000,9,19,47,13,28,46,25,32,78,21,4,25,18,4,12,11,1,3,1,19,22,82,-75,-1,12,0,0,78,93,4,32,1,3,5,20,3,37,8
2056450,1,"Liga Nacional","Liga Endesa",-402534000,NA,"https://www.acb.com/Documentos/Cabeceras/logo-competicion-1b.png","https://www.acb.com/Documentos/Cabeceras/logo-competicion-4a.png",88,2023,107,NA,NA,5660,103577,NA,NA,TRUE,4225,4225,2498,"Surne Bilbao Basket","Surne Bilbao","SBB",4228,2501,"Valencia Basket","Valencia Basket","VBC",1,93,12000,11,25,44,27,39,69,6,15,40,23,9,32,25,8,9,12,4,1,2,22,19,114,75,-1,0,13,0,93,78,2,2228,1,17,9,46,9,48,11
2056170,1,"Liga Nacional","Liga Endesa",-402534000,NA,"https://www.acb.com/Documentos/Cabeceras/logo-competicion-1b.png","https://www.acb.com/Documentos/Cabeceras/logo-competicion-4a.png",88,2023,107,NA,NA,5660,103579,NA,NA,TRUE,4234,4234,2507,"Casademont Zaragoza","Casademont Zgz","CAZ",4231,2605,"Lenovo Tenerife","Lenovo Tenerife","LNT",1,100,12000,9,22,40,26,46,56,21,27,77,18,15,33,22,8,8,15,5,4,4,24,21,114,-30,-1,13,0,0,100,106,5,158,5,3,8,52,7,40,10
2056171,1,"Liga Nacional","Liga Endesa",-402534000,NA,"https://www.acb.com/Documentos/Cabeceras/logo-competicion-1b.png","https://www.acb.com/Documentos/Cabeceras/logo-competicion-4a.png",88,2023,107,NA,NA,5660,103579,NA,NA,FALSE,4231,4234,2507,"Casademont Zaragoza","Casademont Zgz","CAZ",4231,2605,"Lenovo Tenerife","Lenovo Tenerife","LNT",1,106,12000,18,28,64,16,32,50,20,22,90,21,6,27,20,4,11,0,4,4,1,22,23,119,30,-1,0,13,0,106,100,3,2088,6,15,12,28,2,56,8
2056141,1,"Liga Nacional","Liga Endesa",-402534000,NA,"https://www.acb.com/Documentos/Cabeceras/logo-competicion-1b.png","https://www.acb.com/Documentos/Cabeceras/logo-competicion-4a.png",88,2023,107,NA,NA,5660,103599,NA,NA,FALSE,4236,4240,2513,"MoraBanc Andorra","MoraBanc And","MBA",4236,2509,"Bàsquet Girona","Bàsquet Girona","GIR",1,66,12000,8,27,29,12,26,46,18,25,72,22,4,26,11,9,13,3,1,1,2,21,24,62,-135,-1,13,0,0,66,93,4,305,3,7,12,20,5,34,8
2056140,1,"Liga Nacional","Liga Endesa",-402534000,NA,"https://www.acb.com/Documentos/Cabeceras/logo-competicion-1b.png","https://www.acb.com/Documentos/Cabeceras/logo-competicion-4a.png",88,2023,107,NA,NA,5660,103599,NA,NA,TRUE,4240,4240,2513,"MoraBanc Andorra","MoraBanc And","MBA",4236,2509,"Bàsquet Girona","Bàsquet Girona","GIR",1,93,12000,11,24,45,21,38,55,18,26,69,31,12,43,16,7,13,15,2,1,4,24,21,106,135,-1,0,13,0,93,66,1,2035,3,27,13,42,11,40,14
2055889,1,"Liga Nacional","Liga Endesa",-402534000,NA,"https://www.acb.com/Documentos/Cabeceras/logo-competicion-1b.png","https://www.acb.com/Documentos/Cabeceras/logo-competicion-4a.png",88,2023,107,NA,NA,5660,103600,NA,NA,FALSE,4229,4241,2514,"Zunder Palencia","Zunder Palencia","ZPA",4229,2502,"Dreamland Gran Canaria","Dreamland GC","DGC",1,58,12000,3,28,10,17,34,50,15,24,62,27,12,39,10,3,13,6,4,1,1,21,23,51,-120,-1,13,0,0,58,82,4,86,1,3,5,28,10,36,6
2055888,1,"Liga Nacional","Liga Endesa",-402534000,NA,"https://www.acb.com/Documentos/Cabeceras/logo-competicion-1b.png","https://www.acb.com/Documentos/Cabeceras/logo-competicion-4a.png",88,2023,107,NA,NA,5660,103600,NA,NA,TRUE,4241,4241,2514,"Zunder Palencia","Zunder Palencia","ZPA",4229,2502,"Dreamland Gran Canaria","Dreamland GC","DGC",1,82,12000,6,18,33,22,44,50,20,27,74,33,9,42,23,8,5,2,1,4,4,23,21,104,120,-1,0,13,0,82,58,1,2150,2,29,5,30,4,37,12
2055861,1,"Liga Nacional","Liga Endesa",-402534000,NA,"https://www.acb.com/Documentos/Cabeceras/logo-competicion-1b.png","https://www.acb.com/Documentos/Cabeceras/logo-competicion-4a.png",88,2023,107,NA,NA,5660,103617,NA,NA,FALSE,4224,4226,2499,"Monbus Obradoiro","Monbus Obra","MOB",4224,2497,"Unicaja","Unicaja","UNI",1,90,12000,9,23,39,26,44,59,11,15,73,32,8,40,23,10,16,17,5,4,3,20,15,107,60,-1,0,13,0,90,78,1,1407,4,13,13,44,5,67,9
2055860,1,"Liga Nacional","Liga Endesa",-402534000,NA,"https://www.acb.com/Documentos/Cabeceras/logo-competicion-1b.png","https://www.acb.com/Documentos/Cabeceras/logo-competicion-4a.png",88,2023,107,NA,NA,5660,103617,NA,NA,TRUE,4226,4226,2499,"Monbus Obradoiro","Monbus Obra","MOB",4224,2497,"Unicaja","Unicaja","UNI",1,78,12000,6,25,24,22,39,56,16,23,69,23,6,29,16,10,13,7,4,5,1,15,19,80,-60,-1,13,0,0,78,90,4,716,4,6,14,40,4,9,11
2062012,1,"Liga Nacional","Liga Endesa",-402534000,NA,"https://www.acb.com/Documentos/Cabeceras/logo-competicion-1b.png","https://www.acb.com/Documentos/Cabeceras/logo-competicion-4a.png",88,2023,107,NA,NA,5659,103564,NA,NA,TRUE,4229,4229,2502,"Dreamland Gran Canaria","Dreamland GC","DGC",4233,2506,"Baskonia","Baskonia","BKN",1,98,12000,11,24,45,23,39,58,19,22,86,21,12,33,17,7,6,7,1,1,1,21,22,118,90,-1,0,13,0,98,80,1,2056,2,21,12,40,7,47,9
2062013,1,"Liga Nacional","Liga Endesa",-402534000,NA,"https://www.acb.com/Documentos/Cabeceras/logo-competicion-1b.png","https://www.acb.com/Documentos/Cabeceras/logo-competicion-4a.png",88,2023,107,NA,NA,5659,103564,NA,NA,FALSE,4233,4229,2502,"Dreamland Gran Canaria","Dreamland GC","DGC",4233,2506,"Baskonia","Baskonia","BKN",1,80,12000,11,26,42,17,28,60,13,21,61,19,9,28,16,2,12,6,1,0,0,22,21,80,-90,-1,12,0,0,80,98,4,225,2,3,3,32,14,33,7
2062068,1,"Liga Nacional","Liga Endesa",-402534000,NA,"https://www.acb.com/Documentos/Cabeceras/logo-competicion-1b.png","https://www.acb.com/Documentos/Cabeceras/logo-competicion-4a.png",88,2023,107,NA,NA,5659,103565,NA,NA,TRUE,4238,4238,2511,"Barça","Barça","BAR",4234,2507,"Casademont Zaragoza","Casademont Zgz","CAZ",1,109,12000,14,29,48,25,36,69,17,24,70,30,9,39,27,10,11,6,1,0,3,15,19,146,205,-1,0,13,0,109,68,1,2094,2,41,14,46,12,68,12
2062069,1,"Liga Nacional","Liga Endesa",-402534000,NA,"https://www.acb.com/Documentos/Cabeceras/logo-competicion-1b.png","https://www.acb.com/Documentos/Cabeceras/logo-competicion-4a.png",88,2023,107,NA,NA,5659,103565,NA,NA,FALSE,4234,4238,2511,"Barça","Barça","BAR",4234,2507,"Casademont Zaragoza","Casademont Zgz","CAZ",1,68,12000,2,22,9,26,49,53,10,14,71,21,12,33,14,8,12,8,0,1,1,19,15,59,-205,-1,13,0,0,68,109,3,96,2,3,13,46,12,29,6
2061900,1,"Liga Nacional","Liga Endesa",-402534000,NA,"https://www.acb.com/Documentos/Cabeceras/logo-competicion-1b.png","https://www.acb.com/Documentos/Cabeceras/logo-competicion-4a.png",88,2023,107,NA,NA,5659,103566,NA,NA,TRUE,4228,4228,2501,"Valencia Basket","Valencia Basket","VBC",4241,2514,"Zunder Palencia","Zunder Palencia","ZPA",1,111,12000,10,19,52,34,51,66,13,23,56,24,8,32,31,8,6,12,2,1,3,18,21,144,90,-1,0,13,0,111,93,1,1664,7,18,17,64,12,55,13
2061901,1,"Liga Nacional","Liga Endesa",-402534000,NA,"https://www.acb.com/Documentos/Cabeceras/logo-competicion-1b.png","https://www.acb.com/Documentos/Cabeceras/logo-competicion-4a.png",88,2023,107,NA,NA,5659,103566,NA,NA,FALSE,4241,4228,2501,"Valencia Basket","Valencia Basket","VBC",4241,2514,"Zunder Palencia","Zunder Palencia","ZPA",1,93,12000,16,28,57,20,34,58,5,9,55,22,5,27,20,3,15,5,1,2,0,22,18,93,-90,-1,13,0,0,93,111,5,596,7,4,5,28,6,42,9
2061647,1,"Liga Nacional","Liga Endesa",-402534000,NA,"https://www.acb.com/Documentos/Cabeceras/logo-competicion-1b.png","https://www.acb.com/Documentos/Cabeceras/logo-competicion-4a.png",88,2023,107,NA,NA,5659,103568,NA,NA,FALSE,4226,4236,2509,"Bàsquet Girona","Bàsquet Girona","GIR",4226,2499,"Monbus Obradoiro","Monbus Obra","MOB",1,77,12000,8,27,29,18,31,58,17,24,70,28,11,39,16,4,15,12,5,0,1,22,21,86,-5,-1,13,0,0,77,78,4,1690,3,15,5,28,7,42,10
2061646,1,"Liga Nacional","Liga Endesa",-402534000,NA,"https://www.acb.com/Documentos/Cabeceras/logo-competicion-1b.png","https://www.acb.com/Documentos/Cabeceras/logo-competicion-4a.png",88,2023,107,NA,NA,5659,103568,NA,NA,TRUE,4236,4236,2509,"Bàsquet Girona","Bàsquet Girona","GIR",4226,2499,"Monbus Obradoiro","Monbus Obra","MOB",1,78,12000,7,24,29,20,41,48,17,26,65,26,12,38,12,10,8,10,0,5,0,21,22,79,5,-1,0,13,0,78,77,3,610,4,6,12,36,9,55,9
2061609,1,"Liga Nacional","Liga Endesa",-402534000,NA,"https://www.acb.com/Documentos/Cabeceras/logo-competicion-1b.png","https://www.acb.com/Documentos/Cabeceras/logo-competicion-4a.png",88,2023,107,NA,NA,5659,103848,NA,NA,FALSE,4239,4240,2513,"MoraBanc Andorra","MoraBanc And","MBA",4239,2512,"Real Madrid","Real Madrid","RMB",1,89,12000,9,27,33,23,32,71,16,24,66,32,10,42,23,9,22,2,5,2,4,17,21,113,95,-1,0,13,0,89,70,2,1777,1,23,15,42,8,31,12
2061608,1,"Liga Nacional","Liga Endesa",-402534000,NA,"https://www.acb.com/Documentos/Cabeceras/logo-competicion-1b.png","https://www.acb.com/Documentos/Cabeceras/logo-competicion-4a.png",88,2023,107,NA,NA,5659,103848,NA,NA,TRUE,4240,4240,2513,"MoraBanc Andorra","MoraBanc And","MBA",4239,2512,"Real Madrid","Real Madrid","RMB",1,70,12000,8,25,32,20,42,47,6,13,46,21,8,29,12,10,18,15,2,5,2,22,16,48,-95,-1,13,0,0,70,89,2,584,1,7,16,32,4,28,8
2061327,1,"Liga Nacional","Liga Endesa",-402534000,NA,"https://www.acb.com/Documentos/Cabeceras/logo-competicion-1b.png","https://www.acb.com/Documentos/Cabeceras/logo-competicion-4a.png",88,2023,107,NA,NA,5659,103569,NA,NA,FALSE,4227,4231,2605,"Lenovo Tenerife","Lenovo Tenerife","LNT",4227,2500,"Coviran Granada","Coviran Granada","COV",1,83,12000,7,26,26,24,40,60,14,15,93,19,16,35,18,7,14,9,2,2,2,20,16,89,-30,-1,13,0,0,83,89,5,651,3,6,4,34,6,37,13
2061326,1,"Liga Nacional","Liga Endesa",-402534000,NA,"https://www.acb.com/Documentos/Cabeceras/logo-competicion-1b.png","https://www.acb.com/Documentos/Cabeceras/logo-competicion-4a.png",88,2023,107,NA,NA,5659,103569,NA,NA,TRUE,4231,4231,2605,"Lenovo Tenerife","Lenovo Tenerife","LNT",4227,2500,"Coviran Granada","Coviran Granada","COV",1,89,12000,9,21,42,25,42,59,12,15,80,17,10,27,17,9,11,4,2,2,2,17,20,102,30,-1,0,13,0,89,83,4,1702,3,15,15,48,10,50,9
2061356,1,"Liga Nacional","Liga Endesa",-402534000,NA,"https://www.acb.com/Documentos/Cabeceras/logo-competicion-1b.png","https://www.acb.com/Documentos/Cabeceras/logo-competicion-4a.png",88,2023,107,NA,NA,5659,103570,NA,NA,TRUE,4230,4230,2503,"Joventut Badalona","Joventut","JOV",4237,2510,"Río Breogán","Río Breogán","BRE",1,78,12000,6,18,33,26,40,65,8,15,53,32,10,42,19,8,19,10,1,1,2,19,18,94,40,-1,0,13,0,78,70,2,2018,2,17,7,46,14,50,9
2061357,1,"Liga Nacional","Liga Endesa",-402534000,NA,"https://www.acb.com/Documentos/Cabeceras/logo-competicion-1b.png","https://www.acb.com/Documentos/Cabeceras/logo-competicion-4a.png",88,2023,107,NA,NA,5659,103570,NA,NA,FALSE,4237,4230,2503,"Joventut Badalona","Joventut","JOV",4237,2510,"Río Breogán","Río Breogán","BRE",1,70,12000,11,31,35,10,29,34,17,22,77,21,9,30,14,11,12,11,1,1,1,18,19,70,-40,-1,13,0,0,70,78,4,195,1,4,24,16,7,28,8
2061046,1,"Liga Nacional","Liga Endesa",-402534000,NA,"https://www.acb.com/Documentos/Cabeceras/logo-competicion-1b.png","https://www.acb.com/Documentos/Cabeceras/logo-competicion-4a.png",88,2023,107,NA,NA,5659,103571,NA,NA,FALSE,4225,4224,2497,"Unicaja","Unicaja","UNI",4225,2498,"Surne Bilbao Basket","Surne Bilbao","SBB",1,84,12000,10,27,37,22,31,70,10,18,55,14,7,21,13,5,13,2,3,0,3,18,20,81,-85,-1,13,0,0,84,101,5,421,5,4,10,36,9,40,9
2061045,1,"Liga Nacional","Liga Endesa",-402534000,NA,"https://www.acb.com/Documentos/Cabeceras/logo-competicion-1b.png","https://www.acb.com/Documentos/Cabeceras/logo-competicion-4a.png",88,2023,107,NA,NA,5659,103571,NA,NA,TRUE,4224,4224,2497,"Unicaja","Unicaja","UNI",4225,2498,"Surne Bilbao Basket","Surne Bilbao","SBB",1,101,12000,10,22,45,27,39,69,17,19,89,23,9,32,20,11,13,12,0,3,1,20,18,120,85,-1,0,13,0,101,84,1,1633,5,22,12,50,15,60,8
2061076,1,"Liga Nacional","Liga Endesa",-402534000,NA,"https://www.acb.com/Documentos/Cabeceras/logo-competicion-1b.png","https://www.acb.com/Documentos/Cabeceras/logo-competicion-4a.png",88,2023,107,NA,NA,5659,103572,NA,NA,FALSE,4235,4232,2505,"BAXI Manresa","BAXI Manresa","BAX",4235,2508,"UCAM Murcia","UCAM Murcia","UCM",1,88,12000,7,22,31,22,46,47,23,33,69,27,14,41,16,9,18,5,2,3,3,28,27,85,25,-1,0,13,0,88,83,2,1712,6,11,4,44,13,43,13
2061075,1,"Liga Nacional","Liga Endesa",-402534000,NA,"https://www.acb.com/Documentos/Cabeceras/logo-competicion-1b.png","https://www.acb.com/Documentos/Cabeceras/logo-competicion-4a.png",88,2023,107,NA,NA,5659,103572,NA,NA,TRUE,4232,4232,2505,"BAXI Manresa","BAXI Manresa","BAX",4235,2508,"UCAM Murcia","UCAM Murcia","UCM",1,83,12000,8,28,28,18,37,48,23,32,71,27,9,36,16,6,18,0,4,2,1,27,26,76,-25,-1,12,0,0,83,88,5,327,5,7,8,32,8,35,8
2063390,1,"Liga Nacional","Liga Endesa",-402534000,NA,"https://www.acb.com/Documentos/Cabeceras/logo-competicion-1b.png","https://www.acb.com/Documentos/Cabeceras/logo-competicion-4a.png",88,2023,107,NA,NA,5658,103593,NA,NA,FALSE,4238,4233,2506,"Baskonia","Baskonia","BKN",4238,2511,"Barça","Barça","BAR",1,96,12000,7,22,31,27,40,67,21,28,75,23,11,34,18,4,9,4,2,1,2,20,25,114,-35,-1,13,0,0,96,103,4,523,0,9,9,46,11,39,7
2063389,1,"Liga Nacional","Liga Endesa",-402534000,NA,"https://www.acb.com/Documentos/Cabeceras/logo-competicion-1b.png","https://www.acb.com/Documentos/Cabeceras/logo-competicion-4a.png",88,2023,107,NA,NA,5658,103593,NA,NA,TRUE,4233,4233,2506,"Baskonia","Baskonia","BKN",4238,2511,"Barça","Barça","BAR",1,103,12000,15,45,33,23,33,69,12,15,80,19,17,36,20,6,8,4,1,1,2,25,19,108,35,-1,0,12,0,103,96,4,1819,1,14,8,42,16,34,11
2063192,1,"Liga Nacional","Liga Endesa",-402534000,NA,"https://www.acb.com/Documentos/Cabeceras/logo-competicion-1b.png","https://www.acb.com/Documentos/Cabeceras/logo-competicion-4a.png",88,2023,107,NA,NA,5658,103594,NA,NA,FALSE,4240,4241,2514,"Zunder Palencia","Zunder Palencia","ZPA",4240,2513,"MoraBanc Andorra","MoraBanc And","MBA",1,70,12000,2,15,13,23,52,44,18,23,78,25,15,40,16,12,12,9,0,5,4,19,21,76,-35,-1,13,0,0,70,77,4,0,0,0,10,38,10,37,6
2063191,1,"Liga Nacional","Liga Endesa",-402534000,NA,"https://www.acb.com/Documentos/Cabeceras/logo-competicion-1b.png","https://www.acb.com/Documentos/Cabeceras/logo-competicion-4a.png",88,2023,107,NA,NA,5658,103594,NA,NA,TRUE,4241,4241,2514,"Zunder Palencia","Zunder Palencia","ZPA",4240,2513,"MoraBanc Andorra","MoraBanc And","MBA",1,77,12000,7,25,28,21,42,50,14,18,77,29,15,44,8,5,16,4,5,0,2,22,19,77,35,-1,0,13,0,77,70,3,2295,0,17,12,32,16,37,8
2063163,1,"Liga Nacional","Liga Endesa",-402534000,NA,"https://www.acb.com/Documentos/Cabeceras/logo-competicion-1b.png","https://www.acb.com/Documentos/Cabeceras/logo-competicion-4a.png",88,2023,107,NA,NA,5658,103595,NA,NA,TRUE,4227,4227,2500,"Coviran Granada","Coviran Granada","COV",4225,2498,"Surne Bilbao Basket","Surne Bilbao","SBB",1,87,12000,11,25,44,19,37,51,16,21,76,23,13,36,21,9,15,10,5,7,5,24,22,97,40,-1,0,13,0,87,79,4,1985,2,14,13,34,12,38,9
2063164,1,"Liga Nacional","Liga Endesa",-402534000,NA,"https://www.acb.com/Documentos/Cabeceras/logo-competicion-1b.png","https://www.acb.com/Documentos/Cabeceras/logo-competicion-4a.png",88,2023,107,NA,NA,5658,103595,NA,NA,FALSE,4225,4227,2500,"Coviran Granada","Coviran Granada","COV",4225,2498,"Surne Bilbao Basket","Surne Bilbao","SBB",1,79,12000,10,21,47,16,32,50,17,22,77,19,6,25,20,11,12,9,7,5,1,22,24,95,-40,-1,13,0,0,79,87,4,237,2,4,7,30,9,45,7
2062912,1,"Liga Nacional","Liga Endesa",-402534000,NA,"https://www.acb.com/Documentos/Cabeceras/logo-competicion-1b.png","https://www.acb.com/Documentos/Cabeceras/logo-competicion-4a.png",88,2023,107,NA,NA,5658,103581,NA,NA,FALSE,4228,4226,2499,"Monbus Obradoiro","Monbus Obra","MOB",4228,2501,"Valencia Basket","Valencia Basket","VBC",1,97,12000,13,25,52,24,39,61,10,13,76,25,7,32,23,11,10,11,2,2,1,22,13,114,110,-1,0,13,0,97,75,3,2392,0,25,10,36,4,42,15
2062911,1,"Liga Nacional","Liga Endesa",-402534000,NA,"https://www.acb.com/Documentos/Cabeceras/logo-competicion-1b.png","https://www.acb.com/Documentos/Cabeceras/logo-competicion-4a.png",88,2023,107,NA,NA,5658,103581,NA,NA,TRUE,4226,4226,2499,"Monbus Obradoiro","Monbus Obra","MOB",4228,2501,"Valencia Basket","Valencia Basket","VBC",1,75,12000,8,25,32,20,38,52,11,19,57,23,13,36,15,8,14,10,2,2,2,13,22,86,-110,-1,13,0,0,75,97,5,0,0,0,6,28,9,29,6
2062881,1,"Liga Nacional","Liga Endesa",-402534000,NA,"https://www.acb.com/Documentos/Cabeceras/logo-competicion-1b.png","https://www.acb.com/Documentos/Cabeceras/logo-competicion-4a.png",88,2023,107,NA,NA,5658,103596,NA,NA,TRUE,4239,4239,2512,"Real Madrid","Real Madrid","RMB",4231,2605,"Lenovo Tenerife","Lenovo Tenerife","LNT",1,80,12000,6,22,27,21,37,56,20,25,80,31,11,42,21,6,16,11,4,4,3,18,22,100,10,-1,0,13,0,80,78,4,920,4,9,5,40,7,36,9
2062882,1,"Liga Nacional","Liga Endesa",-402534000,NA,"https://www.acb.com/Documentos/Cabeceras/logo-competicion-1b.png","https://www.acb.com/Documentos/Cabeceras/logo-competicion-4a.png",88,2023,107,NA,NA,5658,103596,NA,NA,FALSE,4231,4239,2512,"Real Madrid","Real Madrid","RMB",4231,2605,"Lenovo Tenerife","Lenovo Tenerife","LNT",1,78,12000,7,34,20,22,39,56,13,15,86,24,11,35,11,11,10,9,4,4,2,22,18,75,-10,-1,13,0,0,78,80,4,1038,3,6,17,40,6,38,8
2062630,1,"Liga Nacional","Liga Endesa",-402534000,NA,"https://www.acb.com/Documentos/Cabeceras/logo-competicion-1b.png","https://www.acb.com/Documentos/Cabeceras/logo-competicion-4a.png",88,2023,107,NA,NA,5658,103580,NA,NA,FALSE,4236,4235,2508,"UCAM Murcia","UCAM Murcia","UCM",4236,2509,"Bàsquet Girona","Bàsquet Girona","GIR",1,73,12000,10,21,47,17,41,41,9,13,69,28,7,35,16,6,16,7,3,6,1,24,19,67,-40,-1,13,0,0,73,81,4,153,0,4,7,30,12,47,9
2062629,1,"Liga Nacional","Liga Endesa",-402534000,NA,"https://www.acb.com/Documentos/Cabeceras/logo-competicion-1b.png","https://www.acb.com/Documentos/Cabeceras/logo-competicion-4a.png",88,2023,107,NA,NA,5658,103580,NA,NA,TRUE,4235,4235,2508,"UCAM Murcia","UCAM Murcia","UCM",4236,2509,"Bàsquet Girona","Bàsquet Girona","GIR",1,81,12000,9,28,32,19,38,50,16,21,76,29,11,40,16,9,13,13,6,3,1,20,24,97,40,-1,0,13,0,81,73,3,2111,1,20,12,30,7,44,9
2062602,1,"Liga Nacional","Liga Endesa",-402534000,NA,"https://www.acb.com/Documentos/Cabeceras/logo-competicion-1b.png","https://www.acb.com/Documentos/Cabeceras/logo-competicion-4a.png",88,2023,107,NA,NA,5658,103597,NA,NA,FALSE,4234,4229,2502,"Dreamland Gran Canaria","Dreamland GC","DGC",4234,2507,"Casademont Zaragoza","Casademont Zgz","CAZ",1,85,12000,9,24,37,23,39,58,12,15,80,24,8,32,17,7,15,10,4,5,5,18,16,89,-130,-1,13,0,0,85,111,4,18,1,2,8,42,6,26,8
2062601,1,"Liga Nacional","Liga Endesa",-402534000,NA,"https://www.acb.com/Documentos/Cabeceras/logo-competicion-1b.png","https://www.acb.com/Documentos/Cabeceras/logo-competicion-4a.png",88,2023,107,NA,NA,5658,103597,NA,NA,TRUE,4229,4229,2502,"Dreamland Gran Canaria","Dreamland GC","DGC",4234,2507,"Casademont Zaragoza","Casademont Zgz","CAZ",1,111,12000,20,40,50,19,37,51,13,18,72,26,16,42,32,11,10,16,6,4,3,16,18,147,130,-1,0,13,0,111,85,2,2311,2,29,17,32,13,58,10
2062318,1,"Liga Nacional","Liga Endesa",-402534000,NA,"https://www.acb.com/Documentos/Cabeceras/logo-competicion-1b.png","https://www.acb.com/Documentos/Cabeceras/logo-competicion-4a.png",88,2023,107,NA,NA,5658,103563,NA,NA,FALSE,4224,4237,2510,"Río Breogán","Río Breogán","BRE",4224,2497,"Unicaja","Unicaja","UNI",1,76,12000,10,29,34,18,35,51,10,11,90,19,13,32,16,14,14,8,1,2,2,20,16,82,55,-1,0,13,0,76,65,1,2098,3,14,17,30,12,59,10
2062317,1,"Liga Nacional","Liga Endesa",-402534000,NA,"https://www.acb.com/Documentos/Cabeceras/logo-competicion-1b.png","https://www.acb.com/Documentos/Cabeceras/logo-competicion-4a.png",88,2023,107,NA,NA,5658,103563,NA,NA,TRUE,4237,4237,2510,"Río Breogán","Río Breogán","BRE",4224,2497,"Unicaja","Unicaja","UNI",1,65,12000,6,24,25,15,30,50,17,20,85,23,14,37,13,5,21,4,2,1,1,17,19,66,-55,-1,13,0,0,65,76,3,36,2,3,6,30,8,40,8
2062350,1,"Liga Nacional","Liga Endesa",-402534000,NA,"https://www.acb.com/Documentos/Cabeceras/logo-competicion-1b.png","https://www.acb.com/Documentos/Cabeceras/logo-competicion-4a.png",88,2023,107,NA,NA,5658,103578,NA,NA,FALSE,4232,4230,2503,"Joventut Badalona","Joventut","JOV",4232,2505,"BAXI Manresa","BAXI Manresa","BAX",1,83,12000,6,28,21,23,37,62,19,23,82,29,8,37,19,3,12,9,3,2,2,26,25,90,10,-1,0,13,0,83,81,3,1818,8,22,6,36,2,32,9
2062349,1,"Liga Nacional","Liga Endesa",-402534000,NA,"https://www.acb.com/Documentos/Cabeceras/logo-competicion-1b.png","https://www.acb.com/Documentos/Cabeceras/logo-competicion-4a.png",88,2023,107,NA,NA,5658,103578,NA,NA,TRUE,4230,4230,2503,"Joventut Badalona","Joventut","JOV",4232,2505,"BAXI Manresa","BAXI Manresa","BAX",1,81,12000,6,30,20,20,40,50,23,30,76,25,15,40,10,5,8,8,2,3,1,26,26,76,-10,-1,13,0,0,81,83,5,422,7,4,14,38,6,33,22
2064655,1,"Liga Nacional","Liga Endesa",-402534000,NA,"https://www.acb.com/Documentos/Cabeceras/logo-competicion-1b.png","https://www.acb.com/Documentos/Cabeceras/logo-competicion-4a.png",88,2023,107,NA,NA,5657,103584,NA,NA,FALSE,4239,4224,2497,"Unicaja","Unicaja","UNI",4239,2512,"Real Madrid","Real Madrid","RMB",1,87,12000,9,23,39,23,40,57,14,19,73,30,12,42,20,6,15,10,0,0,10,12,21,113,30,-1,0,13,0,87,81,3,1525,6,11,8,44,15,30,9
2064654,1,"Liga Nacional","Liga Endesa",-402534000,NA,"https://www.acb.com/Documentos/Cabeceras/logo-competicion-1b.png","https://www.acb.com/Documentos/Cabeceras/logo-competicion-4a.png",88,2023,107,NA,NA,5657,103584,NA,NA,TRUE,4224,4224,2497,"Unicaja","Unicaja","UNI",4239,2512,"Real Madrid","Real Madrid","RMB",1,81,12000,10,32,31,20,37,54,11,11,100,18,9,27,19,9,8,7,0,0,3,21,12,80,-30,-1,13,0,0,81,87,4,714,6,4,16,36,6,30,8
2064431,1,"Liga Nacional","Liga Endesa",-402534000,NA,"https://www.acb.com/Documentos/Cabeceras/logo-competicion-1b.png","https://www.acb.com/Documentos/Cabeceras/logo-competicion-4a.png",88,2023,107,NA,NA,5657,103585,NA,NA,FALSE,4228,4236,2509,"Bàsquet Girona","Bàsquet Girona","GIR",4228,2501,"Valencia Basket","Valencia Basket","VBC",1,88,12000,9,25,36,24,46,52,13,15,86,24,13,37,18,3,7,5,1,6,1,19,19,94,-20,-1,13,0,0,88,92,4,280,7,4,3,36,14,36,11
2064430,1,"Liga Nacional","Liga Endesa",-402534000,NA,"https://www.acb.com/Documentos/Cabeceras/logo-competicion-1b.png","https://www.acb.com/Documentos/Cabeceras/logo-competicion-4a.png",88,2023,107,NA,NA,5657,103585,NA,NA,TRUE,4236,4236,2509,"Bàsquet Girona","Bàsquet Girona","GIR",4228,2501,"Valencia Basket","Valencia Basket","VBC",1,92,12000,15,33,45,17,29,58,13,16,81,23,6,29,14,6,7,15,6,1,0,19,19,106,20,-1,0,13,0,92,88,3,2017,7,14,5,26,7,23,8
2064403,1,"Liga Nacional","Liga Endesa",-402534000,NA,"https://www.acb.com/Documentos/Cabeceras/logo-competicion-1b.png","https://www.acb.com/Documentos/Cabeceras/logo-competicion-4a.png",88,2023,107,NA,NA,5657,103586,NA,NA,FALSE,4241,4234,2507,"Casademont Zaragoza","Casademont Zgz","CAZ",4241,2514,"Zunder Palencia","Zunder Palencia","ZPA",1,96,12000,15,31,48,18,40,45,15,22,68,17,12,29,18,11,15,20,1,4,5,26,23,88,-35,-1,13,0,0,96,103,5,149,2,3,17,36,17,55,11
2064402,1,"Liga Nacional","Liga Endesa",-402534000,NA,"https://www.acb.com/Documentos/Cabeceras/logo-competicion-1b.png","https://www.acb.com/Documentos/Cabeceras/logo-competicion-4a.png",88,2023,107,NA,NA,5657,103586,NA,NA,TRUE,4234,4234,2507,"Casademont Zaragoza","Casademont Zgz","CAZ",4241,2514,"Zunder Palencia","Zunder Palencia","ZPA",1,103,12000,7,20,35,28,38,73,26,30,86,27,8,35,20,6,19,16,4,1,7,23,24,122,35,-1,0,13,0,103,96,4,2203,3,18,14,48,6,39,8
2064130,1,"Liga Nacional","Liga Endesa",-402534000,NA,"https://www.acb.com/Documentos/Cabeceras/logo-competicion-1b.png","https://www.acb.com/Documentos/Cabeceras/logo-competicion-4a.png",88,2023,107,NA,NA,5657,103587,NA,NA,TRUE,4225,4225,2498,"Surne Bilbao Basket","Surne Bilbao","SBB",4230,2503,"Joventut Badalona","Joventut","JOV",1,92,12000,12,27,44,22,40,55,12,22,54,32,11,43,27,7,18,18,5,1,5,25,20,107,105,-1,0,13,0,92,71,1,1832,3,21,14,44,12,58,10
2064131,1,"Liga Nacional","Liga Endesa",-402534000,NA,"https://www.acb.com/Documentos/Cabeceras/logo-competicion-1b.png","https://www.acb.com/Documentos/Cabeceras/logo-competicion-4a.png",88,2023,107,NA,NA,5657,103587,NA,NA,FALSE,4230,4225,2498,"Surne Bilbao Basket","Surne Bilbao","SBB",4230,2503,"Joventut Badalona","Joventut","JOV",1,71,12000,5,26,19,21,47,44,14,20,70,26,17,43,16,8,17,7,1,5,3,20,24,68,-105,-1,12,0,0,71,92,5,229,2,5,10,42,9,29,7
2064158,1,"Liga Nacional","Liga Endesa",-402534000,NA,"https://www.acb.com/Documentos/Cabeceras/logo-competicion-1b.png","https://www.acb.com/Documentos/Cabeceras/logo-competicion-4a.png",88,2023,107,NA,NA,5657,103588,NA,NA,FALSE,4237,4238,2511,"Barça","Barça","BAR",4237,2510,"Río Breogán","Río Breogán","BRE",1,88,12000,14,30,46,19,34,55,8,12,66,18,11,29,21,6,12,0,3,0,2,15,16,101,15,-1,0,12,0,88,85,4,939,3,8,4,32,8,22,10
2064157,1,"Liga Nacional","Liga Endesa",-402534000,NA,"https://www.acb.com/Documentos/Cabeceras/logo-competicion-1b.png","https://www.acb.com/Documentos/Cabeceras/logo-competicion-4a.png",88,2023,107,NA,NA,5657,103588,NA,NA,TRUE,4238,4238,2511,"Barça","Barça","BAR",4237,2510,"Río Breogán","Río Breogán","BRE",1,85,12000,8,19,42,26,43,60,9,14,64,21,11,32,21,9,14,22,0,3,5,16,15,96,-15,-1,13,0,0,85,88,4,1290,2,7,16,44,6,33,7
2063855,1,"Liga Nacional","Liga Endesa",-402534000,NA,"https://www.acb.com/Documentos/Cabeceras/logo-competicion-1b.png","https://www.acb.com/Documentos/Cabeceras/logo-competicion-4a.png",88,2023,107,NA,NA,5657,103589,NA,NA,TRUE,4240,4240,2513,"MoraBanc Andorra","MoraBanc And","MBA",4231,2605,"Lenovo Tenerife","Lenovo Tenerife","LNT",1,66,12000,4,17,23,19,56,33,16,17,94,20,14,34,14,11,6,4,5,6,5,20,18,65,-65,-1,13,0,0,66,79,3,5,0,2,9,30,5,21,7
2063856,1,"Liga Nacional","Liga Endesa",-402534000,NA,"https://www.acb.com/Documentos/Cabeceras/logo-competicion-1b.png","https://www.acb.com/Documentos/Cabeceras/logo-competicion-4a.png",88,2023,107,NA,NA,5657,103589,NA,NA,FALSE,4231,4240,2513,"MoraBanc Andorra","MoraBanc And","MBA",4231,2605,"Lenovo Tenerife","Lenovo Tenerife","LNT",1,79,12000,8,26,30,22,32,68,11,13,84,31,8,39,18,4,13,2,6,4,3,18,20,101,65,-1,0,13,0,79,66,2,2333,1,17,4,42,7,18,14
2063883,1,"Liga Nacional","Liga Endesa",-402534000,NA,"https://www.acb.com/Documentos/Cabeceras/logo-competicion-1b.png","https://www.acb.com/Documentos/Cabeceras/logo-competicion-4a.png",88,2023,107,NA,NA,5657,103590,NA,NA,TRUE,4232,4232,2505,"BAXI Manresa","BAXI Manresa","BAX",4229,2502,"Dreamland Gran Canaria","Dreamland GC","DGC",1,78,12000,10,28,35,16,34,47,16,20,80,36,11,47,17,9,20,10,3,2,4,23,20,89,35,-1,0,13,0,78,71,2,2127,1,11,4,28,9,40,8
2063884,1,"Liga Nacional","Liga Endesa",-402534000,NA,"https://www.acb.com/Documentos/Cabeceras/logo-competicion-1b.png","https://www.acb.com/Documentos/Cabeceras/logo-competicion-4a.png",88,2023,107,NA,NA,5657,103590,NA,NA,FALSE,4229,4232,2505,"BAXI Manresa","BAXI Manresa","BAX",4229,2502,"Dreamland Gran Canaria","Dreamland GC","DGC",1,71,12000,4,24,16,19,39,48,21,30,70,25,8,33,12,15,11,4,2,2,1,20,23,74,-35,-1,12,0,0,71,78,4,134,0,3,6,34,5,31,6
2063637,1,"Liga Nacional","Liga Endesa",-402534000,NA,"https://www.acb.com/Documentos/Cabeceras/logo-competicion-1b.png","https://www.acb.com/Documentos/Cabeceras/logo-competicion-4a.png",88,2023,107,NA,NA,5657,103591,NA,NA,FALSE,4226,4235,2508,"UCAM Murcia","UCAM Murcia","UCM",4226,2499,"Monbus Obradoiro","Monbus Obra","MOB",1,81,12000,8,29,27,22,39,56,13,13,100,19,11,30,21,8,13,9,1,3,2,20,21,88,-65,-1,12,0,0,81,94,4,0,0,0,7,32,2,29,7
2063636,1,"Liga Nacional","Liga Endesa",-402534000,NA,"https://www.acb.com/Documentos/Cabeceras/logo-competicion-1b.png","https://www.acb.com/Documentos/Cabeceras/logo-competicion-4a.png",88,2023,107,NA,NA,5657,103591,NA,NA,TRUE,4235,4235,2508,"UCAM Murcia","UCAM Murcia","UCM",4226,2499,"Monbus Obradoiro","Monbus Obra","MOB",1,94,12000,9,22,40,26,37,70,15,18,83,26,7,33,24,8,16,14,3,1,3,21,20,117,65,-1,0,13,0,94,81,0,2332,0,22,8,48,6,52,8
2063581,1,"Liga Nacional","Liga Endesa",-402534000,NA,"https://www.acb.com/Documentos/Cabeceras/logo-competicion-1b.png","https://www.acb.com/Documentos/Cabeceras/logo-competicion-4a.png",88,2023,107,NA,NA,5657,103592,NA,NA,FALSE,4227,4233,2506,"Baskonia","Baskonia","BKN",4227,2500,"Coviran Granada","Coviran Granada","COV",1,88,12000,10,30,33,22,42,52,14,20,70,20,15,35,23,10,10,8,2,2,5,20,19,99,-80,-1,13,0,0,88,104,3,95,1,2,12,34,11,42,7
2063580,1,"Liga Nacional","Liga Endesa",-402534000,NA,"https://www.acb.com/Documentos/Cabeceras/logo-competicion-1b.png","https://www.acb.com/Documentos/Cabeceras/logo-competicion-4a.png",88,2023,107,NA,NA,5657,103592,NA,NA,TRUE,4233,4233,2506,"Baskonia","Baskonia","BKN",4227,2500,"Coviran Granada","Coviran Granada","COV",1,104,12000,19,33,57,14,22,63,19,21,90,24,1,25,24,4,13,14,2,0,0,19,20,123,80,-1,0,13,0,104,88,2,2301,2,18,12,26,2,45,12
2065897,1,"Liga Nacional","Liga Endesa",-402534000,NA,"https://www.acb.com/Documentos/Cabeceras/logo-competicion-1b.png","https://www.acb.com/Documentos/Cabeceras/logo-competicion-4a.png",88,2023,107,NA,NA,5656,103689,NA,NA,FALSE,4238,4230,2503,"Joventut Badalona","Joventut","JOV",4238,2511,"Barça","Barça","BAR",1,93,12000,10,26,38,24,45,53,15,21,71,26,12,38,19,11,9,10,3,3,1,19,22,112,90,-1,0,13,0,93,75,3,2268,1,22,14,36,11,51,8
2065896,1,"Liga Nacional","Liga Endesa",-402534000,NA,"https://www.acb.com/Documentos/Cabeceras/logo-competicion-1b.png","https://www.acb.com/Documentos/Cabeceras/logo-competicion-4a.png",88,2023,107,NA,NA,5656,103689,NA,NA,TRUE,4230,4230,2503,"Joventut Badalona","Joventut","JOV",4238,2511,"Barça","Barça","BAR",1,75,12000,5,21,23,23,48,47,14,17,82,27,15,42,6,3,14,10,3,3,4,22,19,65,-90,-1,13,0,0,75,93,5,17,1,1,7,44,14,44,10
2065699,1,"Liga Nacional","Liga Endesa",-402534000,NA,"https://www.acb.com/Documentos/Cabeceras/logo-competicion-1b.png","https://www.acb.com/Documentos/Cabeceras/logo-competicion-4a.png",88,2023,107,NA,NA,5656,103690,NA,NA,FALSE,4235,4228,2501,"Valencia Basket","Valencia Basket","VBC",4235,2508,"UCAM Murcia","UCAM Murcia","UCM",1,82,12000,9,27,33,20,39,51,15,19,78,22,13,35,15,9,12,6,2,2,1,21,20,87,-5,-1,13,0,0,82,83,4,662,3,7,8,36,10,15,13
2065698,1,"Liga Nacional","Liga Endesa",-402534000,NA,"https://www.acb.com/Documentos/Cabeceras/logo-competicion-1b.png","https://www.acb.com/Documentos/Cabeceras/logo-competicion-4a.png",88,2023,107,NA,NA,5656,103690,NA,NA,TRUE,4228,4228,2501,"Valencia Basket","Valencia Basket","VBC",4235,2508,"UCAM Murcia","UCAM Murcia","UCM",1,83,12000,12,24,50,17,33,51,13,14,92,23,4,27,19,7,13,10,2,2,0,20,21,95,5,-1,0,13,0,83,82,3,1593,3,18,9,28,7,32,11
2065669,1,"Liga Nacional","Liga Endesa",-402534000,NA,"https://www.acb.com/Documentos/Cabeceras/logo-competicion-1b.png","https://www.acb.com/Documentos/Cabeceras/logo-competicion-4a.png",88,2023,107,NA,NA,5656,103691,NA,NA,FALSE,4233,4225,2498,"Surne Bilbao Basket","Surne Bilbao","SBB",4233,2506,"Baskonia","Baskonia","BKN",1,80,12000,5,25,20,24,39,61,17,23,73,22,11,33,15,13,11,8,2,3,1,17,20,91,-10,-1,13,0,0,80,82,4,453,5,7,8,46,6,24,11
2065668,1,"Liga Nacional","Liga Endesa",-402534000,NA,"https://www.acb.com/Documentos/Cabeceras/logo-competicion-1b.png","https://www.acb.com/Documentos/Cabeceras/logo-competicion-4a.png",88,2023,107,NA,NA,5656,103691,NA,NA,TRUE,4225,4225,2498,"Surne Bilbao Basket","Surne Bilbao","SBB",4233,2506,"Baskonia","Baskonia","BKN",1,82,12000,13,31,41,17,34,50,9,11,81,27,11,38,15,9,16,24,3,2,2,20,17,89,10,-1,0,13,0,82,80,5,1560,5,9,15,32,12,27,8
2065444,1,"Liga Nacional","Liga Endesa",-402534000,NA,"https://www.acb.com/Documentos/Cabeceras/logo-competicion-1b.png","https://www.acb.com/Documentos/Cabeceras/logo-competicion-4a.png",88,2023,107,NA,NA,5656,103638,NA,NA,TRUE,4231,4231,2605,"Lenovo Tenerife","Lenovo Tenerife","LNT",4229,2502,"Dreamland Gran Canaria","Dreamland GC","DGC",1,93,12000,6,27,22,25,33,75,25,30,83,23,9,32,17,2,11,2,5,1,0,20,25,108,5,-1,0,13,0,93,92,4,1450,3,16,5,36,11,21,10
2065445,1,"Liga Nacional","Liga Endesa",-402534000,NA,"https://www.acb.com/Documentos/Cabeceras/logo-competicion-1b.png","https://www.acb.com/Documentos/Cabeceras/logo-competicion-4a.png",88,2023,107,NA,NA,5656,103638,NA,NA,FALSE,4229,4231,2605,"Lenovo Tenerife","Lenovo Tenerife","LNT",4229,2502,"Dreamland Gran Canaria","Dreamland GC","DGC",1,92,12000,8,23,34,27,50,54,14,18,77,20,13,33,17,6,8,14,1,5,2,28,20,86,-5,-1,13,0,0,92,93,5,904,3,10,11,40,9,39,12
2065389,1,"Liga Nacional","Liga Endesa",-402534000,NA,"https://www.acb.com/Documentos/Cabeceras/logo-competicion-1b.png","https://www.acb.com/Documentos/Cabeceras/logo-competicion-4a.png",88,2023,107,NA,NA,5656,103637,NA,NA,FALSE,4239,4241,2514,"Zunder Palencia","Zunder Palencia","ZPA",4239,2512,"Real Madrid","Real Madrid","RMB",1,86,12000,10,29,34,19,29,65,18,21,85,21,11,32,23,7,10,6,2,2,4,17,24,113,40,-1,0,13,0,86,78,3,2381,0,22,10,32,11,36,16
2065388,1,"Liga Nacional","Liga Endesa",-402534000,NA,"https://www.acb.com/Documentos/Cabeceras/logo-competicion-1b.png","https://www.acb.com/Documentos/Cabeceras/logo-competicion-4a.png",88,2023,107,NA,NA,5656,103637,NA,NA,TRUE,4241,4241,2514,"Zunder Palencia","Zunder Palencia","ZPA",4239,2512,"Real Madrid","Real Madrid","RMB",1,78,12000,7,23,30,19,34,55,19,22,86,19,11,30,15,4,12,7,3,2,2,25,16,73,-40,-1,13,0,0,78,86,5,0,0,0,7,32,17,38,11
2065105,1,"Liga Nacional","Liga Endesa",-402534000,NA,"https://www.acb.com/Documentos/Cabeceras/logo-competicion-1b.png","https://www.acb.com/Documentos/Cabeceras/logo-competicion-4a.png",88,2023,107,NA,NA,5656,103598,NA,NA,FALSE,4234,4240,2513,"MoraBanc Andorra","MoraBanc And","MBA",4234,2507,"Casademont Zaragoza","Casademont Zgz","CAZ",1,80,12000,9,28,32,19,32,59,15,18,83,22,8,30,17,3,15,10,5,4,1,25,20,76,-25,-1,13,0,0,80,85,3,0,0,0,8,34,4,49,6
2065104,1,"Liga Nacional","Liga Endesa",-402534000,NA,"https://www.acb.com/Documentos/Cabeceras/logo-competicion-1b.png","https://www.acb.com/Documentos/Cabeceras/logo-competicion-4a.png",88,2023,107,NA,NA,5656,103598,NA,NA,TRUE,4240,4240,2513,"MoraBanc Andorra","MoraBanc And","MBA",4234,2507,"Casademont Zaragoza","Casademont Zgz","CAZ",1,85,12000,9,23,39,18,39,46,22,31,70,25,16,41,20,5,13,11,5,5,4,20,24,98,25,-1,0,13,0,85,80,3,2284,0,14,11,26,9,23,9
2065136,1,"Liga Nacional","Liga Endesa",-402534000,NA,"https://www.acb.com/Documentos/Cabeceras/logo-competicion-1b.png","https://www.acb.com/Documentos/Cabeceras/logo-competicion-4a.png",88,2023,107,NA,NA,5656,103636,NA,NA,TRUE,4226,4226,2499,"Monbus Obradoiro","Monbus Obra","MOB",4237,2510,"Río Breogán","Río Breogán","BRE",1,83,12000,10,22,45,19,36,52,15,16,93,28,7,35,22,6,9,0,6,1,2,21,17,108,55,-1,0,13,0,83,72,1,2266,1,18,0,34,9,19,7
2065137,1,"Liga Nacional","Liga Endesa",-402534000,NA,"https://www.acb.com/Documentos/Cabeceras/logo-competicion-1b.png","https://www.acb.com/Documentos/Cabeceras/logo-competicion-4a.png",88,2023,107,NA,NA,5656,103636,NA,NA,FALSE,4237,4226,2499,"Monbus Obradoiro","Monbus Obra","MOB",4237,2510,"Río Breogán","Río Breogán","BRE",1,72,12000,12,30,40,13,31,41,10,15,66,21,10,31,15,5,11,2,1,6,0,18,21,69,-55,-1,13,0,0,72,83,5,30,1,1,4,22,7,21,8
2064853,1,"Liga Nacional","Liga Endesa",-402534000,NA,"https://www.acb.com/Documentos/Cabeceras/logo-competicion-1b.png","https://www.acb.com/Documentos/Cabeceras/logo-competicion-4a.png",88,2023,107,NA,NA,5656,103582,NA,NA,FALSE,4224,4227,2500,"Coviran Granada","Coviran Granada","COV",4224,2497,"Unicaja","Unicaja","UNI",1,90,12000,13,33,39,18,32,56,15,22,68,26,9,35,24,10,11,17,3,4,2,18,22,110,140,-1,0,13,0,90,62,3,1907,2,31,16,30,14,52,17
2064852,1,"Liga Nacional","Liga Endesa",-402534000,NA,"https://www.acb.com/Documentos/Cabeceras/logo-competicion-1b.png","https://www.acb.com/Documentos/Cabeceras/logo-competicion-4a.png",88,2023,107,NA,NA,5656,103582,NA,NA,TRUE,4227,4227,2500,"Coviran Granada","Coviran Granada","COV",4224,2497,"Unicaja","Unicaja","UNI",1,62,12000,7,28,25,16,31,51,9,17,52,27,12,39,6,7,23,4,6,3,3,24,18,44,-140,-1,13,0,0,62,90,5,392,1,6,7,32,4,27,7
2064823,1,"Liga Nacional","Liga Endesa",-402534000,NA,"https://www.acb.com/Documentos/Cabeceras/logo-competicion-1b.png","https://www.acb.com/Documentos/Cabeceras/logo-competicion-4a.png",88,2023,107,NA,NA,5656,103583,NA,NA,FALSE,4232,4236,2509,"Bàsquet Girona","Bàsquet Girona","GIR",4232,2505,"BAXI Manresa","BAXI Manresa","BAX",1,84,12000,7,23,30,23,49,46,17,25,68,24,21,45,13,10,18,12,3,3,1,22,23,85,5,-1,0,13,0,84,83,5,1980,6,16,16,32,16,48,11
2064822,1,"Liga Nacional","Liga Endesa",-402534000,NA,"https://www.acb.com/Documentos/Cabeceras/logo-competicion-1b.png","https://www.acb.com/Documentos/Cabeceras/logo-competicion-4a.png",88,2023,107,NA,NA,5656,103583,NA,NA,TRUE,4236,4236,2509,"Bàsquet Girona","Bàsquet Girona","GIR",4232,2505,"BAXI Manresa","BAXI Manresa","BAX",1,83,12000,12,33,36,17,31,54,13,14,92,21,10,31,16,11,17,6,3,3,0,23,22,87,-5,-1,13,0,0,83,84,5,290,5,3,11,28,2,38,14
2067157,1,"Liga Nacional","Liga Endesa",-402534000,NA,"https://www.acb.com/Documentos/Cabeceras/logo-competicion-1b.png","https://www.acb.com/Documentos/Cabeceras/logo-competicion-4a.png",88,2023,107,NA,NA,5655,103680,NA,NA,FALSE,4238,4226,2499,"Monbus Obradoiro","Monbus Obra","MOB",4238,2511,"Barça","Barça","BAR",1,89,12000,8,23,34,26,49,53,13,21,61,22,13,35,18,7,8,8,2,1,5,18,23,101,25,-1,0,13,0,89,84,5,1522,1,13,12,44,17,32,10
2067156,1,"Liga Nacional","Liga Endesa",-402534000,NA,"https://www.acb.com/Documentos/Cabeceras/logo-competicion-1b.png","https://www.acb.com/Documentos/Cabeceras/logo-competicion-4a.png",88,2023,107,NA,NA,5655,103680,NA,NA,TRUE,4226,4226,2499,"Monbus Obradoiro","Monbus Obra","MOB",4238,2511,"Barça","Barça","BAR",1,84,12000,9,29,31,24,35,68,9,15,60,27,6,33,20,1,10,9,1,2,1,23,17,84,-25,-1,13,0,0,84,89,5,730,1,9,2,32,11,24,8
2066933,1,"Liga Nacional","Liga Endesa",-402534000,NA,"https://www.acb.com/Documentos/Cabeceras/logo-competicion-1b.png","https://www.acb.com/Documentos/Cabeceras/logo-competicion-4a.png",88,2023,107,NA,NA,5655,103681,NA,NA,FALSE,4230,4227,2500,"Coviran Granada","Coviran Granada","COV",4230,2503,"Joventut Badalona","Joventut","JOV",1,83,12000,8,26,30,16,26,61,27,40,67,27,4,31,16,7,16,15,0,0,0,27,27,80,-15,-1,13,0,0,83,86,5,144,1,3,9,26,4,35,15
2066932,1,"Liga Nacional","Liga Endesa",-402534000,NA,"https://www.acb.com/Documentos/Cabeceras/logo-competicion-1b.png","https://www.acb.com/Documentos/Cabeceras/logo-competicion-4a.png",88,2023,107,NA,NA,5655,103681,NA,NA,TRUE,4227,4227,2500,"Coviran Granada","Coviran Granada","COV",4230,2503,"Joventut Badalona","Joventut","JOV",1,86,12000,6,25,24,26,36,72,16,24,66,26,5,31,16,8,16,6,0,0,3,28,27,87,15,-1,0,13,0,86,83,3,2054,1,21,13,42,2,25,9
2066961,1,"Liga Nacional","Liga Endesa",-402534000,NA,"https://www.acb.com/Documentos/Cabeceras/logo-competicion-1b.png","https://www.acb.com/Documentos/Cabeceras/logo-competicion-4a.png",88,2023,107,NA,NA,5655,103682,NA,NA,FALSE,4240,4235,2508,"UCAM Murcia","UCAM Murcia","UCM",4240,2513,"MoraBanc Andorra","MoraBanc And","MBA",1,86,12000,7,19,36,24,43,55,17,24,70,17,14,31,19,5,16,9,2,3,3,25,23,84,-65,-1,13,0,0,86,99,3,511,4,4,3,44,18,24,6
2066960,1,"Liga Nacional","Liga Endesa",-402534000,NA,"https://www.acb.com/Documentos/Cabeceras/logo-competicion-1b.png","https://www.acb.com/Documentos/Cabeceras/logo-competicion-4a.png",88,2023,107,NA,NA,5655,103682,NA,NA,TRUE,4235,4235,2508,"UCAM Murcia","UCAM Murcia","UCM",4240,2513,"MoraBanc Andorra","MoraBanc And","MBA",1,99,12000,14,30,46,19,30,63,19,28,67,18,8,26,13,8,13,6,3,2,1,24,25,99,65,-1,0,13,0,99,86,1,1853,5,18,14,32,6,46,11
2066709,1,"Liga Nacional","Liga Endesa",-402534000,NA,"https://www.acb.com/Documentos/Cabeceras/logo-competicion-1b.png","https://www.acb.com/Documentos/Cabeceras/logo-competicion-4a.png",88,2023,107,NA,NA,5655,103683,NA,NA,FALSE,4228,4229,2502,"Dreamland Gran Canaria","Dreamland GC","DGC",4228,2501,"Valencia Basket","Valencia Basket","VBC",1,71,12000,11,30,36,15,29,51,8,13,61,29,10,39,15,9,21,10,6,3,1,24,19,73,-40,-1,13,0,0,71,79,5,1667,3,14,15,26,0,32,15
2066708,1,"Liga Nacional","Liga Endesa",-402534000,NA,"https://www.acb.com/Documentos/Cabeceras/logo-competicion-1b.png","https://www.acb.com/Documentos/Cabeceras/logo-competicion-4a.png",88,2023,107,NA,NA,5655,103683,NA,NA,TRUE,4229,4229,2502,"Dreamland Gran Canaria","Dreamland GC","DGC",4228,2501,"Valencia Basket","Valencia Basket","VBC",1,79,12000,7,31,22,21,35,60,16,20,80,24,11,35,13,11,14,15,3,6,3,19,24,84,40,-1,0,13,0,79,71,3,709,3,8,17,38,12,23,9
2066653,1,"Liga Nacional","Liga Endesa",-402534000,NA,"https://www.acb.com/Documentos/Cabeceras/logo-competicion-1b.png","https://www.acb.com/Documentos/Cabeceras/logo-competicion-4a.png",88,2023,107,NA,NA,5655,103684,NA,NA,FALSE,4232,4239,2512,"Real Madrid","Real Madrid","RMB",4232,2505,"BAXI Manresa","BAXI Manresa","BAX",1,83,12000,8,26,30,22,44,50,15,21,71,34,12,46,15,5,11,2,6,5,2,26,16,83,55,-1,0,13,0,83,72,3,1823,1,11,13,30,10,44,6
2066652,1,"Liga Nacional","Liga Endesa",-402534000,NA,"https://www.acb.com/Documentos/Cabeceras/logo-competicion-1b.png","https://www.acb.com/Documentos/Cabeceras/logo-competicion-4a.png",88,2023,107,NA,NA,5655,103684,NA,NA,TRUE,4239,4239,2512,"Real Madrid","Real Madrid","RMB",4232,2505,"BAXI Manresa","BAXI Manresa","BAX",1,72,12000,3,25,12,19,38,50,25,35,71,31,12,43,19,5,16,4,6,5,5,20,26,79,-55,-1,13,0,0,72,83,4,423,0,9,8,38,11,43,8
2066373,1,"Liga Nacional","Liga Endesa",-402534000,NA,"https://www.acb.com/Documentos/Cabeceras/logo-competicion-1b.png","https://www.acb.com/Documentos/Cabeceras/logo-competicion-4a.png",88,2023,107,NA,NA,5655,103685,NA,NA,FALSE,4234,4233,2506,"Baskonia","Baskonia","BKN",4234,2507,"Casademont Zaragoza","Casademont Zgz","CAZ",1,94,12000,6,22,27,32,46,69,12,15,80,21,12,33,25,4,13,13,2,1,4,19,18,110,-40,-1,13,0,0,94,102,3,10,0,2,15,58,6,41,9
2066372,1,"Liga Nacional","Liga Endesa",-402534000,NA,"https://www.acb.com/Documentos/Cabeceras/logo-competicion-1b.png","https://www.acb.com/Documentos/Cabeceras/logo-competicion-4a.png",88,2023,107,NA,NA,5655,103685,NA,NA,TRUE,4233,4233,2506,"Baskonia","Baskonia","BKN",4234,2507,"Casademont Zaragoza","Casademont Zgz","CAZ",1,102,12000,13,28,46,25,39,64,13,16,81,20,8,28,24,7,12,11,1,1,2,19,19,117,40,-1,0,13,0,102,94,4,2336,1,25,12,42,5,52,8
2066401,1,"Liga Nacional","Liga Endesa",-402534000,NA,"https://www.acb.com/Documentos/Cabeceras/logo-competicion-1b.png","https://www.acb.com/Documentos/Cabeceras/logo-competicion-4a.png",88,2023,107,NA,NA,5655,103686,NA,NA,FALSE,4236,4224,2497,"Unicaja","Unicaja","UNI",4236,2509,"Bàsquet Girona","Bàsquet Girona","GIR",1,80,12000,5,29,17,23,43,53,19,24,79,22,16,38,14,4,10,5,2,3,2,17,18,77,-155,-1,13,0,0,80,111,3,78,0,3,2,40,10,25,7
2066400,1,"Liga Nacional","Liga Endesa",-402534000,NA,"https://www.acb.com/Documentos/Cabeceras/logo-competicion-1b.png","https://www.acb.com/Documentos/Cabeceras/logo-competicion-4a.png",88,2023,107,NA,NA,5655,103686,NA,NA,TRUE,4224,4224,2497,"Unicaja","Unicaja","UNI",4236,2509,"Bàsquet Girona","Bàsquet Girona","GIR",1,111,12000,13,26,50,28,42,66,16,23,69,30,6,36,28,8,4,27,3,2,4,18,17,145,155,-1,0,13,0,111,80,1,2263,1,32,13,46,7,52,9
2066121,1,"Liga Nacional","Liga Endesa",-402534000,NA,"https://www.acb.com/Documentos/Cabeceras/logo-competicion-1b.png","https://www.acb.com/Documentos/Cabeceras/logo-competicion-4a.png",88,2023,107,NA,NA,5655,103687,NA,NA,FALSE,4225,4237,2510,"Río Breogán","Río Breogán","BRE",4225,2498,"Surne Bilbao Basket","Surne Bilbao","SBB",1,80,12000,9,26,34,15,28,53,23,25,92,26,7,33,16,7,13,9,8,2,3,26,24,95,60,-1,0,13,0,80,68,2,2127,1,14,12,26,5,31,12
2066120,1,"Liga Nacional","Liga Endesa",-402534000,NA,"https://www.acb.com/Documentos/Cabeceras/logo-competicion-1b.png","https://www.acb.com/Documentos/Cabeceras/logo-competicion-4a.png",88,2023,107,NA,NA,5655,103687,NA,NA,TRUE,4237,4237,2510,"Río Breogán","Río Breogán","BRE",4225,2498,"Surne Bilbao Basket","Surne Bilbao","SBB",1,68,12000,5,29,17,15,31,48,23,29,79,21,13,34,16,7,12,2,2,8,0,24,26,63,-60,-1,13,0,0,68,80,5,42,1,3,5,28,8,29,8
2066093,1,"Liga Nacional","Liga Endesa",-402534000,NA,"https://www.acb.com/Documentos/Cabeceras/logo-competicion-1b.png","https://www.acb.com/Documentos/Cabeceras/logo-competicion-4a.png",88,2023,107,NA,NA,5655,103688,NA,NA,FALSE,4231,4241,2514,"Zunder Palencia","Zunder Palencia","ZPA",4231,2605,"Lenovo Tenerife","Lenovo Tenerife","LNT",1,89,12000,15,30,50,18,35,51,8,10,80,28,7,35,28,8,8,6,5,3,5,18,16,118,105,-1,0,13,0,89,68,1,2363,0,21,12,34,6,15,9
2066092,1,"Liga Nacional","Liga Endesa",-402534000,NA,"https://www.acb.com/Documentos/Cabeceras/logo-competicion-1b.png","https://www.acb.com/Documentos/Cabeceras/logo-competicion-4a.png",88,2023,107,NA,NA,5655,103688,NA,NA,TRUE,4241,4241,2514,"Zunder Palencia","Zunder Palencia","ZPA",4231,2605,"Lenovo Tenerife","Lenovo Tenerife","LNT",1,68,12000,6,20,30,20,41,48,10,14,71,24,6,30,17,3,9,6,3,5,1,16,18,70,-105,-1,13,0,0,68,89,5,0,0,0,4,36,2,22,9
2068438,1,"Liga Nacional","Liga Endesa",-402534000,NA,"https://www.acb.com/Documentos/Cabeceras/logo-competicion-1b.png","https://www.acb.com/Documentos/Cabeceras/logo-competicion-4a.png",88,2023,107,NA,NA,5654,103710,NA,NA,FALSE,4239,4238,2511,"Barça","Barça","BAR",4239,2512,"Real Madrid","Real Madrid","RMB",1,79,12000,11,29,37,18,41,43,10,12,83,25,12,37,20,4,13,10,2,3,5,20,21,84,-30,-1,13,0,0,79,85,5,183,0,4,8,36,12,27,11
2068437,1,"Liga Nacional","Liga Endesa",-402534000,NA,"https://www.acb.com/Documentos/Cabeceras/logo-competicion-1b.png","https://www.acb.com/Documentos/Cabeceras/logo-competicion-4a.png",88,2023,107,NA,NA,5654,103710,NA,NA,TRUE,4238,4238,2511,"Barça","Barça","BAR",4239,2512,"Real Madrid","Real Madrid","RMB",1,85,12000,9,25,36,22,44,50,14,20,70,28,11,39,23,9,9,8,3,2,7,21,19,102,30,-1,0,13,0,85,79,2,2217,1,21,15,40,14,37,13
2068187,1,"Liga Nacional","Liga Endesa",-402534000,NA,"https://www.acb.com/Documentos/Cabeceras/logo-competicion-1b.png","https://www.acb.com/Documentos/Cabeceras/logo-competicion-4a.png",88,2023,107,NA,NA,5654,103695,NA,NA,TRUE,4240,4240,2513,"MoraBanc Andorra","MoraBanc And","MBA",4227,2500,"Coviran Granada","Coviran Granada","COV",1,88,12000,6,27,22,30,39,76,10,10,100,28,11,39,16,5,9,6,1,1,4,18,19,110,130,-1,0,13,0,88,62,1,1883,1,28,12,56,16,19,11
2068188,1,"Liga Nacional","Liga Endesa",-402534000,NA,"https://www.acb.com/Documentos/Cabeceras/logo-competicion-1b.png","https://www.acb.com/Documentos/Cabeceras/logo-competicion-4a.png",88,2023,107,NA,NA,5654,103695,NA,NA,FALSE,4227,4240,2513,"MoraBanc Andorra","MoraBanc And","MBA",4227,2500,"Coviran Granada","Coviran Granada","COV",1,62,12000,8,25,32,17,42,40,4,9,44,17,12,29,14,2,9,4,2,1,1,19,17,50,-130,-1,13,0,0,62,88,5,453,1,5,5,26,12,13,7
2068218,1,"Liga Nacional","Liga Endesa",-402534000,NA,"https://www.acb.com/Documentos/Cabeceras/logo-competicion-1b.png","https://www.acb.com/Documentos/Cabeceras/logo-competicion-4a.png",88,2023,107,NA,NA,5654,103711,NA,NA,FALSE,4233,4228,2501,"Valencia Basket","Valencia Basket","VBC",4233,2506,"Baskonia","Baskonia","BKN",1,101,12000,12,26,46,22,34,64,21,28,75,24,4,28,17,7,16,15,2,2,0,21,22,105,-50,-1,12,0,0,101,111,4,0,0,0,4,38,3,53,23
2068217,1,"Liga Nacional","Liga Endesa",-402534000,NA,"https://www.acb.com/Documentos/Cabeceras/logo-competicion-1b.png","https://www.acb.com/Documentos/Cabeceras/logo-competicion-4a.png",88,2023,107,NA,NA,5654,103711,NA,NA,TRUE,4228,4228,2501,"Valencia Basket","Valencia Basket","VBC",4233,2506,"Baskonia","Baskonia","BKN",1,111,12000,11,26,42,29,50,58,20,29,68,22,12,34,19,11,7,14,3,2,6,22,21,123,50,-1,0,13,0,111,101,5,2397,0,30,11,52,10,39,10
2067992,1,"Liga Nacional","Liga Endesa",-402534000,NA,"https://www.acb.com/Documentos/Cabeceras/logo-competicion-1b.png","https://www.acb.com/Documentos/Cabeceras/logo-competicion-4a.png",88,2023,107,NA,NA,5654,103694,NA,NA,FALSE,4236,4231,2605,"Lenovo Tenerife","Lenovo Tenerife","LNT",4236,2509,"Bàsquet Girona","Bàsquet Girona","GIR",1,60,12000,8,24,33,13,33,39,10,12,83,25,12,37,14,5,12,8,3,1,2,18,18,68,-70,-1,13,0,0,60,74,3,0,0,0,4,22,7,17,7
2067991,1,"Liga Nacional","Liga Endesa",-402534000,NA,"https://www.acb.com/Documentos/Cabeceras/logo-competicion-1b.png","https://www.acb.com/Documentos/Cabeceras/logo-competicion-4a.png",88,2023,107,NA,NA,5654,103694,NA,NA,TRUE,4231,4231,2605,"Lenovo Tenerife","Lenovo Tenerife","LNT",4236,2509,"Bàsquet Girona","Bàsquet Girona","GIR",1,74,12000,7,22,31,22,38,57,9,14,64,25,8,33,12,7,6,2,1,3,0,18,18,82,70,-1,0,13,0,74,60,0,2279,0,18,12,30,9,26,11
2067908,1,"Liga Nacional","Liga Endesa",-402534000,NA,"https://www.acb.com/Documentos/Cabeceras/logo-competicion-1b.png","https://www.acb.com/Documentos/Cabeceras/logo-competicion-4a.png",88,2023,107,NA,NA,5654,103693,NA,NA,FALSE,4224,4232,2505,"BAXI Manresa","BAXI Manresa","BAX",4224,2497,"Unicaja","Unicaja","UNI",1,88,12000,11,30,36,20,38,52,15,17,88,27,9,36,19,10,8,10,2,3,4,20,20,105,55,-1,0,13,0,88,77,2,724,4,15,15,32,4,29,17
2067907,1,"Liga Nacional","Liga Endesa",-402534000,NA,"https://www.acb.com/Documentos/Cabeceras/logo-competicion-1b.png","https://www.acb.com/Documentos/Cabeceras/logo-competicion-4a.png",88,2023,107,NA,NA,5654,103693,NA,NA,TRUE,4232,4232,2505,"BAXI Manresa","BAXI Manresa","BAX",4224,2497,"Unicaja","Unicaja","UNI",1,77,12000,9,28,32,16,34,47,18,21,85,27,11,38,12,3,16,10,3,2,1,21,20,74,-55,-1,13,0,0,77,88,4,1536,3,20,2,24,10,47,9
2067656,1,"Liga Nacional","Liga Endesa",-402534000,NA,"https://www.acb.com/Documentos/Cabeceras/logo-competicion-1b.png","https://www.acb.com/Documentos/Cabeceras/logo-competicion-4a.png",88,2023,107,NA,NA,5654,103677,NA,NA,FALSE,4235,4230,2503,"Joventut Badalona","Joventut","JOV",4235,2508,"UCAM Murcia","UCAM Murcia","UCM",1,82,12000,8,28,28,18,35,51,22,32,68,27,13,40,15,7,12,10,3,3,3,22,25,88,35,-1,0,13,0,82,75,2,552,4,8,11,36,6,42,8
2067655,1,"Liga Nacional","Liga Endesa",-402534000,NA,"https://www.acb.com/Documentos/Cabeceras/logo-competicion-1b.png","https://www.acb.com/Documentos/Cabeceras/logo-competicion-4a.png",88,2023,107,NA,NA,5654,103677,NA,NA,TRUE,4230,4230,2503,"Joventut Badalona","Joventut","JOV",4235,2508,"UCAM Murcia","UCAM Murcia","UCM",1,75,12000,3,18,16,21,47,44,24,28,85,24,14,38,12,9,12,8,3,3,4,26,21,72,-35,-1,13,0,0,75,82,4,1714,3,10,12,38,13,27,6
2067627,1,"Liga Nacional","Liga Endesa",-402534000,NA,"https://www.acb.com/Documentos/Cabeceras/logo-competicion-1b.png","https://www.acb.com/Documentos/Cabeceras/logo-competicion-4a.png",88,2023,107,NA,NA,5654,103678,NA,NA,TRUE,4237,4237,2510,"Río Breogán","Río Breogán","BRE",4241,2514,"Zunder Palencia","Zunder Palencia","ZPA",1,73,12000,7,28,25,18,37,48,16,22,72,28,15,43,15,10,13,10,2,7,2,20,23,80,40,-1,0,13,0,73,65,3,1064,5,11,10,34,9,18,7
2067628,1,"Liga Nacional","Liga Endesa",-402534000,NA,"https://www.acb.com/Documentos/Cabeceras/logo-competicion-1b.png","https://www.acb.com/Documentos/Cabeceras/logo-competicion-4a.png",88,2023,107,NA,NA,5654,103678,NA,NA,FALSE,4241,4237,2510,"Río Breogán","Río Breogán","BRE",4241,2514,"Zunder Palencia","Zunder Palencia","ZPA",1,65,12000,6,21,28,17,34,50,13,16,81,23,4,27,17,5,18,12,7,2,1,24,20,62,-40,-1,13,0,0,65,73,4,945,5,10,13,30,3,23,12
2067353,1,"Liga Nacional","Liga Endesa",-402534000,NA,"https://www.acb.com/Documentos/Cabeceras/logo-competicion-1b.png","https://www.acb.com/Documentos/Cabeceras/logo-competicion-4a.png",88,2023,107,NA,NA,5654,103679,NA,NA,FALSE,4226,4234,2507,"Casademont Zaragoza","Casademont Zgz","CAZ",4226,2499,"Monbus Obradoiro","Monbus Obra","MOB",1,79,12000,7,22,31,21,36,58,16,19,84,21,2,23,19,11,15,7,3,2,1,28,20,77,-95,-1,12,0,0,79,98,5,879,2,7,4,32,2,26,8
2067352,1,"Liga Nacional","Liga Endesa",-402534000,NA,"https://www.acb.com/Documentos/Cabeceras/logo-competicion-1b.png","https://www.acb.com/Documentos/Cabeceras/logo-competicion-4a.png",88,2023,107,NA,NA,5654,103679,NA,NA,TRUE,4234,4234,2507,"Casademont Zaragoza","Casademont Zgz","CAZ",4226,2499,"Monbus Obradoiro","Monbus Obra","MOB",1,98,12000,9,24,37,23,37,62,25,35,71,24,11,35,24,7,14,11,2,2,6,20,28,119,95,-1,0,13,0,98,79,1,1423,3,19,12,46,10,40,18
2067379,1,"Liga Nacional","Liga Endesa",-402534000,NA,"https://www.acb.com/Documentos/Cabeceras/logo-competicion-1b.png","https://www.acb.com/Documentos/Cabeceras/logo-competicion-4a.png",88,2023,107,NA,NA,5654,103692,NA,NA,TRUE,4225,4225,2498,"Surne Bilbao Basket","Surne Bilbao","SBB",4229,2502,"Dreamland Gran Canaria","Dreamland GC","DGC",1,81,12000,9,28,32,18,29,62,18,20,90,28,7,35,18,10,13,12,0,1,1,20,16,94,50,-1,0,13,0,81,71,3,1588,5,18,11,30,9,36,10
2067380,1,"Liga Nacional","Liga Endesa",-402534000,NA,"https://www.acb.com/Documentos/Cabeceras/logo-competicion-1b.png","https://www.acb.com/Documentos/Cabeceras/logo-competicion-4a.png",88,2023,107,NA,NA,5654,103692,NA,NA,FALSE,4229,4225,2498,"Surne Bilbao Basket","Surne Bilbao","SBB",4229,2502,"Dreamland Gran Canaria","Dreamland GC","DGC",1,71,12000,11,35,31,16,34,47,6,11,54,21,16,37,10,6,13,7,1,0,1,16,20,69,-50,-1,13,0,0,71,81,5,742,4,7,10,30,11,36,11
2069528,1,"Liga Nacional","Liga Endesa",-402534000,NA,"https://www.acb.com/Documentos/Cabeceras/logo-competicion-1b.png","https://www.acb.com/Documentos/Cabeceras/logo-competicion-4a.png",88,2023,107,NA,NA,5653,103701,NA,NA,FALSE,4230,4239,2512,"Real Madrid","Real Madrid","RMB",4230,2503,"Joventut Badalona","Joventut","JOV",1,92,12000,14,30,46,17,37,45,16,20,80,23,11,34,21,6,9,7,1,4,0,25,21,97,-15,-1,13,0,0,92,95,5,726,5,8,5,30,15,44,7
2069527,1,"Liga Nacional","Liga Endesa",-402534000,NA,"https://www.acb.com/Documentos/Cabeceras/logo-competicion-1b.png","https://www.acb.com/Documentos/Cabeceras/logo-competicion-4a.png",88,2023,107,NA,NA,5653,103701,NA,NA,TRUE,4239,4239,2512,"Real Madrid","Real Madrid","RMB",4230,2503,"Joventut Badalona","Joventut","JOV",1,95,12000,14,32,43,19,36,52,15,23,65,26,12,38,20,5,8,9,5,1,6,21,25,115,15,-1,0,13,0,95,92,4,1460,5,9,11,38,13,39,7
2069500,1,"Liga Nacional","Liga Endesa",-402534000,NA,"https://www.acb.com/Documentos/Cabeceras/logo-competicion-1b.png","https://www.acb.com/Documentos/Cabeceras/logo-competicion-4a.png",88,2023,107,NA,NA,5653,103704,NA,NA,FALSE,4228,4227,2500,"Coviran Granada","Coviran Granada","COV",4228,2501,"Valencia Basket","Valencia Basket","VBC",1,88,12000,11,24,45,23,40,57,9,13,69,25,10,35,18,11,18,6,1,3,3,18,17,97,35,-1,0,13,0,88,81,3,1602,3,11,9,34,10,20,9
2069499,1,"Liga Nacional","Liga Endesa",-402534000,NA,"https://www.acb.com/Documentos/Cabeceras/logo-competicion-1b.png","https://www.acb.com/Documentos/Cabeceras/logo-competicion-4a.png",88,2023,107,NA,NA,5653,103704,NA,NA,TRUE,4227,4227,2500,"Coviran Granada","Coviran Granada","COV",4228,2501,"Valencia Basket","Valencia Basket","VBC",1,81,12000,8,26,30,23,41,56,11,12,91,19,12,31,17,7,16,14,3,1,2,17,18,86,-35,-1,13,0,0,81,88,3,680,3,8,15,40,13,33,11
2069416,1,"Liga Nacional","Liga Endesa",-402534000,NA,"https://www.acb.com/Documentos/Cabeceras/logo-competicion-1b.png","https://www.acb.com/Documentos/Cabeceras/logo-competicion-4a.png",88,2023,107,NA,NA,5653,103712,NA,NA,FALSE,4240,4229,2502,"Dreamland Gran Canaria","Dreamland GC","DGC",4240,2513,"MoraBanc Andorra","MoraBanc And","MBA",1,92,12000,6,17,35,32,47,68,10,17,58,20,9,29,16,3,11,6,1,1,4,22,22,96,-25,-1,13,0,0,92,97,3,1496,1,8,7,48,10,6,6
2069415,1,"Liga Nacional","Liga Endesa",-402534000,NA,"https://www.acb.com/Documentos/Cabeceras/logo-competicion-1b.png","https://www.acb.com/Documentos/Cabeceras/logo-competicion-4a.png",88,2023,107,NA,NA,5653,103712,NA,NA,TRUE,4229,4229,2502,"Dreamland Gran Canaria","Dreamland GC","DGC",4240,2513,"MoraBanc Andorra","MoraBanc And","MBA",1,97,12000,12,30,40,21,35,60,19,27,70,20,13,33,20,5,6,6,1,1,2,22,21,108,25,-1,0,13,0,97,92,3,780,1,11,7,38,11,28,7
2069302,1,"Liga Nacional","Liga Endesa",-402534000,NA,"https://www.acb.com/Documentos/Cabeceras/logo-competicion-1b.png","https://www.acb.com/Documentos/Cabeceras/logo-competicion-4a.png",88,2023,107,NA,NA,5653,103702,NA,NA,FALSE,4238,4236,2509,"Bàsquet Girona","Bàsquet Girona","GIR",4238,2511,"Barça","Barça","BAR",1,81,12000,6,22,27,20,41,48,23,27,85,26,15,41,12,8,14,8,4,7,4,14,25,95,30,-1,0,13,0,81,75,3,2231,1,16,6,36,8,40,13
2069301,1,"Liga Nacional","Liga Endesa",-402534000,NA,"https://www.acb.com/Documentos/Cabeceras/logo-competicion-1b.png","https://www.acb.com/Documentos/Cabeceras/logo-competicion-4a.png",88,2023,107,NA,NA,5653,103702,NA,NA,TRUE,4236,4236,2509,"Bàsquet Girona","Bàsquet Girona","GIR",4238,2511,"Barça","Barça","BAR",1,75,12000,9,33,27,22,37,59,4,4,100,22,12,34,15,10,15,14,8,2,3,25,14,75,-30,-1,13,0,0,75,81,3,169,0,6,9,42,8,29,8
2069165,1,"Liga Nacional","Liga Endesa",-402534000,NA,"https://www.acb.com/Documentos/Cabeceras/logo-competicion-1b.png","https://www.acb.com/Documentos/Cabeceras/logo-competicion-4a.png",88,2023,107,NA,NA,5653,103705,NA,NA,FALSE,4237,4233,2506,"Baskonia","Baskonia","BKN",4237,2510,"Río Breogán","Río Breogán","BRE",1,74,12000,8,26,30,17,29,58,16,25,64,30,9,39,19,7,14,7,2,2,3,20,22,88,-10,-1,12,0,0,74,76,5,2380,0,16,8,26,6,32,9
2069164,1,"Liga Nacional","Liga Endesa",-402534000,NA,"https://www.acb.com/Documentos/Cabeceras/logo-competicion-1b.png","https://www.acb.com/Documentos/Cabeceras/logo-competicion-4a.png",88,2023,107,NA,NA,5653,103705,NA,NA,TRUE,4233,4233,2506,"Baskonia","Baskonia","BKN",4237,2510,"Río Breogán","Río Breogán","BRE",1,76,12000,9,33,27,18,34,52,13,19,68,24,12,36,12,7,10,13,2,2,0,22,20,73,10,-1,0,13,0,76,74,5,1,1,2,10,32,10,51,9
2068940,1,"Liga Nacional","Liga Endesa",-402534000,NA,"https://www.acb.com/Documentos/Cabeceras/logo-competicion-1b.png","https://www.acb.com/Documentos/Cabeceras/logo-competicion-4a.png",88,2023,107,NA,NA,5653,103706,NA,NA,TRUE,4224,4224,2497,"Unicaja","Unicaja","UNI",4234,2507,"Casademont Zaragoza","Casademont Zgz","CAZ",1,83,12000,9,29,31,24,36,66,8,13,61,31,8,39,18,11,17,10,3,2,2,19,17,96,55,-1,0,13,0,83,72,3,2377,0,26,13,30,4,38,9
2068941,1,"Liga Nacional","Liga Endesa",-402534000,NA,"https://www.acb.com/Documentos/Cabeceras/logo-competicion-1b.png","https://www.acb.com/Documentos/Cabeceras/logo-competicion-4a.png",88,2023,107,NA,NA,5653,103706,NA,NA,FALSE,4234,4224,2497,"Unicaja","Unicaja","UNI",4234,2507,"Casademont Zaragoza","Casademont Zgz","CAZ",1,72,12000,7,24,29,19,41,46,13,19,68,26,10,36,14,11,17,6,2,3,4,17,19,72,-55,-1,13,0,0,72,83,3,0,0,0,11,36,14,37,8
2068885,1,"Liga Nacional","Liga Endesa",-402534000,NA,"https://www.acb.com/Documentos/Cabeceras/logo-competicion-1b.png","https://www.acb.com/Documentos/Cabeceras/logo-competicion-4a.png",88,2023,107,NA,NA,5653,103707,NA,NA,FALSE,4225,4231,2605,"Lenovo Tenerife","Lenovo Tenerife","LNT",4225,2498,"Surne Bilbao Basket","Surne Bilbao","SBB",1,84,12000,12,25,48,20,33,60,8,11,72,18,9,27,21,4,14,6,2,2,5,20,16,89,-85,-1,13,0,0,84,101,2,890,5,6,2,34,9,47,7
2068884,1,"Liga Nacional","Liga Endesa",-402534000,NA,"https://www.acb.com/Documentos/Cabeceras/logo-competicion-1b.png","https://www.acb.com/Documentos/Cabeceras/logo-competicion-4a.png",88,2023,107,NA,NA,5653,103707,NA,NA,TRUE,4231,4231,2605,"Lenovo Tenerife","Lenovo Tenerife","LNT",4225,2498,"Surne Bilbao Basket","Surne Bilbao","SBB",1,101,12000,12,20,60,21,36,58,23,28,82,16,5,21,28,10,4,11,2,2,8,16,20,132,85,-1,0,13,0,101,84,3,1303,6,17,19,38,4,59,11
2068604,1,"Liga Nacional","Liga Endesa",-402534000,NA,"https://www.acb.com/Documentos/Cabeceras/logo-competicion-1b.png","https://www.acb.com/Documentos/Cabeceras/logo-competicion-4a.png",88,2023,107,NA,NA,5653,103708,NA,NA,TRUE,4226,4226,2499,"Monbus Obradoiro","Monbus Obra","MOB",4232,2505,"BAXI Manresa","BAXI Manresa","BAX",1,86,12000,9,22,40,21,41,51,17,18,94,30,11,41,12,2,16,6,6,3,2,24,20,90,-40,-1,13,0,0,86,94,5,789,1,10,2,34,4,18,7
2068605,1,"Liga Nacional","Liga Endesa",-402534000,NA,"https://www.acb.com/Documentos/Cabeceras/logo-competicion-1b.png","https://www.acb.com/Documentos/Cabeceras/logo-competicion-4a.png",88,2023,107,NA,NA,5653,103708,NA,NA,FALSE,4232,4226,2499,"Monbus Obradoiro","Monbus Obra","MOB",4232,2505,"BAXI Manresa","BAXI Manresa","BAX",1,94,12000,12,36,33,19,38,50,20,25,80,20,11,31,20,6,7,6,3,6,2,20,23,96,40,-1,0,13,0,94,86,2,1534,2,10,15,30,4,34,13
2068633,1,"Liga Nacional","Liga Endesa",-402534000,NA,"https://www.acb.com/Documentos/Cabeceras/logo-competicion-1b.png","https://www.acb.com/Documentos/Cabeceras/logo-competicion-4a.png",88,2023,107,NA,NA,5653,103709,NA,NA,FALSE,4241,4235,2508,"UCAM Murcia","UCAM Murcia","UCM",4241,2514,"Zunder Palencia","Zunder Palencia","ZPA",1,77,12000,6,21,28,24,47,51,11,15,73,17,10,27,16,7,10,4,0,1,1,25,23,72,-65,-1,13,0,0,77,90,5,181,0,4,6,42,7,15,7
2068632,1,"Liga Nacional","Liga Endesa",-402534000,NA,"https://www.acb.com/Documentos/Cabeceras/logo-competicion-1b.png","https://www.acb.com/Documentos/Cabeceras/logo-competicion-4a.png",88,2023,107,NA,NA,5653,103709,NA,NA,TRUE,4235,4235,2508,"UCAM Murcia","UCAM Murcia","UCM",4241,2514,"Zunder Palencia","Zunder Palencia","ZPA",1,90,12000,8,33,24,20,29,68,26,27,96,26,13,39,20,6,10,12,1,0,1,23,24,112,65,-1,0,13,0,90,77,3,2117,1,13,13,38,14,42,10
2070954,1,"Liga Nacional","Liga Endesa",-402534000,NA,"https://www.acb.com/Documentos/Cabeceras/logo-competicion-1b.png","https://www.acb.com/Documentos/Cabeceras/logo-competicion-4a.png",88,2023,107,NA,NA,5652,103655,NA,NA,FALSE,4233,4224,2497,"Unicaja","Unicaja","UNI",4233,2506,"Baskonia","Baskonia","BKN",1,91,12000,16,31,51,16,28,57,11,13,84,24,7,31,24,6,19,3,2,3,1,20,17,100,-20,-1,13,0,0,91,95,3,1707,4,11,4,18,6,50,10
2070953,1,"Liga Nacional","Liga Endesa",-402534000,NA,"https://www.acb.com/Documentos/Cabeceras/logo-competicion-1b.png","https://www.acb.com/Documentos/Cabeceras/logo-competicion-4a.png",88,2023,107,NA,NA,5652,103655,NA,NA,TRUE,4224,4224,2497,"Unicaja","Unicaja","UNI",4233,2506,"Baskonia","Baskonia","BKN",1,95,12000,9,33,27,26,42,61,16,22,72,21,18,39,17,10,12,10,3,2,3,17,19,106,20,-1,0,13,0,95,91,2,563,5,9,18,42,19,41,12
2070758,1,"Liga Nacional","Liga Endesa",-402534000,NA,"https://www.acb.com/Documentos/Cabeceras/logo-competicion-1b.png","https://www.acb.com/Documentos/Cabeceras/logo-competicion-4a.png",88,2023,107,NA,NA,5652,103674,NA,NA,FALSE,4231,4228,2501,"Valencia Basket","Valencia Basket","VBC",4231,2605,"Lenovo Tenerife","Lenovo Tenerife","LNT",1,73,12000,7,26,26,19,32,59,14,19,73,21,4,25,17,10,17,10,1,3,1,21,20,68,-125,-1,13,0,0,73,98,3,0,0,0,6,30,5,41,5
2070757,1,"Liga Nacional","Liga Endesa",-402534000,NA,"https://www.acb.com/Documentos/Cabeceras/logo-competicion-1b.png","https://www.acb.com/Documentos/Cabeceras/logo-competicion-4a.png",88,2023,107,NA,NA,5652,103674,NA,NA,TRUE,4228,4228,2501,"Valencia Basket","Valencia Basket","VBC",4231,2605,"Lenovo Tenerife","Lenovo Tenerife","LNT",1,98,12000,7,20,35,32,48,66,13,21,61,28,10,38,24,14,14,12,4,1,5,20,20,126,125,-1,0,13,0,98,73,2,2338,0,27,13,48,9,47,10
2070727,1,"Liga Nacional","Liga Endesa",-402534000,NA,"https://www.acb.com/Documentos/Cabeceras/logo-competicion-1b.png","https://www.acb.com/Documentos/Cabeceras/logo-competicion-4a.png",88,2023,107,NA,NA,5652,103675,NA,NA,TRUE,4225,4225,2498,"Surne Bilbao Basket","Surne Bilbao","SBB",4226,2499,"Monbus Obradoiro","Monbus Obra","MOB",1,72,12000,8,30,26,19,39,48,10,11,90,24,14,38,15,5,12,7,4,2,1,18,18,77,-15,-1,13,0,0,72,75,3,1312,6,10,12,32,12,46,11
2070728,1,"Liga Nacional","Liga Endesa",-402534000,NA,"https://www.acb.com/Documentos/Cabeceras/logo-competicion-1b.png","https://www.acb.com/Documentos/Cabeceras/logo-competicion-4a.png",88,2023,107,NA,NA,5652,103675,NA,NA,FALSE,4226,4225,2498,"Surne Bilbao Basket","Surne Bilbao","SBB",4226,2499,"Monbus Obradoiro","Monbus Obra","MOB",1,75,12000,4,18,22,24,52,46,15,17,88,26,17,43,13,7,11,10,2,4,1,18,18,81,15,-1,0,13,0,75,72,3,851,7,8,15,38,8,17,8
2070448,1,"Liga Nacional","Liga Endesa",-402534000,NA,"https://www.acb.com/Documentos/Cabeceras/logo-competicion-1b.png","https://www.acb.com/Documentos/Cabeceras/logo-competicion-4a.png",88,2023,107,NA,NA,5652,103676,NA,NA,FALSE,4239,4234,2507,"Casademont Zaragoza","Casademont Zgz","CAZ",4239,2512,"Real Madrid","Real Madrid","RMB",1,79,12000,12,37,32,12,25,48,19,21,90,25,13,38,16,12,14,10,8,2,2,17,20,100,45,-1,0,13,0,79,70,1,1925,2,20,15,22,2,45,8
2070447,1,"Liga Nacional","Liga Endesa",-402534000,NA,"https://www.acb.com/Documentos/Cabeceras/logo-competicion-1b.png","https://www.acb.com/Documentos/Cabeceras/logo-competicion-4a.png",88,2023,107,NA,NA,5652,103676,NA,NA,TRUE,4234,4234,2507,"Casademont Zaragoza","Casademont Zgz","CAZ",4239,2512,"Real Madrid","Real Madrid","RMB",1,70,12000,4,18,22,24,51,47,10,13,76,25,17,42,12,7,16,6,2,8,1,21,17,61,-45,-1,13,0,0,70,79,2,230,2,4,10,42,12,30,8
2070476,1,"Liga Nacional","Liga Endesa",-402534000,NA,"https://www.acb.com/Documentos/Cabeceras/logo-competicion-1b.png","https://www.acb.com/Documentos/Cabeceras/logo-competicion-4a.png",88,2023,107,NA,NA,5652,103696,NA,NA,FALSE,4236,4230,2503,"Joventut Badalona","Joventut","JOV",4236,2509,"Bàsquet Girona","Bàsquet Girona","GIR",1,90,12000,16,36,44,18,39,46,6,8,75,25,14,39,17,7,14,10,1,2,1,22,18,91,-30,-1,13,0,0,90,96,4,183,0,6,8,34,9,51,6
2070475,1,"Liga Nacional","Liga Endesa",-402534000,NA,"https://www.acb.com/Documentos/Cabeceras/logo-competicion-1b.png","https://www.acb.com/Documentos/Cabeceras/logo-competicion-4a.png",88,2023,107,NA,NA,5652,103696,NA,NA,TRUE,4230,4230,2503,"Joventut Badalona","Joventut","JOV",4236,2509,"Bàsquet Girona","Bàsquet Girona","GIR",1,96,12000,8,23,34,27,43,62,18,22,81,27,8,35,19,7,9,14,2,1,2,18,21,117,30,-1,0,13,0,96,90,3,2096,1,15,10,50,6,61,11
2070166,1,"Liga Nacional","Liga Endesa",-402534000,NA,"https://www.acb.com/Documentos/Cabeceras/logo-competicion-1b.png","https://www.acb.com/Documentos/Cabeceras/logo-competicion-4a.png",88,2023,107,NA,NA,5652,103697,NA,NA,FALSE,4235,4238,2511,"Barça","Barça","BAR",4235,2508,"UCAM Murcia","UCAM Murcia","UCM",1,86,12000,10,29,34,19,41,46,18,21,85,20,13,33,15,9,11,6,4,3,1,25,22,86,-55,-1,13,0,0,86,97,4,691,2,9,7,36,9,43,10
2070165,1,"Liga Nacional","Liga Endesa",-402534000,NA,"https://www.acb.com/Documentos/Cabeceras/logo-competicion-1b.png","https://www.acb.com/Documentos/Cabeceras/logo-competicion-4a.png",88,2023,107,NA,NA,5652,103697,NA,NA,TRUE,4238,4238,2511,"Barça","Barça","BAR",4235,2508,"UCAM Murcia","UCAM Murcia","UCM",1,97,12000,10,22,45,24,44,54,19,26,73,25,11,36,22,7,14,8,3,4,6,22,24,110,55,-1,0,13,0,97,86,3,1641,2,13,17,36,14,47,17
2070196,1,"Liga Nacional","Liga Endesa",-402534000,NA,"https://www.acb.com/Documentos/Cabeceras/logo-competicion-1b.png","https://www.acb.com/Documentos/Cabeceras/logo-competicion-4a.png",88,2023,107,NA,NA,5652,103698,NA,NA,FALSE,4227,4241,2514,"Zunder Palencia","Zunder Palencia","ZPA",4227,2500,"Coviran Granada","Coviran Granada","COV",1,91,12000,15,34,44,13,25,52,20,27,74,18,9,27,23,9,10,9,1,1,2,26,24,100,40,-1,0,13,0,91,83,3,2248,1,16,13,26,7,37,7
2070195,1,"Liga Nacional","Liga Endesa",-402534000,NA,"https://www.acb.com/Documentos/Cabeceras/logo-competicion-1b.png","https://www.acb.com/Documentos/Cabeceras/logo-competicion-4a.png",88,2023,107,NA,NA,5652,103698,NA,NA,TRUE,4241,4241,2514,"Zunder Palencia","Zunder Palencia","ZPA",4227,2500,"Coviran Granada","Coviran Granada","COV",1,83,12000,7,25,28,21,35,60,20,27,74,20,12,32,16,3,14,4,2,1,0,24,25,83,-40,-1,13,0,0,83,91,4,60,1,3,10,34,16,29,9
2069891,1,"Liga Nacional","Liga Endesa",-402534000,NA,"https://www.acb.com/Documentos/Cabeceras/logo-competicion-1b.png","https://www.acb.com/Documentos/Cabeceras/logo-competicion-4a.png",88,2023,107,NA,NA,5652,103699,NA,NA,TRUE,4237,4237,2510,"Río Breogán","Río Breogán","BRE",4229,2502,"Dreamland Gran Canaria","Dreamland GC","DGC",1,70,13500,6,23,26,20,39,51,12,19,63,21,8,29,13,12,17,4,4,8,1,27,21,54,-35,-1,13,0,0,70,77,4,1249,4,10,12,40,7,54,11
2069892,1,"Liga Nacional","Liga Endesa",-402534000,NA,"https://www.acb.com/Documentos/Cabeceras/logo-competicion-1b.png","https://www.acb.com/Documentos/Cabeceras/logo-competicion-4a.png",88,2023,107,NA,NA,5652,103699,NA,NA,FALSE,4229,4237,2510,"Río Breogán","Río Breogán","BRE",4229,2502,"Dreamland Gran Canaria","Dreamland GC","DGC",1,77,13500,5,24,20,24,41,58,14,18,77,29,12,41,12,5,19,6,8,4,2,21,22,81,35,-1,0,12,0,77,70,6,1176,5,10,13,44,11,11,11
2069864,1,"Liga Nacional","Liga Endesa",-402534000,NA,"https://www.acb.com/Documentos/Cabeceras/logo-competicion-1b.png","https://www.acb.com/Documentos/Cabeceras/logo-competicion-4a.png",88,2023,107,NA,NA,5652,103700,NA,NA,FALSE,4240,4232,2505,"BAXI Manresa","BAXI Manresa","BAX",4240,2513,"MoraBanc Andorra","MoraBanc And","MBA",1,97,12000,11,30,36,22,36,61,20,24,83,29,8,37,14,8,19,8,1,2,1,23,23,99,35,-1,0,13,0,97,90,4,1230,5,18,15,40,4,35,9
2069863,1,"Liga Nacional","Liga Endesa",-402534000,NA,"https://www.acb.com/Documentos/Cabeceras/logo-competicion-1b.png","https://www.acb.com/Documentos/Cabeceras/logo-competicion-4a.png",88,2023,107,NA,NA,5652,103700,NA,NA,TRUE,4232,4232,2505,"BAXI Manresa","BAXI Manresa","BAX",4240,2513,"MoraBanc Andorra","MoraBanc And","MBA",1,90,12000,9,36,25,22,39,56,19,21,90,23,12,35,17,8,15,18,2,1,2,23,22,89,-35,-1,13,0,0,90,97,3,992,5,15,11,32,4,24,14
2072270,1,"Liga Nacional","Liga Endesa",-402534000,NA,"https://www.acb.com/Documentos/Cabeceras/logo-competicion-1b.png","https://www.acb.com/Documentos/Cabeceras/logo-competicion-4a.png",88,2023,107,NA,NA,5651,103648,NA,NA,FALSE,4224,4231,2605,"Lenovo Tenerife","Lenovo Tenerife","LNT",4224,2497,"Unicaja","Unicaja","UNI",1,86,12000,10,33,30,20,31,64,16,17,94,18,3,21,19,8,8,15,4,2,3,25,21,89,-5,-1,13,0,0,86,87,3,327,1,6,14,36,0,60,8
2072269,1,"Liga Nacional","Liga Endesa",-402534000,NA,"https://www.acb.com/Documentos/Cabeceras/logo-competicion-1b.png","https://www.acb.com/Documentos/Cabeceras/logo-competicion-4a.png",88,2023,107,NA,NA,5651,103648,NA,NA,TRUE,4231,4231,2605,"Lenovo Tenerife","Lenovo Tenerife","LNT",4224,2497,"Unicaja","Unicaja","UNI",1,87,12000,5,18,27,25,37,67,22,28,78,30,9,39,20,3,15,8,2,3,1,22,23,103,5,-1,0,13,0,87,86,2,1854,1,16,8,38,6,28,11
2072130,1,"Liga Nacional","Liga Endesa",-402534000,NA,"https://www.acb.com/Documentos/Cabeceras/logo-competicion-1b.png","https://www.acb.com/Documentos/Cabeceras/logo-competicion-4a.png",88,2023,107,NA,NA,5651,103647,NA,NA,FALSE,4234,4235,2508,"UCAM Murcia","UCAM Murcia","UCM",4234,2507,"Casademont Zaragoza","Casademont Zgz","CAZ",1,77,12000,6,20,30,22,38,57,15,20,75,29,9,38,15,6,17,6,0,4,3,21,20,79,-25,-1,13,0,0,77,82,5,607,3,6,7,42,8,13,10
2072129,1,"Liga Nacional","Liga Endesa",-402534000,NA,"https://www.acb.com/Documentos/Cabeceras/logo-competicion-1b.png","https://www.acb.com/Documentos/Cabeceras/logo-competicion-4a.png",88,2023,107,NA,NA,5651,103647,NA,NA,TRUE,4235,4235,2508,"UCAM Murcia","UCAM Murcia","UCM",4234,2507,"Casademont Zaragoza","Casademont Zgz","CAZ",1,82,12000,12,38,31,17,26,65,12,15,80,22,9,31,18,9,11,15,4,0,3,21,21,95,25,-1,0,13,0,82,77,3,1286,4,10,16,34,2,30,9
2071962,1,"Liga Nacional","Liga Endesa",-402534000,NA,"https://www.acb.com/Documentos/Cabeceras/logo-competicion-1b.png","https://www.acb.com/Documentos/Cabeceras/logo-competicion-4a.png",88,2023,107,NA,NA,5651,103645,NA,NA,FALSE,4238,4240,2513,"MoraBanc Andorra","MoraBanc And","MBA",4238,2511,"Barça","Barça","BAR",1,92,12000,13,30,43,19,30,63,15,24,62,23,7,30,21,1,16,8,3,2,3,16,23,99,-80,-1,13,0,0,92,108,4,85,7,3,11,34,9,48,8
2071961,1,"Liga Nacional","Liga Endesa",-402534000,NA,"https://www.acb.com/Documentos/Cabeceras/logo-competicion-1b.png","https://www.acb.com/Documentos/Cabeceras/logo-competicion-4a.png",88,2023,107,NA,NA,5651,103645,NA,NA,TRUE,4240,4240,2513,"MoraBanc Andorra","MoraBanc And","MBA",4238,2511,"Barça","Barça","BAR",1,108,12000,12,21,57,31,51,60,10,11,90,22,4,26,23,10,9,17,2,3,2,26,15,116,80,-1,0,13,0,108,92,2,1931,7,18,14,52,4,43,14
2071850,1,"Liga Nacional","Liga Endesa",-402534000,NA,"https://www.acb.com/Documentos/Cabeceras/logo-competicion-1b.png","https://www.acb.com/Documentos/Cabeceras/logo-competicion-4a.png",88,2023,107,NA,NA,5651,103646,NA,NA,FALSE,4228,4232,2505,"BAXI Manresa","BAXI Manresa","BAX",4228,2501,"Valencia Basket","Valencia Basket","VBC",1,96,12000,11,30,36,24,38,63,15,20,75,29,7,36,17,6,17,14,1,1,2,21,20,99,-10,-1,13,0,0,96,98,4,49,0,3,6,42,11,31,9
2071849,1,"Liga Nacional","Liga Endesa",-402534000,NA,"https://www.acb.com/Documentos/Cabeceras/logo-competicion-1b.png","https://www.acb.com/Documentos/Cabeceras/logo-competicion-4a.png",88,2023,107,NA,NA,5651,103646,NA,NA,TRUE,4232,4232,2505,"BAXI Manresa","BAXI Manresa","BAX",4228,2501,"Valencia Basket","Valencia Basket","VBC",1,98,12000,11,38,28,28,46,60,9,12,75,26,16,42,20,7,9,8,1,1,5,20,19,109,10,-1,0,13,0,98,96,1,2172,1,13,12,44,17,50,12
2071710,1,"Liga Nacional","Liga Endesa",-402534000,NA,"https://www.acb.com/Documentos/Cabeceras/logo-competicion-1b.png","https://www.acb.com/Documentos/Cabeceras/logo-competicion-4a.png",88,2023,107,NA,NA,5651,103649,NA,NA,FALSE,4226,4239,2512,"Real Madrid","Real Madrid","RMB",4226,2499,"Monbus Obradoiro","Monbus Obra","MOB",1,69,12000,7,23,30,19,43,44,10,14,71,21,13,34,8,6,10,3,1,1,0,24,16,55,-50,-1,13,0,0,69,79,5,366,5,6,7,26,14,11,9
2071709,1,"Liga Nacional","Liga Endesa",-402534000,NA,"https://www.acb.com/Documentos/Cabeceras/logo-competicion-1b.png","https://www.acb.com/Documentos/Cabeceras/logo-competicion-4a.png",88,2023,107,NA,NA,5651,103649,NA,NA,TRUE,4239,4239,2512,"Real Madrid","Real Madrid","RMB",4226,2499,"Monbus Obradoiro","Monbus Obra","MOB",1,79,12000,9,27,33,16,27,59,20,28,71,26,10,36,17,6,11,4,1,1,4,16,24,98,50,-1,0,13,0,79,69,1,1599,6,13,4,30,10,31,9
2071346,1,"Liga Nacional","Liga Endesa",-402534000,NA,"https://www.acb.com/Documentos/Cabeceras/logo-competicion-1b.png","https://www.acb.com/Documentos/Cabeceras/logo-competicion-4a.png",88,2023,107,NA,NA,5651,103650,NA,NA,FALSE,4230,4229,2502,"Dreamland Gran Canaria","Dreamland GC","DGC",4230,2503,"Joventut Badalona","Joventut","JOV",1,79,12000,7,25,28,19,34,55,20,31,64,25,10,35,19,4,17,9,2,3,2,29,25,71,-90,-1,13,0,0,79,97,4,353,5,6,7,38,9,21,8
2071345,1,"Liga Nacional","Liga Endesa",-402534000,NA,"https://www.acb.com/Documentos/Cabeceras/logo-competicion-1b.png","https://www.acb.com/Documentos/Cabeceras/logo-competicion-4a.png",88,2023,107,NA,NA,5651,103650,NA,NA,TRUE,4229,4229,2502,"Dreamland Gran Canaria","Dreamland GC","DGC",4230,2503,"Joventut Badalona","Joventut","JOV",1,97,12000,11,26,42,22,40,55,20,29,68,29,9,38,17,10,11,10,3,2,0,25,27,112,90,-1,0,13,0,97,79,1,1760,5,22,7,36,4,30,8
2071289,1,"Liga Nacional","Liga Endesa",-402534000,NA,"https://www.acb.com/Documentos/Cabeceras/logo-competicion-1b.png","https://www.acb.com/Documentos/Cabeceras/logo-competicion-4a.png",88,2023,107,NA,NA,5651,103651,NA,NA,TRUE,4236,4236,2509,"Bàsquet Girona","Bàsquet Girona","GIR",4225,2498,"Surne Bilbao Basket","Surne Bilbao","SBB",1,81,12000,10,30,33,16,41,39,19,24,79,22,16,38,16,15,8,14,3,4,4,23,19,87,65,-1,0,13,0,81,68,2,1869,3,17,11,26,7,46,8
2071290,1,"Liga Nacional","Liga Endesa",-402534000,NA,"https://www.acb.com/Documentos/Cabeceras/logo-competicion-1b.png","https://www.acb.com/Documentos/Cabeceras/logo-competicion-4a.png",88,2023,107,NA,NA,5651,103651,NA,NA,FALSE,4225,4236,2509,"Bàsquet Girona","Bàsquet Girona","GIR",4225,2498,"Surne Bilbao Basket","Surne Bilbao","SBB",1,68,12000,6,21,28,16,35,45,18,21,85,30,12,42,13,3,21,2,4,2,2,19,23,74,-65,-1,13,0,0,68,81,4,403,3,3,2,24,5,23,6
2071374,1,"Liga Nacional","Liga Endesa",-402534000,NA,"https://www.acb.com/Documentos/Cabeceras/logo-competicion-1b.png","https://www.acb.com/Documentos/Cabeceras/logo-competicion-4a.png",88,2023,107,NA,NA,5651,103653,NA,NA,FALSE,4233,4241,2514,"Zunder Palencia","Zunder Palencia","ZPA",4233,2506,"Baskonia","Baskonia","BKN",1,101,12000,17,39,43,14,26,53,22,26,84,26,9,35,21,5,11,14,2,2,1,22,21,112,35,-1,0,13,0,101,94,4,668,1,14,9,24,5,61,10
2071373,1,"Liga Nacional","Liga Endesa",-402534000,NA,"https://www.acb.com/Documentos/Cabeceras/logo-competicion-1b.png","https://www.acb.com/Documentos/Cabeceras/logo-competicion-4a.png",88,2023,107,NA,NA,5651,103653,NA,NA,TRUE,4241,4241,2514,"Zunder Palencia","Zunder Palencia","ZPA",4233,2506,"Baskonia","Baskonia","BKN",1,94,12000,8,30,26,26,39,66,18,23,78,27,11,38,26,6,12,4,2,2,4,23,22,111,-35,-1,13,0,0,94,101,4,1662,0,17,9,42,8,45,10
2071150,1,"Liga Nacional","Liga Endesa",-402534000,NA,"https://www.acb.com/Documentos/Cabeceras/logo-competicion-1b.png","https://www.acb.com/Documentos/Cabeceras/logo-competicion-4a.png",88,2023,107,NA,NA,5651,103652,NA,NA,FALSE,4237,4227,2500,"Coviran Granada","Coviran Granada","COV",4237,2510,"Río Breogán","Río Breogán","BRE",1,85,12000,10,24,41,16,28,57,23,29,79,23,6,29,14,9,14,12,1,3,2,17,26,98,5,-1,0,13,0,85,84,3,1805,3,10,15,30,9,50,9
2071149,1,"Liga Nacional","Liga Endesa",-402534000,NA,"https://www.acb.com/Documentos/Cabeceras/logo-competicion-1b.png","https://www.acb.com/Documentos/Cabeceras/logo-competicion-4a.png",88,2023,107,NA,NA,5651,103652,NA,NA,TRUE,4227,4227,2500,"Coviran Granada","Coviran Granada","COV",4237,2510,"Río Breogán","Río Breogán","BRE",1,84,12000,9,27,33,22,40,55,13,15,86,21,13,34,14,6,14,7,3,1,2,26,17,79,-5,-1,13,0,0,84,85,5,462,3,7,16,34,5,25,8
2073446,1,"Liga Nacional","Liga Endesa",-402534000,NA,"https://www.acb.com/Documentos/Cabeceras/logo-competicion-1b.png","https://www.acb.com/Documentos/Cabeceras/logo-competicion-4a.png",88,2023,107,NA,NA,5650,103641,NA,NA,FALSE,4235,4224,2497,"Unicaja","Unicaja","UNI",4235,2508,"UCAM Murcia","UCAM Murcia","UCM",1,71,12000,7,24,29,19,32,59,12,17,70,25,4,29,17,4,25,5,2,2,1,23,18,56,-125,-1,13,0,0,71,96,4,55,0,2,4,34,2,38,8
2073445,1,"Liga Nacional","Liga Endesa",-402534000,NA,"https://www.acb.com/Documentos/Cabeceras/logo-competicion-1b.png","https://www.acb.com/Documentos/Cabeceras/logo-competicion-4a.png",88,2023,107,NA,NA,5650,103641,NA,NA,TRUE,4224,4224,2497,"Unicaja","Unicaja","UNI",4235,2508,"UCAM Murcia","UCAM Murcia","UCM",1,96,12000,6,27,22,30,49,61,18,25,72,25,14,39,23,18,12,33,2,2,2,19,21,119,125,-1,0,13,0,96,71,0,2112,1,30,32,50,4,55,12
2073138,1,"Liga Nacional","Liga Endesa",-402534000,NA,"https://www.acb.com/Documentos/Cabeceras/logo-competicion-1b.png","https://www.acb.com/Documentos/Cabeceras/logo-competicion-4a.png",88,2023,107,NA,NA,5650,103640,NA,NA,FALSE,4236,4233,2506,"Baskonia","Baskonia","BKN",4236,2509,"Bàsquet Girona","Bàsquet Girona","GIR",1,96,12000,11,28,39,19,40,47,25,32,78,26,15,41,22,10,14,8,0,2,4,23,23,108,20,-1,0,13,0,96,92,4,2318,1,14,7,36,14,24,7
2073137,1,"Liga Nacional","Liga Endesa",-402534000,NA,"https://www.acb.com/Documentos/Cabeceras/logo-competicion-1b.png","https://www.acb.com/Documentos/Cabeceras/logo-competicion-4a.png",88,2023,107,NA,NA,5650,103640,NA,NA,TRUE,4233,4233,2506,"Baskonia","Baskonia","BKN",4236,2509,"Bàsquet Girona","Bàsquet Girona","GIR",1,92,12000,13,36,36,15,24,62,23,28,82,25,3,28,18,7,14,20,2,0,1,24,23,95,-20,-1,13,0,0,92,96,3,40,0,2,9,28,0,43,8
2073165,1,"Liga Nacional","Liga Endesa",-402534000,NA,"https://www.acb.com/Documentos/Cabeceras/logo-competicion-1b.png","https://www.acb.com/Documentos/Cabeceras/logo-competicion-4a.png",88,2023,107,NA,NA,5650,103654,NA,NA,TRUE,4238,4238,2511,"Barça","Barça","BAR",4229,2502,"Dreamland Gran Canaria","Dreamland GC","DGC",1,95,13500,10,29,34,23,37,62,19,23,82,25,14,39,18,9,21,9,0,3,5,22,24,102,30,-1,0,13,0,95,89,5,738,5,9,16,44,10,39,13
2073166,1,"Liga Nacional","Liga Endesa",-402534000,NA,"https://www.acb.com/Documentos/Cabeceras/logo-competicion-1b.png","https://www.acb.com/Documentos/Cabeceras/logo-competicion-4a.png",88,2023,107,NA,NA,5650,103654,NA,NA,FALSE,4229,4238,2511,"Barça","Barça","BAR",4229,2502,"Dreamland Gran Canaria","Dreamland GC","DGC",1,89,13500,11,30,36,21,39,53,14,17,82,20,10,30,20,11,16,2,3,0,1,24,22,95,-30,-1,13,0,0,89,95,6,1621,4,20,12,36,9,28,12
2073110,1,"Liga Nacional","Liga Endesa",-402534000,NA,"https://www.acb.com/Documentos/Cabeceras/logo-competicion-1b.png","https://www.acb.com/Documentos/Cabeceras/logo-competicion-4a.png",88,2023,107,NA,NA,5650,103656,NA,NA,FALSE,4231,4237,2510,"Río Breogán","Río Breogán","BRE",4231,2605,"Lenovo Tenerife","Lenovo Tenerife","LNT",1,54,12000,5,20,25,12,33,36,15,18,83,22,10,32,10,7,17,0,1,5,0,21,22,44,-110,-1,13,0,0,54,76,3,0,2,2,4,14,2,27,10
2073109,1,"Liga Nacional","Liga Endesa",-402534000,NA,"https://www.acb.com/Documentos/Cabeceras/logo-competicion-1b.png","https://www.acb.com/Documentos/Cabeceras/logo-competicion-4a.png",88,2023,107,NA,NA,5650,103656,NA,NA,TRUE,4237,4237,2510,"Río Breogán","Río Breogán","BRE",4231,2605,"Lenovo Tenerife","Lenovo Tenerife","LNT",1,76,12000,11,28,39,19,32,59,5,11,45,26,9,35,14,6,13,6,5,1,1,24,19,81,110,-1,0,13,0,76,54,2,2213,3,29,24,34,8,36,14
2072829,1,"Liga Nacional","Liga Endesa",-402534000,NA,"https://www.acb.com/Documentos/Cabeceras/logo-competicion-1b.png","https://www.acb.com/Documentos/Cabeceras/logo-competicion-4a.png",88,2023,107,NA,NA,5650,103639,NA,NA,TRUE,4239,4239,2512,"Real Madrid","Real Madrid","RMB",4227,2500,"Coviran Granada","Coviran Granada","COV",1,94,12000,11,26,42,20,28,71,21,22,95,30,3,33,23,5,14,4,7,1,4,17,19,125,70,-1,0,13,0,94,80,2,2354,1,22,7,34,8,41,7
2072830,1,"Liga Nacional","Liga Endesa",-402534000,NA,"https://www.acb.com/Documentos/Cabeceras/logo-competicion-1b.png","https://www.acb.com/Documentos/Cabeceras/logo-competicion-4a.png",88,2023,107,NA,NA,5650,103639,NA,NA,FALSE,4227,4239,2512,"Real Madrid","Real Madrid","RMB",4227,2500,"Coviran Granada","Coviran Granada","COV",1,80,12000,10,32,31,20,39,51,10,12,83,17,12,29,23,9,9,6,2,7,2,19,17,82,-70,-1,13,0,0,80,94,4,0,1,1,9,34,11,49,7
2072858,1,"Liga Nacional","Liga Endesa",-402534000,NA,"https://www.acb.com/Documentos/Cabeceras/logo-competicion-1b.png","https://www.acb.com/Documentos/Cabeceras/logo-competicion-4a.png",88,2023,107,NA,NA,5650,103643,NA,NA,FALSE,4232,4234,2507,"Casademont Zaragoza","Casademont Zgz","CAZ",4232,2505,"BAXI Manresa","BAXI Manresa","BAX",1,80,12000,12,39,30,16,35,45,12,17,70,23,12,35,18,11,14,17,1,3,5,36,17,58,-50,-1,13,0,0,80,90,4,8,0,3,17,28,4,30,9
2072857,1,"Liga Nacional","Liga Endesa",-402534000,NA,"https://www.acb.com/Documentos/Cabeceras/logo-competicion-1b.png","https://www.acb.com/Documentos/Cabeceras/logo-competicion-4a.png",88,2023,107,NA,NA,5650,103643,NA,NA,TRUE,4234,4234,2507,"Casademont Zaragoza","Casademont Zgz","CAZ",4232,2505,"BAXI Manresa","BAXI Manresa","BAX",1,90,12000,9,15,60,18,39,46,27,48,56,33,13,46,18,8,18,4,3,0,3,19,34,114,50,-1,0,13,0,90,80,3,2215,1,17,6,30,8,24,7
2072550,1,"Liga Nacional","Liga Endesa",-402534000,NA,"https://www.acb.com/Documentos/Cabeceras/logo-competicion-1b.png","https://www.acb.com/Documentos/Cabeceras/logo-competicion-4a.png",88,2023,107,NA,NA,5650,103642,NA,NA,FALSE,4240,4226,2499,"Monbus Obradoiro","Monbus Obra","MOB",4240,2513,"MoraBanc Andorra","MoraBanc And","MBA",1,89,12000,9,27,33,24,37,64,14,20,70,17,9,26,15,4,9,5,1,6,2,20,20,83,-60,-1,13,0,0,89,101,4,382,2,8,12,40,7,22,7
2072549,1,"Liga Nacional","Liga Endesa",-402534000,NA,"https://www.acb.com/Documentos/Cabeceras/logo-competicion-1b.png","https://www.acb.com/Documentos/Cabeceras/logo-competicion-4a.png",88,2023,107,NA,NA,5650,103642,NA,NA,TRUE,4226,4226,2499,"Monbus Obradoiro","Monbus Obra","MOB",4240,2513,"MoraBanc Andorra","MoraBanc And","MBA",1,101,12000,13,31,41,21,38,55,20,24,83,25,17,42,18,6,8,6,6,1,0,20,20,125,60,-1,0,13,0,101,89,2,1877,3,22,4,30,18,30,10
2072606,1,"Liga Nacional","Liga Endesa",-402534000,NA,"https://www.acb.com/Documentos/Cabeceras/logo-competicion-1b.png","https://www.acb.com/Documentos/Cabeceras/logo-competicion-4a.png",88,2023,107,NA,NA,5650,103673,NA,NA,FALSE,4230,4228,2501,"Valencia Basket","Valencia Basket","VBC",4230,2503,"Joventut Badalona","Joventut","JOV",1,76,12000,13,34,38,12,31,38,13,18,72,26,12,38,11,7,19,7,1,1,0,26,22,64,-35,-1,13,0,0,76,83,5,545,2,10,4,24,10,40,9
2072605,1,"Liga Nacional","Liga Endesa",-402534000,NA,"https://www.acb.com/Documentos/Cabeceras/logo-competicion-1b.png","https://www.acb.com/Documentos/Cabeceras/logo-competicion-4a.png",88,2023,107,NA,NA,5650,103673,NA,NA,TRUE,4228,4228,2501,"Valencia Basket","Valencia Basket","VBC",4230,2503,"Joventut Badalona","Joventut","JOV",1,83,12000,5,24,20,25,43,58,18,24,75,29,11,40,20,12,17,8,1,1,1,22,26,99,35,-1,0,13,0,83,76,1,1566,2,9,10,42,8,35,10
2072409,1,"Liga Nacional","Liga Endesa",-402534000,NA,"https://www.acb.com/Documentos/Cabeceras/logo-competicion-1b.png","https://www.acb.com/Documentos/Cabeceras/logo-competicion-4a.png",88,2023,107,NA,NA,5650,103644,NA,NA,TRUE,4225,4225,2498,"Surne Bilbao Basket","Surne Bilbao","SBB",4241,2514,"Zunder Palencia","Zunder Palencia","ZPA",1,80,12000,3,26,11,26,44,59,19,23,82,22,16,38,11,5,12,6,2,2,7,18,25,84,-85,-1,13,0,0,80,97,3,0,0,0,4,48,19,25,6
2072410,1,"Liga Nacional","Liga Endesa",-402534000,NA,"https://www.acb.com/Documentos/Cabeceras/logo-competicion-1b.png","https://www.acb.com/Documentos/Cabeceras/logo-competicion-4a.png",88,2023,107,NA,NA,5650,103644,NA,NA,FALSE,4241,4225,2498,"Surne Bilbao Basket","Surne Bilbao","SBB",4241,2514,"Zunder Palencia","Zunder Palencia","ZPA",1,97,12000,11,20,55,27,47,57,10,13,76,26,8,34,21,7,10,6,2,2,3,25,18,110,85,-1,0,13,0,97,80,2,2288,0,22,9,44,11,44,8
2074675,1,"Liga Nacional","Liga Endesa",-402534000,NA,"https://www.acb.com/Documentos/Cabeceras/logo-competicion-1b.png","https://www.acb.com/Documentos/Cabeceras/logo-competicion-4a.png",88,2023,107,NA,NA,5673,103665,NA,NA,FALSE,4236,4229,2502,"Dreamland Gran Canaria","Dreamland GC","DGC",4236,2509,"Bàsquet Girona","Bàsquet Girona","GIR",1,86,12000,7,24,29,27,39,69,11,16,68,26,10,36,18,6,13,5,3,4,2,20,20,98,40,-1,0,13,0,86,78,3,599,3,8,6,54,8,31,10
2074674,1,"Liga Nacional","Liga Endesa",-402534000,NA,"https://www.acb.com/Documentos/Cabeceras/logo-competicion-1b.png","https://www.acb.com/Documentos/Cabeceras/logo-competicion-4a.png",88,2023,107,NA,NA,5673,103665,NA,NA,TRUE,4229,4229,2502,"Dreamland Gran Canaria","Dreamland GC","DGC",4236,2509,"Bàsquet Girona","Bàsquet Girona","GIR",1,78,12000,12,31,38,15,32,46,12,16,75,21,10,31,16,7,13,5,5,3,2,20,20,81,-40,-1,13,0,0,78,86,3,1664,2,8,8,24,5,35,11
2074563,1,"Liga Nacional","Liga Endesa",-402534000,NA,"https://www.acb.com/Documentos/Cabeceras/logo-competicion-1b.png","https://www.acb.com/Documentos/Cabeceras/logo-competicion-4a.png",88,2023,107,NA,NA,5673,103666,NA,NA,FALSE,4239,4228,2501,"Valencia Basket","Valencia Basket","VBC",4239,2512,"Real Madrid","Real Madrid","RMB",1,93,12000,12,39,30,20,36,55,17,26,65,22,14,36,18,9,10,11,4,0,3,18,23,103,-30,-1,13,0,0,93,99,3,733,10,6,16,38,15,42,8
2074562,1,"Liga Nacional","Liga Endesa",-402534000,NA,"https://www.acb.com/Documentos/Cabeceras/logo-competicion-1b.png","https://www.acb.com/Documentos/Cabeceras/logo-competicion-4a.png",88,2023,107,NA,NA,5673,103666,NA,NA,TRUE,4228,4228,2501,"Valencia Basket","Valencia Basket","VBC",4239,2512,"Real Madrid","Real Madrid","RMB",1,99,12000,15,21,71,17,43,39,20,26,76,30,9,39,22,3,15,8,0,4,2,24,17,99,30,-1,0,13,0,99,93,2,1211,11,9,9,28,6,25,10
2074451,1,"Liga Nacional","Liga Endesa",-402534000,NA,"https://www.acb.com/Documentos/Cabeceras/logo-competicion-1b.png","https://www.acb.com/Documentos/Cabeceras/logo-competicion-4a.png",88,2023,107,NA,NA,5673,103667,NA,NA,FALSE,4227,4234,2507,"Casademont Zaragoza","Casademont Zgz","CAZ",4227,2500,"Coviran Granada","Coviran Granada","COV",1,84,12000,8,31,25,20,43,46,20,26,76,21,17,38,18,6,8,2,2,1,3,27,22,82,35,-1,0,13,0,84,77,3,894,1,7,6,34,12,23,7
2074450,1,"Liga Nacional","Liga Endesa",-402534000,NA,"https://www.acb.com/Documentos/Cabeceras/logo-competicion-1b.png","https://www.acb.com/Documentos/Cabeceras/logo-competicion-4a.png",88,2023,107,NA,NA,5673,103667,NA,NA,TRUE,4234,4234,2507,"Casademont Zaragoza","Casademont Zgz","CAZ",4227,2500,"Coviran Granada","Coviran Granada","COV",1,77,12000,5,19,26,22,39,56,18,24,75,31,10,41,12,4,17,4,1,2,0,23,27,83,-35,-1,13,0,0,77,84,4,1183,0,9,2,40,5,25,7
2074366,1,"Liga Nacional","Liga Endesa",-402534000,NA,"https://www.acb.com/Documentos/Cabeceras/logo-competicion-1b.png","https://www.acb.com/Documentos/Cabeceras/logo-competicion-4a.png",88,2023,107,NA,NA,5673,103668,NA,NA,TRUE,4237,4237,2510,"Río Breogán","Río Breogán","BRE",4240,2513,"MoraBanc Andorra","MoraBanc And","MBA",1,97,12000,13,25,52,19,35,54,20,27,74,24,9,33,20,8,11,25,5,6,4,23,24,112,25,-1,0,13,0,97,92,4,2317,1,17,16,32,7,46,8
2074367,1,"Liga Nacional","Liga Endesa",-402534000,NA,"https://www.acb.com/Documentos/Cabeceras/logo-competicion-1b.png","https://www.acb.com/Documentos/Cabeceras/logo-competicion-4a.png",88,2023,107,NA,NA,5673,103668,NA,NA,FALSE,4240,4237,2510,"Río Breogán","Río Breogán","BRE",4240,2513,"MoraBanc Andorra","MoraBanc And","MBA",1,92,12000,9,23,39,22,43,51,21,26,80,20,14,34,19,8,12,8,6,6,4,25,23,99,-25,-1,13,0,0,92,97,4,0,0,2,8,40,9,38,8
2074199,1,"Liga Nacional","Liga Endesa",-402534000,NA,"https://www.acb.com/Documentos/Cabeceras/logo-competicion-1b.png","https://www.acb.com/Documentos/Cabeceras/logo-competicion-4a.png",88,2023,107,NA,NA,5673,103671,NA,NA,FALSE,4224,4238,2511,"Barça","Barça","BAR",4224,2497,"Unicaja","Unicaja","UNI",1,92,12000,8,26,30,32,54,59,4,7,57,24,16,40,25,8,8,3,3,1,2,23,17,110,5,-1,0,13,0,92,91,2,230,5,4,9,54,18,59,9
2074198,1,"Liga Nacional","Liga Endesa",-402534000,NA,"https://www.acb.com/Documentos/Cabeceras/logo-competicion-1b.png","https://www.acb.com/Documentos/Cabeceras/logo-competicion-4a.png",88,2023,107,NA,NA,5673,103671,NA,NA,TRUE,4238,4238,2511,"Barça","Barça","BAR",4224,2497,"Unicaja","Unicaja","UNI",1,91,12000,11,21,52,19,38,50,20,24,83,22,7,29,22,6,12,11,1,2,1,18,23,107,-5,-1,13,0,0,91,92,4,1712,4,13,7,28,9,37,12
2074115,1,"Liga Nacional","Liga Endesa",-402534000,NA,"https://www.acb.com/Documentos/Cabeceras/logo-competicion-1b.png","https://www.acb.com/Documentos/Cabeceras/logo-competicion-4a.png",88,2023,107,NA,NA,5673,103669,NA,NA,FALSE,4235,4233,2506,"Baskonia","Baskonia","BKN",4235,2508,"UCAM Murcia","UCAM Murcia","UCM",1,79,12000,11,33,33,19,38,50,8,11,72,23,9,32,18,8,6,15,2,3,4,22,13,77,-75,-1,13,0,0,79,94,3,278,4,3,8,32,9,37,12
2074114,1,"Liga Nacional","Liga Endesa",-402534000,NA,"https://www.acb.com/Documentos/Cabeceras/logo-competicion-1b.png","https://www.acb.com/Documentos/Cabeceras/logo-competicion-4a.png",88,2023,107,NA,NA,5673,103669,NA,NA,TRUE,4233,4233,2506,"Baskonia","Baskonia","BKN",4235,2508,"UCAM Murcia","UCAM Murcia","UCM",1,94,12000,15,29,51,20,36,55,9,17,52,31,7,38,23,3,8,5,3,2,0,13,22,122,75,-1,0,13,0,94,79,3,1703,5,17,8,34,10,20,15
2073947,1,"Liga Nacional","Liga Endesa",-402534000,NA,"https://www.acb.com/Documentos/Cabeceras/logo-competicion-1b.png","https://www.acb.com/Documentos/Cabeceras/logo-competicion-4a.png",88,2023,107,NA,NA,5673,103670,NA,NA,TRUE,4230,4230,2503,"Joventut Badalona","Joventut","JOV",4231,2605,"Lenovo Tenerife","Lenovo Tenerife","LNT",1,96,12000,11,29,37,21,34,61,21,35,60,24,9,33,23,9,7,6,3,1,2,18,26,119,40,-1,0,13,0,96,88,4,2117,2,32,16,40,6,49,17
2073948,1,"Liga Nacional","Liga Endesa",-402534000,NA,"https://www.acb.com/Documentos/Cabeceras/logo-competicion-1b.png","https://www.acb.com/Documentos/Cabeceras/logo-competicion-4a.png",88,2023,107,NA,NA,5673,103670,NA,NA,FALSE,4231,4230,2503,"Joventut Badalona","Joventut","JOV",4231,2605,"Lenovo Tenerife","Lenovo Tenerife","LNT",1,88,12000,14,31,45,17,32,53,12,15,80,31,6,37,18,6,16,7,2,3,3,28,18,87,-40,-1,13,0,0,88,96,3,143,2,4,5,28,8,34,11
2073781,1,"Liga Nacional","Liga Endesa",-402534000,NA,"https://www.acb.com/Documentos/Cabeceras/logo-competicion-1b.png","https://www.acb.com/Documentos/Cabeceras/logo-competicion-4a.png",88,2023,107,NA,NA,5673,103672,NA,NA,TRUE,4232,4232,2505,"BAXI Manresa","BAXI Manresa","BAX",4225,2498,"Surne Bilbao Basket","Surne Bilbao","SBB",1,90,12000,11,37,29,19,33,57,19,24,79,26,18,44,21,9,16,9,3,3,3,20,25,108,45,-1,0,13,0,90,81,2,2223,2,15,7,30,15,47,11
2073782,1,"Liga Nacional","Liga Endesa",-402534000,NA,"https://www.acb.com/Documentos/Cabeceras/logo-competicion-1b.png","https://www.acb.com/Documentos/Cabeceras/logo-competicion-4a.png",88,2023,107,NA,NA,5673,103672,NA,NA,FALSE,4225,4232,2505,"BAXI Manresa","BAXI Manresa","BAX",4225,2498,"Surne Bilbao Basket","Surne Bilbao","SBB",1,81,12000,7,23,30,21,33,63,18,23,78,21,3,24,15,12,17,4,3,3,2,25,20,77,-45,-1,12,0,0,81,90,3,90,1,3,13,42,2,52,9
2073697,1,"Liga Nacional","Liga Endesa",-402534000,NA,"https://www.acb.com/Documentos/Cabeceras/logo-competicion-1b.png","https://www.acb.com/Documentos/Cabeceras/logo-competicion-4a.png",88,2023,107,NA,NA,5673,103657,NA,NA,TRUE,4241,4241,2514,"Zunder Palencia","Zunder Palencia","ZPA",4226,2499,"Monbus Obradoiro","Monbus Obra","MOB",1,75,12000,11,30,36,15,32,46,12,20,60,22,6,28,16,4,11,12,1,2,1,29,22,60,-30,-1,13,0,0,75,81,4,1161,3,8,2,22,5,35,8
2073698,1,"Liga Nacional","Liga Endesa",-402534000,NA,"https://www.acb.com/Documentos/Cabeceras/logo-competicion-1b.png","https://www.acb.com/Documentos/Cabeceras/logo-competicion-4a.png",88,2023,107,NA,NA,5673,103657,NA,NA,FALSE,4226,4241,2514,"Zunder Palencia","Zunder Palencia","ZPA",4226,2499,"Monbus Obradoiro","Monbus Obra","MOB",1,81,12000,11,30,36,12,30,40,24,26,92,29,13,42,14,4,13,3,2,1,1,22,27,95,30,-1,0,13,0,81,75,4,867,3,9,6,18,10,11,10
2075149,1,"Liga Nacional","Liga Endesa",-402534000,NA,"https://www.acb.com/Documentos/Cabeceras/logo-competicion-1b.png","https://www.acb.com/Documentos/Cabeceras/logo-competicion-4a.png",88,2023,107,NA,NA,5682,103658,NA,NA,FALSE,4229,4227,2500,"Coviran Granada","Coviran Granada","COV",4229,2502,"Dreamland Gran Canaria","Dreamland GC","DGC",1,67,12000,11,35,31,14,31,45,6,10,60,24,9,33,15,9,9,14,3,3,1,26,20,64,-35,-1,13,0,0,67,74,3,1300,3,16,10,22,3,35,10
2075148,1,"Liga Nacional","Liga Endesa",-402534000,NA,"https://www.acb.com/Documentos/Cabeceras/logo-competicion-1b.png","https://www.acb.com/Documentos/Cabeceras/logo-competicion-4a.png",88,2023,107,NA,NA,5682,103658,NA,NA,TRUE,4227,4227,2500,"Coviran Granada","Coviran Granada","COV",4229,2502,"Dreamland Gran Canaria","Dreamland GC","DGC",1,74,12000,8,24,33,14,29,48,22,26,84,32,10,42,8,4,15,7,3,3,3,20,26,84,35,-1,0,13,0,74,67,3,743,4,10,10,26,9,33,13
2075066,1,"Liga Nacional","Liga Endesa",-402534000,NA,"https://www.acb.com/Documentos/Cabeceras/logo-competicion-1b.png","https://www.acb.com/Documentos/Cabeceras/logo-competicion-4a.png",88,2023,107,NA,NA,5682,103659,NA,NA,FALSE,4233,4239,2512,"Real Madrid","Real Madrid","RMB",4233,2506,"Baskonia","Baskonia","BKN",1,100,12000,16,41,39,22,42,52,8,13,61,13,18,31,19,7,7,17,0,6,4,22,18,90,-30,-1,12,0,0,100,106,5,2,2,1,17,40,14,44,6
2075065,1,"Liga Nacional","Liga Endesa",-402534000,NA,"https://www.acb.com/Documentos/Cabeceras/logo-competicion-1b.png","https://www.acb.com/Documentos/Cabeceras/logo-competicion-4a.png",88,2023,107,NA,NA,5682,103659,NA,NA,TRUE,4239,4239,2512,"Real Madrid","Real Madrid","RMB",4233,2506,"Baskonia","Baskonia","BKN",1,106,12000,12,23,52,27,36,75,16,20,80,28,6,34,23,3,12,9,6,0,12,18,21,139,30,-1,0,13,0,106,100,2,2237,2,13,4,50,8,50,12
2074955,1,"Liga Nacional","Liga Endesa",-402534000,NA,"https://www.acb.com/Documentos/Cabeceras/logo-competicion-1b.png","https://www.acb.com/Documentos/Cabeceras/logo-competicion-4a.png",88,2023,107,NA,NA,5682,103660,NA,NA,FALSE,4230,4226,2499,"Monbus Obradoiro","Monbus Obra","MOB",4230,2503,"Joventut Badalona","Joventut","JOV",1,71,12000,7,27,25,17,35,48,16,21,76,18,17,35,19,3,13,7,3,5,1,20,19,69,-130,-1,13,0,0,71,97,5,744,0,9,9,30,12,31,6
2074954,1,"Liga Nacional","Liga Endesa",-402534000,NA,"https://www.acb.com/Documentos/Cabeceras/logo-competicion-1b.png","https://www.acb.com/Documentos/Cabeceras/logo-competicion-4a.png",88,2023,107,NA,NA,5682,103660,NA,NA,TRUE,4226,4226,2499,"Monbus Obradoiro","Monbus Obra","MOB",4230,2503,"Joventut Badalona","Joventut","JOV",1,97,12000,10,31,32,27,38,71,13,16,81,24,16,40,13,9,9,7,6,3,1,20,20,118,130,-1,0,13,0,97,71,3,1451,1,30,9,48,19,41,9
2074982,1,"Liga Nacional","Liga Endesa",-402534000,NA,"https://www.acb.com/Documentos/Cabeceras/logo-competicion-1b.png","https://www.acb.com/Documentos/Cabeceras/logo-competicion-4a.png",88,2023,107,NA,NA,5682,103661,NA,NA,TRUE,4225,4225,2498,"Surne Bilbao Basket","Surne Bilbao","SBB",4238,2511,"Barça","Barça","BAR",1,68,12000,3,21,14,20,37,54,19,25,76,31,9,40,8,9,15,4,0,2,3,20,20,67,-20,-1,12,0,0,68,72,2,259,6,3,8,36,7,35,7
2074983,1,"Liga Nacional","Liga Endesa",-402534000,NA,"https://www.acb.com/Documentos/Cabeceras/logo-competicion-1b.png","https://www.acb.com/Documentos/Cabeceras/logo-competicion-4a.png",88,2023,107,NA,NA,5682,103661,NA,NA,FALSE,4238,4225,2498,"Surne Bilbao Basket","Surne Bilbao","SBB",4238,2511,"Barça","Barça","BAR",1,72,12000,6,26,23,20,39,51,14,18,77,27,9,36,16,9,13,6,2,0,3,20,20,79,20,-1,0,13,0,72,68,3,1676,6,13,10,32,7,41,8
2075037,1,"Liga Nacional","Liga Endesa",-402534000,NA,"https://www.acb.com/Documentos/Cabeceras/logo-competicion-1b.png","https://www.acb.com/Documentos/Cabeceras/logo-competicion-4a.png",88,2023,107,NA,NA,5682,103662,NA,NA,TRUE,4240,4240,2513,"MoraBanc Andorra","MoraBanc And","MBA",4228,2501,"Valencia Basket","Valencia Basket","VBC",1,99,12000,10,20,50,26,40,65,17,26,65,29,7,36,20,12,12,9,2,1,2,21,23,125,140,-1,0,13,0,99,71,1,2018,3,41,23,40,9,55,16
2075038,1,"Liga Nacional","Liga Endesa",-402534000,NA,"https://www.acb.com/Documentos/Cabeceras/logo-competicion-1b.png","https://www.acb.com/Documentos/Cabeceras/logo-competicion-4a.png",88,2023,107,NA,NA,5682,103662,NA,NA,FALSE,4228,4240,2513,"MoraBanc Andorra","MoraBanc And","MBA",4228,2501,"Valencia Basket","Valencia Basket","VBC",1,71,12000,12,27,44,11,30,36,13,18,72,20,7,27,19,7,19,5,1,2,4,24,20,61,-140,-1,13,0,0,71,99,5,238,2,4,8,22,4,38,9
2075177,1,"Liga Nacional","Liga Endesa",-402534000,NA,"https://www.acb.com/Documentos/Cabeceras/logo-competicion-1b.png","https://www.acb.com/Documentos/Cabeceras/logo-competicion-4a.png",88,2023,107,NA,NA,5682,103663,NA,NA,FALSE,4234,4236,2509,"Bàsquet Girona","Bàsquet Girona","GIR",4234,2507,"Casademont Zaragoza","Casademont Zgz","CAZ",1,89,12000,13,35,37,19,39,48,12,15,80,24,14,38,21,12,9,11,5,5,2,18,20,108,50,-1,0,13,0,89,79,2,1544,2,12,20,36,6,42,15
2075176,1,"Liga Nacional","Liga Endesa",-402534000,NA,"https://www.acb.com/Documentos/Cabeceras/logo-competicion-1b.png","https://www.acb.com/Documentos/Cabeceras/logo-competicion-4a.png",88,2023,107,NA,NA,5682,103663,NA,NA,TRUE,4236,4236,2509,"Bàsquet Girona","Bàsquet Girona","GIR",4234,2507,"Casademont Zaragoza","Casademont Zgz","CAZ",1,79,12000,14,34,41,11,22,50,15,16,93,25,7,32,20,6,16,14,5,5,1,20,18,87,-50,-1,13,0,0,79,89,4,709,2,10,6,20,7,28,12
2075010,1,"Liga Nacional","Liga Endesa",-402534000,NA,"https://www.acb.com/Documentos/Cabeceras/logo-competicion-1b.png","https://www.acb.com/Documentos/Cabeceras/logo-competicion-4a.png",88,2023,107,NA,NA,5682,103664,NA,NA,FALSE,4232,4231,2605,"Lenovo Tenerife","Lenovo Tenerife","LNT",4232,2505,"BAXI Manresa","BAXI Manresa","BAX",1,80,12000,10,26,38,21,44,47,8,14,57,23,21,44,22,3,16,7,3,6,2,24,17,78,-20,-1,13,0,0,80,84,3,91,2,4,3,34,4,38,7
2075009,1,"Liga Nacional","Liga Endesa",-402534000,NA,"https://www.acb.com/Documentos/Cabeceras/logo-competicion-1b.png","https://www.acb.com/Documentos/Cabeceras/logo-competicion-4a.png",88,2023,107,NA,NA,5682,103664,NA,NA,TRUE,4231,4231,2605,"Lenovo Tenerife","Lenovo Tenerife","LNT",4232,2505,"BAXI Manresa","BAXI Manresa","BAX",1,84,12000,9,30,30,20,33,60,17,23,73,18,10,28,16,11,6,0,6,2,0,17,24,104,20,-1,0,13,0,84,80,3,2148,3,10,11,30,5,29,7
2075121,1,"Liga Nacional","Liga Endesa",-402534000,NA,"https://www.acb.com/Documentos/Cabeceras/logo-competicion-1b.png","https://www.acb.com/Documentos/Cabeceras/logo-competicion-4a.png",88,2023,107,NA,NA,5682,103790,NA,NA,FALSE,4237,4235,2508,"UCAM Murcia","UCAM Murcia","UCM",4237,2510,"Río Breogán","Río Breogán","BRE",1,61,12000,6,23,26,17,34,50,9,14,64,29,9,38,12,8,20,4,3,2,1,19,18,60,-35,-1,13,0,0,61,68,2,0,0,0,6,28,4,27,6
2075120,1,"Liga Nacional","Liga Endesa",-402534000,NA,"https://www.acb.com/Documentos/Cabeceras/logo-competicion-1b.png","https://www.acb.com/Documentos/Cabeceras/logo-competicion-4a.png",88,2023,107,NA,NA,5682,103790,NA,NA,TRUE,4235,4235,2508,"UCAM Murcia","UCAM Murcia","UCM",4237,2510,"Río Breogán","Río Breogán","BRE",1,68,12000,11,34,32,14,32,43,7,10,70,26,10,36,14,12,15,5,2,3,0,18,19,71,35,-1,0,13,0,68,61,2,2373,0,15,14,28,6,34,10
2075093,1,"Liga Nacional","Liga Endesa",-402534000,NA,"https://www.acb.com/Documentos/Cabeceras/logo-competicion-1b.png","https://www.acb.com/Documentos/Cabeceras/logo-competicion-4a.png",88,2023,107,NA,NA,5682,103867,NA,NA,FALSE,4241,4224,2497,"Unicaja","Unicaja","UNI",4241,2514,"Zunder Palencia","Zunder Palencia","ZPA",1,69,12000,7,25,28,19,38,50,10,11,90,21,8,29,21,13,15,5,3,2,4,18,14,76,-120,-1,13,0,0,69,93,4,678,3,5,7,32,5,43,9
2075092,1,"Liga Nacional","Liga Endesa",-402534000,NA,"https://www.acb.com/Documentos/Cabeceras/logo-competicion-1b.png","https://www.acb.com/Documentos/Cabeceras/logo-competicion-4a.png",88,2023,107,NA,NA,5682,103867,NA,NA,TRUE,4224,4224,2497,"Unicaja","Unicaja","UNI",4241,2514,"Zunder Palencia","Zunder Palencia","ZPA",1,93,12000,17,33,51,14,27,51,14,16,87,28,9,37,25,8,17,11,2,3,1,14,18,118,120,-1,0,13,0,93,69,1,1429,4,33,15,26,10,72,18
2076869,1,"Liga Nacional","Liga Endesa",-402534000,NA,"https://www.acb.com/Documentos/Cabeceras/logo-competicion-1b.png","https://www.acb.com/Documentos/Cabeceras/logo-competicion-4a.png",88,2023,111,293,353,5776,104025,NA,NA,FALSE,4231,4238,2511,"Barça","Barça","BAR",4231,2605,"Lenovo Tenerife","Lenovo Tenerife","LNT",1,86,12000,11,34,32,20,39,51,13,18,72,23,12,35,19,4,8,4,2,3,1,19,21,90,-50,-1,13,0,0,86,96,3,204,5,3,5,34,8,12,10
2076868,1,"Liga Nacional","Liga Endesa",-402534000,NA,"https://www.acb.com/Documentos/Cabeceras/logo-competicion-1b.png","https://www.acb.com/Documentos/Cabeceras/logo-competicion-4a.png",88,2023,111,293,353,5776,104025,NA,NA,TRUE,4238,4238,2511,"Barça","Barça","BAR",4231,2605,"Lenovo Tenerife","Lenovo Tenerife","LNT",1,96,12000,13,26,50,25,44,56,7,9,77,30,9,39,25,4,11,11,3,2,1,23,18,115,50,-1,0,13,0,96,86,3,1821,5,16,12,36,4,43,10
2076702,1,"Liga Nacional","Liga Endesa",-402534000,NA,"https://www.acb.com/Documentos/Cabeceras/logo-competicion-1b.png","https://www.acb.com/Documentos/Cabeceras/logo-competicion-4a.png",88,2023,111,293,354,5776,104024,NA,NA,FALSE,4235,4228,2501,"Valencia Basket","Valencia Basket","VBC",4235,2508,"UCAM Murcia","UCAM Murcia","UCM",1,96,12000,10,26,38,25,37,67,16,22,72,30,9,39,20,8,16,14,4,1,2,20,17,113,50,-1,0,13,0,96,86,3,2351,1,21,10,42,8,44,12
2076701,1,"Liga Nacional","Liga Endesa",-402534000,NA,"https://www.acb.com/Documentos/Cabeceras/logo-competicion-1b.png","https://www.acb.com/Documentos/Cabeceras/logo-competicion-4a.png",88,2023,111,293,354,5776,104024,NA,NA,TRUE,4228,4228,2501,"Valencia Basket","Valencia Basket","VBC",4235,2508,"UCAM Murcia","UCAM Murcia","UCM",1,86,12000,6,28,21,25,51,49,18,26,69,20,21,41,15,11,12,10,1,4,2,18,20,84,-50,-1,13,0,0,86,96,5,0,0,2,16,42,27,40,8
2076395,1,"Liga Nacional","Liga Endesa",-402534000,NA,"https://www.acb.com/Documentos/Cabeceras/logo-competicion-1b.png","https://www.acb.com/Documentos/Cabeceras/logo-competicion-4a.png",88,2023,111,293,351,5776,104023,NA,NA,FALSE,4232,4224,2497,"Unicaja","Unicaja","UNI",4232,2505,"BAXI Manresa","BAXI Manresa","BAX",1,79,12000,14,31,45,14,33,42,9,14,64,27,15,42,22,7,23,6,1,6,2,21,18,78,-40,-1,13,0,0,79,87,4,1318,1,12,9,24,7,46,17
2076394,1,"Liga Nacional","Liga Endesa",-402534000,NA,"https://www.acb.com/Documentos/Cabeceras/logo-competicion-1b.png","https://www.acb.com/Documentos/Cabeceras/logo-competicion-4a.png",88,2023,111,293,351,5776,104023,NA,NA,TRUE,4224,4224,2497,"Unicaja","Unicaja","UNI",4232,2505,"BAXI Manresa","BAXI Manresa","BAX",1,87,12000,10,32,31,22,39,56,13,18,72,22,13,35,24,17,11,13,6,1,3,18,21,116,40,-1,0,13,0,87,79,2,887,2,13,15,40,21,42,12
2076229,1,"Liga Nacional","Liga Endesa",-402534000,NA,"https://www.acb.com/Documentos/Cabeceras/logo-competicion-1b.png","https://www.acb.com/Documentos/Cabeceras/logo-competicion-4a.png",88,2023,111,293,352,5776,104022,NA,NA,FALSE,4229,4239,2512,"Real Madrid","Real Madrid","RMB",4229,2502,"Dreamland Gran Canaria","Dreamland GC","DGC",1,70,12000,8,30,26,19,29,65,8,9,88,19,7,26,18,7,17,12,1,2,1,24,16,62,-175,-1,13,0,0,70,105,5,237,2,5,8,34,2,46,6
2076228,1,"Liga Nacional","Liga Endesa",-402534000,NA,"https://www.acb.com/Documentos/Cabeceras/logo-competicion-1b.png","https://www.acb.com/Documentos/Cabeceras/logo-competicion-4a.png",88,2023,111,293,352,5776,104022,NA,NA,TRUE,4239,4239,2512,"Real Madrid","Real Madrid","RMB",4229,2502,"Dreamland Gran Canaria","Dreamland GC","DGC",1,105,12000,12,30,40,24,37,64,21,23,91,26,12,38,23,12,9,14,2,1,10,16,22,143,175,-1,0,13,0,105,70,2,1993,3,37,19,48,14,52,12
2077291,1,"Liga Nacional","Liga Endesa",-402534000,NA,"https://www.acb.com/Documentos/Cabeceras/logo-competicion-1b.png","https://www.acb.com/Documentos/Cabeceras/logo-competicion-4a.png",88,2023,111,293,353,5777,104029,NA,NA,FALSE,4238,4231,2605,"Lenovo Tenerife","Lenovo Tenerife","LNT",4238,2511,"Barça","Barça","BAR",1,97,12000,10,25,40,26,39,66,15,18,83,20,5,25,19,6,8,14,1,0,3,21,19,107,25,-1,0,13,0,97,92,3,1204,8,9,8,34,5,50,9
2077290,1,"Liga Nacional","Liga Endesa",-402534000,NA,"https://www.acb.com/Documentos/Cabeceras/logo-competicion-1b.png","https://www.acb.com/Documentos/Cabeceras/logo-competicion-4a.png",88,2023,111,293,353,5777,104029,NA,NA,TRUE,4231,4231,2605,"Lenovo Tenerife","Lenovo Tenerife","LNT",4238,2511,"Barça","Barça","BAR",1,92,12000,11,28,39,23,34,67,13,16,81,22,9,31,21,3,15,2,0,1,6,20,20,100,-25,-1,13,0,0,92,97,3,706,8,7,9,34,7,50,10
2077151,1,"Liga Nacional","Liga Endesa",-402534000,NA,"https://www.acb.com/Documentos/Cabeceras/logo-competicion-1b.png","https://www.acb.com/Documentos/Cabeceras/logo-competicion-4a.png",88,2023,111,293,354,5777,104028,NA,NA,FALSE,4228,4235,2508,"UCAM Murcia","UCAM Murcia","UCM",4228,2501,"Valencia Basket","Valencia Basket","VBC",1,83,12000,9,26,34,21,35,60,14,19,73,26,8,34,21,10,12,13,3,2,4,20,19,100,55,-1,0,13,0,83,72,3,2009,2,12,18,38,6,30,9
2077150,1,"Liga Nacional","Liga Endesa",-402534000,NA,"https://www.acb.com/Documentos/Cabeceras/logo-competicion-1b.png","https://www.acb.com/Documentos/Cabeceras/logo-competicion-4a.png",88,2023,111,293,354,5777,104028,NA,NA,TRUE,4235,4235,2508,"UCAM Murcia","UCAM Murcia","UCM",4228,2501,"Valencia Basket","Valencia Basket","VBC",1,72,12000,8,38,21,18,33,54,12,13,92,24,19,43,13,6,13,3,2,3,1,19,19,74,-55,-1,13,0,0,72,83,5,249,2,4,13,32,18,30,10
2077011,1,"Liga Nacional","Liga Endesa",-402534000,NA,"https://www.acb.com/Documentos/Cabeceras/logo-competicion-1b.png","https://www.acb.com/Documentos/Cabeceras/logo-competicion-4a.png",88,2023,111,293,351,5777,104027,NA,NA,FALSE,4224,4232,2505,"BAXI Manresa","BAXI Manresa","BAX",4224,2497,"Unicaja","Unicaja","UNI",1,86,12000,9,23,39,25,47,53,9,12,75,36,10,46,20,9,10,14,3,1,2,19,15,110,115,-1,0,13,0,86,63,0,1419,4,25,7,42,8,43,11
2077010,1,"Liga Nacional","Liga Endesa",-402534000,NA,"https://www.acb.com/Documentos/Cabeceras/logo-competicion-1b.png","https://www.acb.com/Documentos/Cabeceras/logo-competicion-4a.png",88,2023,111,293,351,5777,104027,NA,NA,TRUE,4232,4232,2505,"BAXI Manresa","BAXI Manresa","BAX",4224,2497,"Unicaja","Unicaja","UNI",1,63,12000,7,37,18,17,33,51,8,12,66,27,11,38,12,5,12,4,1,3,2,15,19,58,-115,-1,13,0,0,63,86,3,851,3,8,5,24,10,31,6
2076536,1,"Liga Nacional","Liga Endesa",-402534000,NA,"https://www.acb.com/Documentos/Cabeceras/logo-competicion-1b.png","https://www.acb.com/Documentos/Cabeceras/logo-competicion-4a.png",88,2023,111,293,352,5777,104026,NA,NA,TRUE,4229,4229,2502,"Dreamland Gran Canaria","Dreamland GC","DGC",4239,2512,"Real Madrid","Real Madrid","RMB",1,71,12000,11,31,35,15,33,45,8,11,72,24,8,32,15,9,7,10,2,7,2,18,15,71,-10,-1,13,0,0,71,73,5,39,3,1,4,24,9,27,9
2076537,1,"Liga Nacional","Liga Endesa",-402534000,NA,"https://www.acb.com/Documentos/Cabeceras/logo-competicion-1b.png","https://www.acb.com/Documentos/Cabeceras/logo-competicion-4a.png",88,2023,111,293,352,5777,104026,NA,NA,FALSE,4239,4229,2502,"Dreamland Gran Canaria","Dreamland GC","DGC",4239,2512,"Real Madrid","Real Madrid","RMB",1,73,12000,9,27,33,14,29,48,18,21,85,31,8,39,18,5,13,2,7,2,7,15,18,94,10,-1,0,13,0,73,71,3,2164,3,10,2,26,4,28,7
2077431,1,"Liga Nacional","Liga Endesa",-402534000,NA,"https://www.acb.com/Documentos/Cabeceras/logo-competicion-1b.png","https://www.acb.com/Documentos/Cabeceras/logo-competicion-4a.png",88,2023,111,293,354,5778,104032,NA,NA,FALSE,4235,4228,2501,"Valencia Basket","Valencia Basket","VBC",4235,2508,"UCAM Murcia","UCAM Murcia","UCM",1,84,12000,10,25,40,20,34,58,14,17,82,24,10,34,17,9,18,17,0,1,2,23,21,91,35,-1,0,13,0,84,77,1,841,2,13,13,34,10,36,10
2077430,1,"Liga Nacional","Liga Endesa",-402534000,NA,"https://www.acb.com/Documentos/Cabeceras/logo-competicion-1b.png","https://www.acb.com/Documentos/Cabeceras/logo-competicion-4a.png",88,2023,111,293,354,5778,104032,NA,NA,TRUE,4228,4228,2501,"Valencia Basket","Valencia Basket","VBC",4235,2508,"UCAM Murcia","UCAM Murcia","UCM",1,77,12000,7,19,36,19,40,47,18,26,69,19,12,31,16,7,16,7,1,0,3,21,22,76,-35,-1,13,0,0,77,84,3,1140,2,9,11,32,4,32,7
2077713,1,"Liga Nacional","Liga Endesa",-402534000,NA,"https://www.acb.com/Documentos/Cabeceras/logo-competicion-1b.png","https://www.acb.com/Documentos/Cabeceras/logo-competicion-4a.png",88,2023,111,292,364,5809,104038,NA,NA,FALSE,4238,4239,2512,"Real Madrid","Real Madrid","RMB",4238,2511,"Barça","Barça","BAR",1,78,12000,4,22,18,26,46,56,14,19,73,21,10,31,18,9,12,4,0,4,2,22,20,75,-95,-1,13,0,0,78,97,5,0,1,1,10,44,13,42,7
2077712,1,"Liga Nacional","Liga Endesa",-402534000,NA,"https://www.acb.com/Documentos/Cabeceras/logo-competicion-1b.png","https://www.acb.com/Documentos/Cabeceras/logo-competicion-4a.png",88,2023,111,292,364,5809,104038,NA,NA,TRUE,4239,4239,2512,"Real Madrid","Real Madrid","RMB",4238,2511,"Barça","Barça","BAR",1,97,12000,11,25,44,24,40,60,16,16,100,28,6,34,21,6,13,10,4,0,4,21,20,118,95,-1,0,13,0,97,78,3,2294,1,23,6,44,8,37,15
2077573,1,"Liga Nacional","Liga Endesa",-402534000,NA,"https://www.acb.com/Documentos/Cabeceras/logo-competicion-1b.png","https://www.acb.com/Documentos/Cabeceras/logo-competicion-4a.png",88,2023,111,292,363,5809,104037,NA,NA,FALSE,4235,4224,2497,"Unicaja","Unicaja","UNI",4235,2508,"UCAM Murcia","UCAM Murcia","UCM",1,88,12000,13,26,50,17,34,50,15,19,78,23,11,34,18,8,12,2,0,2,2,17,17,100,45,-1,0,13,0,88,79,3,1517,7,9,12,28,8,27,7
2077572,1,"Liga Nacional","Liga Endesa",-402534000,NA,"https://www.acb.com/Documentos/Cabeceras/logo-competicion-1b.png","https://www.acb.com/Documentos/Cabeceras/logo-competicion-4a.png",88,2023,111,292,363,5809,104037,NA,NA,TRUE,4224,4224,2497,"Unicaja","Unicaja","UNI",4235,2508,"UCAM Murcia","UCAM Murcia","UCM",1,79,12000,12,36,33,17,31,54,9,13,69,20,14,34,17,8,13,7,2,0,2,18,17,84,-45,-1,13,0,0,79,88,3,91,6,4,7,26,8,46,7
2077994,1,"Liga Nacional","Liga Endesa",-402534000,NA,"https://www.acb.com/Documentos/Cabeceras/logo-competicion-1b.png","https://www.acb.com/Documentos/Cabeceras/logo-competicion-4a.png",88,2023,111,292,364,5810,104040,NA,NA,FALSE,4238,4239,2512,"Real Madrid","Real Madrid","RMB",4238,2511,"Barça","Barça","BAR",1,98,12000,8,17,47,30,49,61,14,16,87,20,3,23,24,11,11,16,0,3,6,25,19,106,-30,-1,13,0,0,98,104,5,762,1,6,16,54,4,64,7
2077993,1,"Liga Nacional","Liga Endesa",-402534000,NA,"https://www.acb.com/Documentos/Cabeceras/logo-competicion-1b.png","https://www.acb.com/Documentos/Cabeceras/logo-competicion-4a.png",88,2023,111,292,364,5810,104040,NA,NA,TRUE,4239,4239,2512,"Real Madrid","Real Madrid","RMB",4238,2511,"Barça","Barça","BAR",1,104,12000,13,32,40,20,32,62,25,27,92,23,11,34,18,5,14,13,3,0,3,19,23,121,30,-1,0,13,0,104,98,5,1504,2,17,12,38,5,45,11
2077854,1,"Liga Nacional","Liga Endesa",-402534000,NA,"https://www.acb.com/Documentos/Cabeceras/logo-competicion-1b.png","https://www.acb.com/Documentos/Cabeceras/logo-competicion-4a.png",88,2023,111,292,363,5810,104039,NA,NA,FALSE,4235,4224,2497,"Unicaja","Unicaja","UNI",4235,2508,"UCAM Murcia","UCAM Murcia","UCM",1,101,12000,10,28,35,25,39,64,21,28,75,24,11,35,24,12,14,12,2,1,6,22,25,123,90,-1,0,13,0,101,83,3,1955,5,20,16,42,9,22,8
2077853,1,"Liga Nacional","Liga Endesa",-402534000,NA,"https://www.acb.com/Documentos/Cabeceras/logo-competicion-1b.png","https://www.acb.com/Documentos/Cabeceras/logo-competicion-4a.png",88,2023,111,292,363,5810,104039,NA,NA,TRUE,4224,4224,2497,"Unicaja","Unicaja","UNI",4235,2508,"UCAM Murcia","UCAM Murcia","UCM",1,83,12000,7,19,36,23,45,51,16,19,84,20,10,30,16,8,18,12,1,2,4,26,21,76,-90,-1,13,0,0,83,101,3,163,4,4,7,38,7,56,7
2078275,1,"Liga Nacional","Liga Endesa",-402534000,NA,"https://www.acb.com/Documentos/Cabeceras/logo-competicion-1b.png","https://www.acb.com/Documentos/Cabeceras/logo-competicion-4a.png",88,2023,111,292,364,5811,104042,NA,NA,FALSE,4239,4238,2511,"Barça","Barça","BAR",4239,2512,"Real Madrid","Real Madrid","RMB",1,95,12000,12,21,57,16,28,57,27,33,81,27,3,30,26,6,16,8,4,2,5,24,25,117,15,-1,0,13,0,95,92,2,1371,8,13,12,30,2,36,12
2078274,1,"Liga Nacional","Liga Endesa",-402534000,NA,"https://www.acb.com/Documentos/Cabeceras/logo-competicion-1b.png","https://www.acb.com/Documentos/Cabeceras/logo-competicion-4a.png",88,2023,111,292,364,5811,104042,NA,NA,TRUE,4238,4238,2511,"Barça","Barça","BAR",4239,2512,"Real Madrid","Real Madrid","RMB",1,92,12000,11,27,40,23,42,54,13,22,59,19,13,32,24,5,13,16,2,4,2,27,23,90,-15,-1,13,0,0,92,95,4,567,7,5,19,40,9,40,8
2078134,1,"Liga Nacional","Liga Endesa",-402534000,NA,"https://www.acb.com/Documentos/Cabeceras/logo-competicion-1b.png","https://www.acb.com/Documentos/Cabeceras/logo-competicion-4a.png",88,2023,111,292,363,5811,104041,NA,NA,FALSE,4224,4235,2508,"UCAM Murcia","UCAM Murcia","UCM",4224,2497,"Unicaja","Unicaja","UNI",1,74,12000,6,25,24,19,44,43,18,23,78,33,17,50,16,6,12,5,1,5,4,19,21,83,40,-1,0,13,0,74,66,3,2381,0,23,8,34,11,30,15
2078133,1,"Liga Nacional","Liga Endesa",-402534000,NA,"https://www.acb.com/Documentos/Cabeceras/logo-competicion-1b.png","https://www.acb.com/Documentos/Cabeceras/logo-competicion-4a.png",88,2023,111,292,363,5811,104041,NA,NA,TRUE,4235,4235,2508,"UCAM Murcia","UCAM Murcia","UCM",4224,2497,"Unicaja","Unicaja","UNI",1,66,12000,8,30,26,12,34,35,18,18,100,25,10,35,9,7,10,7,5,1,1,21,18,64,-40,-1,13,0,0,66,74,4,0,0,0,7,22,6,45,8
2078415,1,"Liga Nacional","Liga Endesa",-402534000,NA,"https://www.acb.com/Documentos/Cabeceras/logo-competicion-1b.png","https://www.acb.com/Documentos/Cabeceras/logo-competicion-4a.png",88,2023,111,292,363,5812,104043,NA,NA,FALSE,4224,4235,2508,"UCAM Murcia","UCAM Murcia","UCM",4224,2497,"Unicaja","Unicaja","UNI",1,88,12000,11,28,39,20,35,57,15,16,93,19,11,30,17,10,12,9,4,2,3,24,21,99,45,-1,0,13,0,88,79,4,2338,1,16,20,36,9,30,11
2078414,1,"Liga Nacional","Liga Endesa",-402534000,NA,"https://www.acb.com/Documentos/Cabeceras/logo-competicion-1b.png","https://www.acb.com/Documentos/Cabeceras/logo-competicion-4a.png",88,2023,111,292,363,5812,104043,NA,NA,TRUE,4235,4235,2508,"UCAM Murcia","UCAM Murcia","UCM",4224,2497,"Unicaja","Unicaja","UNI",1,79,12000,8,29,27,18,32,56,19,21,90,20,15,35,14,8,16,8,2,4,2,22,24,83,-45,-1,13,0,0,79,88,4,31,0,2,7,32,5,36,9
2078555,1,"Liga Nacional","Liga Endesa",-402534000,NA,"https://www.acb.com/Documentos/Cabeceras/logo-competicion-1b.png","https://www.acb.com/Documentos/Cabeceras/logo-competicion-4a.png",88,2023,111,292,363,5813,104045,NA,NA,FALSE,4235,4224,2497,"Unicaja","Unicaja","UNI",4235,2508,"UCAM Murcia","UCAM Murcia","UCM",1,79,12000,7,21,33,19,34,55,20,24,83,25,8,33,10,9,11,3,1,2,0,15,23,94,45,-1,0,13,0,79,70,3,506,7,9,8,26,4,42,12
2078554,1,"Liga Nacional","Liga Endesa",-402534000,NA,"https://www.acb.com/Documentos/Cabeceras/logo-competicion-1b.png","https://www.acb.com/Documentos/Cabeceras/logo-competicion-4a.png",88,2023,111,292,363,5813,104045,NA,NA,TRUE,4224,4224,2497,"Unicaja","Unicaja","UNI",4235,2508,"UCAM Murcia","UCAM Murcia","UCM",1,70,12000,12,37,32,12,32,37,10,17,58,23,21,44,16,7,14,7,2,1,3,23,15,64,-45,-1,13,0,0,70,79,3,1516,6,13,10,24,7,26,14
2078695,1,"Liga Nacional","Liga Endesa",-402534000,NA,"https://www.acb.com/Documentos/Cabeceras/logo-competicion-1b.png","https://www.acb.com/Documentos/Cabeceras/logo-competicion-4a.png",88,2023,111,291,372,5814,104047,NA,NA,FALSE,4235,4239,2512,"Real Madrid","Real Madrid","RMB",4235,2508,"UCAM Murcia","UCAM Murcia","UCM",1,76,12000,12,25,48,16,36,44,8,12,66,25,6,31,14,4,10,11,2,2,0,21,17,74,-40,-1,13,0,0,76,84,5,365,3,5,0,20,0,42,9
2078694,1,"Liga Nacional","Liga Endesa",-402534000,NA,"https://www.acb.com/Documentos/Cabeceras/logo-competicion-1b.png","https://www.acb.com/Documentos/Cabeceras/logo-competicion-4a.png",88,2023,111,291,372,5814,104047,NA,NA,TRUE,4239,4239,2512,"Real Madrid","Real Madrid","RMB",4235,2508,"UCAM Murcia","UCAM Murcia","UCM",1,84,12000,7,25,28,22,46,47,19,20,95,28,15,43,19,3,6,7,2,2,0,17,21,104,40,-1,0,13,0,84,76,2,1863,3,18,4,38,13,32,11
2078835,1,"Liga Nacional","Liga Endesa",-402534000,NA,"https://www.acb.com/Documentos/Cabeceras/logo-competicion-1b.png","https://www.acb.com/Documentos/Cabeceras/logo-competicion-4a.png",88,2023,111,291,372,5815,104048,NA,NA,FALSE,4235,4239,2512,"Real Madrid","Real Madrid","RMB",4235,2508,"UCAM Murcia","UCAM Murcia","UCM",1,63,12000,9,23,39,11,38,28,14,16,87,25,12,37,11,7,14,9,5,0,2,23,17,60,-80,-1,13,0,0,63,79,2,81,3,3,12,16,2,22,6
2078834,1,"Liga Nacional","Liga Endesa",-402534000,NA,"https://www.acb.com/Documentos/Cabeceras/logo-competicion-1b.png","https://www.acb.com/Documentos/Cabeceras/logo-competicion-4a.png",88,2023,111,291,372,5815,104048,NA,NA,TRUE,4239,4239,2512,"Real Madrid","Real Madrid","RMB",4235,2508,"UCAM Murcia","UCAM Murcia","UCM",1,79,12000,8,28,28,20,40,50,15,22,68,28,16,44,16,8,11,2,0,5,4,19,22,87,80,-1,0,13,0,79,63,1,2123,4,16,7,34,18,35,7
2078975,1,"Liga Nacional","Liga Endesa",-402534000,NA,"https://www.acb.com/Documentos/Cabeceras/logo-competicion-1b.png","https://www.acb.com/Documentos/Cabeceras/logo-competicion-4a.png",88,2023,111,291,372,5816,104049,NA,NA,FALSE,4239,4235,2508,"UCAM Murcia","UCAM Murcia","UCM",4239,2512,"Real Madrid","Real Madrid","RMB",1,84,12000,8,19,42,21,37,56,18,20,90,35,5,40,15,7,16,6,6,1,3,14,24,116,55,-1,0,13,0,84,73,3,1274,1,13,6,42,4,30,13
2078974,1,"Liga Nacional","Liga Endesa",-402534000,NA,"https://www.acb.com/Documentos/Cabeceras/logo-competicion-1b.png","https://www.acb.com/Documentos/Cabeceras/logo-competicion-4a.png",88,2023,111,291,372,5816,104049,NA,NA,TRUE,4235,4235,2508,"UCAM Murcia","UCAM Murcia","UCM",4239,2512,"Real Madrid","Real Madrid","RMB",1,73,12000,11,31,35,15,42,35,10,16,62,20,13,33,15,9,11,7,1,6,0,26,13,48,-55,-1,13,0,0,73,84,4,961,1,10,10,26,11,31,6
2059544,2,"Copa de España","Copa del Rey",-1142812800,NA,"https://static.acb.com/img/d/15/9/27868934009.png","https://static.acb.com/img/d/15/9/27868934009.png",88,2023,103,293,354,5768,104000,NA,NA,FALSE,4328,4325,2602,"Unicaja","Unicaja","UNI",4328,2599,"Lenovo Tenerife","Lenovo Tenerife","LNT",1,91,12000,9,23,39,18,29,62,28,33,84,24,5,29,21,8,14,4,1,2,1,19,26,111,40,-1,0,13,0,91,83,1,1087,5,10,6,24,4,50,12
2059543,2,"Copa de España","Copa del Rey",-1142812800,NA,"https://static.acb.com/img/d/15/9/27868934009.png","https://static.acb.com/img/d/15/9/27868934009.png",88,2023,103,293,354,5768,104000,NA,NA,TRUE,4325,4325,2602,"Unicaja","Unicaja","UNI",4328,2599,"Lenovo Tenerife","Lenovo Tenerife","LNT",1,83,12000,12,34,35,17,37,45,13,14,92,21,17,38,16,10,15,12,2,1,0,27,18,81,-40,-1,13,0,0,83,91,3,782,4,10,8,32,13,36,9
2059351,2,"Copa de España","Copa del Rey",-1142812800,NA,"https://static.acb.com/img/d/15/9/27868934009.png","https://static.acb.com/img/d/15/9/27868934009.png",88,2023,103,293,353,5768,103999,NA,NA,TRUE,4324,4324,2603,"Barça","Barça","BAR",4329,2598,"BAXI Manresa","BAXI Manresa","BAX",1,102,12000,9,23,39,29,50,58,17,24,70,31,13,44,17,9,13,11,4,1,4,19,24,125,55,-1,0,13,0,102,91,3,1187,10,11,4,50,15,44,8
2059352,2,"Copa de España","Copa del Rey",-1142812800,NA,"https://static.acb.com/img/d/15/9/27868934009.png","https://static.acb.com/img/d/15/9/27868934009.png",88,2023,103,293,353,5768,103999,NA,NA,FALSE,4329,4324,2603,"Barça","Barça","BAR",4329,2598,"BAXI Manresa","BAXI Manresa","BAX",1,91,12000,13,32,40,20,41,48,12,17,70,23,8,31,19,6,13,13,2,4,4,25,18,80,-55,-1,13,0,0,91,102,4,972,10,9,12,32,9,24,11
2058582,2,"Copa de España","Copa del Rey",-1142812800,NA,"https://static.acb.com/img/d/15/9/27868934009.png","https://static.acb.com/img/d/15/9/27868934009.png",88,2023,103,293,352,5768,103998,NA,NA,FALSE,4327,4326,2601,"Dreamland Gran Canaria","Dreamland GC","DGC",4327,2600,"Valencia Basket","Valencia Basket","VBC",1,89,13500,9,22,40,23,47,48,16,22,72,31,11,42,16,6,10,8,1,5,2,22,21,95,40,-1,0,13,0,89,81,4,535,2,10,7,36,8,40,10
2058581,2,"Copa de España","Copa del Rey",-1142812800,NA,"https://static.acb.com/img/d/15/9/27868934009.png","https://static.acb.com/img/d/15/9/27868934009.png",88,2023,103,293,352,5768,103998,NA,NA,TRUE,4326,4326,2601,"Dreamland Gran Canaria","Dreamland GC","DGC",4327,2600,"Valencia Basket","Valencia Basket","VBC",1,81,13500,8,28,28,26,39,66,5,16,31,27,5,32,19,7,9,4,5,1,4,21,22,91,-40,-1,13,0,0,81,89,4,2018,1,8,8,36,0,41,8
2058390,2,"Copa de España","Copa del Rey",-1142812800,NA,"https://static.acb.com/img/d/15/9/27868934009.png","https://static.acb.com/img/d/15/9/27868934009.png",88,2023,103,293,351,5768,103997,NA,NA,FALSE,4330,4323,2604,"Real Madrid","Real Madrid","RMB",4330,2597,"UCAM Murcia","UCAM Murcia","UCM",1,79,12000,7,28,25,22,42,52,14,16,87,22,14,36,13,10,13,17,4,4,6,26,15,71,-25,-1,13,0,0,79,84,4,0,0,0,13,40,12,29,9
2058389,2,"Copa de España","Copa del Rey",-1142812800,NA,"https://static.acb.com/img/d/15/9/27868934009.png","https://static.acb.com/img/d/15/9/27868934009.png",88,2023,103,293,351,5768,103997,NA,NA,TRUE,4323,4323,2604,"Real Madrid","Real Madrid","RMB",4330,2597,"UCAM Murcia","UCAM Murcia","UCM",1,84,12000,7,24,29,19,34,55,25,28,89,26,8,34,15,8,14,6,4,4,2,15,26,103,25,-1,0,13,0,84,79,2,2330,0,15,2,32,3,36,7
2060483,2,"Copa de España","Copa del Rey",-1142812800,NA,"https://static.acb.com/img/d/15/9/27868934009.png","https://static.acb.com/img/d/15/9/27868934009.png",88,2023,103,292,362,5769,104002,NA,NA,TRUE,4324,4324,2603,"Barça","Barça","BAR",4328,2599,"Lenovo Tenerife","Lenovo Tenerife","LNT",1,108,12000,12,25,48,28,40,70,16,22,72,32,14,46,22,4,16,13,2,2,5,19,18,132,160,-1,0,13,0,108,76,2,2158,2,32,12,52,10,75,13
2060484,2,"Copa de España","Copa del Rey",-1142812800,NA,"https://static.acb.com/img/d/15/9/27868934009.png","https://static.acb.com/img/d/15/9/27868934009.png",88,2023,103,292,362,5769,104002,NA,NA,FALSE,4328,4324,2603,"Barça","Barça","BAR",4328,2599,"Lenovo Tenerife","Lenovo Tenerife","LNT",1,76,12000,8,29,27,20,38,52,12,15,80,14,9,23,15,12,10,2,3,2,3,18,19,76,-160,-1,13,0,0,76,108,2,102,2,4,6,30,2,43,10
2060342,2,"Copa de España","Copa del Rey",-1142812800,NA,"https://static.acb.com/img/d/15/9/27868934009.png","https://static.acb.com/img/d/15/9/27868934009.png",88,2023,103,292,361,5769,104001,NA,NA,FALSE,4327,4323,2604,"Real Madrid","Real Madrid","RMB",4327,2600,"Valencia Basket","Valencia Basket","VBC",1,76,12000,10,31,32,19,43,44,8,12,66,22,14,36,21,8,13,4,5,5,3,25,19,73,-95,-1,13,0,0,76,95,4,138,1,3,5,28,5,42,7
2060341,2,"Copa de España","Copa del Rey",-1142812800,NA,"https://static.acb.com/img/d/15/9/27868934009.png","https://static.acb.com/img/d/15/9/27868934009.png",88,2023,103,292,361,5769,104001,NA,NA,TRUE,4323,4323,2604,"Real Madrid","Real Madrid","RMB",4327,2600,"Valencia Basket","Valencia Basket","VBC",1,95,12000,11,29,37,21,35,60,20,24,83,32,9,41,19,5,14,8,5,5,2,19,25,116,95,-1,0,13,0,95,76,2,2226,1,27,16,40,11,37,16
2060906,2,"Copa de España","Copa del Rey",-1142812800,NA,"https://static.acb.com/img/d/15/9/27868934009.png","https://static.acb.com/img/d/15/9/27868934009.png",88,2023,103,291,371,5770,104003,NA,NA,FALSE,4324,4323,2604,"Real Madrid","Real Madrid","RMB",4324,2603,"Barça","Barça","BAR",1,85,12000,8,21,38,27,44,61,7,13,53,18,9,27,12,4,12,12,2,6,4,24,21,73,-55,-1,13,0,0,85,96,3,603,7,5,12,38,12,34,10
2060905,2,"Copa de España","Copa del Rey",-1142812800,NA,"https://static.acb.com/img/d/15/9/27868934009.png","https://static.acb.com/img/d/15/9/27868934009.png",88,2023,103,291,371,5770,104003,NA,NA,TRUE,4323,4323,2604,"Real Madrid","Real Madrid","RMB",4324,2603,"Barça","Barça","BAR",1,96,12000,9,21,42,24,44,54,21,24,87,20,16,36,17,10,10,8,6,2,5,21,24,121,55,-1,0,13,0,96,85,1,1455,8,14,10,44,13,31,9
2024358,3,"Supercopa","Supercopa Endesa",477108000,NA,"https://static.acb.com/img/14/39/3/27868634006.png","https://static.acb.com/img/1c/1a/3d/27940034120.png",88,2023,103,292,352,5683,103869,NA,NA,TRUE,4244,4244,2508,"UCAM Murcia","UCAM Murcia","UCM",4245,2497,"Unicaja","Unicaja","UNI",1,74,12000,7,27,25,21,39,53,11,16,68,28,11,39,17,7,16,11,5,3,1,22,21,79,-25,-1,13,0,0,74,79,5,343,2,5,7,36,3,32,8
2024359,3,"Supercopa","Supercopa Endesa",477108000,NA,"https://static.acb.com/img/14/39/3/27868634006.png","https://static.acb.com/img/1c/1a/3d/27940034120.png",88,2023,103,292,352,5683,103869,NA,NA,FALSE,4245,4244,2508,"UCAM Murcia","UCAM Murcia","UCM",4245,2497,"Unicaja","Unicaja","UNI",1,79,12000,10,25,40,16,36,44,17,25,68,27,7,34,16,13,13,12,3,5,6,21,22,85,25,-1,0,13,0,79,74,4,1829,2,12,17,32,6,31,10
2024166,3,"Supercopa","Supercopa Endesa",477108000,NA,"https://static.acb.com/img/14/39/3/27868634006.png","https://static.acb.com/img/1c/1a/3d/27940034120.png",88,2023,103,292,351,5683,103868,NA,NA,TRUE,4243,4243,2511,"Barça","Barça","BAR",4242,2512,"Real Madrid","Real Madrid","RMB",1,80,12000,13,23,56,13,38,34,15,19,78,22,10,32,16,5,16,10,2,5,2,20,20,75,-50,-1,13,0,0,80,90,4,777,8,7,13,18,3,19,7
2024167,3,"Supercopa","Supercopa Endesa",477108000,NA,"https://static.acb.com/img/14/39/3/27868634006.png","https://static.acb.com/img/1c/1a/3d/27940034120.png",88,2023,103,292,351,5683,103868,NA,NA,FALSE,4242,4243,2511,"Barça","Barça","BAR",4242,2512,"Real Madrid","Real Madrid","RMB",1,90,12000,6,20,30,27,43,62,18,22,81,25,10,35,16,8,11,7,5,1,2,21,19,106,50,-1,0,13,0,90,80,3,1471,9,17,16,54,11,26,9
2024506,3,"Supercopa","Supercopa Endesa",477108000,NA,"https://static.acb.com/img/14/39/3/27868634006.png","https://static.acb.com/img/1c/1a/3d/27940034120.png",88,2023,103,291,361,5684,103870,NA,NA,TRUE,4245,4245,2497,"Unicaja","Unicaja","UNI",4242,2512,"Real Madrid","Real Madrid","RMB",1,81,12000,6,29,20,25,39,64,13,19,68,24,7,31,17,9,11,15,0,2,3,23,20,79,-35,-1,13,0,0,81,88,3,406,4,4,14,44,4,19,9
2024507,3,"Supercopa","Supercopa Endesa",477108000,NA,"https://static.acb.com/img/14/39/3/27868634006.png","https://static.acb.com/img/1c/1a/3d/27940034120.png",88,2023,103,291,361,5684,103870,NA,NA,FALSE,4242,4245,2497,"Unicaja","Unicaja","UNI",4242,2512,"Real Madrid","Real Madrid","RMB",1,88,12000,7,25,28,24,33,72,19,28,67,31,7,38,17,9,14,6,2,0,5,20,23,107,35,-1,0,13,0,88,81,1,1723,5,14,8,48,8,25,11
