"id","id_competition","competition_name","competition_official_name","competition_initial_date","competition_final_date","competition_url_image","competition_url_image_negative","id_edition","edition_year","id_phase","id_subphase","id_round","id_matchweek","id_match","period","id_edition_license_team","is_local","id_team","id_local_team","local_team_id_team_denomination","local_team_team_actual_name","local_team_team_actual_short_name","local_team_team_abbrev_name","id_visitor_team","visitor_team_id_team_denomination","visitor_team_team_actual_name","visitor_team_team_actual_short_name","visitor_team_team_abbrev_name","match_number","points","time_played","x3pt_success","x3pt_tried","x3pt_percentage","x2pt_success","x2pt_tried","x2pt_percentage","x1pt_success","x1pt_tried","x1pt_percentage","defensive_rebound","offensive_rebound","total_rebound","asis","steals","turnovers","counter_attack","blocks","received_blocks","dunks","personal_fouls","received_fouls","val","differential","tournament_number2","defeats","victories","tie","team_score","rival_team_score","timeouts","time_as_leader","leader_changes","maximun_difference","points_after_steal","points_in_the_paint","second_opportinity_points","bench_points","best_streak"
2137475,1,"Liga Nacional","Liga Endesa",-402534000,NA,"https://www.acb.com/Documentos/Cabeceras/logo-competicion-1b.png","https://www.acb.com/Documentos/Cabeceras/logo-competicion-4a.png",90,2025,107,NA,NA,5884,104467,NA,NA,FALSE,4386,4397,2671,"Valencia Basket","Valencia Basket","VBC",4386,2660,"Barça","Barça","BAR",1,81,12000,9,35,25,23,41,56,8,12,66,21,16,37,16,8,12,9,3,2,4,21,19,81,-60,-1,13,0,0,81,93,4,82,0,3,7,44,13,46,6
2137474,1,"Liga Nacional","Liga Endesa",-402534000,NA,"https://www.acb.com/Documentos/Cabeceras/logo-competicion-1b.png","https://www.acb.com/Documentos/Cabeceras/logo-competicion-4a.png",90,2025,107,NA,NA,5884,104467,NA,NA,TRUE,4397,4397,2671,"Valencia Basket","Valencia Basket","VBC",4386,2660,"Barça","Barça","BAR",1,93,12000,12,25,48,17,32,53,23,28,82,27,8,35,24,6,13,13,2,2,3,19,20,113,60,-1,0,13,0,93,81,1,2213,1,18,4,28,7,52,10
2137282,1,"Liga Nacional","Liga Endesa",-402534000,NA,"https://www.acb.com/Documentos/Cabeceras/logo-competicion-1b.png","https://www.acb.com/Documentos/Cabeceras/logo-competicion-4a.png",90,2025,107,NA,NA,5884,104466,NA,NA,TRUE,4393,4393,2667,"UCAM Murcia","UCAM Murcia","UCM",4385,2659,"MoraBanc Andorra","MoraBanc And","MBA",1,95,12000,14,33,42,18,33,54,17,18,94,28,15,43,30,9,15,12,0,2,10,22,15,118,155,-1,0,13,0,95,64,0,2050,2,34,2,36,4,44,11
2137283,1,"Liga Nacional","Liga Endesa",-402534000,NA,"https://www.acb.com/Documentos/Cabeceras/logo-competicion-1b.png","https://www.acb.com/Documentos/Cabeceras/logo-competicion-4a.png",90,2025,107,NA,NA,5884,104466,NA,NA,FALSE,4385,4393,2667,"UCAM Murcia","UCAM Murcia","UCM",4385,2659,"MoraBanc Andorra","MoraBanc And","MBA",1,64,12000,5,21,23,16,39,41,17,23,73,16,11,27,16,6,13,6,2,0,1,15,21,63,-155,-1,13,0,0,64,95,3,269,1,4,4,30,8,38,5
2137118,1,"Liga Nacional","Liga Endesa",-402534000,NA,"https://www.acb.com/Documentos/Cabeceras/logo-competicion-1b.png","https://www.acb.com/Documentos/Cabeceras/logo-competicion-4a.png",90,2025,107,NA,NA,5884,104465,NA,NA,TRUE,4392,4392,2666,"Casademont Zaragoza","Casademont Zgz","CAZ",4398,2710,"Baskonia","Baskonia","BKN",1,107,12000,8,26,30,34,54,62,15,22,68,28,15,43,24,8,14,10,1,4,4,23,24,121,95,-1,0,13,0,107,88,3,2125,1,20,6,64,13,41,11
2137119,1,"Liga Nacional","Liga Endesa",-402534000,NA,"https://www.acb.com/Documentos/Cabeceras/logo-competicion-1b.png","https://www.acb.com/Documentos/Cabeceras/logo-competicion-4a.png",90,2025,107,NA,NA,5884,104465,NA,NA,FALSE,4398,4392,2666,"Casademont Zaragoza","Casademont Zgz","CAZ",4398,2710,"Baskonia","Baskonia","BKN",1,88,12000,4,28,14,26,42,61,24,29,82,26,14,40,15,8,18,19,4,1,3,25,22,88,-95,-1,13,0,0,88,107,4,22,1,1,14,48,8,32,6
2136870,1,"Liga Nacional","Liga Endesa",-402534000,NA,"https://www.acb.com/Documentos/Cabeceras/logo-competicion-1b.png","https://www.acb.com/Documentos/Cabeceras/logo-competicion-4a.png",90,2025,107,NA,NA,5884,104464,NA,NA,TRUE,4388,4388,2662,"Real Madrid","Real Madrid","RMB",4390,2664,"Dreamland Gran Canaria","Dreamland GC","DGC",1,81,12000,14,30,46,15,31,48,9,14,64,22,8,30,22,6,11,3,4,4,2,21,18,88,50,-1,0,13,0,81,71,3,2363,0,18,3,26,6,36,8
2136871,1,"Liga Nacional","Liga Endesa",-402534000,NA,"https://www.acb.com/Documentos/Cabeceras/logo-competicion-1b.png","https://www.acb.com/Documentos/Cabeceras/logo-competicion-4a.png",90,2025,107,NA,NA,5884,104464,NA,NA,FALSE,4390,4388,2662,"Real Madrid","Real Madrid","RMB",4390,2664,"Dreamland Gran Canaria","Dreamland GC","DGC",1,71,12000,9,27,33,17,30,56,10,14,71,26,7,33,16,7,15,11,4,4,3,18,21,80,-50,-1,13,0,0,71,81,3,0,0,0,6,30,4,41,7
2136734,1,"Liga Nacional","Liga Endesa",-402534000,NA,"https://www.acb.com/Documentos/Cabeceras/logo-competicion-1b.png","https://www.acb.com/Documentos/Cabeceras/logo-competicion-4a.png",90,2025,107,NA,NA,5884,104463,NA,NA,TRUE,4401,4401,2674,"Coviran Granada","Coviran Granada","COV",4394,2716,"Joventut Badalona","Joventut","JOV",1,75,12000,4,18,22,22,40,55,19,31,61,25,11,36,12,4,11,6,2,5,0,20,22,71,-60,-1,13,0,0,75,87,4,0,0,0,2,38,6,27,7
2136735,1,"Liga Nacional","Liga Endesa",-402534000,NA,"https://www.acb.com/Documentos/Cabeceras/logo-competicion-1b.png","https://www.acb.com/Documentos/Cabeceras/logo-competicion-4a.png",90,2025,107,NA,NA,5884,104463,NA,NA,FALSE,4394,4401,2674,"Coviran Granada","Coviran Granada","COV",4394,2716,"Joventut Badalona","Joventut","JOV",1,87,12000,4,26,15,29,46,63,17,20,85,28,13,41,18,8,6,9,5,2,3,23,20,106,60,-1,0,13,0,87,75,4,2303,0,13,2,56,8,50,7
2136487,1,"Liga Nacional","Liga Endesa",-402534000,NA,"https://www.acb.com/Documentos/Cabeceras/logo-competicion-1b.png","https://www.acb.com/Documentos/Cabeceras/logo-competicion-4a.png",90,2025,107,NA,NA,5884,104462,NA,NA,FALSE,4395,4387,2661,"Hiopos Lleida","Hiopos Lleida","HIO",4395,2669,"Río Breogán","Río Breogán","BRE",1,68,12000,8,32,25,14,35,40,16,23,69,23,15,38,17,5,12,0,6,5,4,19,22,68,-95,-1,13,0,0,68,87,4,0,0,0,1,24,10,29,5
2136486,1,"Liga Nacional","Liga Endesa",-402534000,NA,"https://www.acb.com/Documentos/Cabeceras/logo-competicion-1b.png","https://www.acb.com/Documentos/Cabeceras/logo-competicion-4a.png",90,2025,107,NA,NA,5884,104462,NA,NA,TRUE,4387,4387,2661,"Hiopos Lleida","Hiopos Lleida","HIO",4395,2669,"Río Breogán","Río Breogán","BRE",1,87,12000,8,27,29,27,43,62,9,19,47,33,15,48,27,8,14,22,5,5,5,23,19,107,95,-1,0,13,0,87,68,1,2338,0,19,8,46,10,43,8
2136295,1,"Liga Nacional","Liga Endesa",-402534000,NA,"https://www.acb.com/Documentos/Cabeceras/logo-competicion-1b.png","https://www.acb.com/Documentos/Cabeceras/logo-competicion-4a.png",90,2025,107,NA,NA,5884,104461,NA,NA,FALSE,4396,4391,2665,"La Laguna Tenerife","La Laguna TFE","LLT",4396,2725,"BAXI Manresa","BAXI Manresa","BAX",1,93,12000,7,19,36,28,50,56,16,18,88,21,8,29,23,4,15,9,2,1,5,27,17,89,-55,-1,13,0,0,93,104,5,424,5,5,3,54,8,55,8
2136294,1,"Liga Nacional","Liga Endesa",-402534000,NA,"https://www.acb.com/Documentos/Cabeceras/logo-competicion-1b.png","https://www.acb.com/Documentos/Cabeceras/logo-competicion-4a.png",90,2025,107,NA,NA,5884,104461,NA,NA,TRUE,4391,4391,2665,"La Laguna Tenerife","La Laguna TFE","LLT",4396,2725,"BAXI Manresa","BAXI Manresa","BAX",1,104,12000,11,27,40,23,42,54,25,28,89,24,14,38,16,10,13,7,1,2,5,18,26,124,55,-1,0,13,0,104,93,2,1712,6,17,9,42,16,27,11
2136131,1,"Liga Nacional","Liga Endesa",-402534000,NA,"https://www.acb.com/Documentos/Cabeceras/logo-competicion-1b.png","https://www.acb.com/Documentos/Cabeceras/logo-competicion-4a.png",90,2025,107,NA,NA,5884,104460,NA,NA,FALSE,4399,4402,2680,"Recoletas Salud San Pablo Burgos","Recoletas Salud","BUR",4399,2728,"Bàsquet Girona","Bàsquet Girona","GIR",1,79,12000,5,30,16,20,36,55,24,33,72,26,8,34,23,10,18,15,1,3,0,28,25,73,-90,-1,13,0,0,79,97,5,18,1,1,2,34,0,48,6
2136130,1,"Liga Nacional","Liga Endesa",-402534000,NA,"https://www.acb.com/Documentos/Cabeceras/logo-competicion-1b.png","https://www.acb.com/Documentos/Cabeceras/logo-competicion-4a.png",90,2025,107,NA,NA,5884,104460,NA,NA,TRUE,4402,4402,2680,"Recoletas Salud San Pablo Burgos","Recoletas Salud","BUR",4399,2728,"Bàsquet Girona","Bàsquet Girona","GIR",1,97,12000,8,33,24,23,38,60,27,34,79,32,13,45,15,15,15,8,3,1,2,26,27,113,90,-1,0,13,0,97,79,2,2369,1,26,10,46,8,31,18
2135967,1,"Liga Nacional","Liga Endesa",-402534000,NA,"https://www.acb.com/Documentos/Cabeceras/logo-competicion-1b.png","https://www.acb.com/Documentos/Cabeceras/logo-competicion-4a.png",90,2025,107,NA,NA,5884,104459,NA,NA,FALSE,4389,4384,2658,"Unicaja","Unicaja","UNI",4389,2711,"Surne Bilbao Basket","Surne Bilbao","SBB",1,68,12000,6,23,26,16,33,48,18,28,64,22,8,30,13,9,15,2,3,0,4,22,25,67,-90,-1,13,0,0,68,86,4,564,3,6,0,28,4,23,7
2135966,1,"Liga Nacional","Liga Endesa",-402534000,NA,"https://www.acb.com/Documentos/Cabeceras/logo-competicion-1b.png","https://www.acb.com/Documentos/Cabeceras/logo-competicion-4a.png",90,2025,107,NA,NA,5884,104459,NA,NA,TRUE,4384,4384,2658,"Unicaja","Unicaja","UNI",4389,2711,"Surne Bilbao Basket","Surne Bilbao","SBB",1,86,12000,7,18,38,25,43,58,15,22,68,26,11,37,26,7,17,8,0,3,4,25,22,97,90,-1,0,13,0,86,68,3,1746,3,20,4,42,9,36,13
2140315,1,"Liga Nacional","Liga Endesa",-402534000,NA,"https://www.acb.com/Documentos/Cabeceras/logo-competicion-1b.png","https://www.acb.com/Documentos/Cabeceras/logo-competicion-4a.png",90,2025,107,NA,NA,5885,104476,NA,NA,FALSE,4388,4398,2710,"Baskonia","Baskonia","BKN",4388,2662,"Real Madrid","Real Madrid","RMB",1,100,12000,10,29,34,22,37,59,26,28,92,19,10,29,19,9,15,4,2,0,4,25,22,105,-25,-1,13,0,0,100,105,5,1783,4,20,5,40,7,57,10
2140314,1,"Liga Nacional","Liga Endesa",-402534000,NA,"https://www.acb.com/Documentos/Cabeceras/logo-competicion-1b.png","https://www.acb.com/Documentos/Cabeceras/logo-competicion-4a.png",90,2025,107,NA,NA,5885,104476,NA,NA,TRUE,4398,4398,2710,"Baskonia","Baskonia","BKN",4388,2662,"Real Madrid","Real Madrid","RMB",1,105,12000,9,25,36,23,34,67,32,34,94,22,7,29,19,11,14,17,0,2,3,24,24,119,25,-1,0,13,0,105,100,3,474,5,9,4,44,9,47,11
2140137,1,"Liga Nacional","Liga Endesa",-402534000,NA,"https://www.acb.com/Documentos/Cabeceras/logo-competicion-1b.png","https://www.acb.com/Documentos/Cabeceras/logo-competicion-4a.png",90,2025,107,NA,NA,5885,104475,NA,NA,FALSE,4402,4389,2711,"Surne Bilbao Basket","Surne Bilbao","SBB",4402,2680,"Recoletas Salud San Pablo Burgos","Recoletas Salud","BUR",1,85,12000,6,29,20,21,45,46,25,31,80,25,13,38,18,8,15,12,1,2,0,30,26,76,-50,-1,13,0,0,85,95,5,238,3,5,6,38,8,48,8
2140136,1,"Liga Nacional","Liga Endesa",-402534000,NA,"https://www.acb.com/Documentos/Cabeceras/logo-competicion-1b.png","https://www.acb.com/Documentos/Cabeceras/logo-competicion-4a.png",90,2025,107,NA,NA,5885,104475,NA,NA,TRUE,4389,4389,2711,"Surne Bilbao Basket","Surne Bilbao","SBB",4402,2680,"Recoletas Salud San Pablo Burgos","Recoletas Salud","BUR",1,95,12000,6,29,20,23,37,62,31,44,70,31,12,43,18,5,15,12,2,1,4,27,28,98,50,-1,0,13,0,95,85,4,2039,4,21,5,44,8,48,16
2140051,1,"Liga Nacional","Liga Endesa",-402534000,NA,"https://www.acb.com/Documentos/Cabeceras/logo-competicion-1b.png","https://www.acb.com/Documentos/Cabeceras/logo-competicion-4a.png",90,2025,107,NA,NA,5885,104474,NA,NA,FALSE,4397,4395,2669,"Río Breogán","Río Breogán","BRE",4397,2671,"Valencia Basket","Valencia Basket","VBC",1,113,12000,19,39,48,19,33,57,18,23,78,22,19,41,28,8,14,23,5,3,6,26,21,134,115,-1,0,13,0,113,90,1,1334,2,23,4,32,15,53,14
2140050,1,"Liga Nacional","Liga Endesa",-402534000,NA,"https://www.acb.com/Documentos/Cabeceras/logo-competicion-1b.png","https://www.acb.com/Documentos/Cabeceras/logo-competicion-4a.png",90,2025,107,NA,NA,5885,104474,NA,NA,TRUE,4395,4395,2669,"Río Breogán","Río Breogán","BRE",4397,2671,"Valencia Basket","Valencia Basket","VBC",1,90,12000,15,33,45,13,37,35,19,27,70,17,18,35,17,5,15,0,3,5,2,21,26,85,-115,-1,13,0,0,90,113,4,1042,2,15,0,24,7,50,12
2139827,1,"Liga Nacional","Liga Endesa",-402534000,NA,"https://www.acb.com/Documentos/Cabeceras/logo-competicion-1b.png","https://www.acb.com/Documentos/Cabeceras/logo-competicion-4a.png",90,2025,107,NA,NA,5885,104473,NA,NA,TRUE,4386,4386,2660,"Barça","Barça","BAR",4387,2661,"Hiopos Lleida","Hiopos Lleida","HIO",1,86,12000,8,25,32,21,42,50,20,28,71,24,10,34,16,9,14,11,4,5,0,24,26,86,-25,-1,13,0,0,86,91,5,457,5,5,9,36,0,44,12
2139828,1,"Liga Nacional","Liga Endesa",-402534000,NA,"https://www.acb.com/Documentos/Cabeceras/logo-competicion-1b.png","https://www.acb.com/Documentos/Cabeceras/logo-competicion-4a.png",90,2025,107,NA,NA,5885,104473,NA,NA,FALSE,4387,4386,2660,"Barça","Barça","BAR",4387,2661,"Hiopos Lleida","Hiopos Lleida","HIO",1,91,12000,9,20,45,22,39,56,20,25,80,29,7,36,15,7,18,13,5,4,0,28,22,93,25,-1,0,13,0,91,86,4,1720,5,13,7,42,8,60,9
2139771,1,"Liga Nacional","Liga Endesa",-402534000,NA,"https://www.acb.com/Documentos/Cabeceras/logo-competicion-1b.png","https://www.acb.com/Documentos/Cabeceras/logo-competicion-4a.png",90,2025,107,NA,NA,5885,104472,NA,NA,TRUE,4394,4394,2716,"Joventut Badalona","Joventut","JOV",4392,2666,"Casademont Zaragoza","Casademont Zgz","CAZ",1,89,12000,7,24,29,29,48,60,10,16,62,28,11,39,18,5,8,10,4,3,2,25,18,95,15,-1,0,12,0,89,86,4,2136,2,11,4,50,15,49,8
2139772,1,"Liga Nacional","Liga Endesa",-402534000,NA,"https://www.acb.com/Documentos/Cabeceras/logo-competicion-1b.png","https://www.acb.com/Documentos/Cabeceras/logo-competicion-4a.png",90,2025,107,NA,NA,5885,104472,NA,NA,FALSE,4392,4394,2716,"Joventut Badalona","Joventut","JOV",4392,2666,"Casademont Zaragoza","Casademont Zgz","CAZ",1,86,12000,9,28,32,18,41,43,23,29,79,26,15,41,19,4,8,9,4,3,3,18,24,101,-15,-1,13,0,0,86,89,5,60,1,3,2,32,4,34,7
2139604,1,"Liga Nacional","Liga Endesa",-402534000,NA,"https://www.acb.com/Documentos/Cabeceras/logo-competicion-1b.png","https://www.acb.com/Documentos/Cabeceras/logo-competicion-4a.png",90,2025,107,NA,NA,5885,104471,NA,NA,FALSE,4401,4396,2725,"BAXI Manresa","BAXI Manresa","BAX",4401,2674,"Coviran Granada","Coviran Granada","COV",1,68,12000,6,25,24,19,52,36,12,17,70,32,22,54,10,6,15,2,1,7,0,20,20,60,-75,-1,13,0,0,68,83,4,0,0,0,3,34,7,23,13
2139603,1,"Liga Nacional","Liga Endesa",-402534000,NA,"https://www.acb.com/Documentos/Cabeceras/logo-competicion-1b.png","https://www.acb.com/Documentos/Cabeceras/logo-competicion-4a.png",90,2025,107,NA,NA,5885,104471,NA,NA,TRUE,4396,4396,2725,"BAXI Manresa","BAXI Manresa","BAX",4401,2674,"Coviran Granada","Coviran Granada","COV",1,83,12000,8,24,33,22,46,47,15,19,78,31,10,41,19,4,10,13,7,1,3,20,20,99,75,-1,0,13,0,83,68,2,2314,0,27,4,44,6,43,11
2139464,1,"Liga Nacional","Liga Endesa",-402534000,NA,"https://www.acb.com/Documentos/Cabeceras/logo-competicion-1b.png","https://www.acb.com/Documentos/Cabeceras/logo-competicion-4a.png",90,2025,107,NA,NA,5885,104470,NA,NA,FALSE,4384,4390,2664,"Dreamland Gran Canaria","Dreamland GC","DGC",4384,2658,"Unicaja","Unicaja","UNI",1,81,12000,9,29,31,16,32,50,22,24,91,26,6,32,17,7,6,7,3,2,1,24,22,92,45,-1,0,13,0,81,72,3,1022,4,11,3,26,3,32,10
2139463,1,"Liga Nacional","Liga Endesa",-402534000,NA,"https://www.acb.com/Documentos/Cabeceras/logo-competicion-1b.png","https://www.acb.com/Documentos/Cabeceras/logo-competicion-4a.png",90,2025,107,NA,NA,5885,104470,NA,NA,TRUE,4390,4390,2664,"Dreamland Gran Canaria","Dreamland GC","DGC",4384,2658,"Unicaja","Unicaja","UNI",1,72,12000,10,30,33,12,23,52,18,30,60,29,6,35,19,3,12,0,2,1,5,23,24,76,-45,-1,13,0,0,72,81,3,1244,4,14,2,22,5,19,8
2139294,1,"Liga Nacional","Liga Endesa",-402534000,NA,"https://www.acb.com/Documentos/Cabeceras/logo-competicion-1b.png","https://www.acb.com/Documentos/Cabeceras/logo-competicion-4a.png",90,2025,107,NA,NA,5885,104469,NA,NA,FALSE,4391,4385,2659,"MoraBanc Andorra","MoraBanc And","MBA",4391,2665,"La Laguna Tenerife","La Laguna TFE","LLT",1,96,12000,13,32,40,17,27,62,23,25,92,24,5,29,20,9,7,5,1,1,1,16,23,123,160,-1,0,13,0,96,64,1,2159,1,37,8,28,2,60,11
2139293,1,"Liga Nacional","Liga Endesa",-402534000,NA,"https://www.acb.com/Documentos/Cabeceras/logo-competicion-1b.png","https://www.acb.com/Documentos/Cabeceras/logo-competicion-4a.png",90,2025,107,NA,NA,5885,104469,NA,NA,TRUE,4385,4385,2659,"MoraBanc Andorra","MoraBanc And","MBA",4391,2665,"La Laguna Tenerife","La Laguna TFE","LLT",1,64,12000,8,27,29,14,32,43,12,19,63,23,15,38,9,5,19,5,1,1,2,23,16,46,-160,-1,13,0,0,64,96,2,56,0,3,7,28,12,46,6
2139206,1,"Liga Nacional","Liga Endesa",-402534000,NA,"https://www.acb.com/Documentos/Cabeceras/logo-competicion-1b.png","https://www.acb.com/Documentos/Cabeceras/logo-competicion-4a.png",90,2025,107,NA,NA,5885,104468,NA,NA,FALSE,4393,4399,2728,"Bàsquet Girona","Bàsquet Girona","GIR",4393,2667,"UCAM Murcia","UCAM Murcia","UCM",1,93,12000,11,36,30,16,30,53,28,32,87,31,12,43,9,7,8,9,1,0,1,22,23,103,110,-1,0,13,0,93,71,2,1668,1,26,9,32,10,51,13
2139205,1,"Liga Nacional","Liga Endesa",-402534000,NA,"https://www.acb.com/Documentos/Cabeceras/logo-competicion-1b.png","https://www.acb.com/Documentos/Cabeceras/logo-competicion-4a.png",90,2025,107,NA,NA,5885,104468,NA,NA,TRUE,4399,4399,2728,"Bàsquet Girona","Bàsquet Girona","GIR",4393,2667,"UCAM Murcia","UCAM Murcia","UCM",1,71,12000,8,36,22,15,31,48,17,21,80,27,13,40,16,2,14,13,0,1,0,25,22,63,-110,-1,13,0,0,71,93,4,573,0,8,2,26,4,34,7
2144089,1,"Liga Nacional","Liga Endesa",-402534000,NA,"https://www.acb.com/Documentos/Cabeceras/logo-competicion-1b.png","https://www.acb.com/Documentos/Cabeceras/logo-competicion-4a.png",90,2025,107,NA,NA,5886,104485,NA,NA,FALSE,4386,4384,2658,"Unicaja","Unicaja","UNI",4386,2660,"Barça","Barça","BAR",1,83,12000,7,21,33,18,34,52,26,33,78,29,8,37,12,9,15,7,2,1,3,21,28,97,30,-1,0,13,0,83,77,2,2112,3,10,2,28,0,26,7
2144088,1,"Liga Nacional","Liga Endesa",-402534000,NA,"https://www.acb.com/Documentos/Cabeceras/logo-competicion-1b.png","https://www.acb.com/Documentos/Cabeceras/logo-competicion-4a.png",90,2025,107,NA,NA,5886,104485,NA,NA,TRUE,4384,4384,2658,"Unicaja","Unicaja","UNI",4386,2660,"Barça","Barça","BAR",1,77,12000,5,33,15,23,40,57,16,20,80,24,16,40,11,11,12,15,1,2,2,29,20,68,-30,-1,13,0,0,77,83,4,172,3,2,7,42,10,43,5
2143980,1,"Liga Nacional","Liga Endesa",-402534000,NA,"https://www.acb.com/Documentos/Cabeceras/logo-competicion-1b.png","https://www.acb.com/Documentos/Cabeceras/logo-competicion-4a.png",90,2025,107,NA,NA,5886,104484,NA,NA,TRUE,4401,4401,2674,"Coviran Granada","Coviran Granada","COV",4398,2710,"Baskonia","Baskonia","BKN",1,80,12000,7,23,30,18,34,52,23,27,85,20,9,29,12,6,9,2,3,4,2,19,21,83,-15,-1,13,0,0,80,83,4,285,3,3,0,28,6,30,7
2143981,1,"Liga Nacional","Liga Endesa",-402534000,NA,"https://www.acb.com/Documentos/Cabeceras/logo-competicion-1b.png","https://www.acb.com/Documentos/Cabeceras/logo-competicion-4a.png",90,2025,107,NA,NA,5886,104484,NA,NA,FALSE,4398,4401,2674,"Coviran Granada","Coviran Granada","COV",4398,2710,"Baskonia","Baskonia","BKN",1,83,12000,10,25,40,22,37,59,9,15,60,25,8,33,16,3,11,4,5,3,3,21,18,87,15,-1,0,11,0,83,80,2,1948,4,14,0,36,7,44,7
2143867,1,"Liga Nacional","Liga Endesa",-402534000,NA,"https://www.acb.com/Documentos/Cabeceras/logo-competicion-1b.png","https://www.acb.com/Documentos/Cabeceras/logo-competicion-4a.png",90,2025,107,NA,NA,5886,104483,NA,NA,FALSE,4397,4387,2661,"Hiopos Lleida","Hiopos Lleida","HIO",4397,2671,"Valencia Basket","Valencia Basket","VBC",1,99,12000,12,32,37,18,31,58,27,36,75,28,14,42,17,8,18,11,0,0,0,21,28,113,105,-1,0,13,0,99,78,1,1866,5,22,6,32,6,35,9
2143866,1,"Liga Nacional","Liga Endesa",-402534000,NA,"https://www.acb.com/Documentos/Cabeceras/logo-competicion-1b.png","https://www.acb.com/Documentos/Cabeceras/logo-competicion-4a.png",90,2025,107,NA,NA,5886,104483,NA,NA,TRUE,4387,4387,2661,"Hiopos Lleida","Hiopos Lleida","HIO",4397,2671,"Valencia Basket","Valencia Basket","VBC",1,78,12000,7,24,29,21,42,50,15,23,65,18,12,30,13,9,18,7,0,0,1,30,20,56,-105,-1,13,0,0,78,99,4,481,5,6,3,42,6,22,10
2143641,1,"Liga Nacional","Liga Endesa",-402534000,NA,"https://www.acb.com/Documentos/Cabeceras/logo-competicion-1b.png","https://www.acb.com/Documentos/Cabeceras/logo-competicion-4a.png",90,2025,107,NA,NA,5886,104482,NA,NA,FALSE,4402,4388,2662,"Real Madrid","Real Madrid","RMB",4402,2680,"Recoletas Salud San Pablo Burgos","Recoletas Salud","BUR",1,80,12000,5,20,25,25,43,58,15,20,75,25,12,37,18,11,19,6,1,3,3,23,19,83,-50,-1,13,0,0,80,90,4,486,5,8,8,42,4,37,8
2143640,1,"Liga Nacional","Liga Endesa",-402534000,NA,"https://www.acb.com/Documentos/Cabeceras/logo-competicion-1b.png","https://www.acb.com/Documentos/Cabeceras/logo-competicion-4a.png",90,2025,107,NA,NA,5886,104482,NA,NA,TRUE,4388,4388,2662,"Real Madrid","Real Madrid","RMB",4402,2680,"Recoletas Salud San Pablo Burgos","Recoletas Salud","BUR",1,90,12000,8,30,26,21,35,60,24,26,92,21,12,33,17,10,15,7,3,1,2,19,23,103,50,-1,0,13,0,90,80,3,1580,5,10,9,42,5,46,7
2143582,1,"Liga Nacional","Liga Endesa",-402534000,NA,"https://www.acb.com/Documentos/Cabeceras/logo-competicion-1b.png","https://www.acb.com/Documentos/Cabeceras/logo-competicion-4a.png",90,2025,107,NA,NA,5886,104481,NA,NA,TRUE,4394,4394,2716,"Joventut Badalona","Joventut","JOV",4389,2711,"Surne Bilbao Basket","Surne Bilbao","SBB",1,101,12000,12,25,48,24,42,57,17,23,73,31,10,41,30,6,9,8,3,2,5,23,19,129,160,-1,0,13,0,101,69,3,2377,0,36,3,44,11,51,14
2143583,1,"Liga Nacional","Liga Endesa",-402534000,NA,"https://www.acb.com/Documentos/Cabeceras/logo-competicion-1b.png","https://www.acb.com/Documentos/Cabeceras/logo-competicion-4a.png",90,2025,107,NA,NA,5886,104481,NA,NA,FALSE,4389,4394,2716,"Joventut Badalona","Joventut","JOV",4389,2711,"Surne Bilbao Basket","Surne Bilbao","SBB",1,69,12000,8,25,32,12,32,37,21,32,65,22,8,30,18,5,15,9,2,2,3,22,22,59,-160,-1,13,0,0,69,101,4,0,0,0,0,24,3,35,8
2143327,1,"Liga Nacional","Liga Endesa",-402534000,NA,"https://www.acb.com/Documentos/Cabeceras/logo-competicion-1b.png","https://www.acb.com/Documentos/Cabeceras/logo-competicion-4a.png",90,2025,107,NA,NA,5886,104479,NA,NA,FALSE,4395,4392,2666,"Casademont Zaragoza","Casademont Zgz","CAZ",4395,2669,"Río Breogán","Río Breogán","BRE",1,88,12000,9,26,34,23,40,57,15,22,68,26,9,35,19,14,17,20,3,5,3,27,20,89,20,-1,0,13,0,88,84,3,1091,4,10,15,36,10,43,7
2143326,1,"Liga Nacional","Liga Endesa",-402534000,NA,"https://www.acb.com/Documentos/Cabeceras/logo-competicion-1b.png","https://www.acb.com/Documentos/Cabeceras/logo-competicion-4a.png",90,2025,107,NA,NA,5886,104479,NA,NA,TRUE,4392,4392,2666,"Casademont Zaragoza","Casademont Zgz","CAZ",4395,2669,"Río Breogán","Río Breogán","BRE",1,84,12000,5,25,20,23,38,60,23,33,69,28,13,41,16,13,21,11,5,3,1,20,27,97,-20,-1,13,0,0,84,88,5,1222,4,11,6,34,4,31,9
2143215,1,"Liga Nacional","Liga Endesa",-402534000,NA,"https://www.acb.com/Documentos/Cabeceras/logo-competicion-1b.png","https://www.acb.com/Documentos/Cabeceras/logo-competicion-4a.png",90,2025,107,NA,NA,5886,104478,NA,NA,FALSE,4393,4391,2665,"La Laguna Tenerife","La Laguna TFE","LLT",4393,2667,"UCAM Murcia","UCAM Murcia","UCM",1,80,12000,4,22,18,26,39,66,16,20,80,17,9,26,9,9,10,14,0,1,2,22,19,75,-80,-1,13,0,0,80,96,5,300,0,6,8,40,4,34,6
2143214,1,"Liga Nacional","Liga Endesa",-402534000,NA,"https://www.acb.com/Documentos/Cabeceras/logo-competicion-1b.png","https://www.acb.com/Documentos/Cabeceras/logo-competicion-4a.png",90,2025,107,NA,NA,5886,104478,NA,NA,TRUE,4391,4391,2665,"La Laguna Tenerife","La Laguna TFE","LLT",4393,2667,"UCAM Murcia","UCAM Murcia","UCM",1,96,12000,9,16,56,27,43,62,15,17,88,24,7,31,19,6,11,3,1,0,1,19,22,120,80,-1,0,13,0,96,80,2,2017,1,19,5,40,15,49,9
2143046,1,"Liga Nacional","Liga Endesa",-402534000,NA,"https://www.acb.com/Documentos/Cabeceras/logo-competicion-1b.png","https://www.acb.com/Documentos/Cabeceras/logo-competicion-4a.png",90,2025,107,NA,NA,5886,104480,NA,NA,TRUE,4385,4385,2659,"MoraBanc Andorra","MoraBanc And","MBA",4399,2728,"Bàsquet Girona","Bàsquet Girona","GIR",1,115,15000,19,42,45,11,32,34,36,44,81,30,13,43,25,14,17,7,1,2,2,31,35,131,10,-1,0,13,0,115,113,4,1473,2,18,9,20,12,58,10
2143047,1,"Liga Nacional","Liga Endesa",-402534000,NA,"https://www.acb.com/Documentos/Cabeceras/logo-competicion-1b.png","https://www.acb.com/Documentos/Cabeceras/logo-competicion-4a.png",90,2025,107,NA,NA,5886,104480,NA,NA,FALSE,4399,4385,2659,"MoraBanc Andorra","MoraBanc And","MBA",4399,2728,"Bàsquet Girona","Bàsquet Girona","GIR",1,113,15000,12,39,30,27,40,67,23,38,60,34,14,48,28,6,20,17,2,1,3,36,31,116,-10,-1,13,0,0,113,115,6,1369,2,13,5,50,8,73,10
2142963,1,"Liga Nacional","Liga Endesa",-402534000,NA,"https://www.acb.com/Documentos/Cabeceras/logo-competicion-1b.png","https://www.acb.com/Documentos/Cabeceras/logo-competicion-4a.png",90,2025,107,NA,NA,5886,104477,NA,NA,FALSE,4390,4396,2725,"BAXI Manresa","BAXI Manresa","BAX",4390,2664,"Dreamland Gran Canaria","Dreamland GC","DGC",1,87,12000,12,26,46,19,32,59,13,22,59,26,6,32,16,8,12,5,6,1,1,20,21,101,35,-1,0,13,0,87,80,4,2394,0,16,0,28,5,29,8
2142962,1,"Liga Nacional","Liga Endesa",-402534000,NA,"https://www.acb.com/Documentos/Cabeceras/logo-competicion-1b.png","https://www.acb.com/Documentos/Cabeceras/logo-competicion-4a.png",90,2025,107,NA,NA,5886,104477,NA,NA,TRUE,4396,4396,2725,"BAXI Manresa","BAXI Manresa","BAX",4390,2664,"Dreamland Gran Canaria","Dreamland GC","DGC",1,80,12000,12,30,40,14,30,46,16,19,84,23,7,30,14,4,14,9,1,5,4,21,20,72,-35,-1,13,0,0,80,87,5,0,0,0,0,24,8,39,6
2146638,1,"Liga Nacional","Liga Endesa",-402534000,NA,"https://www.acb.com/Documentos/Cabeceras/logo-competicion-1b.png","https://www.acb.com/Documentos/Cabeceras/logo-competicion-4a.png",90,2025,107,NA,NA,5887,104494,NA,NA,FALSE,4396,4388,2662,"Real Madrid","Real Madrid","RMB",4396,2725,"BAXI Manresa","BAXI Manresa","BAX",1,75,12000,4,18,22,26,57,45,11,14,78,18,17,35,12,8,17,13,4,8,1,28,23,56,-60,-1,13,0,0,75,87,4,277,0,7,6,42,11,35,7
2146637,1,"Liga Nacional","Liga Endesa",-402534000,NA,"https://www.acb.com/Documentos/Cabeceras/logo-competicion-1b.png","https://www.acb.com/Documentos/Cabeceras/logo-competicion-4a.png",90,2025,107,NA,NA,5887,104494,NA,NA,TRUE,4388,4388,2662,"Real Madrid","Real Madrid","RMB",4396,2725,"BAXI Manresa","BAXI Manresa","BAX",1,87,12000,6,20,30,21,42,50,27,31,87,27,18,45,11,9,22,4,8,2,2,23,28,102,60,-1,0,13,0,87,75,3,2108,1,17,6,40,10,34,14
2146500,1,"Liga Nacional","Liga Endesa",-402534000,NA,"https://www.acb.com/Documentos/Cabeceras/logo-competicion-1b.png","https://www.acb.com/Documentos/Cabeceras/logo-competicion-4a.png",90,2025,107,NA,NA,5887,104493,NA,NA,FALSE,4394,4397,2671,"Valencia Basket","Valencia Basket","VBC",4394,2716,"Joventut Badalona","Joventut","JOV",1,90,12000,13,29,44,18,38,47,15,18,83,18,8,26,19,8,12,7,0,6,1,23,20,83,-60,-1,12,0,0,90,102,4,86,1,3,4,34,6,41,8
2146499,1,"Liga Nacional","Liga Endesa",-402534000,NA,"https://www.acb.com/Documentos/Cabeceras/logo-competicion-1b.png","https://www.acb.com/Documentos/Cabeceras/logo-competicion-4a.png",90,2025,107,NA,NA,5887,104493,NA,NA,TRUE,4397,4397,2671,"Valencia Basket","Valencia Basket","VBC",4394,2716,"Joventut Badalona","Joventut","JOV",1,102,12000,12,32,37,21,26,80,24,27,88,28,8,36,22,7,13,12,6,0,4,21,23,134,60,-1,0,13,0,102,90,2,2292,1,20,3,42,3,56,9
2146386,1,"Liga Nacional","Liga Endesa",-402534000,NA,"https://www.acb.com/Documentos/Cabeceras/logo-competicion-1b.png","https://www.acb.com/Documentos/Cabeceras/logo-competicion-4a.png",90,2025,107,NA,NA,5887,104492,NA,NA,FALSE,4385,4389,2711,"Surne Bilbao Basket","Surne Bilbao","SBB",4385,2659,"MoraBanc Andorra","MoraBanc And","MBA",1,71,12000,7,24,29,17,33,51,16,20,80,21,9,30,17,9,14,10,3,1,1,22,19,75,-50,-1,13,0,0,71,81,4,0,0,0,9,32,3,42,9
2146385,1,"Liga Nacional","Liga Endesa",-402534000,NA,"https://www.acb.com/Documentos/Cabeceras/logo-competicion-1b.png","https://www.acb.com/Documentos/Cabeceras/logo-competicion-4a.png",90,2025,107,NA,NA,5887,104492,NA,NA,TRUE,4389,4389,2711,"Surne Bilbao Basket","Surne Bilbao","SBB",4385,2659,"MoraBanc Andorra","MoraBanc And","MBA",1,81,12000,10,31,32,17,31,54,17,22,77,22,15,37,14,7,12,7,1,3,3,19,21,87,50,-1,0,13,0,81,71,3,2374,0,21,2,24,2,24,17
2146160,1,"Liga Nacional","Liga Endesa",-402534000,NA,"https://www.acb.com/Documentos/Cabeceras/logo-competicion-1b.png","https://www.acb.com/Documentos/Cabeceras/logo-competicion-4a.png",90,2025,107,NA,NA,5887,104491,NA,NA,FALSE,4398,4393,2667,"UCAM Murcia","UCAM Murcia","UCM",4398,2710,"Baskonia","Baskonia","BKN",1,84,12000,5,20,25,29,53,54,11,16,68,27,10,37,10,10,11,14,2,3,2,21,19,83,-25,-1,13,0,0,84,89,4,18,1,1,8,58,10,33,9
2146159,1,"Liga Nacional","Liga Endesa",-402534000,NA,"https://www.acb.com/Documentos/Cabeceras/logo-competicion-1b.png","https://www.acb.com/Documentos/Cabeceras/logo-competicion-4a.png",90,2025,107,NA,NA,5887,104491,NA,NA,TRUE,4393,4393,2667,"UCAM Murcia","UCAM Murcia","UCM",4398,2710,"Baskonia","Baskonia","BKN",1,89,12000,8,24,33,26,44,59,13,20,65,31,9,40,14,5,14,16,4,2,2,20,21,96,25,-1,0,13,0,89,84,3,2372,1,18,4,40,6,35,9
2146102,1,"Liga Nacional","Liga Endesa",-402534000,NA,"https://www.acb.com/Documentos/Cabeceras/logo-competicion-1b.png","https://www.acb.com/Documentos/Cabeceras/logo-competicion-4a.png",90,2025,107,NA,NA,5887,104490,NA,NA,FALSE,4390,4399,2728,"Bàsquet Girona","Bàsquet Girona","GIR",4390,2664,"Dreamland Gran Canaria","Dreamland GC","DGC",1,81,12000,9,29,31,18,38,47,18,22,81,27,9,36,16,6,11,8,5,4,1,23,22,84,-20,-1,13,0,0,81,85,5,348,3,7,5,32,5,38,10
2146101,1,"Liga Nacional","Liga Endesa",-402534000,NA,"https://www.acb.com/Documentos/Cabeceras/logo-competicion-1b.png","https://www.acb.com/Documentos/Cabeceras/logo-competicion-4a.png",90,2025,107,NA,NA,5887,104490,NA,NA,TRUE,4399,4399,2728,"Bàsquet Girona","Bàsquet Girona","GIR",4390,2664,"Dreamland Gran Canaria","Dreamland GC","DGC",1,85,12000,12,30,40,16,32,50,17,27,62,32,10,42,14,6,14,4,4,4,3,24,23,88,20,-1,0,13,0,85,81,4,1953,3,10,6,30,4,33,8
2145905,1,"Liga Nacional","Liga Endesa",-402534000,NA,"https://www.acb.com/Documentos/Cabeceras/logo-competicion-1b.png","https://www.acb.com/Documentos/Cabeceras/logo-competicion-4a.png",90,2025,107,NA,NA,5887,104489,NA,NA,TRUE,4402,4402,2680,"Recoletas Salud San Pablo Burgos","Recoletas Salud","BUR",4392,2666,"Casademont Zaragoza","Casademont Zgz","CAZ",1,89,12000,8,30,26,22,41,53,21,34,61,19,11,30,15,10,14,24,4,2,5,26,25,77,-65,-1,13,0,0,89,102,5,43,1,2,8,42,6,51,8
2145906,1,"Liga Nacional","Liga Endesa",-402534000,NA,"https://www.acb.com/Documentos/Cabeceras/logo-competicion-1b.png","https://www.acb.com/Documentos/Cabeceras/logo-competicion-4a.png",90,2025,107,NA,NA,5887,104489,NA,NA,FALSE,4392,4402,2680,"Recoletas Salud San Pablo Burgos","Recoletas Salud","BUR",4392,2666,"Casademont Zaragoza","Casademont Zgz","CAZ",1,102,12000,10,26,38,22,39,56,28,33,84,32,15,47,20,8,24,7,2,4,2,28,26,111,65,-1,0,13,0,102,89,4,2173,1,13,2,40,12,37,8
2145795,1,"Liga Nacional","Liga Endesa",-402534000,NA,"https://www.acb.com/Documentos/Cabeceras/logo-competicion-1b.png","https://www.acb.com/Documentos/Cabeceras/logo-competicion-4a.png",90,2025,107,NA,NA,5887,104488,NA,NA,FALSE,4384,4391,2665,"La Laguna Tenerife","La Laguna TFE","LLT",4384,2658,"Unicaja","Unicaja","UNI",1,79,12000,8,21,38,19,40,47,17,24,70,22,15,37,18,4,11,9,2,0,5,24,22,86,-80,-1,12,0,0,79,95,5,201,0,3,4,30,11,42,9
2145794,1,"Liga Nacional","Liga Endesa",-402534000,NA,"https://www.acb.com/Documentos/Cabeceras/logo-competicion-1b.png","https://www.acb.com/Documentos/Cabeceras/logo-competicion-4a.png",90,2025,107,NA,NA,5887,104488,NA,NA,TRUE,4391,4391,2665,"La Laguna Tenerife","La Laguna TFE","LLT",4384,2658,"Unicaja","Unicaja","UNI",1,95,12000,14,28,50,16,30,53,21,25,84,22,5,27,24,5,6,0,0,2,1,23,24,112,80,-1,0,13,0,95,79,1,2142,1,22,6,24,7,37,12
2145624,1,"Liga Nacional","Liga Endesa",-402534000,NA,"https://www.acb.com/Documentos/Cabeceras/logo-competicion-1b.png","https://www.acb.com/Documentos/Cabeceras/logo-competicion-4a.png",90,2025,107,NA,NA,5887,104487,NA,NA,TRUE,4386,4386,2660,"Barça","Barça","BAR",4395,2669,"Río Breogán","Río Breogán","BRE",1,100,12000,13,31,41,24,32,75,13,19,68,24,11,35,17,5,15,4,5,0,2,22,20,113,75,-1,0,13,0,100,85,2,1995,4,17,2,36,14,67,8
2145625,1,"Liga Nacional","Liga Endesa",-402534000,NA,"https://www.acb.com/Documentos/Cabeceras/logo-competicion-1b.png","https://www.acb.com/Documentos/Cabeceras/logo-competicion-4a.png",90,2025,107,NA,NA,5887,104487,NA,NA,FALSE,4395,4386,2660,"Barça","Barça","BAR",4395,2669,"Río Breogán","Río Breogán","BRE",1,85,12000,10,32,31,20,33,60,15,19,78,16,12,28,14,8,11,10,0,4,1,20,21,82,-75,-1,13,0,0,85,100,4,287,3,4,10,32,6,48,8
2145540,1,"Liga Nacional","Liga Endesa",-402534000,NA,"https://www.acb.com/Documentos/Cabeceras/logo-competicion-1b.png","https://www.acb.com/Documentos/Cabeceras/logo-competicion-4a.png",90,2025,107,NA,NA,5887,104486,NA,NA,TRUE,4387,4387,2661,"Hiopos Lleida","Hiopos Lleida","HIO",4401,2674,"Coviran Granada","Coviran Granada","COV",1,99,12000,12,26,46,17,34,50,29,36,80,29,9,38,19,5,8,10,4,3,1,28,29,117,45,-1,0,13,0,99,90,4,1971,4,16,2,34,4,46,8
2145541,1,"Liga Nacional","Liga Endesa",-402534000,NA,"https://www.acb.com/Documentos/Cabeceras/logo-competicion-1b.png","https://www.acb.com/Documentos/Cabeceras/logo-competicion-4a.png",90,2025,107,NA,NA,5887,104486,NA,NA,FALSE,4401,4387,2661,"Hiopos Lleida","Hiopos Lleida","HIO",4401,2674,"Coviran Granada","Coviran Granada","COV",1,90,12000,10,29,34,14,36,38,32,41,78,24,14,38,15,7,8,17,3,4,0,29,28,90,-45,-1,13,0,0,90,99,4,300,3,6,7,26,8,23,8
2149994,1,"Liga Nacional","Liga Endesa",-402534000,NA,"https://www.acb.com/Documentos/Cabeceras/logo-competicion-1b.png","https://www.acb.com/Documentos/Cabeceras/logo-competicion-4a.png",90,2025,107,NA,NA,5888,104503,NA,NA,FALSE,4391,4398,2710,"Baskonia","Baskonia","BKN",4391,2665,"La Laguna Tenerife","La Laguna TFE","LLT",1,79,12000,5,25,20,21,39,53,22,30,73,18,12,30,19,12,11,9,4,8,1,21,29,87,-50,-1,13,0,0,79,89,4,1220,1,13,9,36,4,25,9
2149993,1,"Liga Nacional","Liga Endesa",-402534000,NA,"https://www.acb.com/Documentos/Cabeceras/logo-competicion-1b.png","https://www.acb.com/Documentos/Cabeceras/logo-competicion-4a.png",90,2025,107,NA,NA,5888,104503,NA,NA,TRUE,4398,4398,2710,"Baskonia","Baskonia","BKN",4391,2665,"La Laguna Tenerife","La Laguna TFE","LLT",1,89,12000,7,23,30,26,42,61,16,24,66,27,13,40,23,6,17,12,8,3,6,30,19,95,50,-1,0,12,0,89,79,3,930,2,17,7,48,13,50,11
2149825,1,"Liga Nacional","Liga Endesa",-402534000,NA,"https://www.acb.com/Documentos/Cabeceras/logo-competicion-1b.png","https://www.acb.com/Documentos/Cabeceras/logo-competicion-4a.png",90,2025,107,NA,NA,5888,104502,NA,NA,TRUE,4397,4397,2671,"Valencia Basket","Valencia Basket","VBC",4402,2680,"Recoletas Salud San Pablo Burgos","Recoletas Salud","BUR",1,100,12000,12,34,35,21,38,55,22,29,75,31,18,49,25,8,20,17,7,3,8,17,29,132,90,-1,0,13,0,100,82,1,2384,0,21,14,40,5,62,8
2149826,1,"Liga Nacional","Liga Endesa",-402534000,NA,"https://www.acb.com/Documentos/Cabeceras/logo-competicion-1b.png","https://www.acb.com/Documentos/Cabeceras/logo-competicion-4a.png",90,2025,107,NA,NA,5888,104502,NA,NA,FALSE,4402,4397,2671,"Valencia Basket","Valencia Basket","VBC",4402,2680,"Recoletas Salud San Pablo Burgos","Recoletas Salud","BUR",1,82,12000,10,31,32,23,49,46,6,9,66,25,17,42,21,13,20,7,3,7,2,30,17,71,-90,-1,13,0,0,82,100,5,0,0,0,7,44,10,30,8
2149739,1,"Liga Nacional","Liga Endesa",-402534000,NA,"https://www.acb.com/Documentos/Cabeceras/logo-competicion-1b.png","https://www.acb.com/Documentos/Cabeceras/logo-competicion-4a.png",90,2025,107,NA,NA,5888,104501,NA,NA,TRUE,4386,4386,2660,"Barça","Barça","BAR",4393,2667,"UCAM Murcia","UCAM Murcia","UCM",1,78,12000,5,19,26,24,49,48,15,19,78,26,9,35,12,9,13,4,4,2,1,23,22,79,-15,-1,13,0,0,78,81,5,0,0,0,2,36,7,44,11
2149740,1,"Liga Nacional","Liga Endesa",-402534000,NA,"https://www.acb.com/Documentos/Cabeceras/logo-competicion-1b.png","https://www.acb.com/Documentos/Cabeceras/logo-competicion-4a.png",90,2025,107,NA,NA,5888,104501,NA,NA,FALSE,4393,4386,2660,"Barça","Barça","BAR",4393,2667,"UCAM Murcia","UCAM Murcia","UCM",1,81,12000,9,30,30,18,31,58,18,25,72,30,11,41,23,6,18,5,2,4,3,22,20,88,15,-1,0,13,0,81,78,3,2387,0,21,2,34,13,29,8
2149515,1,"Liga Nacional","Liga Endesa",-402534000,NA,"https://www.acb.com/Documentos/Cabeceras/logo-competicion-1b.png","https://www.acb.com/Documentos/Cabeceras/logo-competicion-4a.png",90,2025,107,NA,NA,5888,104500,NA,NA,TRUE,4392,4392,2666,"Casademont Zaragoza","Casademont Zgz","CAZ",4388,2662,"Real Madrid","Real Madrid","RMB",1,83,12000,6,25,24,23,51,45,19,25,76,22,17,39,10,11,13,11,1,9,3,27,25,67,-60,-1,13,0,0,83,95,5,0,0,0,6,40,10,10,8
2149516,1,"Liga Nacional","Liga Endesa",-402534000,NA,"https://www.acb.com/Documentos/Cabeceras/logo-competicion-1b.png","https://www.acb.com/Documentos/Cabeceras/logo-competicion-4a.png",90,2025,107,NA,NA,5888,104500,NA,NA,FALSE,4388,4392,2666,"Casademont Zaragoza","Casademont Zgz","CAZ",4388,2662,"Real Madrid","Real Madrid","RMB",1,95,12000,6,25,24,27,41,65,23,27,85,35,10,45,21,8,16,22,10,1,9,25,24,124,60,-1,0,13,0,95,83,2,2219,0,16,6,54,4,43,13
2149460,1,"Liga Nacional","Liga Endesa",-402534000,NA,"https://www.acb.com/Documentos/Cabeceras/logo-competicion-1b.png","https://www.acb.com/Documentos/Cabeceras/logo-competicion-4a.png",90,2025,107,NA,NA,5888,104499,NA,NA,FALSE,4387,4394,2716,"Joventut Badalona","Joventut","JOV",4387,2661,"Hiopos Lleida","Hiopos Lleida","HIO",1,68,12000,6,29,20,17,37,45,16,22,72,28,12,40,11,10,13,5,3,2,1,22,21,67,-70,-1,13,0,0,68,82,5,496,6,4,2,30,9,44,7
2149459,1,"Liga Nacional","Liga Endesa",-402534000,NA,"https://www.acb.com/Documentos/Cabeceras/logo-competicion-1b.png","https://www.acb.com/Documentos/Cabeceras/logo-competicion-4a.png",90,2025,107,NA,NA,5888,104499,NA,NA,TRUE,4394,4394,2716,"Joventut Badalona","Joventut","JOV",4387,2661,"Hiopos Lleida","Hiopos Lleida","HIO",1,82,12000,12,29,41,14,34,41,18,23,78,31,8,39,12,6,13,7,2,2,1,21,22,85,70,-1,0,13,0,82,68,2,1438,6,15,2,26,5,31,11
2149290,1,"Liga Nacional","Liga Endesa",-402534000,NA,"https://www.acb.com/Documentos/Cabeceras/logo-competicion-1b.png","https://www.acb.com/Documentos/Cabeceras/logo-competicion-4a.png",90,2025,107,NA,NA,5888,104498,NA,NA,FALSE,4401,4395,2669,"Río Breogán","Río Breogán","BRE",4401,2674,"Coviran Granada","Coviran Granada","COV",1,74,12000,8,21,38,14,33,42,22,30,73,27,10,37,15,7,20,5,4,4,2,25,26,74,-105,-1,13,0,0,74,95,3,58,1,2,0,26,6,41,7
2149289,1,"Liga Nacional","Liga Endesa",-402534000,NA,"https://www.acb.com/Documentos/Cabeceras/logo-competicion-1b.png","https://www.acb.com/Documentos/Cabeceras/logo-competicion-4a.png",90,2025,107,NA,NA,5888,104498,NA,NA,TRUE,4395,4395,2669,"Río Breogán","Río Breogán","BRE",4401,2674,"Coviran Granada","Coviran Granada","COV",1,95,12000,15,39,38,18,34,52,14,22,63,23,13,36,16,11,10,19,4,3,4,26,25,100,105,-1,0,13,0,95,74,1,2236,2,29,16,34,4,62,13
2149150,1,"Liga Nacional","Liga Endesa",-402534000,NA,"https://www.acb.com/Documentos/Cabeceras/logo-competicion-1b.png","https://www.acb.com/Documentos/Cabeceras/logo-competicion-4a.png",90,2025,107,NA,NA,5888,104497,NA,NA,FALSE,4385,4390,2664,"Dreamland Gran Canaria","Dreamland GC","DGC",4385,2659,"MoraBanc Andorra","MoraBanc And","MBA",1,85,12000,13,26,50,13,23,56,20,26,76,26,10,36,16,2,20,11,1,2,1,20,22,91,-85,-1,13,0,0,85,102,3,0,0,0,0,24,10,37,7
2149149,1,"Liga Nacional","Liga Endesa",-402534000,NA,"https://www.acb.com/Documentos/Cabeceras/logo-competicion-1b.png","https://www.acb.com/Documentos/Cabeceras/logo-competicion-4a.png",90,2025,107,NA,NA,5888,104497,NA,NA,TRUE,4390,4390,2664,"Dreamland Gran Canaria","Dreamland GC","DGC",4385,2659,"MoraBanc Andorra","MoraBanc And","MBA",1,102,12000,12,31,38,26,45,57,14,21,66,15,14,29,25,11,5,13,3,1,7,21,20,118,85,-1,0,13,0,102,85,3,2320,0,28,4,50,8,53,8
2148982,1,"Liga Nacional","Liga Endesa",-402534000,NA,"https://www.acb.com/Documentos/Cabeceras/logo-competicion-1b.png","https://www.acb.com/Documentos/Cabeceras/logo-competicion-4a.png",90,2025,107,NA,NA,5888,104496,NA,NA,FALSE,4399,4384,2658,"Unicaja","Unicaja","UNI",4399,2728,"Bàsquet Girona","Bàsquet Girona","GIR",1,71,12000,11,38,28,10,27,37,18,22,81,23,10,33,14,11,13,4,1,4,1,23,20,62,-120,-1,13,0,0,71,95,5,158,1,2,0,14,0,26,7
2148981,1,"Liga Nacional","Liga Endesa",-402534000,NA,"https://www.acb.com/Documentos/Cabeceras/logo-competicion-1b.png","https://www.acb.com/Documentos/Cabeceras/logo-competicion-4a.png",90,2025,107,NA,NA,5888,104496,NA,NA,TRUE,4384,4384,2658,"Unicaja","Unicaja","UNI",4399,2728,"Bàsquet Girona","Bàsquet Girona","GIR",1,95,12000,12,28,42,20,37,54,19,27,70,32,12,44,21,6,17,18,4,1,3,20,23,114,120,-1,0,13,0,95,71,3,2199,2,24,8,34,6,47,12
2148896,1,"Liga Nacional","Liga Endesa",-402534000,NA,"https://www.acb.com/Documentos/Cabeceras/logo-competicion-1b.png","https://www.acb.com/Documentos/Cabeceras/logo-competicion-4a.png",90,2025,107,NA,NA,5888,104495,NA,NA,FALSE,4389,4396,2725,"BAXI Manresa","BAXI Manresa","BAX",4389,2711,"Surne Bilbao Basket","Surne Bilbao","SBB",1,77,12000,8,33,24,18,40,45,17,24,70,22,16,38,14,10,11,3,2,6,0,25,25,70,-10,-1,13,0,0,77,79,4,960,5,7,2,30,4,40,7
2148895,1,"Liga Nacional","Liga Endesa",-402534000,NA,"https://www.acb.com/Documentos/Cabeceras/logo-competicion-1b.png","https://www.acb.com/Documentos/Cabeceras/logo-competicion-4a.png",90,2025,107,NA,NA,5888,104495,NA,NA,TRUE,4396,4396,2725,"BAXI Manresa","BAXI Manresa","BAX",4389,2711,"Surne Bilbao Basket","Surne Bilbao","SBB",1,79,12000,5,14,35,24,41,58,16,27,59,35,7,42,19,5,19,4,6,2,5,25,25,93,10,-1,0,13,0,79,77,3,1176,6,11,2,44,6,37,7
2152593,1,"Liga Nacional","Liga Endesa",-402534000,NA,"https://www.acb.com/Documentos/Cabeceras/logo-competicion-1b.png","https://www.acb.com/Documentos/Cabeceras/logo-competicion-4a.png",90,2025,107,NA,NA,5889,104512,NA,NA,TRUE,4394,4394,2716,"Joventut Badalona","Joventut","JOV",4388,2662,"Real Madrid","Real Madrid","RMB",1,75,12000,5,23,21,22,41,53,16,21,76,25,8,33,15,11,14,7,3,3,1,23,20,75,-25,-1,13,0,0,75,80,4,408,4,6,0,38,4,33,10
2152594,1,"Liga Nacional","Liga Endesa",-402534000,NA,"https://www.acb.com/Documentos/Cabeceras/logo-competicion-1b.png","https://www.acb.com/Documentos/Cabeceras/logo-competicion-4a.png",90,2025,107,NA,NA,5889,104512,NA,NA,FALSE,4388,4394,2716,"Joventut Badalona","Joventut","JOV",4388,2662,"Real Madrid","Real Madrid","RMB",1,80,12000,7,29,24,19,36,52,21,28,75,29,15,44,16,11,16,10,3,3,6,20,23,92,25,-1,0,13,0,80,75,3,1686,4,14,7,36,8,49,9
2152452,1,"Liga Nacional","Liga Endesa",-402534000,NA,"https://www.acb.com/Documentos/Cabeceras/logo-competicion-1b.png","https://www.acb.com/Documentos/Cabeceras/logo-competicion-4a.png",90,2025,107,NA,NA,5889,104511,NA,NA,FALSE,4392,4389,2711,"Surne Bilbao Basket","Surne Bilbao","SBB",4392,2666,"Casademont Zaragoza","Casademont Zgz","CAZ",1,75,12000,5,16,31,18,32,56,24,30,80,30,5,35,17,5,26,8,3,3,7,27,26,74,-155,-1,13,0,0,75,106,4,14,1,2,4,28,2,33,6
2152451,1,"Liga Nacional","Liga Endesa",-402534000,NA,"https://www.acb.com/Documentos/Cabeceras/logo-competicion-1b.png","https://www.acb.com/Documentos/Cabeceras/logo-competicion-4a.png",90,2025,107,NA,NA,5889,104511,NA,NA,TRUE,4389,4389,2711,"Surne Bilbao Basket","Surne Bilbao","SBB",4392,2666,"Casademont Zaragoza","Casademont Zgz","CAZ",1,106,12000,16,34,47,18,35,51,22,32,68,20,10,30,29,17,8,4,3,3,6,26,27,130,155,-1,0,13,0,106,75,0,2327,1,35,7,32,5,63,10
2152339,1,"Liga Nacional","Liga Endesa",-402534000,NA,"https://www.acb.com/Documentos/Cabeceras/logo-competicion-1b.png","https://www.acb.com/Documentos/Cabeceras/logo-competicion-4a.png",90,2025,107,NA,NA,5889,104510,NA,NA,TRUE,4401,4401,2674,"Coviran Granada","Coviran Granada","COV",4397,2671,"Valencia Basket","Valencia Basket","VBC",1,85,12000,13,25,52,16,28,57,14,24,58,30,3,33,19,5,13,11,2,0,1,23,24,98,30,-1,0,13,0,85,79,4,2326,1,16,3,30,5,21,15
2152340,1,"Liga Nacional","Liga Endesa",-402534000,NA,"https://www.acb.com/Documentos/Cabeceras/logo-competicion-1b.png","https://www.acb.com/Documentos/Cabeceras/logo-competicion-4a.png",90,2025,107,NA,NA,5889,104510,NA,NA,FALSE,4397,4401,2674,"Coviran Granada","Coviran Granada","COV",4397,2671,"Valencia Basket","Valencia Basket","VBC",1,79,12000,12,36,33,15,37,40,13,24,54,22,17,39,19,10,8,6,0,2,3,24,23,79,-30,-1,13,0,0,79,85,3,21,0,2,4,30,10,50,9
2152114,1,"Liga Nacional","Liga Endesa",-402534000,NA,"https://www.acb.com/Documentos/Cabeceras/logo-competicion-1b.png","https://www.acb.com/Documentos/Cabeceras/logo-competicion-4a.png",90,2025,107,NA,NA,5889,104509,NA,NA,FALSE,4386,4399,2728,"Bàsquet Girona","Bàsquet Girona","GIR",4386,2660,"Barça","Barça","BAR",1,78,12000,8,26,30,17,32,53,20,24,83,24,5,29,13,3,8,4,1,1,0,20,25,83,-90,-1,13,0,0,78,96,3,242,1,5,0,26,6,46,9
2152113,1,"Liga Nacional","Liga Endesa",-402534000,NA,"https://www.acb.com/Documentos/Cabeceras/logo-competicion-1b.png","https://www.acb.com/Documentos/Cabeceras/logo-competicion-4a.png",90,2025,107,NA,NA,5889,104509,NA,NA,TRUE,4399,4399,2728,"Bàsquet Girona","Bàsquet Girona","GIR",4386,2660,"Barça","Barça","BAR",1,96,12000,15,41,36,16,23,69,19,21,90,27,11,38,15,4,9,9,1,1,1,25,19,103,90,-1,0,13,0,96,78,2,2140,2,24,2,30,6,44,9
2152056,1,"Liga Nacional","Liga Endesa",-402534000,NA,"https://www.acb.com/Documentos/Cabeceras/logo-competicion-1b.png","https://www.acb.com/Documentos/Cabeceras/logo-competicion-4a.png",90,2025,107,NA,NA,5889,104508,NA,NA,FALSE,4398,4387,2661,"Hiopos Lleida","Hiopos Lleida","HIO",4398,2710,"Baskonia","Baskonia","BKN",1,80,12000,15,38,39,11,36,30,13,18,72,23,18,41,20,5,10,2,1,5,1,26,20,73,-30,-1,13,0,0,80,86,5,40,0,1,0,16,10,38,8
2152055,1,"Liga Nacional","Liga Endesa",-402534000,NA,"https://www.acb.com/Documentos/Cabeceras/logo-competicion-1b.png","https://www.acb.com/Documentos/Cabeceras/logo-competicion-4a.png",90,2025,107,NA,NA,5889,104508,NA,NA,TRUE,4387,4387,2661,"Hiopos Lleida","Hiopos Lleida","HIO",4398,2710,"Baskonia","Baskonia","BKN",1,86,12000,8,21,38,21,35,60,20,27,74,25,7,32,14,5,10,4,5,1,3,20,26,103,30,-1,0,13,0,86,80,4,2247,1,29,2,36,4,23,13
2151860,1,"Liga Nacional","Liga Endesa",-402534000,NA,"https://www.acb.com/Documentos/Cabeceras/logo-competicion-1b.png","https://www.acb.com/Documentos/Cabeceras/logo-competicion-4a.png",90,2025,107,NA,NA,5889,104507,NA,NA,FALSE,4384,4385,2659,"MoraBanc Andorra","MoraBanc And","MBA",4384,2658,"Unicaja","Unicaja","UNI",1,74,12000,7,24,29,20,35,57,13,22,59,16,7,23,15,7,12,10,2,3,2,26,23,62,-120,-1,13,0,0,74,98,3,33,0,2,2,36,0,24,8
2151859,1,"Liga Nacional","Liga Endesa",-402534000,NA,"https://www.acb.com/Documentos/Cabeceras/logo-competicion-1b.png","https://www.acb.com/Documentos/Cabeceras/logo-competicion-4a.png",90,2025,107,NA,NA,5889,104507,NA,NA,TRUE,4385,4385,2659,"MoraBanc Andorra","MoraBanc And","MBA",4384,2658,"Unicaja","Unicaja","UNI",1,98,12000,11,24,45,21,32,65,23,33,69,31,10,41,21,8,11,8,3,2,2,23,26,127,120,-1,0,13,0,98,74,1,2289,1,30,3,36,4,47,10
2151720,1,"Liga Nacional","Liga Endesa",-402534000,NA,"https://www.acb.com/Documentos/Cabeceras/logo-competicion-1b.png","https://www.acb.com/Documentos/Cabeceras/logo-competicion-4a.png",90,2025,107,NA,NA,5889,104506,NA,NA,FALSE,4402,4391,2665,"La Laguna Tenerife","La Laguna TFE","LLT",4402,2680,"Recoletas Salud San Pablo Burgos","Recoletas Salud","BUR",1,97,12000,7,24,29,26,45,57,24,29,82,20,12,32,12,8,12,16,1,0,0,35,22,84,-20,-1,13,0,0,97,101,5,208,2,3,4,46,4,50,5
2151719,1,"Liga Nacional","Liga Endesa",-402534000,NA,"https://www.acb.com/Documentos/Cabeceras/logo-competicion-1b.png","https://www.acb.com/Documentos/Cabeceras/logo-competicion-4a.png",90,2025,107,NA,NA,5889,104506,NA,NA,TRUE,4391,4391,2665,"La Laguna Tenerife","La Laguna TFE","LLT",4402,2680,"Recoletas Salud San Pablo Burgos","Recoletas Salud","BUR",1,101,12000,7,19,36,25,35,71,30,36,83,23,4,27,22,6,10,0,0,1,2,22,32,127,20,-1,0,13,0,101,97,4,1992,3,10,2,42,0,39,6
2151580,1,"Liga Nacional","Liga Endesa",-402534000,NA,"https://www.acb.com/Documentos/Cabeceras/logo-competicion-1b.png","https://www.acb.com/Documentos/Cabeceras/logo-competicion-4a.png",90,2025,107,NA,NA,5889,104505,NA,NA,FALSE,4390,4395,2669,"Río Breogán","Río Breogán","BRE",4390,2664,"Dreamland Gran Canaria","Dreamland GC","DGC",1,92,12000,14,39,35,18,31,58,14,18,77,21,16,37,22,9,9,14,4,6,1,23,20,104,55,-1,0,13,0,92,81,3,2292,1,19,8,30,7,30,11
2151579,1,"Liga Nacional","Liga Endesa",-402534000,NA,"https://www.acb.com/Documentos/Cabeceras/logo-competicion-1b.png","https://www.acb.com/Documentos/Cabeceras/logo-competicion-4a.png",90,2025,107,NA,NA,5889,104505,NA,NA,TRUE,4395,4395,2669,"Río Breogán","Río Breogán","BRE",4390,2664,"Dreamland Gran Canaria","Dreamland GC","DGC",1,81,12000,7,24,29,18,34,52,24,31,77,23,16,39,18,7,14,2,6,4,0,21,23,95,-55,-1,13,0,0,81,92,4,18,0,3,0,36,5,43,10
2151495,1,"Liga Nacional","Liga Endesa",-402534000,NA,"https://www.acb.com/Documentos/Cabeceras/logo-competicion-1b.png","https://www.acb.com/Documentos/Cabeceras/logo-competicion-4a.png",90,2025,107,NA,NA,5889,104504,NA,NA,TRUE,4393,4393,2667,"UCAM Murcia","UCAM Murcia","UCM",4396,2725,"BAXI Manresa","BAXI Manresa","BAX",1,84,12000,5,22,22,28,49,57,13,20,65,26,14,40,13,11,12,13,2,3,5,25,21,86,95,-1,0,13,0,84,65,3,2046,1,21,5,54,6,42,7
2151496,1,"Liga Nacional","Liga Endesa",-402534000,NA,"https://www.acb.com/Documentos/Cabeceras/logo-competicion-1b.png","https://www.acb.com/Documentos/Cabeceras/logo-competicion-4a.png",90,2025,107,NA,NA,5889,104504,NA,NA,FALSE,4396,4393,2667,"UCAM Murcia","UCAM Murcia","UCM",4396,2725,"BAXI Manresa","BAXI Manresa","BAX",1,65,12000,5,19,26,20,40,50,10,24,41,24,8,32,15,5,16,12,3,2,0,21,25,58,-95,-1,13,0,0,65,84,5,212,1,4,4,38,4,19,8
2155173,1,"Liga Nacional","Liga Endesa",-402534000,NA,"https://www.acb.com/Documentos/Cabeceras/logo-competicion-1b.png","https://www.acb.com/Documentos/Cabeceras/logo-competicion-4a.png",90,2025,107,NA,NA,5890,104521,NA,NA,FALSE,4398,4386,2660,"Barça","Barça","BAR",4398,2710,"Baskonia","Baskonia","BKN",1,83,12000,8,24,33,19,37,51,21,25,84,29,13,42,17,2,16,4,3,5,1,18,24,94,-40,-1,13,0,0,83,91,4,632,6,9,0,32,8,49,6
2155172,1,"Liga Nacional","Liga Endesa",-402534000,NA,"https://www.acb.com/Documentos/Cabeceras/logo-competicion-1b.png","https://www.acb.com/Documentos/Cabeceras/logo-competicion-4a.png",90,2025,107,NA,NA,5890,104521,NA,NA,TRUE,4386,4386,2660,"Barça","Barça","BAR",4398,2710,"Baskonia","Baskonia","BKN",1,91,12000,12,35,34,26,42,61,3,5,60,20,9,29,17,9,5,19,5,3,5,24,18,96,40,-1,0,13,0,91,83,3,1454,7,12,7,38,8,42,10
2155036,1,"Liga Nacional","Liga Endesa",-402534000,NA,"https://www.acb.com/Documentos/Cabeceras/logo-competicion-1b.png","https://www.acb.com/Documentos/Cabeceras/logo-competicion-4a.png",90,2025,107,NA,NA,5890,104520,NA,NA,TRUE,4393,4393,2667,"UCAM Murcia","UCAM Murcia","UCM",4395,2669,"Río Breogán","Río Breogán","BRE",1,83,12000,11,33,33,18,36,50,14,22,63,19,13,32,12,11,15,16,3,3,0,23,23,75,-65,-1,13,0,0,83,96,5,0,0,0,4,36,8,28,8
2155037,1,"Liga Nacional","Liga Endesa",-402534000,NA,"https://www.acb.com/Documentos/Cabeceras/logo-competicion-1b.png","https://www.acb.com/Documentos/Cabeceras/logo-competicion-4a.png",90,2025,107,NA,NA,5890,104520,NA,NA,FALSE,4395,4393,2667,"UCAM Murcia","UCAM Murcia","UCM",4395,2669,"Río Breogán","Río Breogán","BRE",1,96,12000,9,27,33,27,47,57,15,16,93,28,18,46,15,8,16,15,3,3,4,23,21,108,65,-1,0,12,0,96,83,4,2370,0,17,5,48,11,41,7
2154924,1,"Liga Nacional","Liga Endesa",-402534000,NA,"https://www.acb.com/Documentos/Cabeceras/logo-competicion-1b.png","https://www.acb.com/Documentos/Cabeceras/logo-competicion-4a.png",90,2025,107,NA,NA,5890,104519,NA,NA,TRUE,4388,4388,2662,"Real Madrid","Real Madrid","RMB",4389,2711,"Surne Bilbao Basket","Surne Bilbao","SBB",1,82,12000,4,25,16,21,41,51,28,33,84,30,9,39,11,11,7,10,6,3,3,20,28,101,60,-1,0,13,0,82,70,2,1700,3,12,4,40,7,42,9
2154925,1,"Liga Nacional","Liga Endesa",-402534000,NA,"https://www.acb.com/Documentos/Cabeceras/logo-competicion-1b.png","https://www.acb.com/Documentos/Cabeceras/logo-competicion-4a.png",90,2025,107,NA,NA,5890,104519,NA,NA,FALSE,4389,4388,2662,"Real Madrid","Real Madrid","RMB",4389,2711,"Surne Bilbao Basket","Surne Bilbao","SBB",1,70,12000,8,21,38,17,40,42,12,18,66,35,7,42,15,2,19,7,4,5,4,28,20,59,-60,-1,13,0,0,70,82,4,676,3,8,9,28,2,32,9
2154700,1,"Liga Nacional","Liga Endesa",-402534000,NA,"https://www.acb.com/Documentos/Cabeceras/logo-competicion-1b.png","https://www.acb.com/Documentos/Cabeceras/logo-competicion-4a.png",90,2025,107,NA,NA,5890,104518,NA,NA,TRUE,4397,4397,2671,"Valencia Basket","Valencia Basket","VBC",4391,2665,"La Laguna Tenerife","La Laguna TFE","LLT",1,96,12000,8,25,32,30,38,78,12,13,92,23,7,30,20,6,9,6,5,2,3,18,19,121,85,-1,0,13,0,96,79,2,1365,6,17,2,52,2,32,7
2154701,1,"Liga Nacional","Liga Endesa",-402534000,NA,"https://www.acb.com/Documentos/Cabeceras/logo-competicion-1b.png","https://www.acb.com/Documentos/Cabeceras/logo-competicion-4a.png",90,2025,107,NA,NA,5890,104518,NA,NA,FALSE,4391,4397,2671,"Valencia Basket","Valencia Basket","VBC",4391,2665,"La Laguna Tenerife","La Laguna TFE","LLT",1,79,12000,12,35,34,13,29,44,17,19,89,18,10,28,16,5,10,5,2,5,0,19,18,73,-85,-1,13,0,0,79,96,2,949,6,7,3,20,7,40,7
2154645,1,"Liga Nacional","Liga Endesa",-402534000,NA,"https://www.acb.com/Documentos/Cabeceras/logo-competicion-1b.png","https://www.acb.com/Documentos/Cabeceras/logo-competicion-4a.png",90,2025,107,NA,NA,5890,104517,NA,NA,FALSE,4387,4396,2725,"BAXI Manresa","BAXI Manresa","BAX",4387,2661,"Hiopos Lleida","Hiopos Lleida","HIO",1,86,12000,3,16,18,27,46,58,23,28,82,25,15,40,15,9,23,2,4,4,7,25,24,89,-65,-1,13,0,0,86,99,4,706,7,8,4,50,14,39,9
2154644,1,"Liga Nacional","Liga Endesa",-402534000,NA,"https://www.acb.com/Documentos/Cabeceras/logo-competicion-1b.png","https://www.acb.com/Documentos/Cabeceras/logo-competicion-4a.png",90,2025,107,NA,NA,5890,104517,NA,NA,TRUE,4396,4396,2725,"BAXI Manresa","BAXI Manresa","BAX",4387,2661,"Hiopos Lleida","Hiopos Lleida","HIO",1,99,12000,16,35,45,17,39,43,17,21,80,16,16,32,14,7,12,15,4,4,3,25,23,93,65,-1,0,13,0,99,86,3,1497,7,15,10,34,10,32,10
2154476,1,"Liga Nacional","Liga Endesa",-402534000,NA,"https://www.acb.com/Documentos/Cabeceras/logo-competicion-1b.png","https://www.acb.com/Documentos/Cabeceras/logo-competicion-4a.png",90,2025,107,NA,NA,5890,104516,NA,NA,TRUE,4402,4402,2680,"Recoletas Salud San Pablo Burgos","Recoletas Salud","BUR",4385,2659,"MoraBanc Andorra","MoraBanc And","MBA",1,86,12000,11,31,35,20,38,52,13,20,65,25,12,37,28,7,13,9,3,0,1,29,23,97,-35,-1,13,0,0,86,93,4,1874,2,9,3,38,9,21,8
2154477,1,"Liga Nacional","Liga Endesa",-402534000,NA,"https://www.acb.com/Documentos/Cabeceras/logo-competicion-1b.png","https://www.acb.com/Documentos/Cabeceras/logo-competicion-4a.png",90,2025,107,NA,NA,5890,104516,NA,NA,FALSE,4385,4402,2680,"Recoletas Salud San Pablo Burgos","Recoletas Salud","BUR",4385,2659,"MoraBanc Andorra","MoraBanc And","MBA",1,93,12000,9,31,29,18,33,54,30,36,83,28,14,42,12,8,14,4,1,3,1,23,28,101,35,-1,0,13,0,93,86,2,273,2,7,0,28,8,62,11
2154336,1,"Liga Nacional","Liga Endesa",-402534000,NA,"https://www.acb.com/Documentos/Cabeceras/logo-competicion-1b.png","https://www.acb.com/Documentos/Cabeceras/logo-competicion-4a.png",90,2025,107,NA,NA,5890,104515,NA,NA,TRUE,4390,4390,2664,"Dreamland Gran Canaria","Dreamland GC","DGC",4394,2716,"Joventut Badalona","Joventut","JOV",1,78,12000,9,28,32,17,37,45,17,24,70,17,13,30,9,9,11,6,3,4,0,24,24,68,-70,-1,13,0,0,78,92,4,0,0,0,8,28,8,37,9
2154337,1,"Liga Nacional","Liga Endesa",-402534000,NA,"https://www.acb.com/Documentos/Cabeceras/logo-competicion-1b.png","https://www.acb.com/Documentos/Cabeceras/logo-competicion-4a.png",90,2025,107,NA,NA,5890,104515,NA,NA,FALSE,4394,4390,2664,"Dreamland Gran Canaria","Dreamland GC","DGC",4394,2716,"Joventut Badalona","Joventut","JOV",1,92,12000,7,18,38,27,38,71,17,23,73,26,5,31,24,4,13,9,4,3,0,25,23,109,70,-1,0,13,0,92,78,3,2303,0,23,4,48,4,59,15
2154169,1,"Liga Nacional","Liga Endesa",-402534000,NA,"https://www.acb.com/Documentos/Cabeceras/logo-competicion-1b.png","https://www.acb.com/Documentos/Cabeceras/logo-competicion-4a.png",90,2025,107,NA,NA,5890,104514,NA,NA,FALSE,4384,4392,2666,"Casademont Zaragoza","Casademont Zgz","CAZ",4384,2658,"Unicaja","Unicaja","UNI",1,86,12000,15,38,39,13,32,40,15,21,71,18,20,38,19,9,17,9,1,2,2,31,25,80,35,-1,0,13,0,86,79,5,1557,4,11,7,14,5,49,12
2154168,1,"Liga Nacional","Liga Endesa",-402534000,NA,"https://www.acb.com/Documentos/Cabeceras/logo-competicion-1b.png","https://www.acb.com/Documentos/Cabeceras/logo-competicion-4a.png",90,2025,107,NA,NA,5890,104514,NA,NA,TRUE,4392,4392,2666,"Casademont Zaragoza","Casademont Zgz","CAZ",4384,2658,"Unicaja","Unicaja","UNI",1,79,12000,4,22,18,20,30,66,27,32,84,19,10,29,11,7,18,4,3,1,4,27,29,79,-35,-1,13,0,0,79,86,5,555,2,6,5,38,4,22,14
2154085,1,"Liga Nacional","Liga Endesa",-402534000,NA,"https://www.acb.com/Documentos/Cabeceras/logo-competicion-1b.png","https://www.acb.com/Documentos/Cabeceras/logo-competicion-4a.png",90,2025,107,NA,NA,5890,104513,NA,NA,FALSE,4401,4399,2728,"Bàsquet Girona","Bàsquet Girona","GIR",4401,2674,"Coviran Granada","Coviran Granada","COV",1,76,12000,11,25,44,17,33,51,9,14,64,21,7,28,15,7,16,4,2,5,2,24,20,68,-30,-1,13,0,0,76,82,5,1241,2,11,2,28,7,31,8
2154084,1,"Liga Nacional","Liga Endesa",-402534000,NA,"https://www.acb.com/Documentos/Cabeceras/logo-competicion-1b.png","https://www.acb.com/Documentos/Cabeceras/logo-competicion-4a.png",90,2025,107,NA,NA,5890,104513,NA,NA,TRUE,4399,4399,2728,"Bàsquet Girona","Bàsquet Girona","GIR",4401,2674,"Coviran Granada","Coviran Granada","COV",1,82,12000,7,30,23,21,33,63,19,20,95,26,12,38,15,7,16,6,5,2,4,21,24,96,30,-1,0,13,0,82,76,4,1116,3,10,0,34,6,27,17
2157845,1,"Liga Nacional","Liga Endesa",-402534000,NA,"https://www.acb.com/Documentos/Cabeceras/logo-competicion-1b.png","https://www.acb.com/Documentos/Cabeceras/logo-competicion-4a.png",90,2025,107,NA,NA,5891,104530,NA,NA,FALSE,4386,4390,2664,"Dreamland Gran Canaria","Dreamland GC","DGC",4386,2660,"Barça","Barça","BAR",1,72,12000,8,19,42,17,35,48,14,19,73,28,6,34,14,7,11,6,2,2,1,26,22,78,55,-1,0,13,0,72,61,1,1265,2,13,2,28,0,28,8
2157844,1,"Liga Nacional","Liga Endesa",-402534000,NA,"https://www.acb.com/Documentos/Cabeceras/logo-competicion-1b.png","https://www.acb.com/Documentos/Cabeceras/logo-competicion-4a.png",90,2025,107,NA,NA,5891,104530,NA,NA,TRUE,4390,4390,2664,"Dreamland Gran Canaria","Dreamland GC","DGC",4386,2660,"Barça","Barça","BAR",1,61,12000,5,22,22,16,40,40,14,21,66,22,13,35,15,4,9,0,3,1,1,22,26,64,-55,-1,13,0,0,61,72,4,838,1,5,0,26,4,25,8
2157704,1,"Liga Nacional","Liga Endesa",-402534000,NA,"https://www.acb.com/Documentos/Cabeceras/logo-competicion-1b.png","https://www.acb.com/Documentos/Cabeceras/logo-competicion-4a.png",90,2025,107,NA,NA,5891,104529,NA,NA,TRUE,4392,4392,2666,"Casademont Zaragoza","Casademont Zgz","CAZ",4391,2665,"La Laguna Tenerife","La Laguna TFE","LLT",1,76,12000,6,21,28,19,48,39,20,27,74,26,21,47,17,11,17,14,4,5,1,23,22,81,-40,-1,13,0,0,76,84,5,125,3,1,12,38,14,35,10
2157705,1,"Liga Nacional","Liga Endesa",-402534000,NA,"https://www.acb.com/Documentos/Cabeceras/logo-competicion-1b.png","https://www.acb.com/Documentos/Cabeceras/logo-competicion-4a.png",90,2025,107,NA,NA,5891,104529,NA,NA,FALSE,4391,4392,2666,"Casademont Zaragoza","Casademont Zgz","CAZ",4391,2665,"La Laguna Tenerife","La Laguna TFE","LLT",1,84,12000,10,23,43,18,37,48,18,21,85,23,6,29,17,9,12,10,6,3,2,22,21,94,40,-1,0,13,0,84,76,3,2174,3,11,8,26,2,36,8
2157592,1,"Liga Nacional","Liga Endesa",-402534000,NA,"https://www.acb.com/Documentos/Cabeceras/logo-competicion-1b.png","https://www.acb.com/Documentos/Cabeceras/logo-competicion-4a.png",90,2025,107,NA,NA,5891,104528,NA,NA,TRUE,4397,4397,2671,"Valencia Basket","Valencia Basket","VBC",4399,2728,"Bàsquet Girona","Bàsquet Girona","GIR",1,98,12000,16,38,42,18,30,60,14,29,48,32,12,44,25,5,15,9,3,1,2,16,24,118,130,-1,0,13,0,98,72,1,2372,0,26,2,32,7,59,8
2157593,1,"Liga Nacional","Liga Endesa",-402534000,NA,"https://www.acb.com/Documentos/Cabeceras/logo-competicion-1b.png","https://www.acb.com/Documentos/Cabeceras/logo-competicion-4a.png",90,2025,107,NA,NA,5891,104528,NA,NA,FALSE,4399,4397,2671,"Valencia Basket","Valencia Basket","VBC",4399,2728,"Bàsquet Girona","Bàsquet Girona","GIR",1,72,12000,7,34,20,19,41,46,13,13,100,30,15,45,15,7,17,16,1,3,5,25,15,61,-130,-1,13,0,0,72,98,3,0,0,0,5,32,6,27,8
2157401,1,"Liga Nacional","Liga Endesa",-402534000,NA,"https://www.acb.com/Documentos/Cabeceras/logo-competicion-1b.png","https://www.acb.com/Documentos/Cabeceras/logo-competicion-4a.png",90,2025,107,NA,NA,5891,104527,NA,NA,TRUE,4398,4398,2710,"Kosner Baskonia","Kosner Baskonia","BKN",4389,2711,"Surne Bilbao","Surne Bilbao","SBB",1,110,12000,15,35,42,19,30,63,27,32,84,22,8,30,24,11,17,14,2,2,6,24,27,125,95,-1,0,12,0,110,91,5,2329,0,25,8,36,5,61,12
2157402,1,"Liga Nacional","Liga Endesa",-402534000,NA,"https://www.acb.com/Documentos/Cabeceras/logo-competicion-1b.png","https://www.acb.com/Documentos/Cabeceras/logo-competicion-4a.png",90,2025,107,NA,NA,5891,104527,NA,NA,FALSE,4389,4398,2710,"Kosner Baskonia","Kosner Baskonia","BKN",4389,2711,"Surne Bilbao","Surne Bilbao","SBB",1,91,12000,10,22,45,19,30,63,23,27,85,23,4,27,15,10,25,8,2,2,3,28,21,84,-95,-1,13,0,0,91,110,4,0,0,0,4,30,2,52,8
2157318,1,"Liga Nacional","Liga Endesa",-402534000,NA,"https://www.acb.com/Documentos/Cabeceras/logo-competicion-1b.png","https://www.acb.com/Documentos/Cabeceras/logo-competicion-4a.png",90,2025,107,NA,NA,5891,104526,NA,NA,FALSE,4394,4385,2659,"MoraBanc Andorra","MoraBanc And","MBA",4394,2716,"Joventut Badalona","Joventut","JOV",1,83,12000,8,26,30,21,36,58,17,22,77,27,12,39,17,6,13,5,1,1,0,19,18,93,35,-1,0,13,0,83,76,1,2152,1,20,4,38,7,36,10
2157317,1,"Liga Nacional","Liga Endesa",-402534000,NA,"https://www.acb.com/Documentos/Cabeceras/logo-competicion-1b.png","https://www.acb.com/Documentos/Cabeceras/logo-competicion-4a.png",90,2025,107,NA,NA,5891,104526,NA,NA,TRUE,4385,4385,2659,"MoraBanc Andorra","MoraBanc And","MBA",4394,2716,"Joventut Badalona","Joventut","JOV",1,76,12000,8,26,30,18,35,51,16,21,76,24,8,32,13,10,10,4,1,1,3,18,19,82,-35,-1,13,0,0,76,83,2,139,0,4,0,30,6,19,11
2157127,1,"Liga Nacional","Liga Endesa",-402534000,NA,"https://www.acb.com/Documentos/Cabeceras/logo-competicion-1b.png","https://www.acb.com/Documentos/Cabeceras/logo-competicion-4a.png",90,2025,107,NA,NA,5891,104525,NA,NA,FALSE,4402,4395,2669,"Río Breogán","Río Breogán","BRE",4402,2680,"Recoletas Salud San Pablo Burgos","Recoletas Salud","BUR",1,78,12000,6,22,27,21,42,50,18,24,75,22,14,36,13,8,22,5,4,2,1,26,24,70,-135,-1,13,0,0,78,105,4,38,2,1,4,36,14,33,8
2157126,1,"Liga Nacional","Liga Endesa",-402534000,NA,"https://www.acb.com/Documentos/Cabeceras/logo-competicion-1b.png","https://www.acb.com/Documentos/Cabeceras/logo-competicion-4a.png",90,2025,107,NA,NA,5891,104525,NA,NA,TRUE,4395,4395,2669,"Río Breogán","Río Breogán","BRE",4402,2680,"Recoletas Salud San Pablo Burgos","Recoletas Salud","BUR",1,105,12000,14,28,50,21,38,55,21,26,80,24,10,34,21,11,15,18,2,2,6,24,26,122,135,-1,0,12,0,105,78,0,2282,2,31,12,38,8,50,12
2157043,1,"Liga Nacional","Liga Endesa",-402534000,NA,"https://www.acb.com/Documentos/Cabeceras/logo-competicion-1b.png","https://www.acb.com/Documentos/Cabeceras/logo-competicion-4a.png",90,2025,107,NA,NA,5891,104524,NA,NA,FALSE,4396,4384,2658,"Unicaja","Unicaja","UNI",4396,2725,"BAXI Manresa","BAXI Manresa","BAX",1,82,12000,8,27,29,15,35,42,28,32,87,27,8,35,18,8,16,0,1,5,1,26,26,80,-115,-1,13,0,0,82,105,4,0,0,0,1,26,5,37,9
2157042,1,"Liga Nacional","Liga Endesa",-402534000,NA,"https://www.acb.com/Documentos/Cabeceras/logo-competicion-1b.png","https://www.acb.com/Documentos/Cabeceras/logo-competicion-4a.png",90,2025,107,NA,NA,5891,104524,NA,NA,TRUE,4384,4384,2658,"Unicaja","Unicaja","UNI",4396,2725,"BAXI Manresa","BAXI Manresa","BAX",1,105,12000,11,27,40,28,39,71,16,26,61,30,8,38,25,11,17,18,5,0,4,26,26,130,115,-1,0,13,0,105,82,3,2376,0,23,13,48,2,52,10
2156761,1,"Liga Nacional","Liga Endesa",-402534000,NA,"https://www.acb.com/Documentos/Cabeceras/logo-competicion-1b.png","https://www.acb.com/Documentos/Cabeceras/logo-competicion-4a.png",90,2025,107,NA,NA,5891,104522,NA,NA,FALSE,4393,4387,2661,"Hiopos Lleida","Hiopos Lleida","HIO",4393,2667,"UCAM Murcia","UCAM Murcia","UCM",1,107,12000,22,41,53,14,27,51,13,21,61,35,11,46,22,4,11,11,3,5,0,25,22,123,180,-1,0,13,0,107,71,2,2354,0,38,5,24,10,43,8
2156760,1,"Liga Nacional","Liga Endesa",-402534000,NA,"https://www.acb.com/Documentos/Cabeceras/logo-competicion-1b.png","https://www.acb.com/Documentos/Cabeceras/logo-competicion-4a.png",90,2025,107,NA,NA,5891,104522,NA,NA,TRUE,4387,4387,2661,"Hiopos Lleida","Hiopos Lleida","HIO",4393,2667,"UCAM Murcia","UCAM Murcia","UCM",1,71,12000,6,17,35,18,53,33,17,25,68,24,11,35,9,7,11,16,5,3,1,23,25,61,-180,-1,13,0,0,71,107,3,0,0,0,7,32,5,32,8
2156816,1,"Liga Nacional","Liga Endesa",-402534000,NA,"https://www.acb.com/Documentos/Cabeceras/logo-competicion-1b.png","https://www.acb.com/Documentos/Cabeceras/logo-competicion-4a.png",90,2025,107,NA,NA,5891,104523,NA,NA,TRUE,4401,4401,2674,"Coviran Granada","Coviran Granada","COV",4388,2662,"Real Madrid","Real Madrid","RMB",1,100,12000,12,28,42,21,36,58,22,27,81,19,8,27,17,5,11,6,1,5,0,29,23,92,-55,-1,13,0,0,100,111,4,82,2,2,2,42,10,29,9
2156817,1,"Liga Nacional","Liga Endesa",-402534000,NA,"https://www.acb.com/Documentos/Cabeceras/logo-competicion-1b.png","https://www.acb.com/Documentos/Cabeceras/logo-competicion-4a.png",90,2025,107,NA,NA,5891,104523,NA,NA,FALSE,4388,4401,2674,"Coviran Granada","Coviran Granada","COV",4388,2662,"Real Madrid","Real Madrid","RMB",1,111,12000,8,20,40,29,44,65,29,36,80,22,10,32,16,5,12,5,6,1,4,27,28,124,55,-1,0,13,0,111,100,3,2207,2,14,2,54,2,42,6
2165642,1,"Liga Nacional","Liga Endesa",-402534000,NA,"https://www.acb.com/Documentos/Cabeceras/logo-competicion-1b.png","https://www.acb.com/Documentos/Cabeceras/logo-competicion-4a.png",90,2025,107,NA,NA,5892,104539,NA,NA,TRUE,4398,4398,2710,"Kosner Baskonia","Kosner Baskonia","BKN",4397,2671,"Valencia Basket","Valencia Basket","VBC",1,89,12000,12,33,36,17,29,58,19,24,79,32,7,39,16,6,16,4,4,2,3,29,22,91,-10,-1,12,0,0,89,91,3,793,5,8,6,32,5,52,7
2165643,1,"Liga Nacional","Liga Endesa",-402534000,NA,"https://www.acb.com/Documentos/Cabeceras/logo-competicion-1b.png","https://www.acb.com/Documentos/Cabeceras/logo-competicion-4a.png",90,2025,107,NA,NA,5892,104539,NA,NA,FALSE,4397,4398,2710,"Kosner Baskonia","Kosner Baskonia","BKN",4397,2671,"Valencia Basket","Valencia Basket","VBC",1,91,12000,10,31,32,18,46,39,25,33,75,27,18,45,17,7,10,8,3,4,3,22,29,99,10,-1,0,13,0,91,89,4,1336,5,10,5,32,8,70,9
2165528,1,"Liga Nacional","Liga Endesa",-402534000,NA,"https://www.acb.com/Documentos/Cabeceras/logo-competicion-1b.png","https://www.acb.com/Documentos/Cabeceras/logo-competicion-4a.png",90,2025,107,NA,NA,5892,104538,NA,NA,TRUE,4389,4389,2711,"Surne Bilbao","Surne Bilbao","SBB",4390,2664,"Dreamland Gran Canaria","Dreamland GC","DGC",1,79,12000,10,29,34,11,29,37,27,31,87,30,13,43,14,7,16,5,6,3,3,23,24,90,35,-1,0,13,0,79,72,2,1216,6,8,2,22,8,57,8
2165529,1,"Liga Nacional","Liga Endesa",-402534000,NA,"https://www.acb.com/Documentos/Cabeceras/logo-competicion-1b.png","https://www.acb.com/Documentos/Cabeceras/logo-competicion-4a.png",90,2025,107,NA,NA,5892,104538,NA,NA,FALSE,4390,4389,2711,"Surne Bilbao","Surne Bilbao","SBB",4390,2664,"Dreamland Gran Canaria","Dreamland GC","DGC",1,72,12000,9,29,31,15,34,44,15,20,75,23,9,32,10,5,14,6,3,6,0,25,21,54,-35,-1,13,0,0,72,79,4,745,5,4,4,26,10,29,6
2165417,1,"Liga Nacional","Liga Endesa",-402534000,NA,"https://www.acb.com/Documentos/Cabeceras/logo-competicion-1b.png","https://www.acb.com/Documentos/Cabeceras/logo-competicion-4a.png",90,2025,107,NA,NA,5892,104537,NA,NA,FALSE,4385,4386,2660,"Barça","Barça","BAR",4385,2659,"MoraBanc Andorra","MoraBanc And","MBA",1,71,12000,8,20,40,16,36,44,15,17,88,17,5,22,14,4,17,0,3,1,0,23,17,56,-155,-1,13,0,0,71,102,3,404,0,6,0,26,2,21,6
2165416,1,"Liga Nacional","Liga Endesa",-402534000,NA,"https://www.acb.com/Documentos/Cabeceras/logo-competicion-1b.png","https://www.acb.com/Documentos/Cabeceras/logo-competicion-4a.png",90,2025,107,NA,NA,5892,104537,NA,NA,TRUE,4386,4386,2660,"Barça","Barça","BAR",4385,2659,"MoraBanc Andorra","MoraBanc And","MBA",1,102,12000,12,26,46,24,32,75,18,25,72,24,5,29,21,14,11,8,1,3,3,17,23,130,155,-1,0,13,0,102,71,0,1924,1,34,6,40,2,50,12
2165221,1,"Liga Nacional","Liga Endesa",-402534000,NA,"https://www.acb.com/Documentos/Cabeceras/logo-competicion-1b.png","https://www.acb.com/Documentos/Cabeceras/logo-competicion-4a.png",90,2025,107,NA,NA,5892,104536,NA,NA,FALSE,4388,4391,2665,"La Laguna Tenerife","La Laguna TFE","LLT",4388,2662,"Real Madrid","Real Madrid","RMB",1,71,12000,11,25,44,14,35,40,10,12,83,30,14,44,12,7,22,3,2,1,1,22,17,71,5,-1,0,13,0,71,70,4,1962,4,13,5,20,6,29,9
2165220,1,"Liga Nacional","Liga Endesa",-402534000,NA,"https://www.acb.com/Documentos/Cabeceras/logo-competicion-1b.png","https://www.acb.com/Documentos/Cabeceras/logo-competicion-4a.png",90,2025,107,NA,NA,5892,104536,NA,NA,TRUE,4391,4391,2665,"La Laguna Tenerife","La Laguna TFE","LLT",4388,2662,"Real Madrid","Real Madrid","RMB",1,70,12000,11,30,36,11,25,44,15,21,71,18,4,22,16,11,11,5,1,2,4,17,21,72,-5,-1,13,0,0,70,71,2,311,4,4,8,20,6,26,10
2165135,1,"Liga Nacional","Liga Endesa",-402534000,NA,"https://www.acb.com/Documentos/Cabeceras/logo-competicion-1b.png","https://www.acb.com/Documentos/Cabeceras/logo-competicion-4a.png",90,2025,107,NA,NA,5892,104535,NA,NA,FALSE,4396,4394,2716,"Joventut Badalona","Joventut","JOV",4396,2725,"BAXI Manresa","BAXI Manresa","BAX",1,79,12000,11,30,36,17,43,39,12,19,63,22,18,40,18,7,9,17,2,6,1,25,20,74,-20,-1,13,0,0,79,83,3,2035,3,11,0,34,11,30,8
2165134,1,"Liga Nacional","Liga Endesa",-402534000,NA,"https://www.acb.com/Documentos/Cabeceras/logo-competicion-1b.png","https://www.acb.com/Documentos/Cabeceras/logo-competicion-4a.png",90,2025,107,NA,NA,5892,104535,NA,NA,TRUE,4394,4394,2716,"Joventut Badalona","Joventut","JOV",4396,2725,"BAXI Manresa","BAXI Manresa","BAX",1,83,12000,6,22,27,23,44,52,19,24,79,29,16,45,12,5,15,4,6,2,1,21,24,95,20,-1,0,13,0,83,79,5,251,3,4,4,42,4,35,7
2164965,1,"Liga Nacional","Liga Endesa",-402534000,NA,"https://www.acb.com/Documentos/Cabeceras/logo-competicion-1b.png","https://www.acb.com/Documentos/Cabeceras/logo-competicion-4a.png",90,2025,107,NA,NA,5892,104534,NA,NA,FALSE,4395,4399,2728,"Bàsquet Girona","Bàsquet Girona","GIR",4395,2669,"Río Breogán","Río Breogán","BRE",1,80,12000,9,32,28,14,31,45,25,28,89,20,11,31,14,8,13,6,2,1,0,27,23,74,-115,-1,13,0,0,80,103,3,0,0,0,5,22,4,52,12
2164964,1,"Liga Nacional","Liga Endesa",-402534000,NA,"https://www.acb.com/Documentos/Cabeceras/logo-competicion-1b.png","https://www.acb.com/Documentos/Cabeceras/logo-competicion-4a.png",90,2025,107,NA,NA,5892,104534,NA,NA,TRUE,4399,4399,2728,"Bàsquet Girona","Bàsquet Girona","GIR",4395,2669,"Río Breogán","Río Breogán","BRE",1,103,12000,16,32,50,20,32,62,15,21,71,29,9,38,22,8,15,11,2,1,4,23,25,125,115,-1,0,13,0,103,80,3,2387,0,39,9,38,9,58,13
2164796,1,"Liga Nacional","Liga Endesa",-402534000,NA,"https://www.acb.com/Documentos/Cabeceras/logo-competicion-1b.png","https://www.acb.com/Documentos/Cabeceras/logo-competicion-4a.png",90,2025,107,NA,NA,5892,104533,NA,NA,TRUE,4401,4401,2674,"Coviran Granada","Coviran Granada","COV",4392,2666,"Casademont Zaragoza","Casademont Zgz","CAZ",1,83,12000,5,26,19,23,36,63,22,29,75,23,6,29,19,10,12,11,3,4,3,29,27,85,-45,-1,13,0,0,83,92,4,21,2,2,0,36,5,24,10
2164797,1,"Liga Nacional","Liga Endesa",-402534000,NA,"https://www.acb.com/Documentos/Cabeceras/logo-competicion-1b.png","https://www.acb.com/Documentos/Cabeceras/logo-competicion-4a.png",90,2025,107,NA,NA,5892,104533,NA,NA,FALSE,4392,4401,2674,"Coviran Granada","Coviran Granada","COV",4392,2666,"Casademont Zaragoza","Casademont Zgz","CAZ",1,92,12000,7,23,30,24,36,66,23,34,67,31,10,41,20,9,17,16,4,3,5,27,29,109,45,-1,0,13,0,92,83,3,2176,2,16,6,48,6,26,12
2164650,1,"Liga Nacional","Liga Endesa",-402534000,NA,"https://www.acb.com/Documentos/Cabeceras/logo-competicion-1b.png","https://www.acb.com/Documentos/Cabeceras/logo-competicion-4a.png",90,2025,107,NA,NA,5892,104532,NA,NA,TRUE,4387,4387,2661,"Hiopos Lleida","Hiopos Lleida","HIO",4384,2658,"Unicaja","Unicaja","UNI",1,88,12000,7,22,31,22,38,57,23,30,76,28,10,38,16,6,16,6,4,1,2,28,25,94,-5,-1,13,0,0,88,89,4,316,3,5,2,38,7,46,9
2164651,1,"Liga Nacional","Liga Endesa",-402534000,NA,"https://www.acb.com/Documentos/Cabeceras/logo-competicion-1b.png","https://www.acb.com/Documentos/Cabeceras/logo-competicion-4a.png",90,2025,107,NA,NA,5892,104532,NA,NA,FALSE,4384,4387,2661,"Hiopos Lleida","Hiopos Lleida","HIO",4384,2658,"Unicaja","Unicaja","UNI",1,89,12000,11,30,36,16,36,44,24,32,75,24,11,35,20,9,12,12,2,3,4,26,27,94,5,-1,0,13,0,89,88,2,1910,4,15,8,26,6,38,8
2164537,1,"Liga Nacional","Liga Endesa",-402534000,NA,"https://www.acb.com/Documentos/Cabeceras/logo-competicion-1b.png","https://www.acb.com/Documentos/Cabeceras/logo-competicion-4a.png",90,2025,107,NA,NA,5892,104531,NA,NA,FALSE,4393,4402,2680,"Recoletas Salud San Pablo Burgos","Recoletas Salud","BUR",4393,2667,"UCAM Murcia","UCAM Murcia","UCM",1,110,12000,13,27,48,25,38,65,21,33,63,30,10,40,25,5,12,8,1,1,3,25,26,130,110,-1,0,13,0,110,88,3,2124,1,24,4,44,11,36,9
2164536,1,"Liga Nacional","Liga Endesa",-402534000,NA,"https://www.acb.com/Documentos/Cabeceras/logo-competicion-1b.png","https://www.acb.com/Documentos/Cabeceras/logo-competicion-4a.png",90,2025,107,NA,NA,5892,104531,NA,NA,TRUE,4402,4402,2680,"Recoletas Salud San Pablo Burgos","Recoletas Salud","BUR",4393,2667,"UCAM Murcia","UCAM Murcia","UCM",1,88,12000,6,12,50,22,48,45,26,35,74,23,6,29,17,7,11,13,1,1,2,26,25,88,-110,-1,13,0,0,88,110,5,190,0,5,8,38,6,53,8
2189355,1,"Liga Nacional","Liga Endesa",-402534000,NA,"https://www.acb.com/Documentos/Cabeceras/logo-competicion-1b.png","https://www.acb.com/Documentos/Cabeceras/logo-competicion-4a.png",90,2025,107,NA,NA,5893,104542,NA,NA,TRUE,4390,4390,2664,"Dreamland Gran Canaria","Dreamland GC","DGC",4398,2710,"Kosner Baskonia","Kosner Baskonia","BKN",1,75,12000,9,19,47,20,42,47,8,13,61,18,8,26,13,5,17,9,2,0,3,21,17,63,-110,-1,13,0,0,75,97,4,0,0,0,0,40,10,47,7
2189356,1,"Liga Nacional","Liga Endesa",-402534000,NA,"https://www.acb.com/Documentos/Cabeceras/logo-competicion-1b.png","https://www.acb.com/Documentos/Cabeceras/logo-competicion-4a.png",90,2025,107,NA,NA,5893,104542,NA,NA,FALSE,4398,4390,2664,"Dreamland Gran Canaria","Dreamland GC","DGC",4398,2710,"Kosner Baskonia","Kosner Baskonia","BKN",1,97,12000,12,30,40,23,35,65,15,19,78,24,12,36,19,16,14,12,0,1,2,17,20,122,110,-1,0,12,0,97,75,1,2372,0,25,8,42,7,46,12
2179111,1,"Liga Nacional","Liga Endesa",-402534000,NA,"https://www.acb.com/Documentos/Cabeceras/logo-competicion-1b.png","https://www.acb.com/Documentos/Cabeceras/logo-competicion-4a.png",90,2025,107,NA,NA,5893,104547,NA,NA,FALSE,4392,4397,2671,"Valencia Basket","Valencia Basket","VBC",4392,2666,"Casademont Zaragoza","Casademont Zgz","CAZ",1,73,12000,4,22,18,24,38,63,13,15,86,23,7,30,15,5,21,8,7,3,5,23,16,65,-210,-1,13,0,0,73,115,5,0,0,0,2,42,0,28,6
2179110,1,"Liga Nacional","Liga Endesa",-402534000,NA,"https://www.acb.com/Documentos/Cabeceras/logo-competicion-1b.png","https://www.acb.com/Documentos/Cabeceras/logo-competicion-4a.png",90,2025,107,NA,NA,5893,104547,NA,NA,TRUE,4397,4397,2671,"Valencia Basket","Valencia Basket","VBC",4392,2666,"Casademont Zaragoza","Casademont Zgz","CAZ",1,115,12000,15,38,39,23,43,53,24,27,88,25,20,45,22,15,9,25,3,7,3,16,23,145,210,-1,0,13,0,115,73,1,2385,0,45,14,44,10,72,12
2168048,1,"Liga Nacional","Liga Endesa",-402534000,NA,"https://www.acb.com/Documentos/Cabeceras/logo-competicion-1b.png","https://www.acb.com/Documentos/Cabeceras/logo-competicion-4a.png",90,2025,107,NA,NA,5893,104548,NA,NA,FALSE,4386,4396,2725,"BAXI Manresa","BAXI Manresa","BAX",4386,2660,"Barça","Barça","BAR",1,89,12000,10,30,33,24,33,72,11,14,78,27,12,39,17,9,17,7,4,1,2,17,21,112,135,-1,0,12,0,89,62,1,1967,1,30,4,40,13,47,11
2168047,1,"Liga Nacional","Liga Endesa",-402534000,NA,"https://www.acb.com/Documentos/Cabeceras/logo-competicion-1b.png","https://www.acb.com/Documentos/Cabeceras/logo-competicion-4a.png",90,2025,107,NA,NA,5893,104548,NA,NA,TRUE,4396,4396,2725,"BAXI Manresa","BAXI Manresa","BAX",4386,2660,"Barça","Barça","BAR",1,62,12000,5,19,26,21,47,44,5,8,62,14,12,26,19,12,16,5,1,4,2,22,17,52,-135,-1,13,0,0,62,89,4,235,1,5,3,32,6,15,6
2167902,1,"Liga Nacional","Liga Endesa",-402534000,NA,"https://www.acb.com/Documentos/Cabeceras/logo-competicion-1b.png","https://www.acb.com/Documentos/Cabeceras/logo-competicion-4a.png",90,2025,107,NA,NA,5893,104546,NA,NA,FALSE,4399,4388,2662,"Real Madrid","Real Madrid","RMB",4399,2728,"Bàsquet Girona","Bàsquet Girona","GIR",1,76,12000,12,29,41,16,40,40,8,11,72,24,10,34,16,6,17,6,1,6,0,24,13,55,-180,-1,13,0,0,76,112,5,0,0,0,4,30,4,35,8
2167901,1,"Liga Nacional","Liga Endesa",-402534000,NA,"https://www.acb.com/Documentos/Cabeceras/logo-competicion-1b.png","https://www.acb.com/Documentos/Cabeceras/logo-competicion-4a.png",90,2025,107,NA,NA,5893,104546,NA,NA,TRUE,4388,4388,2662,"Real Madrid","Real Madrid","RMB",4399,2728,"Bàsquet Girona","Bàsquet Girona","GIR",1,112,12000,10,34,29,29,41,70,24,29,82,31,15,46,26,12,9,15,6,1,6,13,24,162,180,-1,0,13,0,112,76,0,2329,0,36,11,52,8,55,11
2167710,1,"Liga Nacional","Liga Endesa",-402534000,NA,"https://www.acb.com/Documentos/Cabeceras/logo-competicion-1b.png","https://www.acb.com/Documentos/Cabeceras/logo-competicion-4a.png",90,2025,107,NA,NA,5893,104540,NA,NA,TRUE,4393,4393,2667,"UCAM Murcia","UCAM Murcia","UCM",4394,2716,"Joventut Badalona","Joventut","JOV",1,80,12000,7,25,28,18,41,43,23,28,82,32,11,43,14,7,8,9,3,3,2,21,28,97,15,-1,0,13,0,80,77,3,916,4,9,2,34,0,25,12
2167711,1,"Liga Nacional","Liga Endesa",-402534000,NA,"https://www.acb.com/Documentos/Cabeceras/logo-competicion-1b.png","https://www.acb.com/Documentos/Cabeceras/logo-competicion-4a.png",90,2025,107,NA,NA,5893,104540,NA,NA,FALSE,4394,4393,2667,"UCAM Murcia","UCAM Murcia","UCM",4394,2716,"Joventut Badalona","Joventut","JOV",1,77,12000,6,21,28,23,53,43,13,16,81,29,13,42,18,3,8,4,3,3,2,28,21,77,-15,-1,12,0,0,77,80,4,1395,4,10,2,46,4,24,8
2167625,1,"Liga Nacional","Liga Endesa",-402534000,NA,"https://www.acb.com/Documentos/Cabeceras/logo-competicion-1b.png","https://www.acb.com/Documentos/Cabeceras/logo-competicion-4a.png",90,2025,107,NA,NA,5893,104544,NA,NA,FALSE,4387,4389,2711,"Surne Bilbao","Surne Bilbao","SBB",4387,2661,"Hiopos Lleida","Hiopos Lleida","HIO",1,75,12000,7,23,30,20,47,42,14,16,87,21,11,32,13,15,17,4,4,3,1,28,19,65,-90,-1,13,0,0,75,93,5,50,2,2,0,40,8,37,5
2167624,1,"Liga Nacional","Liga Endesa",-402534000,NA,"https://www.acb.com/Documentos/Cabeceras/logo-competicion-1b.png","https://www.acb.com/Documentos/Cabeceras/logo-competicion-4a.png",90,2025,107,NA,NA,5893,104544,NA,NA,TRUE,4389,4389,2711,"Surne Bilbao","Surne Bilbao","SBB",4387,2661,"Hiopos Lleida","Hiopos Lleida","HIO",1,93,12000,7,20,35,26,40,65,20,27,74,30,8,38,19,11,18,15,3,4,9,19,27,116,90,-1,0,13,0,93,75,1,1925,2,18,11,42,10,38,9
2167494,1,"Liga Nacional","Liga Endesa",-402534000,NA,"https://www.acb.com/Documentos/Cabeceras/logo-competicion-1b.png","https://www.acb.com/Documentos/Cabeceras/logo-competicion-4a.png",90,2025,107,NA,NA,5893,104543,NA,NA,TRUE,4385,4385,2659,"MoraBanc Andorra","MoraBanc And","MBA",4401,2674,"Coviran Granada","Coviran Granada","COV",1,86,12000,12,33,36,16,31,51,18,23,78,23,14,37,16,4,15,5,0,0,3,24,20,83,25,-1,0,13,0,86,81,2,1218,2,12,5,30,8,27,9
2167495,1,"Liga Nacional","Liga Endesa",-402534000,NA,"https://www.acb.com/Documentos/Cabeceras/logo-competicion-1b.png","https://www.acb.com/Documentos/Cabeceras/logo-competicion-4a.png",90,2025,107,NA,NA,5893,104543,NA,NA,FALSE,4401,4385,2659,"MoraBanc Andorra","MoraBanc And","MBA",4401,2674,"Coviran Granada","Coviran Granada","COV",1,81,12000,8,27,29,17,33,51,23,29,79,20,12,32,17,10,16,10,0,0,2,23,24,84,-25,-1,11,0,0,81,86,4,957,2,6,3,34,9,13,11
2167327,1,"Liga Nacional","Liga Endesa",-402534000,NA,"https://www.acb.com/Documentos/Cabeceras/logo-competicion-1b.png","https://www.acb.com/Documentos/Cabeceras/logo-competicion-4a.png",90,2025,107,NA,NA,5893,104541,NA,NA,FALSE,4391,4395,2669,"Río Breogán","Río Breogán","BRE",4391,2665,"La Laguna Tenerife","La Laguna TFE","LLT",1,108,12000,14,25,56,24,35,68,18,18,100,19,10,29,23,6,18,2,3,3,3,27,21,120,60,-1,0,13,0,108,96,1,2347,0,24,2,40,4,29,13
2167326,1,"Liga Nacional","Liga Endesa",-402534000,NA,"https://www.acb.com/Documentos/Cabeceras/logo-competicion-1b.png","https://www.acb.com/Documentos/Cabeceras/logo-competicion-4a.png",90,2025,107,NA,NA,5893,104541,NA,NA,TRUE,4395,4395,2669,"Río Breogán","Río Breogán","BRE",4391,2665,"La Laguna Tenerife","La Laguna TFE","LLT",1,96,12000,6,18,33,28,44,63,22,29,75,12,8,20,19,13,12,17,3,3,3,23,27,105,-60,-1,13,0,0,96,108,5,0,0,0,9,54,7,52,8
2167215,1,"Liga Nacional","Liga Endesa",-402534000,NA,"https://www.acb.com/Documentos/Cabeceras/logo-competicion-1b.png","https://www.acb.com/Documentos/Cabeceras/logo-competicion-4a.png",90,2025,107,NA,NA,5893,104545,NA,NA,FALSE,4402,4384,2658,"Unicaja","Unicaja","UNI",4402,2680,"Recoletas Salud San Pablo Burgos","Recoletas Salud","BUR",1,91,12000,12,24,50,15,34,44,25,27,92,26,9,35,17,9,22,13,5,4,1,21,24,101,-40,-1,13,0,0,91,99,5,1705,8,9,9,28,0,31,8
2167214,1,"Liga Nacional","Liga Endesa",-402534000,NA,"https://www.acb.com/Documentos/Cabeceras/logo-competicion-1b.png","https://www.acb.com/Documentos/Cabeceras/logo-competicion-4a.png",90,2025,107,NA,NA,5893,104545,NA,NA,TRUE,4384,4384,2658,"Unicaja","Unicaja","UNI",4402,2680,"Recoletas Salud San Pablo Burgos","Recoletas Salud","BUR",1,99,12000,10,33,30,24,36,66,21,26,80,19,10,29,23,11,12,12,4,4,2,24,21,107,40,-1,0,13,0,99,91,3,559,8,8,9,46,9,69,10
2171338,1,"Liga Nacional","Liga Endesa",-402534000,NA,"https://www.acb.com/Documentos/Cabeceras/logo-competicion-1b.png","https://www.acb.com/Documentos/Cabeceras/logo-competicion-4a.png",90,2025,107,NA,NA,5894,104557,NA,NA,TRUE,4384,4384,2658,"Unicaja","Unicaja","UNI",4398,2710,"Kosner Baskonia","Kosner Baskonia","BKN",1,90,12000,7,23,30,23,38,60,23,29,79,27,10,37,18,5,15,5,1,0,2,29,24,94,-15,-1,13,0,0,90,93,3,1881,5,17,0,36,10,60,6
2171339,1,"Liga Nacional","Liga Endesa",-402534000,NA,"https://www.acb.com/Documentos/Cabeceras/logo-competicion-1b.png","https://www.acb.com/Documentos/Cabeceras/logo-competicion-4a.png",90,2025,107,NA,NA,5894,104557,NA,NA,FALSE,4398,4384,2658,"Unicaja","Unicaja","UNI",4398,2710,"Kosner Baskonia","Kosner Baskonia","BKN",1,93,12000,10,24,41,19,32,59,25,30,83,25,3,28,14,6,14,14,0,1,1,25,27,96,15,-1,0,10,0,93,90,3,235,5,3,1,30,0,59,10
2171225,1,"Liga Nacional","Liga Endesa",-402534000,NA,"https://www.acb.com/Documentos/Cabeceras/logo-competicion-1b.png","https://www.acb.com/Documentos/Cabeceras/logo-competicion-4a.png",90,2025,107,NA,NA,5894,104556,NA,NA,FALSE,4385,4392,2666,"Casademont Zaragoza","Casademont Zgz","CAZ",4385,2659,"MoraBanc Andorra","MoraBanc And","MBA",1,89,12000,14,32,43,14,32,43,19,27,70,15,15,30,14,5,12,8,1,2,2,28,25,78,-90,-1,13,0,0,89,107,4,778,5,8,3,22,4,38,12
2171224,1,"Liga Nacional","Liga Endesa",-402534000,NA,"https://www.acb.com/Documentos/Cabeceras/logo-competicion-1b.png","https://www.acb.com/Documentos/Cabeceras/logo-competicion-4a.png",90,2025,107,NA,NA,5894,104556,NA,NA,TRUE,4392,4392,2666,"Casademont Zaragoza","Casademont Zgz","CAZ",4385,2659,"MoraBanc Andorra","MoraBanc And","MBA",1,107,12000,16,32,50,17,28,60,25,35,71,25,11,36,15,5,12,11,2,1,4,26,28,117,90,-1,0,13,0,107,89,4,1303,5,18,5,28,9,28,10
2171110,1,"Liga Nacional","Liga Endesa",-402534000,NA,"https://www.acb.com/Documentos/Cabeceras/logo-competicion-1b.png","https://www.acb.com/Documentos/Cabeceras/logo-competicion-4a.png",90,2025,107,NA,NA,5894,104555,NA,NA,TRUE,4393,4393,2667,"UCAM Murcia","UCAM Murcia","UCM",4397,2671,"Valencia Basket","Valencia Basket","VBC",1,92,12000,8,27,29,27,47,57,14,20,70,29,18,47,12,6,13,14,3,4,2,24,15,89,60,-1,0,13,0,92,80,2,1712,2,17,8,46,13,58,9
2171111,1,"Liga Nacional","Liga Endesa",-402534000,NA,"https://www.acb.com/Documentos/Cabeceras/logo-competicion-1b.png","https://www.acb.com/Documentos/Cabeceras/logo-competicion-4a.png",90,2025,107,NA,NA,5894,104555,NA,NA,FALSE,4397,4393,2667,"UCAM Murcia","UCAM Murcia","UCM",4397,2671,"Valencia Basket","Valencia Basket","VBC",1,80,12000,9,30,30,17,37,45,19,26,73,21,10,31,12,9,12,8,4,3,2,16,24,81,-60,-1,13,0,0,80,92,2,600,1,7,3,34,7,37,10
2170915,1,"Liga Nacional","Liga Endesa",-402534000,NA,"https://www.acb.com/Documentos/Cabeceras/logo-competicion-1b.png","https://www.acb.com/Documentos/Cabeceras/logo-competicion-4a.png",90,2025,107,NA,NA,5894,104554,NA,NA,FALSE,4394,4386,2660,"Barça","Barça","BAR",4394,2716,"Joventut Badalona","Joventut","JOV",1,80,12000,5,18,27,23,35,65,19,25,76,20,6,26,14,7,14,11,3,2,3,25,22,80,-50,-1,13,0,0,80,90,4,320,1,8,2,42,4,19,10
2170914,1,"Liga Nacional","Liga Endesa",-402534000,NA,"https://www.acb.com/Documentos/Cabeceras/logo-competicion-1b.png","https://www.acb.com/Documentos/Cabeceras/logo-competicion-4a.png",90,2025,107,NA,NA,5894,104554,NA,NA,TRUE,4386,4386,2660,"Barça","Barça","BAR",4394,2716,"Joventut Badalona","Joventut","JOV",1,90,12000,10,24,41,23,38,60,14,18,77,23,7,30,12,9,13,3,2,3,2,22,25,97,50,-1,0,13,0,90,80,3,2028,2,14,0,32,7,24,18
2170830,1,"Liga Nacional","Liga Endesa",-402534000,NA,"https://www.acb.com/Documentos/Cabeceras/logo-competicion-1b.png","https://www.acb.com/Documentos/Cabeceras/logo-competicion-4a.png",90,2025,107,NA,NA,5894,104553,NA,NA,TRUE,4395,4395,2669,"Río Breogán","Río Breogán","BRE",4389,2711,"Surne Bilbao","Surne Bilbao","SBB",1,100,12000,15,34,44,17,36,47,21,24,87,21,7,28,20,9,6,14,3,3,1,26,25,109,5,-1,0,13,0,100,99,4,925,8,7,5,28,4,45,9
2170831,1,"Liga Nacional","Liga Endesa",-402534000,NA,"https://www.acb.com/Documentos/Cabeceras/logo-competicion-1b.png","https://www.acb.com/Documentos/Cabeceras/logo-competicion-4a.png",90,2025,107,NA,NA,5894,104553,NA,NA,FALSE,4389,4395,2669,"Río Breogán","Río Breogán","BRE",4389,2711,"Surne Bilbao","Surne Bilbao","SBB",1,99,12000,15,29,51,17,33,51,20,27,74,26,10,36,16,3,15,3,3,3,3,26,26,102,-5,-1,13,0,0,99,100,4,1263,7,7,0,30,9,42,10
2170663,1,"Liga Nacional","Liga Endesa",-402534000,NA,"https://www.acb.com/Documentos/Cabeceras/logo-competicion-1b.png","https://www.acb.com/Documentos/Cabeceras/logo-competicion-4a.png",90,2025,107,NA,NA,5894,104552,NA,NA,FALSE,4396,4402,2680,"Recoletas Salud San Pablo Burgos","Recoletas Salud","BUR",4396,2725,"BAXI Manresa","BAXI Manresa","BAX",1,102,13500,14,35,40,16,32,50,28,33,84,23,13,36,22,14,20,9,0,1,1,25,26,112,10,-1,0,13,0,102,100,4,1442,4,19,10,28,6,32,11
2170662,1,"Liga Nacional","Liga Endesa",-402534000,NA,"https://www.acb.com/Documentos/Cabeceras/logo-competicion-1b.png","https://www.acb.com/Documentos/Cabeceras/logo-competicion-4a.png",90,2025,107,NA,NA,5894,104552,NA,NA,TRUE,4402,4402,2680,"Recoletas Salud San Pablo Burgos","Recoletas Salud","BUR",4396,2725,"BAXI Manresa","BAXI Manresa","BAX",1,100,13500,9,25,36,27,47,57,19,25,76,25,12,37,19,11,19,12,1,0,2,27,24,104,-10,-1,13,0,0,100,102,4,1113,3,10,8,48,9,50,14
2170354,1,"Liga Nacional","Liga Endesa",-402534000,NA,"https://www.acb.com/Documentos/Cabeceras/logo-competicion-1b.png","https://www.acb.com/Documentos/Cabeceras/logo-competicion-4a.png",90,2025,107,NA,NA,5894,104550,NA,NA,FALSE,4388,4387,2661,"Hiopos Lleida","Hiopos Lleida","HIO",4388,2662,"Real Madrid","Real Madrid","RMB",1,88,12000,10,32,31,16,23,69,26,27,96,19,7,26,11,7,12,4,3,1,1,23,25,94,35,-1,0,13,0,88,81,4,1785,7,11,4,22,5,37,10
2170353,1,"Liga Nacional","Liga Endesa",-402534000,NA,"https://www.acb.com/Documentos/Cabeceras/logo-competicion-1b.png","https://www.acb.com/Documentos/Cabeceras/logo-competicion-4a.png",90,2025,107,NA,NA,5894,104550,NA,NA,TRUE,4387,4387,2661,"Hiopos Lleida","Hiopos Lleida","HIO",4388,2662,"Real Madrid","Real Madrid","RMB",1,81,12000,8,22,36,21,35,60,15,22,68,21,11,32,18,4,13,12,1,3,5,26,22,81,-35,-1,12,0,0,81,88,4,527,6,5,6,34,11,36,12
2170326,1,"Liga Nacional","Liga Endesa",-402534000,NA,"https://www.acb.com/Documentos/Cabeceras/logo-competicion-1b.png","https://www.acb.com/Documentos/Cabeceras/logo-competicion-4a.png",90,2025,107,NA,NA,5894,104551,NA,NA,FALSE,4401,4390,2664,"Dreamland Gran Canaria","Dreamland GC","DGC",4401,2674,"Coviran Granada","Coviran Granada","COV",1,85,12000,9,19,47,19,35,54,20,30,66,21,11,32,16,5,19,7,3,1,3,25,24,84,-25,-1,13,0,0,85,90,4,1383,6,15,5,24,7,31,10
2170325,1,"Liga Nacional","Liga Endesa",-402534000,NA,"https://www.acb.com/Documentos/Cabeceras/logo-competicion-1b.png","https://www.acb.com/Documentos/Cabeceras/logo-competicion-4a.png",90,2025,107,NA,NA,5894,104551,NA,NA,TRUE,4390,4390,2664,"Dreamland Gran Canaria","Dreamland GC","DGC",4401,2674,"Coviran Granada","Coviran Granada","COV",1,90,12000,7,23,30,20,43,46,29,32,90,18,17,35,11,10,10,11,1,3,2,26,24,90,25,-1,0,13,0,90,85,2,712,7,9,3,36,9,39,11
2170240,1,"Liga Nacional","Liga Endesa",-402534000,NA,"https://www.acb.com/Documentos/Cabeceras/logo-competicion-1b.png","https://www.acb.com/Documentos/Cabeceras/logo-competicion-4a.png",90,2025,107,NA,NA,5894,104549,NA,NA,FALSE,4391,4399,2728,"Bàsquet Girona","Bàsquet Girona","GIR",4391,2665,"La Laguna Tenerife","La Laguna TFE","LLT",1,96,12000,18,31,58,13,26,50,16,19,84,24,5,29,22,4,13,2,1,3,1,20,24,111,35,-1,0,13,0,96,89,3,1332,8,12,3,16,2,48,9
2170239,1,"Liga Nacional","Liga Endesa",-402534000,NA,"https://www.acb.com/Documentos/Cabeceras/logo-competicion-1b.png","https://www.acb.com/Documentos/Cabeceras/logo-competicion-4a.png",90,2025,107,NA,NA,5894,104549,NA,NA,TRUE,4399,4399,2728,"Bàsquet Girona","Bàsquet Girona","GIR",4391,2665,"La Laguna Tenerife","La Laguna TFE","LLT",1,89,12000,13,28,46,18,36,50,14,17,82,21,9,30,14,6,8,2,3,1,2,24,19,92,-35,-1,13,0,0,89,96,4,909,7,8,2,32,6,35,9
2173587,1,"Liga Nacional","Liga Endesa",-402534000,NA,"https://www.acb.com/Documentos/Cabeceras/logo-competicion-1b.png","https://www.acb.com/Documentos/Cabeceras/logo-competicion-4a.png",90,2025,107,NA,NA,5895,104566,NA,NA,FALSE,4384,4388,2662,"Real Madrid","Real Madrid","RMB",4384,2658,"Unicaja","Unicaja","UNI",1,82,12000,6,25,24,24,41,58,16,25,64,23,13,36,11,4,10,8,3,3,1,28,21,71,-45,-1,13,0,0,82,91,4,1214,3,14,3,38,2,32,8
2173586,1,"Liga Nacional","Liga Endesa",-402534000,NA,"https://www.acb.com/Documentos/Cabeceras/logo-competicion-1b.png","https://www.acb.com/Documentos/Cabeceras/logo-competicion-4a.png",90,2025,107,NA,NA,5895,104566,NA,NA,TRUE,4388,4388,2662,"Real Madrid","Real Madrid","RMB",4384,2658,"Unicaja","Unicaja","UNI",1,91,12000,5,19,26,23,37,62,30,38,78,25,7,32,16,7,8,6,4,3,3,22,28,109,45,-1,0,13,0,91,82,3,1140,3,11,0,42,4,44,13
2173446,1,"Liga Nacional","Liga Endesa",-402534000,NA,"https://www.acb.com/Documentos/Cabeceras/logo-competicion-1b.png","https://www.acb.com/Documentos/Cabeceras/logo-competicion-4a.png",90,2025,107,NA,NA,5895,104565,NA,NA,TRUE,4397,4397,2671,"Valencia Basket","Valencia Basket","VBC",4385,2659,"MoraBanc Andorra","MoraBanc And","MBA",1,84,12000,9,38,23,25,43,58,7,12,58,23,20,43,21,13,12,15,8,3,7,17,16,101,25,-1,0,13,0,84,79,2,660,5,7,6,50,19,35,11
2173447,1,"Liga Nacional","Liga Endesa",-402534000,NA,"https://www.acb.com/Documentos/Cabeceras/logo-competicion-1b.png","https://www.acb.com/Documentos/Cabeceras/logo-competicion-4a.png",90,2025,107,NA,NA,5895,104565,NA,NA,FALSE,4385,4397,2671,"Valencia Basket","Valencia Basket","VBC",4385,2659,"MoraBanc Andorra","MoraBanc And","MBA",1,79,12000,11,28,39,17,33,51,12,12,100,24,7,31,16,6,20,7,3,7,2,18,17,74,-25,-1,13,0,0,79,84,4,1485,5,17,8,28,7,37,14
2173334,1,"Liga Nacional","Liga Endesa",-402534000,NA,"https://www.acb.com/Documentos/Cabeceras/logo-competicion-1b.png","https://www.acb.com/Documentos/Cabeceras/logo-competicion-4a.png",90,2025,107,NA,NA,5895,104564,NA,NA,TRUE,4389,4389,2711,"Surne Bilbao","Surne Bilbao","SBB",4386,2660,"Barça","Barça","BAR",1,66,12000,5,24,20,15,29,51,21,26,80,27,7,34,10,11,19,7,3,3,2,21,24,67,-25,-1,13,0,0,66,71,3,870,4,9,7,28,4,38,9
2173335,1,"Liga Nacional","Liga Endesa",-402534000,NA,"https://www.acb.com/Documentos/Cabeceras/logo-competicion-1b.png","https://www.acb.com/Documentos/Cabeceras/logo-competicion-4a.png",90,2025,107,NA,NA,5895,104564,NA,NA,FALSE,4386,4389,2711,"Surne Bilbao","Surne Bilbao","SBB",4386,2660,"Barça","Barça","BAR",1,71,12000,9,33,27,18,32,56,8,15,53,25,10,35,18,11,14,7,3,3,2,24,21,73,25,-1,0,13,0,71,66,4,1345,5,10,4,34,5,12,11
2173138,1,"Liga Nacional","Liga Endesa",-402534000,NA,"https://www.acb.com/Documentos/Cabeceras/logo-competicion-1b.png","https://www.acb.com/Documentos/Cabeceras/logo-competicion-4a.png",90,2025,107,NA,NA,5895,104563,NA,NA,TRUE,4391,4391,2665,"La Laguna Tenerife","La Laguna TFE","LLT",4390,2664,"Dreamland Gran Canaria","Dreamland GC","DGC",1,70,12000,5,27,18,15,29,51,25,28,89,27,5,32,14,8,15,4,1,4,2,25,26,68,-5,-1,13,0,0,70,71,3,1261,3,7,6,22,5,36,7
2173139,1,"Liga Nacional","Liga Endesa",-402534000,NA,"https://www.acb.com/Documentos/Cabeceras/logo-competicion-1b.png","https://www.acb.com/Documentos/Cabeceras/logo-competicion-4a.png",90,2025,107,NA,NA,5895,104563,NA,NA,FALSE,4390,4391,2665,"La Laguna Tenerife","La Laguna TFE","LLT",4390,2664,"Dreamland Gran Canaria","Dreamland GC","DGC",1,71,12000,6,26,23,17,31,54,19,25,76,30,6,36,12,8,15,8,4,1,1,28,23,70,5,-1,0,13,0,71,70,3,1015,4,14,2,28,4,38,8
2173055,1,"Liga Nacional","Liga Endesa",-402534000,NA,"https://www.acb.com/Documentos/Cabeceras/logo-competicion-1b.png","https://www.acb.com/Documentos/Cabeceras/logo-competicion-4a.png",90,2025,107,NA,NA,5895,104562,NA,NA,FALSE,4387,4399,2728,"Bàsquet Girona","Bàsquet Girona","GIR",4387,2661,"Hiopos Lleida","Hiopos Lleida","HIO",1,86,12000,11,30,36,12,21,57,29,37,78,23,5,28,15,4,17,4,7,1,2,29,25,82,-85,-1,13,0,0,86,103,5,190,3,4,4,22,2,23,7
2173054,1,"Liga Nacional","Liga Endesa",-402534000,NA,"https://www.acb.com/Documentos/Cabeceras/logo-competicion-1b.png","https://www.acb.com/Documentos/Cabeceras/logo-competicion-4a.png",90,2025,107,NA,NA,5895,104562,NA,NA,TRUE,4399,4399,2728,"Bàsquet Girona","Bàsquet Girona","GIR",4387,2661,"Hiopos Lleida","Hiopos Lleida","HIO",1,103,12000,12,36,33,18,33,54,31,40,77,23,18,41,22,11,10,13,1,7,1,26,29,116,85,-1,0,13,0,103,86,1,2117,3,21,6,28,11,54,10
2172891,1,"Liga Nacional","Liga Endesa",-402534000,NA,"https://www.acb.com/Documentos/Cabeceras/logo-competicion-1b.png","https://www.acb.com/Documentos/Cabeceras/logo-competicion-4a.png",90,2025,107,NA,NA,5895,104561,NA,NA,TRUE,4394,4394,2716,"Joventut Badalona","Joventut","JOV",4395,2669,"Río Breogán","Río Breogán","BRE",1,83,12000,7,25,28,25,44,56,12,23,52,26,15,41,20,7,8,15,3,2,2,22,21,95,40,-1,0,13,0,83,75,3,1626,4,10,8,46,6,24,7
2172892,1,"Liga Nacional","Liga Endesa",-402534000,NA,"https://www.acb.com/Documentos/Cabeceras/logo-competicion-1b.png","https://www.acb.com/Documentos/Cabeceras/logo-competicion-4a.png",90,2025,107,NA,NA,5895,104561,NA,NA,FALSE,4395,4394,2716,"Joventut Badalona","Joventut","JOV",4395,2669,"Río Breogán","Río Breogán","BRE",1,75,12000,4,25,16,21,41,51,21,24,87,28,14,42,16,4,8,11,2,3,1,21,22,85,-40,-1,12,0,0,75,83,4,581,4,6,5,38,6,42,9
2172752,1,"Liga Nacional","Liga Endesa",-402534000,NA,"https://www.acb.com/Documentos/Cabeceras/logo-competicion-1b.png","https://www.acb.com/Documentos/Cabeceras/logo-competicion-4a.png",90,2025,107,NA,NA,5895,104560,NA,NA,FALSE,4393,4401,2674,"Coviran Granada","Coviran Granada","COV",4393,2667,"UCAM Murcia","UCAM Murcia","UCM",1,86,12000,8,30,26,23,43,53,16,21,76,31,13,44,14,10,13,5,2,5,2,27,22,86,35,-1,0,13,0,86,79,3,933,5,8,6,38,2,39,11
2172751,1,"Liga Nacional","Liga Endesa",-402534000,NA,"https://www.acb.com/Documentos/Cabeceras/logo-competicion-1b.png","https://www.acb.com/Documentos/Cabeceras/logo-competicion-4a.png",90,2025,107,NA,NA,5895,104560,NA,NA,TRUE,4401,4401,2674,"Coviran Granada","Coviran Granada","COV",4393,2667,"UCAM Murcia","UCAM Murcia","UCM",1,79,12000,6,21,28,16,31,51,29,36,80,28,1,29,13,6,14,9,5,1,4,22,25,83,-35,-1,13,0,0,79,86,4,1287,5,11,4,28,0,25,10
2172612,1,"Liga Nacional","Liga Endesa",-402534000,NA,"https://www.acb.com/Documentos/Cabeceras/logo-competicion-1b.png","https://www.acb.com/Documentos/Cabeceras/logo-competicion-4a.png",90,2025,107,NA,NA,5895,104559,NA,NA,FALSE,4396,4392,2666,"Casademont Zaragoza","Casademont Zgz","CAZ",4396,2725,"BAXI Manresa","BAXI Manresa","BAX",1,95,12000,12,34,35,22,34,64,15,17,88,24,10,34,27,11,13,15,2,0,0,24,20,116,60,-1,0,13,0,95,83,2,2067,3,18,4,36,3,50,11
2172611,1,"Liga Nacional","Liga Endesa",-402534000,NA,"https://www.acb.com/Documentos/Cabeceras/logo-competicion-1b.png","https://www.acb.com/Documentos/Cabeceras/logo-competicion-4a.png",90,2025,107,NA,NA,5895,104559,NA,NA,TRUE,4392,4392,2666,"Casademont Zaragoza","Casademont Zgz","CAZ",4396,2725,"BAXI Manresa","BAXI Manresa","BAX",1,83,12000,6,21,28,25,42,59,15,23,65,24,10,34,20,9,19,10,0,2,3,22,24,87,-60,-1,13,0,0,83,95,4,185,3,3,4,44,2,33,9
2172498,1,"Liga Nacional","Liga Endesa",-402534000,NA,"https://www.acb.com/Documentos/Cabeceras/logo-competicion-1b.png","https://www.acb.com/Documentos/Cabeceras/logo-competicion-4a.png",90,2025,107,NA,NA,5895,104558,NA,NA,FALSE,4402,4398,2710,"Kosner Baskonia","Kosner Baskonia","BKN",4402,2680,"Recoletas Salud San Pablo Burgos","Recoletas Salud","BUR",1,77,12000,6,18,33,22,44,50,15,25,60,19,12,31,13,10,15,14,7,8,1,25,23,69,-60,-1,13,0,0,77,89,4,20,1,2,2,36,10,35,12
2172497,1,"Liga Nacional","Liga Endesa",-402534000,NA,"https://www.acb.com/Documentos/Cabeceras/logo-competicion-1b.png","https://www.acb.com/Documentos/Cabeceras/logo-competicion-4a.png",90,2025,107,NA,NA,5895,104558,NA,NA,TRUE,4398,4398,2710,"Kosner Baskonia","Kosner Baskonia","BKN",4402,2680,"Recoletas Salud San Pablo Burgos","Recoletas Salud","BUR",1,89,12000,10,27,37,19,36,52,21,26,80,27,13,40,15,10,18,9,8,6,0,23,25,101,60,-1,0,13,0,89,77,4,2295,1,23,7,34,11,66,14
2175251,1,"Liga Nacional","Liga Endesa",-402534000,NA,"https://www.acb.com/Documentos/Cabeceras/logo-competicion-1b.png","https://www.acb.com/Documentos/Cabeceras/logo-competicion-4a.png",90,2025,107,NA,NA,5896,104573,NA,NA,FALSE,4399,4396,2725,"BAXI Manresa","BAXI Manresa","BAX",4399,2728,"Bàsquet Girona","Bàsquet Girona","GIR",1,97,12000,10,30,33,26,44,59,15,22,68,27,15,42,14,7,12,11,3,4,7,25,23,100,10,-1,0,13,0,97,95,4,403,2,6,6,48,11,57,9
2175250,1,"Liga Nacional","Liga Endesa",-402534000,NA,"https://www.acb.com/Documentos/Cabeceras/logo-competicion-1b.png","https://www.acb.com/Documentos/Cabeceras/logo-competicion-4a.png",90,2025,107,NA,NA,5896,104573,NA,NA,TRUE,4396,4396,2725,"BAXI Manresa","BAXI Manresa","BAX",4399,2728,"Bàsquet Girona","Bàsquet Girona","GIR",1,95,12000,16,45,35,14,21,66,19,21,90,25,9,34,18,3,16,9,4,3,0,23,24,98,-10,-1,13,0,0,95,97,4,1669,2,16,3,28,9,30,7
2175082,1,"Liga Nacional","Liga Endesa",-402534000,NA,"https://www.acb.com/Documentos/Cabeceras/logo-competicion-1b.png","https://www.acb.com/Documentos/Cabeceras/logo-competicion-4a.png",90,2025,107,NA,NA,5896,104575,NA,NA,TRUE,4386,4386,2660,"Barça","Barça","BAR",4392,2666,"Casademont Zaragoza","Casademont Zgz","CAZ",1,100,12000,12,31,38,26,37,70,12,19,63,25,11,36,18,8,10,20,4,3,4,19,21,118,100,-1,0,13,0,100,80,0,1665,6,29,7,52,10,55,13
2175083,1,"Liga Nacional","Liga Endesa",-402534000,NA,"https://www.acb.com/Documentos/Cabeceras/logo-competicion-1b.png","https://www.acb.com/Documentos/Cabeceras/logo-competicion-4a.png",90,2025,107,NA,NA,5896,104575,NA,NA,FALSE,4392,4386,2660,"Barça","Barça","BAR",4392,2666,"Casademont Zaragoza","Casademont Zgz","CAZ",1,80,12000,6,17,35,22,40,55,18,22,81,20,4,24,12,5,13,10,4,4,2,21,19,73,-100,-1,13,0,0,80,100,5,627,5,6,2,34,0,47,9
2174969,1,"Liga Nacional","Liga Endesa",-402534000,NA,"https://www.acb.com/Documentos/Cabeceras/logo-competicion-1b.png","https://www.acb.com/Documentos/Cabeceras/logo-competicion-4a.png",90,2025,107,NA,NA,5896,104574,NA,NA,FALSE,4387,4385,2659,"MoraBanc Andorra","MoraBanc And","MBA",4387,2661,"Hiopos Lleida","Hiopos Lleida","HIO",1,87,12000,6,26,23,22,36,61,25,32,78,28,13,41,18,5,14,4,4,3,4,28,26,95,40,-1,0,13,0,87,79,3,945,8,8,6,38,5,35,8
2174968,1,"Liga Nacional","Liga Endesa",-402534000,NA,"https://www.acb.com/Documentos/Cabeceras/logo-competicion-1b.png","https://www.acb.com/Documentos/Cabeceras/logo-competicion-4a.png",90,2025,107,NA,NA,5896,104574,NA,NA,TRUE,4385,4385,2659,"MoraBanc Andorra","MoraBanc And","MBA",4387,2661,"Hiopos Lleida","Hiopos Lleida","HIO",1,79,12000,6,29,20,16,30,53,29,37,78,25,9,34,14,9,13,7,3,4,1,27,27,77,-40,-1,13,0,0,79,87,2,1227,7,6,0,30,4,40,7
2174855,1,"Liga Nacional","Liga Endesa",-402534000,NA,"https://www.acb.com/Documentos/Cabeceras/logo-competicion-1b.png","https://www.acb.com/Documentos/Cabeceras/logo-competicion-4a.png",90,2025,107,NA,NA,5896,104572,NA,NA,FALSE,4397,4389,2711,"Surne Bilbao","Surne Bilbao","SBB",4397,2671,"Valencia Basket","Valencia Basket","VBC",1,116,12000,16,34,47,24,31,77,20,25,80,34,9,43,21,8,14,19,6,2,8,19,25,154,220,-1,0,13,0,116,72,2,2311,1,44,7,46,7,66,11
2174854,1,"Liga Nacional","Liga Endesa",-402534000,NA,"https://www.acb.com/Documentos/Cabeceras/logo-competicion-1b.png","https://www.acb.com/Documentos/Cabeceras/logo-competicion-4a.png",90,2025,107,NA,NA,5896,104572,NA,NA,TRUE,4389,4389,2711,"Surne Bilbao","Surne Bilbao","SBB",4397,2671,"Valencia Basket","Valencia Basket","VBC",1,72,12000,7,32,21,20,37,54,11,14,78,16,7,23,16,8,13,7,2,6,4,26,19,50,-220,-1,13,0,0,72,116,3,19,1,1,11,36,2,37,8
2174552,1,"Liga Nacional","Liga Endesa",-402534000,NA,"https://www.acb.com/Documentos/Cabeceras/logo-competicion-1b.png","https://www.acb.com/Documentos/Cabeceras/logo-competicion-4a.png",90,2025,107,NA,NA,5896,104571,NA,NA,FALSE,4388,4393,2667,"UCAM Murcia","UCAM Murcia","UCM",4388,2662,"Real Madrid","Real Madrid","RMB",1,91,12000,7,18,38,21,43,48,28,35,80,24,12,36,15,7,8,6,5,1,6,19,27,113,55,-1,0,13,0,91,80,3,1989,1,15,8,40,11,47,8
2174551,1,"Liga Nacional","Liga Endesa",-402534000,NA,"https://www.acb.com/Documentos/Cabeceras/logo-competicion-1b.png","https://www.acb.com/Documentos/Cabeceras/logo-competicion-4a.png",90,2025,107,NA,NA,5896,104571,NA,NA,TRUE,4393,4393,2667,"UCAM Murcia","UCAM Murcia","UCM",4388,2662,"Real Madrid","Real Madrid","RMB",1,80,12000,10,30,33,19,39,48,12,20,60,22,14,36,14,4,10,4,2,4,2,28,18,64,-55,-1,13,0,0,80,91,4,93,0,3,0,36,12,45,6
2174413,1,"Liga Nacional","Liga Endesa",-402534000,NA,"https://www.acb.com/Documentos/Cabeceras/logo-competicion-1b.png","https://www.acb.com/Documentos/Cabeceras/logo-competicion-4a.png",90,2025,107,NA,NA,5896,104570,NA,NA,FALSE,4401,4391,2665,"La Laguna Tenerife","La Laguna TFE","LLT",4401,2674,"Coviran Granada","Coviran Granada","COV",1,75,12000,10,26,38,13,27,48,19,24,79,27,7,34,15,7,12,11,1,1,3,24,21,81,-25,-1,13,0,0,75,80,5,857,7,8,9,20,2,25,9
2174412,1,"Liga Nacional","Liga Endesa",-402534000,NA,"https://www.acb.com/Documentos/Cabeceras/logo-competicion-1b.png","https://www.acb.com/Documentos/Cabeceras/logo-competicion-4a.png",90,2025,107,NA,NA,5896,104570,NA,NA,TRUE,4391,4391,2665,"La Laguna Tenerife","La Laguna TFE","LLT",4401,2674,"Coviran Granada","Coviran Granada","COV",1,80,12000,11,32,34,18,29,62,11,18,61,22,6,28,15,6,7,2,1,1,0,21,24,86,25,-1,0,13,0,80,75,4,1053,7,6,5,26,4,50,7
2174276,1,"Liga Nacional","Liga Endesa",-402534000,NA,"https://www.acb.com/Documentos/Cabeceras/logo-competicion-1b.png","https://www.acb.com/Documentos/Cabeceras/logo-competicion-4a.png",90,2025,107,NA,NA,5896,104569,NA,NA,TRUE,4384,4384,2658,"Unicaja","Unicaja","UNI",4394,2716,"Joventut Badalona","Joventut","JOV",1,105,12000,19,31,61,18,37,48,12,15,80,21,9,30,22,5,4,13,1,3,1,20,21,123,110,-1,0,13,0,105,83,1,1914,4,24,4,30,7,54,7
2174277,1,"Liga Nacional","Liga Endesa",-402534000,NA,"https://www.acb.com/Documentos/Cabeceras/logo-competicion-1b.png","https://www.acb.com/Documentos/Cabeceras/logo-competicion-4a.png",90,2025,107,NA,NA,5896,104569,NA,NA,FALSE,4394,4384,2658,"Unicaja","Unicaja","UNI",4394,2716,"Joventut Badalona","Joventut","JOV",1,83,12000,11,25,44,17,28,60,16,19,84,20,4,24,18,2,10,3,3,1,2,21,20,90,-110,-1,12,0,0,83,105,4,270,4,4,0,32,3,42,8
2174164,1,"Liga Nacional","Liga Endesa",-402534000,NA,"https://www.acb.com/Documentos/Cabeceras/logo-competicion-1b.png","https://www.acb.com/Documentos/Cabeceras/logo-competicion-4a.png",90,2025,107,NA,NA,5896,104568,NA,NA,TRUE,4402,4402,2680,"Recoletas Salud San Pablo Burgos","Recoletas Salud","BUR",4390,2664,"Dreamland Gran Canaria","Dreamland GC","DGC",1,94,12000,10,28,35,19,39,48,26,33,78,22,20,42,22,10,9,6,1,4,5,19,23,115,65,-1,0,13,0,94,81,2,1535,6,16,4,36,14,35,9
2174165,1,"Liga Nacional","Liga Endesa",-402534000,NA,"https://www.acb.com/Documentos/Cabeceras/logo-competicion-1b.png","https://www.acb.com/Documentos/Cabeceras/logo-competicion-4a.png",90,2025,107,NA,NA,5896,104568,NA,NA,FALSE,4390,4402,2680,"Recoletas Salud San Pablo Burgos","Recoletas Salud","BUR",4390,2664,"Dreamland Gran Canaria","Dreamland GC","DGC",1,81,12000,8,29,27,23,29,79,11,18,61,21,6,27,23,8,14,11,4,1,1,23,19,90,-65,-1,13,0,0,81,94,3,375,6,4,4,46,8,40,9
2174030,1,"Liga Nacional","Liga Endesa",-402534000,NA,"https://www.acb.com/Documentos/Cabeceras/logo-competicion-1b.png","https://www.acb.com/Documentos/Cabeceras/logo-competicion-4a.png",90,2025,107,NA,NA,5896,104567,NA,NA,FALSE,4398,4395,2669,"Río Breogán","Río Breogán","BRE",4398,2710,"Kosner Baskonia","Kosner Baskonia","BKN",1,103,12000,10,27,37,19,34,55,35,39,89,24,11,35,19,8,10,9,3,2,1,19,27,128,15,-1,0,12,0,103,100,2,498,7,5,3,34,0,60,13
2174029,1,"Liga Nacional","Liga Endesa",-402534000,NA,"https://www.acb.com/Documentos/Cabeceras/logo-competicion-1b.png","https://www.acb.com/Documentos/Cabeceras/logo-competicion-4a.png",90,2025,107,NA,NA,5896,104567,NA,NA,TRUE,4395,4395,2669,"Río Breogán","Río Breogán","BRE",4398,2710,"Kosner Baskonia","Kosner Baskonia","BKN",1,100,12000,12,30,40,25,48,52,14,16,87,22,15,37,16,5,10,14,2,3,4,28,19,95,-15,-1,13,0,0,100,103,4,1420,7,9,5,42,8,49,6
2177383,1,"Liga Nacional","Liga Endesa",-402534000,NA,"https://www.acb.com/Documentos/Cabeceras/logo-competicion-1b.png","https://www.acb.com/Documentos/Cabeceras/logo-competicion-4a.png",90,2025,107,NA,NA,5897,104584,NA,NA,TRUE,4397,4397,2671,"Valencia Basket","Valencia Basket","VBC",4396,2725,"BAXI Manresa","BAXI Manresa","BAX",1,103,12000,9,27,33,32,55,58,12,18,66,24,19,43,27,13,12,22,1,2,7,24,21,123,135,-1,0,13,0,103,76,2,2039,2,28,10,60,8,39,14
2177384,1,"Liga Nacional","Liga Endesa",-402534000,NA,"https://www.acb.com/Documentos/Cabeceras/logo-competicion-1b.png","https://www.acb.com/Documentos/Cabeceras/logo-competicion-4a.png",90,2025,107,NA,NA,5897,104584,NA,NA,FALSE,4396,4397,2671,"Valencia Basket","Valencia Basket","VBC",4396,2725,"BAXI Manresa","BAXI Manresa","BAX",1,76,12000,11,33,33,11,27,40,21,32,65,24,17,41,19,1,22,0,2,1,0,21,22,68,-135,-1,13,0,0,76,103,5,329,2,5,1,22,9,26,10
2177244,1,"Liga Nacional","Liga Endesa",-402534000,NA,"https://www.acb.com/Documentos/Cabeceras/logo-competicion-1b.png","https://www.acb.com/Documentos/Cabeceras/logo-competicion-4a.png",90,2025,107,NA,NA,5897,104583,NA,NA,FALSE,4389,4399,2728,"Bàsquet Girona","Bàsquet Girona","GIR",4389,2711,"Surne Bilbao","Surne Bilbao","SBB",1,93,12000,12,34,35,16,28,57,25,33,75,23,9,32,18,8,9,4,4,3,5,20,23,104,20,-1,0,13,0,93,89,2,388,5,5,9,28,4,34,7
2177243,1,"Liga Nacional","Liga Endesa",-402534000,NA,"https://www.acb.com/Documentos/Cabeceras/logo-competicion-1b.png","https://www.acb.com/Documentos/Cabeceras/logo-competicion-4a.png",90,2025,107,NA,NA,5897,104583,NA,NA,TRUE,4399,4399,2728,"Bàsquet Girona","Bàsquet Girona","GIR",4389,2711,"Surne Bilbao","Surne Bilbao","SBB",1,89,12000,12,31,38,21,35,60,11,15,73,29,11,40,16,3,16,0,3,4,4,23,20,91,-20,-1,13,0,0,89,93,4,1613,4,10,0,38,11,47,8
2177048,1,"Liga Nacional","Liga Endesa",-402534000,NA,"https://www.acb.com/Documentos/Cabeceras/logo-competicion-1b.png","https://www.acb.com/Documentos/Cabeceras/logo-competicion-4a.png",90,2025,107,NA,NA,5897,104581,NA,NA,FALSE,4392,4387,2661,"Hiopos Lleida","Hiopos Lleida","HIO",4392,2666,"Casademont Zaragoza","Casademont Zgz","CAZ",1,87,12000,6,20,30,25,42,59,19,23,82,26,4,30,13,10,11,12,6,4,4,25,23,94,50,-1,0,13,0,87,77,5,2357,0,12,6,40,4,33,8
2177047,1,"Liga Nacional","Liga Endesa",-402534000,NA,"https://www.acb.com/Documentos/Cabeceras/logo-competicion-1b.png","https://www.acb.com/Documentos/Cabeceras/logo-competicion-4a.png",90,2025,107,NA,NA,5897,104581,NA,NA,TRUE,4387,4387,2661,"Hiopos Lleida","Hiopos Lleida","HIO",4392,2666,"Casademont Zaragoza","Casademont Zgz","CAZ",1,77,12000,5,23,21,18,33,54,26,30,86,28,6,34,17,6,18,10,4,5,2,23,25,80,-50,-1,13,0,0,77,87,5,0,0,0,4,32,6,53,7
2177017,1,"Liga Nacional","Liga Endesa",-402534000,NA,"https://www.acb.com/Documentos/Cabeceras/logo-competicion-1b.png","https://www.acb.com/Documentos/Cabeceras/logo-competicion-4a.png",90,2025,107,NA,NA,5897,104582,NA,NA,TRUE,4398,4398,2710,"Kosner Baskonia","Kosner Baskonia","BKN",4385,2659,"MoraBanc Andorra","MoraBanc And","MBA",1,99,12000,17,38,44,19,36,52,10,15,66,27,17,44,26,7,14,11,3,4,4,26,20,112,35,-1,0,13,0,99,92,2,1817,4,11,6,34,16,55,9
2177018,1,"Liga Nacional","Liga Endesa",-402534000,NA,"https://www.acb.com/Documentos/Cabeceras/logo-competicion-1b.png","https://www.acb.com/Documentos/Cabeceras/logo-competicion-4a.png",90,2025,107,NA,NA,5897,104582,NA,NA,FALSE,4385,4398,2710,"Kosner Baskonia","Kosner Baskonia","BKN",4385,2659,"MoraBanc Andorra","MoraBanc And","MBA",1,92,12000,8,28,28,21,36,58,26,27,96,25,8,33,13,7,9,10,4,2,3,20,26,108,-35,-1,13,0,0,92,99,4,490,3,5,4,40,4,32,14
2176883,1,"Liga Nacional","Liga Endesa",-402534000,NA,"https://www.acb.com/Documentos/Cabeceras/logo-competicion-1b.png","https://www.acb.com/Documentos/Cabeceras/logo-competicion-4a.png",90,2025,107,NA,NA,5897,104580,NA,NA,FALSE,4386,4388,2662,"Real Madrid","Real Madrid","RMB",4386,2660,"Barça","Barça","BAR",1,105,12000,14,25,56,23,42,54,17,19,89,22,15,37,16,2,10,6,2,4,0,26,19,109,25,-1,0,12,0,105,100,2,1670,9,10,0,36,18,49,8
2176882,1,"Liga Nacional","Liga Endesa",-402534000,NA,"https://www.acb.com/Documentos/Cabeceras/logo-competicion-1b.png","https://www.acb.com/Documentos/Cabeceras/logo-competicion-4a.png",90,2025,107,NA,NA,5897,104580,NA,NA,TRUE,4388,4388,2662,"Real Madrid","Real Madrid","RMB",4386,2660,"Barça","Barça","BAR",1,100,12000,10,23,43,27,43,62,16,22,72,15,8,23,22,7,5,9,5,2,2,20,25,120,-25,-1,13,0,0,100,105,4,445,8,4,3,48,6,34,9
2176686,1,"Liga Nacional","Liga Endesa",-402534000,NA,"https://www.acb.com/Documentos/Cabeceras/logo-competicion-1b.png","https://www.acb.com/Documentos/Cabeceras/logo-competicion-4a.png",90,2025,107,NA,NA,5897,104576,NA,NA,TRUE,4395,4395,2669,"Río Breogán","Río Breogán","BRE",4384,2658,"Unicaja","Unicaja","UNI",1,98,12000,14,28,50,19,29,65,18,26,69,21,10,31,23,8,11,7,4,2,1,22,25,122,80,-1,0,13,0,98,82,2,1807,3,23,6,36,8,39,10
2176687,1,"Liga Nacional","Liga Endesa",-402534000,NA,"https://www.acb.com/Documentos/Cabeceras/logo-competicion-1b.png","https://www.acb.com/Documentos/Cabeceras/logo-competicion-4a.png",90,2025,107,NA,NA,5897,104576,NA,NA,FALSE,4384,4395,2669,"Río Breogán","Río Breogán","BRE",4384,2658,"Unicaja","Unicaja","UNI",1,82,12000,13,29,44,14,34,41,15,18,83,18,12,30,15,8,14,4,2,3,0,26,22,77,-80,-1,13,0,0,82,98,4,432,3,7,3,20,6,50,10
2176549,1,"Liga Nacional","Liga Endesa",-402534000,NA,"https://www.acb.com/Documentos/Cabeceras/logo-competicion-1b.png","https://www.acb.com/Documentos/Cabeceras/logo-competicion-4a.png",90,2025,107,NA,NA,5897,104578,NA,NA,FALSE,4393,4390,2664,"Dreamland Gran Canaria","Dreamland GC","DGC",4393,2667,"UCAM Murcia","UCAM Murcia","UCM",1,72,12000,9,33,27,16,34,47,13,20,65,25,20,45,12,7,14,4,1,1,0,24,22,71,-25,-1,13,0,0,72,77,4,359,4,5,3,26,13,36,6
2176548,1,"Liga Nacional","Liga Endesa",-402534000,NA,"https://www.acb.com/Documentos/Cabeceras/logo-competicion-1b.png","https://www.acb.com/Documentos/Cabeceras/logo-competicion-4a.png",90,2025,107,NA,NA,5897,104578,NA,NA,TRUE,4390,4390,2664,"Dreamland Gran Canaria","Dreamland GC","DGC",4393,2667,"UCAM Murcia","UCAM Murcia","UCM",1,77,12000,6,21,28,21,39,53,17,25,68,23,9,32,12,7,9,2,1,0,3,22,24,81,25,-1,0,13,0,77,72,3,1893,5,11,6,38,2,19,10
2176440,1,"Liga Nacional","Liga Endesa",-402534000,NA,"https://www.acb.com/Documentos/Cabeceras/logo-competicion-1b.png","https://www.acb.com/Documentos/Cabeceras/logo-competicion-4a.png",90,2025,107,NA,NA,5897,104577,NA,NA,FALSE,4402,4401,2674,"Coviran Granada","Coviran Granada","COV",4402,2680,"Recoletas Salud San Pablo Burgos","Recoletas Salud","BUR",1,107,12000,7,17,41,31,47,65,24,34,70,25,7,32,22,10,9,18,4,3,2,19,30,138,85,-1,0,12,0,107,90,2,2296,1,19,4,60,7,40,8
2176439,1,"Liga Nacional","Liga Endesa",-402534000,NA,"https://www.acb.com/Documentos/Cabeceras/logo-competicion-1b.png","https://www.acb.com/Documentos/Cabeceras/logo-competicion-4a.png",90,2025,107,NA,NA,5897,104577,NA,NA,TRUE,4401,4401,2674,"Coviran Granada","Coviran Granada","COV",4402,2680,"Recoletas Salud San Pablo Burgos","Recoletas Salud","BUR",1,90,12000,11,28,39,21,40,52,15,21,71,22,12,34,17,6,16,7,3,4,3,30,19,77,-85,-1,13,0,0,90,107,5,53,1,2,5,38,11,49,6
2176326,1,"Liga Nacional","Liga Endesa",-402534000,NA,"https://www.acb.com/Documentos/Cabeceras/logo-competicion-1b.png","https://www.acb.com/Documentos/Cabeceras/logo-competicion-4a.png",90,2025,107,NA,NA,5897,104579,NA,NA,FALSE,4391,4394,2716,"Joventut Badalona","Joventut","JOV",4391,2665,"La Laguna Tenerife","La Laguna TFE","LLT",1,67,12000,8,29,27,15,30,50,13,16,81,32,4,36,13,3,15,2,2,4,0,21,19,61,-55,-1,13,0,0,67,78,2,232,2,3,0,22,2,47,8
2176325,1,"Liga Nacional","Liga Endesa",-402534000,NA,"https://www.acb.com/Documentos/Cabeceras/logo-competicion-1b.png","https://www.acb.com/Documentos/Cabeceras/logo-competicion-4a.png",90,2025,107,NA,NA,5897,104579,NA,NA,TRUE,4394,4394,2716,"Joventut Badalona","Joventut","JOV",4391,2665,"La Laguna Tenerife","La Laguna TFE","LLT",1,78,12000,10,25,40,19,42,45,10,19,52,31,7,38,19,7,7,17,4,2,4,20,18,88,55,-1,0,13,0,78,67,4,2099,2,14,6,34,9,33,9
2178808,1,"Liga Nacional","Liga Endesa",-402534000,NA,"https://www.acb.com/Documentos/Cabeceras/logo-competicion-1b.png","https://www.acb.com/Documentos/Cabeceras/logo-competicion-4a.png",90,2025,107,NA,NA,5898,104592,NA,NA,TRUE,4399,4399,2728,"Bàsquet Girona","Bàsquet Girona","GIR",4398,2710,"Kosner Baskonia","Kosner Baskonia","BKN",1,85,12000,7,26,26,20,36,55,24,32,75,20,10,30,17,5,13,4,3,6,5,22,24,80,-55,-1,13,0,0,85,96,5,187,6,2,4,36,4,34,6
2178809,1,"Liga Nacional","Liga Endesa",-402534000,NA,"https://www.acb.com/Documentos/Cabeceras/logo-competicion-1b.png","https://www.acb.com/Documentos/Cabeceras/logo-competicion-4a.png",90,2025,107,NA,NA,5898,104592,NA,NA,FALSE,4398,4399,2728,"Bàsquet Girona","Bàsquet Girona","GIR",4398,2710,"Kosner Baskonia","Kosner Baskonia","BKN",1,96,12000,12,27,44,21,37,56,18,24,75,24,12,36,18,8,16,4,6,3,2,26,20,102,55,-1,0,12,0,96,85,3,2089,6,13,9,38,10,50,7
2178836,1,"Liga Nacional","Liga Endesa",-402534000,NA,"https://www.acb.com/Documentos/Cabeceras/logo-competicion-1b.png","https://www.acb.com/Documentos/Cabeceras/logo-competicion-4a.png",90,2025,107,NA,NA,5898,104593,NA,NA,FALSE,4388,4385,2659,"MoraBanc Andorra","MoraBanc And","MBA",4388,2662,"Real Madrid","Real Madrid","RMB",1,90,12000,6,32,18,24,34,70,24,33,72,23,15,38,19,7,10,19,3,2,8,22,24,102,25,-1,0,13,0,90,85,4,913,4,8,4,46,9,41,8
2178835,1,"Liga Nacional","Liga Endesa",-402534000,NA,"https://www.acb.com/Documentos/Cabeceras/logo-competicion-1b.png","https://www.acb.com/Documentos/Cabeceras/logo-competicion-4a.png",90,2025,107,NA,NA,5898,104593,NA,NA,TRUE,4385,4385,2659,"MoraBanc Andorra","MoraBanc And","MBA",4388,2662,"Real Madrid","Real Madrid","RMB",1,85,12000,10,30,33,19,42,45,17,24,70,24,17,41,13,7,10,7,3,3,4,24,22,84,-25,-1,13,0,0,85,90,4,1353,4,10,2,26,16,43,8
2178700,1,"Liga Nacional","Liga Endesa",-402534000,NA,"https://www.acb.com/Documentos/Cabeceras/logo-competicion-1b.png","https://www.acb.com/Documentos/Cabeceras/logo-competicion-4a.png",90,2025,107,NA,NA,5898,104591,NA,NA,TRUE,4386,4386,2660,"Barça","Barça","BAR",4401,2674,"Coviran Granada","Coviran Granada","COV",1,108,12000,15,26,57,25,37,67,13,17,76,19,10,29,19,13,8,4,1,3,4,20,21,133,185,-1,0,13,0,108,71,0,1991,3,39,7,48,10,69,9
2178701,1,"Liga Nacional","Liga Endesa",-402534000,NA,"https://www.acb.com/Documentos/Cabeceras/logo-competicion-1b.png","https://www.acb.com/Documentos/Cabeceras/logo-competicion-4a.png",90,2025,107,NA,NA,5898,104591,NA,NA,FALSE,4401,4386,2660,"Barça","Barça","BAR",4401,2674,"Coviran Granada","Coviran Granada","COV",1,71,12000,3,21,14,23,29,79,16,21,76,15,5,20,11,4,14,4,3,1,2,21,20,64,-185,-1,12,0,0,71,108,4,187,2,3,4,38,2,42,5
2178566,1,"Liga Nacional","Liga Endesa",-402534000,NA,"https://www.acb.com/Documentos/Cabeceras/logo-competicion-1b.png","https://www.acb.com/Documentos/Cabeceras/logo-competicion-4a.png",90,2025,107,NA,NA,5898,104589,NA,NA,FALSE,4394,4402,2680,"Recoletas Salud San Pablo Burgos","Recoletas Salud","BUR",4394,2716,"Joventut Badalona","Joventut","JOV",1,98,12000,12,28,42,20,29,68,22,29,75,26,11,37,22,8,23,5,4,3,2,27,27,111,15,-1,0,12,0,98,95,5,1417,7,10,5,36,8,54,9
2178565,1,"Liga Nacional","Liga Endesa",-402534000,NA,"https://www.acb.com/Documentos/Cabeceras/logo-competicion-1b.png","https://www.acb.com/Documentos/Cabeceras/logo-competicion-4a.png",90,2025,107,NA,NA,5898,104589,NA,NA,TRUE,4402,4402,2680,"Recoletas Salud San Pablo Burgos","Recoletas Salud","BUR",4394,2716,"Joventut Badalona","Joventut","JOV",1,95,12000,8,26,30,24,43,55,23,28,82,16,10,26,18,18,13,14,3,4,3,29,25,97,-15,-1,13,0,0,95,98,5,799,6,8,9,42,7,41,12
2178398,1,"Liga Nacional","Liga Endesa",-402534000,NA,"https://www.acb.com/Documentos/Cabeceras/logo-competicion-1b.png","https://www.acb.com/Documentos/Cabeceras/logo-competicion-4a.png",90,2025,107,NA,NA,5898,104588,NA,NA,FALSE,4395,4396,2725,"BAXI Manresa","BAXI Manresa","BAX",4395,2669,"Río Breogán","Río Breogán","BRE",1,99,12000,7,19,36,27,49,55,24,28,85,23,16,39,16,10,19,13,1,1,5,37,23,93,-25,-1,13,0,0,99,104,5,137,3,3,9,50,22,50,7
2178397,1,"Liga Nacional","Liga Endesa",-402534000,NA,"https://www.acb.com/Documentos/Cabeceras/logo-competicion-1b.png","https://www.acb.com/Documentos/Cabeceras/logo-competicion-4a.png",90,2025,107,NA,NA,5898,104588,NA,NA,TRUE,4396,4396,2725,"BAXI Manresa","BAXI Manresa","BAX",4395,2669,"Río Breogán","Río Breogán","BRE",1,104,12000,10,25,40,21,38,55,32,40,80,18,12,30,17,11,16,19,1,1,5,24,35,117,25,-1,0,13,0,104,99,3,2119,3,25,10,38,8,45,11
2178258,1,"Liga Nacional","Liga Endesa",-402534000,NA,"https://www.acb.com/Documentos/Cabeceras/logo-competicion-1b.png","https://www.acb.com/Documentos/Cabeceras/logo-competicion-4a.png",90,2025,107,NA,NA,5898,104587,NA,NA,FALSE,4387,4391,2665,"La Laguna Tenerife","La Laguna TFE","LLT",4387,2661,"Hiopos Lleida","Hiopos Lleida","HIO",1,94,12000,12,25,48,19,35,54,20,25,80,28,8,36,22,6,12,14,6,4,0,19,22,117,35,-1,0,13,0,94,87,3,858,2,10,2,32,2,39,8
2178257,1,"Liga Nacional","Liga Endesa",-402534000,NA,"https://www.acb.com/Documentos/Cabeceras/logo-competicion-1b.png","https://www.acb.com/Documentos/Cabeceras/logo-competicion-4a.png",90,2025,107,NA,NA,5898,104587,NA,NA,TRUE,4391,4391,2665,"La Laguna Tenerife","La Laguna TFE","LLT",4387,2661,"Hiopos Lleida","Hiopos Lleida","HIO",1,87,12000,9,33,27,24,37,64,12,12,100,22,7,29,21,10,7,7,4,6,3,22,19,98,-35,-1,13,0,0,87,94,3,1381,2,12,6,42,8,46,8
2178032,1,"Liga Nacional","Liga Endesa",-402534000,NA,"https://www.acb.com/Documentos/Cabeceras/logo-competicion-1b.png","https://www.acb.com/Documentos/Cabeceras/logo-competicion-4a.png",90,2025,107,NA,NA,5898,104586,NA,NA,FALSE,4393,4389,2711,"Surne Bilbao","Surne Bilbao","SBB",4393,2667,"UCAM Murcia","UCAM Murcia","UCM",1,82,12000,6,22,27,22,47,46,20,26,76,25,16,41,13,7,14,7,1,3,0,28,22,74,-70,-1,13,0,0,82,96,4,375,3,7,8,40,8,40,7
2178031,1,"Liga Nacional","Liga Endesa",-402534000,NA,"https://www.acb.com/Documentos/Cabeceras/logo-competicion-1b.png","https://www.acb.com/Documentos/Cabeceras/logo-competicion-4a.png",90,2025,107,NA,NA,5898,104586,NA,NA,TRUE,4389,4389,2711,"Surne Bilbao","Surne Bilbao","SBB",4393,2667,"UCAM Murcia","UCAM Murcia","UCM",1,96,12000,11,24,45,19,39,48,25,34,73,29,11,40,15,8,12,14,3,1,3,23,26,110,70,-1,0,13,0,96,82,1,1758,4,20,7,30,7,51,10
2177948,1,"Liga Nacional","Liga Endesa",-402534000,NA,"https://www.acb.com/Documentos/Cabeceras/logo-competicion-1b.png","https://www.acb.com/Documentos/Cabeceras/logo-competicion-4a.png",90,2025,107,NA,NA,5898,104590,NA,NA,FALSE,4384,4397,2671,"Valencia Basket","Valencia Basket","VBC",4384,2658,"Unicaja","Unicaja","UNI",1,76,12000,10,37,27,20,36,55,6,10,60,37,11,48,20,10,15,18,9,6,2,24,16,87,30,-1,0,13,0,76,70,1,702,1,12,5,40,9,27,11
2177947,1,"Liga Nacional","Liga Endesa",-402534000,NA,"https://www.acb.com/Documentos/Cabeceras/logo-competicion-1b.png","https://www.acb.com/Documentos/Cabeceras/logo-competicion-4a.png",90,2025,107,NA,NA,5898,104590,NA,NA,TRUE,4397,4397,2671,"Valencia Basket","Valencia Basket","VBC",4384,2658,"Unicaja","Unicaja","UNI",1,70,12000,6,28,21,22,48,45,8,16,50,29,14,43,16,8,11,12,7,9,5,16,24,76,-30,-1,13,0,0,70,76,1,1661,0,10,2,44,8,30,6
2177864,1,"Liga Nacional","Liga Endesa",-402534000,NA,"https://www.acb.com/Documentos/Cabeceras/logo-competicion-1b.png","https://www.acb.com/Documentos/Cabeceras/logo-competicion-4a.png",90,2025,107,NA,NA,5898,104585,NA,NA,FALSE,4390,4392,2666,"Casademont Zaragoza","Casademont Zgz","CAZ",4390,2664,"Dreamland Gran Canaria","Dreamland GC","DGC",1,84,12000,7,27,25,26,37,70,11,18,61,15,11,26,22,9,13,14,4,2,2,23,19,88,-55,-1,13,0,0,84,95,4,382,6,4,6,48,15,45,7
2177863,1,"Liga Nacional","Liga Endesa",-402534000,NA,"https://www.acb.com/Documentos/Cabeceras/logo-competicion-1b.png","https://www.acb.com/Documentos/Cabeceras/logo-competicion-4a.png",90,2025,107,NA,NA,5898,104585,NA,NA,TRUE,4392,4392,2666,"Casademont Zaragoza","Casademont Zgz","CAZ",4390,2664,"Dreamland Gran Canaria","Dreamland GC","DGC",1,95,12000,8,20,40,29,46,63,13,18,72,20,15,35,23,7,13,9,3,4,6,19,23,116,55,-1,0,13,0,95,84,4,1822,7,15,5,50,9,34,7
2181682,1,"Liga Nacional","Liga Endesa",-402534000,NA,"https://www.acb.com/Documentos/Cabeceras/logo-competicion-1b.png","https://www.acb.com/Documentos/Cabeceras/logo-competicion-4a.png",90,2025,107,NA,NA,5899,104602,NA,NA,FALSE,4397,4388,2662,"Real Madrid","Real Madrid","RMB",4397,2671,"Valencia Basket","Valencia Basket","VBC",1,79,12000,13,33,39,14,32,43,12,15,80,22,12,34,21,6,14,16,1,5,1,18,18,81,-75,-1,13,0,0,79,94,2,1137,2,17,9,24,8,39,14
2181681,1,"Liga Nacional","Liga Endesa",-402534000,NA,"https://www.acb.com/Documentos/Cabeceras/logo-competicion-1b.png","https://www.acb.com/Documentos/Cabeceras/logo-competicion-4a.png",90,2025,107,NA,NA,5899,104602,NA,NA,TRUE,4388,4388,2662,"Real Madrid","Real Madrid","RMB",4397,2671,"Valencia Basket","Valencia Basket","VBC",1,94,12000,14,41,34,18,25,72,16,23,69,26,11,37,21,8,10,21,5,1,3,18,17,112,75,-1,0,13,0,94,79,3,1177,3,20,7,34,5,47,15
2181514,1,"Liga Nacional","Liga Endesa",-402534000,NA,"https://www.acb.com/Documentos/Cabeceras/logo-competicion-1b.png","https://www.acb.com/Documentos/Cabeceras/logo-competicion-4a.png",90,2025,107,NA,NA,5899,104601,NA,NA,FALSE,4392,4393,2667,"UCAM Murcia","UCAM Murcia","UCM",4392,2666,"Casademont Zaragoza","Casademont Zgz","CAZ",1,84,12000,9,26,34,19,41,46,19,21,90,29,13,42,12,7,19,6,3,2,1,29,20,77,-30,-1,13,0,0,84,90,4,709,0,8,2,38,5,29,14
2181513,1,"Liga Nacional","Liga Endesa",-402534000,NA,"https://www.acb.com/Documentos/Cabeceras/logo-competicion-1b.png","https://www.acb.com/Documentos/Cabeceras/logo-competicion-4a.png",90,2025,107,NA,NA,5899,104601,NA,NA,TRUE,4393,4393,2667,"UCAM Murcia","UCAM Murcia","UCM",4392,2666,"Casademont Zaragoza","Casademont Zgz","CAZ",1,90,12000,10,28,35,19,37,51,22,33,66,24,10,34,12,13,12,15,2,3,3,21,26,94,30,-1,0,13,0,90,84,3,1569,1,24,15,38,4,37,16
2181428,1,"Liga Nacional","Liga Endesa",-402534000,NA,"https://www.acb.com/Documentos/Cabeceras/logo-competicion-1b.png","https://www.acb.com/Documentos/Cabeceras/logo-competicion-4a.png",90,2025,107,NA,NA,5899,104600,NA,NA,FALSE,4396,4398,2710,"Kosner Baskonia","Kosner Baskonia","BKN",4396,2725,"BAXI Manresa","BAXI Manresa","BAX",1,85,12000,8,27,29,19,39,48,23,27,85,20,11,31,22,5,19,8,3,7,2,24,27,80,-225,-1,13,0,0,85,130,3,58,0,3,0,36,7,43,5
2181427,1,"Liga Nacional","Liga Endesa",-402534000,NA,"https://www.acb.com/Documentos/Cabeceras/logo-competicion-1b.png","https://www.acb.com/Documentos/Cabeceras/logo-competicion-4a.png",90,2025,107,NA,NA,5899,104600,NA,NA,TRUE,4398,4398,2710,"Kosner Baskonia","Kosner Baskonia","BKN",4396,2725,"BAXI Manresa","BAXI Manresa","BAX",1,130,12000,23,33,69,20,32,62,21,27,77,24,7,31,25,12,13,13,7,3,2,27,24,158,225,-1,0,13,0,130,85,1,2223,1,48,13,34,4,82,14
2181198,1,"Liga Nacional","Liga Endesa",-402534000,NA,"https://www.acb.com/Documentos/Cabeceras/logo-competicion-1b.png","https://www.acb.com/Documentos/Cabeceras/logo-competicion-4a.png",90,2025,107,NA,NA,5899,104599,NA,NA,FALSE,4399,4394,2716,"Joventut Badalona","Joventut","JOV",4399,2728,"Bàsquet Girona","Bàsquet Girona","GIR",1,74,12000,10,34,29,18,37,48,8,9,88,24,14,38,20,6,15,7,0,2,4,26,18,69,15,-1,0,13,0,74,71,5,2296,1,11,3,28,11,32,7
2181197,1,"Liga Nacional","Liga Endesa",-402534000,NA,"https://www.acb.com/Documentos/Cabeceras/logo-competicion-1b.png","https://www.acb.com/Documentos/Cabeceras/logo-competicion-4a.png",90,2025,107,NA,NA,5899,104599,NA,NA,TRUE,4394,4394,2716,"Joventut Badalona","Joventut","JOV",4399,2728,"Bàsquet Girona","Bàsquet Girona","GIR",1,71,12000,4,28,14,19,31,61,21,25,84,26,14,40,12,5,20,9,2,0,1,19,25,76,-15,-1,13,0,0,71,74,5,17,1,1,5,30,2,30,8
2181142,1,"Liga Nacional","Liga Endesa",-402534000,NA,"https://www.acb.com/Documentos/Cabeceras/logo-competicion-1b.png","https://www.acb.com/Documentos/Cabeceras/logo-competicion-4a.png",90,2025,107,NA,NA,5899,104598,NA,NA,FALSE,4386,4402,2680,"Recoletas Salud San Pablo Burgos","Recoletas Salud","BUR",4386,2660,"Barça","Barça","BAR",1,80,12000,11,30,36,19,29,65,9,13,69,25,4,29,19,5,16,8,3,5,4,22,19,79,5,-1,0,13,0,80,79,4,531,4,5,10,32,4,65,8
2181141,1,"Liga Nacional","Liga Endesa",-402534000,NA,"https://www.acb.com/Documentos/Cabeceras/logo-competicion-1b.png","https://www.acb.com/Documentos/Cabeceras/logo-competicion-4a.png",90,2025,107,NA,NA,5899,104598,NA,NA,TRUE,4402,4402,2680,"Recoletas Salud San Pablo Burgos","Recoletas Salud","BUR",4386,2660,"Barça","Barça","BAR",1,79,12000,4,21,19,27,47,57,13,19,68,23,10,33,16,12,12,16,5,2,5,19,22,91,-5,-1,13,0,0,79,80,4,1666,3,12,10,54,12,24,9
2180940,1,"Liga Nacional","Liga Endesa",-402534000,NA,"https://www.acb.com/Documentos/Cabeceras/logo-competicion-1b.png","https://www.acb.com/Documentos/Cabeceras/logo-competicion-4a.png",90,2025,107,NA,NA,5899,104597,NA,NA,FALSE,4391,4389,2711,"Surne Bilbao","Surne Bilbao","SBB",4391,2665,"La Laguna Tenerife","La Laguna TFE","LLT",1,78,12000,9,24,37,19,44,43,13,14,92,19,15,34,18,6,11,0,0,7,4,23,20,74,-85,-1,13,0,0,78,95,2,23,0,2,3,32,15,48,7
2180939,1,"Liga Nacional","Liga Endesa",-402534000,NA,"https://www.acb.com/Documentos/Cabeceras/logo-competicion-1b.png","https://www.acb.com/Documentos/Cabeceras/logo-competicion-4a.png",90,2025,107,NA,NA,5899,104597,NA,NA,TRUE,4389,4389,2711,"Surne Bilbao","Surne Bilbao","SBB",4391,2665,"La Laguna Tenerife","La Laguna TFE","LLT",1,95,12000,16,25,64,13,30,43,21,26,80,24,8,32,21,6,10,15,7,0,6,20,21,121,85,-1,0,13,0,95,78,1,2266,1,28,4,24,0,34,14
2180800,1,"Liga Nacional","Liga Endesa",-402534000,NA,"https://www.acb.com/Documentos/Cabeceras/logo-competicion-1b.png","https://www.acb.com/Documentos/Cabeceras/logo-competicion-4a.png",90,2025,107,NA,NA,5899,104596,NA,NA,FALSE,4387,4390,2664,"Dreamland Gran Canaria","Dreamland GC","DGC",4387,2661,"Hiopos Lleida","Hiopos Lleida","HIO",1,68,12000,7,20,35,18,34,52,11,13,84,33,7,40,13,14,19,16,4,4,3,20,14,79,90,-1,0,13,0,68,50,1,2387,0,23,8,30,7,29,11
2180799,1,"Liga Nacional","Liga Endesa",-402534000,NA,"https://www.acb.com/Documentos/Cabeceras/logo-competicion-1b.png","https://www.acb.com/Documentos/Cabeceras/logo-competicion-4a.png",90,2025,107,NA,NA,5899,104596,NA,NA,TRUE,4390,4390,2664,"Dreamland Gran Canaria","Dreamland GC","DGC",4387,2661,"Hiopos Lleida","Hiopos Lleida","HIO",1,50,12000,3,25,12,17,44,38,7,11,63,23,16,39,10,10,17,2,4,4,1,15,20,44,-90,-1,13,0,0,50,68,4,0,0,0,2,32,4,40,8
2180687,1,"Liga Nacional","Liga Endesa",-402534000,NA,"https://www.acb.com/Documentos/Cabeceras/logo-competicion-1b.png","https://www.acb.com/Documentos/Cabeceras/logo-competicion-4a.png",90,2025,107,NA,NA,5899,104595,NA,NA,TRUE,4385,4385,2659,"MoraBanc Andorra","MoraBanc And","MBA",4395,2669,"Río Breogán","Río Breogán","BRE",1,101,12000,12,20,60,17,33,51,31,35,88,23,8,31,17,4,18,15,1,4,3,26,28,106,-15,-1,13,0,0,101,104,2,1322,5,18,2,32,2,44,6
2180688,1,"Liga Nacional","Liga Endesa",-402534000,NA,"https://www.acb.com/Documentos/Cabeceras/logo-competicion-1b.png","https://www.acb.com/Documentos/Cabeceras/logo-competicion-4a.png",90,2025,107,NA,NA,5899,104595,NA,NA,FALSE,4395,4385,2659,"MoraBanc Andorra","MoraBanc And","MBA",4395,2669,"Río Breogán","Río Breogán","BRE",1,104,12000,10,39,25,28,38,73,18,23,78,16,16,32,21,9,10,8,5,1,5,28,26,114,15,-1,0,13,0,104,101,3,608,5,9,2,52,12,64,11
2180576,1,"Liga Nacional","Liga Endesa",-402534000,NA,"https://www.acb.com/Documentos/Cabeceras/logo-competicion-1b.png","https://www.acb.com/Documentos/Cabeceras/logo-competicion-4a.png",90,2025,107,NA,NA,5899,104594,NA,NA,FALSE,4401,4384,2658,"Unicaja","Unicaja","UNI",4401,2674,"Coviran Granada","Coviran Granada","COV",1,79,12000,7,22,31,20,42,47,18,23,78,21,9,30,13,8,9,4,5,3,2,22,23,82,-45,-1,13,0,0,79,88,5,161,5,2,2,32,4,17,10
2180575,1,"Liga Nacional","Liga Endesa",-402534000,NA,"https://www.acb.com/Documentos/Cabeceras/logo-competicion-1b.png","https://www.acb.com/Documentos/Cabeceras/logo-competicion-4a.png",90,2025,107,NA,NA,5899,104594,NA,NA,TRUE,4384,4384,2658,"Unicaja","Unicaja","UNI",4401,2674,"Coviran Granada","Coviran Granada","COV",1,88,12000,14,35,40,17,30,56,12,27,44,27,17,44,19,8,14,10,3,5,3,24,21,91,45,-1,0,13,0,88,79,3,2105,5,14,3,28,9,41,9
2184390,1,"Liga Nacional","Liga Endesa",-402534000,NA,"https://www.acb.com/Documentos/Cabeceras/logo-competicion-1b.png","https://www.acb.com/Documentos/Cabeceras/logo-competicion-4a.png",90,2025,107,NA,NA,5900,104611,NA,NA,TRUE,4386,4386,2660,"Barça","Barça","BAR",4391,2665,"La Laguna Tenerife","La Laguna TFE","LLT",1,82,12000,9,22,40,23,36,63,9,14,64,17,6,23,13,8,8,4,3,1,3,20,19,88,-35,-1,13,0,0,82,89,3,1334,3,13,3,36,2,55,11
2184391,1,"Liga Nacional","Liga Endesa",-402534000,NA,"https://www.acb.com/Documentos/Cabeceras/logo-competicion-1b.png","https://www.acb.com/Documentos/Cabeceras/logo-competicion-4a.png",90,2025,107,NA,NA,5900,104611,NA,NA,FALSE,4391,4386,2660,"Barça","Barça","BAR",4391,2665,"La Laguna Tenerife","La Laguna TFE","LLT",1,89,12000,12,23,52,22,34,64,9,10,90,21,5,26,19,5,10,2,1,3,3,19,19,103,35,-1,0,13,0,89,82,4,864,3,8,2,36,7,44,12
2184251,1,"Liga Nacional","Liga Endesa",-402534000,NA,"https://www.acb.com/Documentos/Cabeceras/logo-competicion-1b.png","https://www.acb.com/Documentos/Cabeceras/logo-competicion-4a.png",90,2025,107,NA,NA,5900,104610,NA,NA,FALSE,4393,4384,2658,"Unicaja","Unicaja","UNI",4393,2667,"UCAM Murcia","UCAM Murcia","UCM",1,88,13500,13,31,41,19,42,45,11,16,68,25,10,35,18,7,13,9,3,2,2,23,20,87,-20,-1,13,0,0,88,92,4,2190,2,14,4,34,7,24,7
2184250,1,"Liga Nacional","Liga Endesa",-402534000,NA,"https://www.acb.com/Documentos/Cabeceras/logo-competicion-1b.png","https://www.acb.com/Documentos/Cabeceras/logo-competicion-4a.png",90,2025,107,NA,NA,5900,104610,NA,NA,TRUE,4384,4384,2658,"Unicaja","Unicaja","UNI",4393,2667,"UCAM Murcia","UCAM Murcia","UCM",1,92,13500,10,31,32,20,38,52,22,27,81,30,11,41,21,6,12,18,2,3,0,20,23,106,20,-1,0,13,0,92,88,4,303,3,6,4,34,5,19,8
2184137,1,"Liga Nacional","Liga Endesa",-402534000,NA,"https://www.acb.com/Documentos/Cabeceras/logo-competicion-1b.png","https://www.acb.com/Documentos/Cabeceras/logo-competicion-4a.png",90,2025,107,NA,NA,5900,104609,NA,NA,FALSE,4394,4398,2710,"Kosner Baskonia","Kosner Baskonia","BKN",4394,2716,"Joventut Badalona","Joventut","JOV",1,77,12000,10,18,55,21,46,45,5,9,55,27,11,38,14,5,20,6,2,3,3,21,16,71,-50,-1,13,0,0,77,87,5,441,3,7,2,36,4,31,7
2184136,1,"Liga Nacional","Liga Endesa",-402534000,NA,"https://www.acb.com/Documentos/Cabeceras/logo-competicion-1b.png","https://www.acb.com/Documentos/Cabeceras/logo-competicion-4a.png",90,2025,107,NA,NA,5900,104609,NA,NA,TRUE,4398,4398,2710,"Kosner Baskonia","Kosner Baskonia","BKN",4394,2716,"Joventut Badalona","Joventut","JOV",1,87,12000,11,30,36,19,38,50,16,19,84,20,11,31,16,15,11,7,3,2,3,16,21,103,50,-1,0,13,0,87,77,2,1731,3,10,8,38,6,45,8
2183938,1,"Liga Nacional","Liga Endesa",-402534000,NA,"https://www.acb.com/Documentos/Cabeceras/logo-competicion-1b.png","https://www.acb.com/Documentos/Cabeceras/logo-competicion-4a.png",90,2025,107,NA,NA,5900,104608,NA,NA,TRUE,4390,4390,2664,"Dreamland Gran Canaria","Dreamland GC","DGC",4397,2671,"Valencia Basket","Valencia Basket","VBC",1,80,12000,8,27,29,23,49,46,10,17,58,22,17,39,16,6,7,11,4,2,4,20,18,82,-50,-1,13,0,0,80,90,5,386,3,3,3,44,8,49,11
2183939,1,"Liga Nacional","Liga Endesa",-402534000,NA,"https://www.acb.com/Documentos/Cabeceras/logo-competicion-1b.png","https://www.acb.com/Documentos/Cabeceras/logo-competicion-4a.png",90,2025,107,NA,NA,5900,104608,NA,NA,FALSE,4397,4390,2664,"Dreamland Gran Canaria","Dreamland GC","DGC",4397,2671,"Valencia Basket","Valencia Basket","VBC",1,90,12000,10,28,35,22,38,57,16,24,66,29,15,44,18,5,10,11,2,4,3,19,20,104,50,-1,0,13,0,90,80,3,1986,3,19,0,34,2,36,10
2183853,1,"Liga Nacional","Liga Endesa",-402534000,NA,"https://www.acb.com/Documentos/Cabeceras/logo-competicion-1b.png","https://www.acb.com/Documentos/Cabeceras/logo-competicion-4a.png",90,2025,107,NA,NA,5900,104607,NA,NA,FALSE,4385,4396,2725,"BAXI Manresa","BAXI Manresa","BAX",4385,2659,"MoraBanc Andorra","MoraBanc And","MBA",1,84,12000,7,18,38,22,38,57,19,29,65,23,6,29,18,10,14,16,0,3,3,22,25,90,-35,-1,13,0,0,84,91,3,170,1,5,6,42,5,46,9
2183852,1,"Liga Nacional","Liga Endesa",-402534000,NA,"https://www.acb.com/Documentos/Cabeceras/logo-competicion-1b.png","https://www.acb.com/Documentos/Cabeceras/logo-competicion-4a.png",90,2025,107,NA,NA,5900,104607,NA,NA,TRUE,4396,4396,2725,"BAXI Manresa","BAXI Manresa","BAX",4385,2659,"MoraBanc Andorra","MoraBanc And","MBA",1,91,12000,14,32,43,17,31,54,15,24,62,25,8,33,19,10,17,17,4,0,4,25,22,96,35,-1,0,13,0,91,84,2,2038,2,12,7,34,6,29,9
2183631,1,"Liga Nacional","Liga Endesa",-402534000,NA,"https://www.acb.com/Documentos/Cabeceras/logo-competicion-1b.png","https://www.acb.com/Documentos/Cabeceras/logo-competicion-4a.png",90,2025,107,NA,NA,5900,104606,NA,NA,FALSE,4389,4401,2674,"Coviran Granada","Coviran Granada","COV",4389,2711,"Surne Bilbao","Surne Bilbao","SBB",1,88,13500,12,32,37,16,39,41,20,31,64,26,11,37,17,9,10,3,4,7,2,27,27,84,20,-1,0,13,0,88,84,3,1638,7,7,5,28,5,21,6
2183630,1,"Liga Nacional","Liga Endesa",-402534000,NA,"https://www.acb.com/Documentos/Cabeceras/logo-competicion-1b.png","https://www.acb.com/Documentos/Cabeceras/logo-competicion-4a.png",90,2025,107,NA,NA,5900,104606,NA,NA,TRUE,4401,4401,2674,"Coviran Granada","Coviran Granada","COV",4389,2711,"Surne Bilbao","Surne Bilbao","SBB",1,84,13500,5,29,17,18,36,50,33,41,80,34,17,51,10,4,19,8,8,4,0,29,26,81,-20,-1,13,0,0,84,88,4,416,7,5,0,36,11,54,6
2183519,1,"Liga Nacional","Liga Endesa",-402534000,NA,"https://www.acb.com/Documentos/Cabeceras/logo-competicion-1b.png","https://www.acb.com/Documentos/Cabeceras/logo-competicion-4a.png",90,2025,107,NA,NA,5900,104605,NA,NA,TRUE,4387,4387,2661,"Hiopos Lleida","Hiopos Lleida","HIO",4402,2680,"Recoletas Salud San Pablo Burgos","Recoletas Salud","BUR",1,73,12000,10,29,34,13,29,44,17,22,77,34,8,42,15,7,17,6,5,2,1,25,20,78,5,-1,0,13,0,73,72,4,175,3,4,5,24,10,24,10
2183520,1,"Liga Nacional","Liga Endesa",-402534000,NA,"https://www.acb.com/Documentos/Cabeceras/logo-competicion-1b.png","https://www.acb.com/Documentos/Cabeceras/logo-competicion-4a.png",90,2025,107,NA,NA,5900,104605,NA,NA,FALSE,4402,4387,2661,"Hiopos Lleida","Hiopos Lleida","HIO",4402,2680,"Recoletas Salud San Pablo Burgos","Recoletas Salud","BUR",1,72,12000,5,23,21,24,48,50,9,18,50,26,12,38,12,12,15,4,2,5,2,23,23,65,-5,-1,12,0,0,72,73,4,2025,3,13,2,46,8,14,8
2183379,1,"Liga Nacional","Liga Endesa",-402534000,NA,"https://www.acb.com/Documentos/Cabeceras/logo-competicion-1b.png","https://www.acb.com/Documentos/Cabeceras/logo-competicion-4a.png",90,2025,107,NA,NA,5900,104604,NA,NA,TRUE,4395,4395,2669,"Río Breogán","Río Breogán","BRE",4388,2662,"Real Madrid","Real Madrid","RMB",1,85,12000,12,38,31,20,36,55,9,11,81,22,13,35,18,6,8,8,0,5,0,16,15,86,-90,-1,13,0,0,85,103,5,353,3,8,7,40,18,53,10
2183380,1,"Liga Nacional","Liga Endesa",-402534000,NA,"https://www.acb.com/Documentos/Cabeceras/logo-competicion-1b.png","https://www.acb.com/Documentos/Cabeceras/logo-competicion-4a.png",90,2025,107,NA,NA,5900,104604,NA,NA,FALSE,4388,4395,2669,"Río Breogán","Río Breogán","BRE",4388,2662,"Real Madrid","Real Madrid","RMB",1,103,12000,15,29,51,25,41,60,8,10,80,28,10,38,25,5,10,12,5,0,8,15,16,135,90,-1,0,13,0,103,85,3,1862,3,18,0,48,9,43,13
2183266,1,"Liga Nacional","Liga Endesa",-402534000,NA,"https://www.acb.com/Documentos/Cabeceras/logo-competicion-1b.png","https://www.acb.com/Documentos/Cabeceras/logo-competicion-4a.png",90,2025,107,NA,NA,5900,104603,NA,NA,FALSE,4399,4392,2666,"Casademont Zaragoza","Casademont Zgz","CAZ",4399,2728,"Bàsquet Girona","Bàsquet Girona","GIR",1,94,12000,16,33,48,14,30,46,18,29,62,28,10,38,26,9,14,17,0,2,2,25,25,107,20,-1,0,13,0,94,90,4,1364,3,11,3,22,2,52,11
2183265,1,"Liga Nacional","Liga Endesa",-402534000,NA,"https://www.acb.com/Documentos/Cabeceras/logo-competicion-1b.png","https://www.acb.com/Documentos/Cabeceras/logo-competicion-4a.png",90,2025,107,NA,NA,5900,104603,NA,NA,TRUE,4392,4392,2666,"Casademont Zaragoza","Casademont Zgz","CAZ",4399,2728,"Bàsquet Girona","Bàsquet Girona","GIR",1,90,12000,7,22,31,23,39,58,23,31,74,27,6,33,16,9,11,8,2,0,1,25,25,100,-20,-1,13,0,0,90,94,5,802,2,14,4,44,6,9,10
2187035,1,"Liga Nacional","Liga Endesa",-402534000,NA,"https://www.acb.com/Documentos/Cabeceras/logo-competicion-1b.png","https://www.acb.com/Documentos/Cabeceras/logo-competicion-4a.png",90,2025,107,NA,NA,5901,104620,NA,NA,TRUE,4393,4393,2667,"UCAM Murcia","UCAM Murcia","UCM",4386,2660,"Barça","Barça","BAR",1,84,12000,13,31,41,14,22,63,17,23,73,25,7,32,18,3,15,6,0,1,2,27,21,83,5,-1,0,13,0,84,83,3,14,1,1,10,26,2,26,7
2187036,1,"Liga Nacional","Liga Endesa",-402534000,NA,"https://www.acb.com/Documentos/Cabeceras/logo-competicion-1b.png","https://www.acb.com/Documentos/Cabeceras/logo-competicion-4a.png",90,2025,107,NA,NA,5901,104620,NA,NA,FALSE,4386,4393,2667,"UCAM Murcia","UCAM Murcia","UCM",4386,2660,"Barça","Barça","BAR",1,83,12000,9,24,37,22,39,56,12,21,57,23,5,28,22,8,6,2,1,0,6,22,26,99,-5,-1,13,0,0,83,84,4,2313,0,16,4,40,4,38,7
2186872,1,"Liga Nacional","Liga Endesa",-402534000,NA,"https://www.acb.com/Documentos/Cabeceras/logo-competicion-1b.png","https://www.acb.com/Documentos/Cabeceras/logo-competicion-4a.png",90,2025,107,NA,NA,5901,104619,NA,NA,FALSE,4398,4391,2665,"La Laguna Tenerife","La Laguna TFE","LLT",4398,2710,"Kosner Baskonia","Kosner Baskonia","BKN",1,85,12000,6,21,28,19,31,61,29,37,78,25,10,35,11,4,12,22,0,3,1,25,25,85,-20,-1,12,0,0,85,89,4,51,0,2,7,28,4,64,7
2186871,1,"Liga Nacional","Liga Endesa",-402534000,NA,"https://www.acb.com/Documentos/Cabeceras/logo-competicion-1b.png","https://www.acb.com/Documentos/Cabeceras/logo-competicion-4a.png",90,2025,107,NA,NA,5901,104619,NA,NA,TRUE,4391,4391,2665,"La Laguna Tenerife","La Laguna TFE","LLT",4398,2710,"Kosner Baskonia","Kosner Baskonia","BKN",1,89,12000,10,24,41,18,39,46,23,28,82,21,11,32,15,7,5,3,3,0,0,26,24,99,20,-1,0,13,0,89,85,5,2340,1,18,6,24,6,48,10
2186676,1,"Liga Nacional","Liga Endesa",-402534000,NA,"https://www.acb.com/Documentos/Cabeceras/logo-competicion-1b.png","https://www.acb.com/Documentos/Cabeceras/logo-competicion-4a.png",90,2025,107,NA,NA,5901,104617,NA,NA,FALSE,4392,4388,2662,"Real Madrid","Real Madrid","RMB",4392,2666,"Casademont Zaragoza","Casademont Zgz","CAZ",1,78,12000,3,16,18,27,52,51,15,17,88,21,13,34,16,4,13,6,4,4,3,21,17,75,-105,-1,13,0,0,78,99,4,315,4,5,6,44,10,27,7
2186675,1,"Liga Nacional","Liga Endesa",-402534000,NA,"https://www.acb.com/Documentos/Cabeceras/logo-competicion-1b.png","https://www.acb.com/Documentos/Cabeceras/logo-competicion-4a.png",90,2025,107,NA,NA,5901,104617,NA,NA,TRUE,4388,4388,2662,"Real Madrid","Real Madrid","RMB",4392,2666,"Casademont Zaragoza","Casademont Zgz","CAZ",1,99,12000,14,34,41,19,31,61,19,24,79,23,10,33,18,9,7,10,6,2,7,17,20,122,105,-1,0,13,0,99,78,3,1835,4,22,6,34,11,65,8
2186645,1,"Liga Nacional","Liga Endesa",-402534000,NA,"https://www.acb.com/Documentos/Cabeceras/logo-competicion-1b.png","https://www.acb.com/Documentos/Cabeceras/logo-competicion-4a.png",90,2025,107,NA,NA,5901,104618,NA,NA,TRUE,4397,4397,2671,"Valencia Basket","Valencia Basket","VBC",4387,2661,"Hiopos Lleida","Hiopos Lleida","HIO",1,101,12000,17,36,47,16,30,53,18,26,69,24,10,34,14,11,9,24,4,2,2,17,26,121,180,-1,0,13,0,101,65,1,2184,1,36,12,30,10,57,16
2186646,1,"Liga Nacional","Liga Endesa",-402534000,NA,"https://www.acb.com/Documentos/Cabeceras/logo-competicion-1b.png","https://www.acb.com/Documentos/Cabeceras/logo-competicion-4a.png",90,2025,107,NA,NA,5901,104618,NA,NA,FALSE,4387,4397,2671,"Valencia Basket","Valencia Basket","VBC",4387,2661,"Hiopos Lleida","Hiopos Lleida","HIO",1,65,12000,5,24,20,21,37,56,8,11,72,23,9,32,13,6,17,8,4,3,1,26,17,53,-180,-1,13,0,0,65,101,4,115,1,5,2,40,3,31,8
2186504,1,"Liga Nacional","Liga Endesa",-402534000,NA,"https://www.acb.com/Documentos/Cabeceras/logo-competicion-1b.png","https://www.acb.com/Documentos/Cabeceras/logo-competicion-4a.png",90,2025,107,NA,NA,5901,104616,NA,NA,FALSE,4384,4396,2725,"BAXI Manresa","BAXI Manresa","BAX",4384,2658,"Unicaja","Unicaja","UNI",1,98,12000,10,26,38,22,37,59,24,28,85,23,11,34,17,9,14,10,2,3,5,33,27,102,30,-1,0,13,0,98,92,2,1431,3,14,0,40,4,44,8
2186503,1,"Liga Nacional","Liga Endesa",-402534000,NA,"https://www.acb.com/Documentos/Cabeceras/logo-competicion-1b.png","https://www.acb.com/Documentos/Cabeceras/logo-competicion-4a.png",90,2025,107,NA,NA,5901,104616,NA,NA,TRUE,4396,4396,2725,"BAXI Manresa","BAXI Manresa","BAX",4384,2658,"Unicaja","Unicaja","UNI",1,92,12000,9,32,28,20,30,66,25,35,71,23,12,35,19,3,13,11,5,2,5,28,31,99,-30,-1,13,0,0,92,98,5,914,3,8,2,38,7,46,12
2186335,1,"Liga Nacional","Liga Endesa",-402534000,NA,"https://www.acb.com/Documentos/Cabeceras/logo-competicion-1b.png","https://www.acb.com/Documentos/Cabeceras/logo-competicion-4a.png",90,2025,107,NA,NA,5901,104615,NA,NA,TRUE,4399,4399,2728,"Bàsquet Girona","Bàsquet Girona","GIR",4402,2680,"Recoletas Salud San Pablo Burgos","Recoletas Salud","BUR",1,77,12000,7,27,25,23,38,60,10,13,76,34,6,40,18,8,14,14,2,1,1,19,20,93,30,-1,0,13,0,77,71,3,1694,4,7,2,38,3,23,11
2186336,1,"Liga Nacional","Liga Endesa",-402534000,NA,"https://www.acb.com/Documentos/Cabeceras/logo-competicion-1b.png","https://www.acb.com/Documentos/Cabeceras/logo-competicion-4a.png",90,2025,107,NA,NA,5901,104615,NA,NA,FALSE,4402,4399,2728,"Bàsquet Girona","Bàsquet Girona","GIR",4402,2680,"Recoletas Salud San Pablo Burgos","Recoletas Salud","BUR",1,71,12000,9,31,29,15,46,32,14,14,100,28,15,43,15,12,14,9,1,2,2,20,19,72,-30,-1,13,0,0,71,77,5,546,4,5,10,26,5,37,8
2186167,1,"Liga Nacional","Liga Endesa",-402534000,NA,"https://www.acb.com/Documentos/Cabeceras/logo-competicion-1b.png","https://www.acb.com/Documentos/Cabeceras/logo-competicion-4a.png",90,2025,107,NA,NA,5901,104614,NA,NA,TRUE,4389,4389,2711,"Surne Bilbao","Surne Bilbao","SBB",4394,2716,"Joventut Badalona","Joventut","JOV",1,80,12000,9,27,33,17,40,42,19,20,95,22,11,33,13,5,8,8,4,3,5,20,23,85,20,-1,0,13,0,80,76,3,2334,0,10,9,30,0,31,9
2186168,1,"Liga Nacional","Liga Endesa",-402534000,NA,"https://www.acb.com/Documentos/Cabeceras/logo-competicion-1b.png","https://www.acb.com/Documentos/Cabeceras/logo-competicion-4a.png",90,2025,107,NA,NA,5901,104614,NA,NA,FALSE,4394,4389,2711,"Surne Bilbao","Surne Bilbao","SBB",4394,2716,"Joventut Badalona","Joventut","JOV",1,76,12000,8,30,26,19,31,61,14,16,87,25,10,35,20,3,12,10,3,4,3,23,20,82,-20,-1,13,0,0,76,80,3,0,0,0,2,32,2,29,7
2186056,1,"Liga Nacional","Liga Endesa",-402534000,NA,"https://www.acb.com/Documentos/Cabeceras/logo-competicion-1b.png","https://www.acb.com/Documentos/Cabeceras/logo-competicion-4a.png",90,2025,107,NA,NA,5901,104613,NA,NA,FALSE,4390,4385,2659,"MoraBanc Andorra","MoraBanc And","MBA",4390,2664,"Dreamland Gran Canaria","Dreamland GC","DGC",1,78,12000,8,27,29,16,36,44,22,29,75,22,10,32,14,7,10,9,6,2,0,23,25,81,-80,-1,13,0,0,78,94,4,112,1,4,4,30,7,41,11
2186055,1,"Liga Nacional","Liga Endesa",-402534000,NA,"https://www.acb.com/Documentos/Cabeceras/logo-competicion-1b.png","https://www.acb.com/Documentos/Cabeceras/logo-competicion-4a.png",90,2025,107,NA,NA,5901,104613,NA,NA,TRUE,4385,4385,2659,"MoraBanc Andorra","MoraBanc And","MBA",4390,2664,"Dreamland Gran Canaria","Dreamland GC","DGC",1,94,12000,12,29,41,19,35,54,20,24,83,28,10,38,17,7,12,3,3,6,4,26,23,101,80,-1,0,13,0,94,78,1,2234,1,16,0,34,6,46,10
2185944,1,"Liga Nacional","Liga Endesa",-402534000,NA,"https://www.acb.com/Documentos/Cabeceras/logo-competicion-1b.png","https://www.acb.com/Documentos/Cabeceras/logo-competicion-4a.png",90,2025,107,NA,NA,5901,104612,NA,NA,FALSE,4395,4401,2674,"Coviran Granada","Coviran Granada","COV",4395,2669,"Río Breogán","Río Breogán","BRE",1,83,12000,11,27,40,24,34,70,2,4,50,22,7,29,22,15,18,8,4,2,3,22,18,101,95,-1,0,13,0,83,64,3,1985,6,21,2,40,4,41,8
2185943,1,"Liga Nacional","Liga Endesa",-402534000,NA,"https://www.acb.com/Documentos/Cabeceras/logo-competicion-1b.png","https://www.acb.com/Documentos/Cabeceras/logo-competicion-4a.png",90,2025,107,NA,NA,5901,104612,NA,NA,TRUE,4401,4401,2674,"Coviran Granada","Coviran Granada","COV",4395,2669,"Río Breogán","Río Breogán","BRE",1,64,12000,5,24,20,18,40,45,13,21,61,18,20,38,11,9,23,12,2,4,5,19,22,51,-95,-1,13,0,0,64,83,5,204,6,2,4,34,4,28,11
2207634,1,"Liga Nacional","Liga Endesa",-402534000,NA,"https://www.acb.com/Documentos/Cabeceras/logo-competicion-1b.png","https://www.acb.com/Documentos/Cabeceras/logo-competicion-4a.png",90,2025,107,NA,NA,5902,104628,NA,NA,FALSE,4392,4398,2710,"Kosner Baskonia","Kosner Baskonia","BKN",4392,2666,"Casademont Zaragoza","Casademont Zgz","CAZ",1,88,12000,9,29,31,23,46,50,15,19,78,19,16,35,21,12,15,15,2,3,2,26,19,86,-135,-1,13,0,0,88,115,1,0,0,0,10,44,15,43,8
2207633,1,"Liga Nacional","Liga Endesa",-402534000,NA,"https://www.acb.com/Documentos/Cabeceras/logo-competicion-1b.png","https://www.acb.com/Documentos/Cabeceras/logo-competicion-4a.png",90,2025,107,NA,NA,5902,104628,NA,NA,TRUE,4398,4398,2710,"Kosner Baskonia","Kosner Baskonia","BKN",4392,2666,"Casademont Zaragoza","Casademont Zgz","CAZ",1,115,12000,15,30,50,21,32,65,28,32,87,26,10,36,26,11,16,28,3,2,9,19,26,150,135,-1,0,13,0,115,88,1,2370,0,38,13,42,10,51,12
2192617,1,"Liga Nacional","Liga Endesa",-402534000,NA,"https://www.acb.com/Documentos/Cabeceras/logo-competicion-1b.png","https://www.acb.com/Documentos/Cabeceras/logo-competicion-4a.png",90,2025,107,NA,NA,5902,104623,NA,NA,FALSE,4389,4390,2664,"Dreamland Gran Canaria","Dreamland GC","DGC",4389,2711,"Surne Bilbao","Surne Bilbao","SBB",1,98,13500,10,25,40,19,33,57,30,35,85,19,6,25,23,7,12,2,3,2,4,28,26,106,5,-1,0,13,0,98,97,5,267,4,3,0,36,0,50,12
2192616,1,"Liga Nacional","Liga Endesa",-402534000,NA,"https://www.acb.com/Documentos/Cabeceras/logo-competicion-1b.png","https://www.acb.com/Documentos/Cabeceras/logo-competicion-4a.png",90,2025,107,NA,NA,5902,104623,NA,NA,TRUE,4390,4390,2664,"Dreamland Gran Canaria","Dreamland GC","DGC",4389,2711,"Surne Bilbao","Surne Bilbao","SBB",1,97,13500,9,27,33,20,40,50,30,35,85,24,15,39,16,6,13,4,3,3,3,26,28,104,-5,-1,13,0,0,97,98,3,2241,4,22,2,28,9,37,8
2189491,1,"Liga Nacional","Liga Endesa",-402534000,NA,"https://www.acb.com/Documentos/Cabeceras/logo-competicion-1b.png","https://www.acb.com/Documentos/Cabeceras/logo-competicion-4a.png",90,2025,107,NA,NA,5902,104629,NA,NA,TRUE,4386,4386,2660,"Barça","Barça","BAR",4399,2728,"Bàsquet Girona","Bàsquet Girona","GIR",1,97,12000,16,26,61,18,27,66,13,20,65,20,6,26,21,6,17,5,3,0,2,20,23,113,25,-1,0,13,0,97,92,3,2353,1,15,0,36,4,34,9
2189492,1,"Liga Nacional","Liga Endesa",-402534000,NA,"https://www.acb.com/Documentos/Cabeceras/logo-competicion-1b.png","https://www.acb.com/Documentos/Cabeceras/logo-competicion-4a.png",90,2025,107,NA,NA,5902,104629,NA,NA,FALSE,4399,4386,2660,"Barça","Barça","BAR",4399,2728,"Bàsquet Girona","Bàsquet Girona","GIR",1,92,12000,7,21,33,29,44,65,13,15,86,13,10,23,25,6,14,16,0,2,4,23,20,96,-25,-1,13,0,0,92,97,5,16,1,1,8,44,9,38,7
2189243,1,"Liga Nacional","Liga Endesa",-402534000,NA,"https://www.acb.com/Documentos/Cabeceras/logo-competicion-1b.png","https://www.acb.com/Documentos/Cabeceras/logo-competicion-4a.png",90,2025,107,NA,NA,5902,104627,NA,NA,TRUE,4388,4388,2662,"Real Madrid","Real Madrid","RMB",4401,2674,"Coviran Granada","Coviran Granada","COV",1,94,12000,15,31,48,17,25,68,15,21,71,26,5,31,21,7,18,9,5,2,5,18,24,114,75,-1,0,13,0,94,79,2,2347,0,20,2,32,2,39,9
2189244,1,"Liga Nacional","Liga Endesa",-402534000,NA,"https://www.acb.com/Documentos/Cabeceras/logo-competicion-1b.png","https://www.acb.com/Documentos/Cabeceras/logo-competicion-4a.png",90,2025,107,NA,NA,5902,104627,NA,NA,FALSE,4401,4388,2662,"Real Madrid","Real Madrid","RMB",4401,2674,"Coviran Granada","Coviran Granada","COV",1,79,12000,5,17,29,23,47,48,18,20,90,21,11,32,13,13,16,18,3,4,4,24,18,76,-75,-1,13,0,0,79,94,4,0,0,0,11,42,6,20,9
2189020,1,"Liga Nacional","Liga Endesa",-402534000,NA,"https://www.acb.com/Documentos/Cabeceras/logo-competicion-1b.png","https://www.acb.com/Documentos/Cabeceras/logo-competicion-4a.png",90,2025,107,NA,NA,5902,104626,NA,NA,FALSE,4397,4394,2716,"Asisa Joventut","Asisa Joventut","JOV",4397,2671,"Valencia Basket","Valencia Basket","VBC",1,87,12000,11,32,34,23,40,57,8,20,40,24,14,38,25,10,12,17,1,3,1,24,21,93,-15,-1,13,0,0,87,90,4,645,6,6,8,44,4,46,7
2189019,1,"Liga Nacional","Liga Endesa",-402534000,NA,"https://www.acb.com/Documentos/Cabeceras/logo-competicion-1b.png","https://www.acb.com/Documentos/Cabeceras/logo-competicion-4a.png",90,2025,107,NA,NA,5902,104626,NA,NA,TRUE,4394,4394,2716,"Asisa Joventut","Asisa Joventut","JOV",4397,2671,"Valencia Basket","Valencia Basket","VBC",1,90,12000,6,24,25,27,40,67,18,25,72,25,13,38,18,5,11,6,3,1,2,21,24,107,15,-1,0,13,0,90,87,5,1597,6,10,4,54,9,32,7
2188962,1,"Liga Nacional","Liga Endesa",-402534000,NA,"https://www.acb.com/Documentos/Cabeceras/logo-competicion-1b.png","https://www.acb.com/Documentos/Cabeceras/logo-competicion-4a.png",90,2025,107,NA,NA,5902,104625,NA,NA,FALSE,4396,4387,2661,"Hiopos Lleida","Hiopos Lleida","HIO",4396,2725,"BAXI Manresa","BAXI Manresa","BAX",1,99,12000,17,30,56,14,23,60,20,22,90,22,6,28,23,5,20,10,5,3,1,27,26,112,45,-1,0,13,0,99,90,3,2034,1,16,3,28,2,58,8
2188961,1,"Liga Nacional","Liga Endesa",-402534000,NA,"https://www.acb.com/Documentos/Cabeceras/logo-competicion-1b.png","https://www.acb.com/Documentos/Cabeceras/logo-competicion-4a.png",90,2025,107,NA,NA,5902,104625,NA,NA,TRUE,4387,4387,2661,"Hiopos Lleida","Hiopos Lleida","HIO",4396,2725,"BAXI Manresa","BAXI Manresa","BAX",1,90,12000,9,21,42,22,44,50,19,26,73,16,15,31,14,7,15,6,3,4,1,26,26,85,-45,-1,13,0,0,90,99,5,266,0,5,13,40,15,22,7
2188654,1,"Liga Nacional","Liga Endesa",-402534000,NA,"https://www.acb.com/Documentos/Cabeceras/logo-competicion-1b.png","https://www.acb.com/Documentos/Cabeceras/logo-competicion-4a.png",90,2025,107,NA,NA,5902,104624,NA,NA,TRUE,4395,4395,2669,"Río Breogán","Río Breogán","BRE",4393,2667,"UCAM Murcia","UCAM Murcia","UCM",1,95,12000,9,22,40,24,36,66,20,20,100,25,9,34,21,3,18,12,3,2,3,22,22,111,-55,-1,12,0,0,95,106,5,266,2,6,0,42,3,51,7
2188655,1,"Liga Nacional","Liga Endesa",-402534000,NA,"https://www.acb.com/Documentos/Cabeceras/logo-competicion-1b.png","https://www.acb.com/Documentos/Cabeceras/logo-competicion-4a.png",90,2025,107,NA,NA,5902,104624,NA,NA,FALSE,4393,4395,2669,"Río Breogán","Río Breogán","BRE",4393,2667,"UCAM Murcia","UCAM Murcia","UCM",1,106,12000,11,31,35,30,44,68,13,15,86,16,9,25,24,13,7,24,2,3,4,22,22,124,55,-1,0,13,0,106,95,4,2120,3,13,15,60,12,58,8
2188486,1,"Liga Nacional","Liga Endesa",-402534000,NA,"https://www.acb.com/Documentos/Cabeceras/logo-competicion-1b.png","https://www.acb.com/Documentos/Cabeceras/logo-competicion-4a.png",90,2025,107,NA,NA,5902,104622,NA,NA,TRUE,4384,4384,2658,"Unicaja","Unicaja","UNI",4385,2659,"MoraBanc Andorra","MoraBanc And","MBA",1,91,12000,9,27,33,24,37,64,16,22,72,24,9,33,13,8,12,8,1,1,1,22,24,98,60,-1,0,13,0,91,79,3,636,4,15,2,34,2,64,10
2188487,1,"Liga Nacional","Liga Endesa",-402534000,NA,"https://www.acb.com/Documentos/Cabeceras/logo-competicion-1b.png","https://www.acb.com/Documentos/Cabeceras/logo-competicion-4a.png",90,2025,107,NA,NA,5902,104622,NA,NA,FALSE,4385,4384,2658,"Unicaja","Unicaja","UNI",4385,2659,"MoraBanc Andorra","MoraBanc And","MBA",1,79,12000,8,28,28,17,29,58,21,23,91,20,8,28,15,8,15,9,1,1,3,24,22,79,-60,-1,13,0,0,79,91,4,1682,3,10,2,26,2,35,10
2188401,1,"Liga Nacional","Liga Endesa",-402534000,NA,"https://www.acb.com/Documentos/Cabeceras/logo-competicion-1b.png","https://www.acb.com/Documentos/Cabeceras/logo-competicion-4a.png",90,2025,107,NA,NA,5902,104621,NA,NA,FALSE,4391,4402,2680,"Recoletas Salud San Pablo Burgos","Recoletas Salud","BUR",4391,2665,"La Laguna Tenerife","La Laguna TFE","LLT",1,88,12000,13,29,44,11,18,61,27,37,72,25,7,32,15,5,21,6,3,4,0,26,28,87,-40,-1,13,0,0,88,96,4,147,0,3,4,16,5,37,7
2188400,1,"Liga Nacional","Liga Endesa",-402534000,NA,"https://www.acb.com/Documentos/Cabeceras/logo-competicion-1b.png","https://www.acb.com/Documentos/Cabeceras/logo-competicion-4a.png",90,2025,107,NA,NA,5902,104621,NA,NA,TRUE,4402,4402,2680,"Recoletas Salud San Pablo Burgos","Recoletas Salud","BUR",4391,2665,"La Laguna Tenerife","La Laguna TFE","LLT",1,96,12000,6,21,28,28,46,60,22,32,68,16,12,28,17,12,7,12,4,3,1,29,24,99,40,-1,0,13,0,96,88,3,2132,1,17,11,42,7,36,8
2191710,1,"Liga Nacional","Liga Endesa",-402534000,NA,"https://www.acb.com/Documentos/Cabeceras/logo-competicion-1b.png","https://www.acb.com/Documentos/Cabeceras/logo-competicion-4a.png",90,2025,107,NA,NA,5903,104638,NA,NA,FALSE,4388,4384,2658,"Unicaja","Unicaja","UNI",4388,2662,"Real Madrid","Real Madrid","RMB",1,96,12000,7,19,36,28,40,70,19,25,76,26,7,33,18,7,15,16,4,1,6,24,22,110,20,-1,0,13,0,96,92,5,643,5,7,4,52,6,42,14
2191709,1,"Liga Nacional","Liga Endesa",-402534000,NA,"https://www.acb.com/Documentos/Cabeceras/logo-competicion-1b.png","https://www.acb.com/Documentos/Cabeceras/logo-competicion-4a.png",90,2025,107,NA,NA,5903,104638,NA,NA,TRUE,4384,4384,2658,"Unicaja","Unicaja","UNI",4388,2662,"Real Madrid","Real Madrid","RMB",1,92,12000,16,29,55,15,30,50,14,26,53,18,8,26,20,7,14,18,1,3,2,22,23,90,-20,-1,13,0,0,92,96,5,1689,5,18,2,20,0,51,11
2191546,1,"Liga Nacional","Liga Endesa",-402534000,NA,"https://www.acb.com/Documentos/Cabeceras/logo-competicion-1b.png","https://www.acb.com/Documentos/Cabeceras/logo-competicion-4a.png",90,2025,107,NA,NA,5903,104637,NA,NA,FALSE,4398,4389,2711,"Surne Bilbao","Surne Bilbao","SBB",4398,2710,"Kosner Baskonia","Kosner Baskonia","BKN",1,76,12000,6,23,26,22,40,55,14,17,82,28,11,39,16,13,15,15,7,1,0,18,20,99,35,-1,0,12,0,76,69,1,1299,3,15,11,40,8,40,11
2191545,1,"Liga Nacional","Liga Endesa",-402534000,NA,"https://www.acb.com/Documentos/Cabeceras/logo-competicion-1b.png","https://www.acb.com/Documentos/Cabeceras/logo-competicion-4a.png",90,2025,107,NA,NA,5903,104637,NA,NA,TRUE,4389,4389,2711,"Surne Bilbao","Surne Bilbao","SBB",4398,2710,"Kosner Baskonia","Kosner Baskonia","BKN",1,69,12000,10,29,34,19,47,40,1,3,33,25,17,42,13,5,19,10,1,7,6,20,18,53,-35,-1,13,0,0,69,76,4,834,2,8,14,36,9,34,13
2191460,1,"Liga Nacional","Liga Endesa",-402534000,NA,"https://www.acb.com/Documentos/Cabeceras/logo-competicion-1b.png","https://www.acb.com/Documentos/Cabeceras/logo-competicion-4a.png",90,2025,107,NA,NA,5903,104636,NA,NA,FALSE,4396,4386,2660,"Barça","Barça","BAR",4396,2725,"BAXI Manresa","BAXI Manresa","BAX",1,60,12000,6,25,24,13,39,33,16,23,69,21,11,32,12,9,16,2,3,1,1,21,24,50,-185,-1,13,0,0,60,97,4,365,0,5,5,22,2,30,5
2191459,1,"Liga Nacional","Liga Endesa",-402534000,NA,"https://www.acb.com/Documentos/Cabeceras/logo-competicion-1b.png","https://www.acb.com/Documentos/Cabeceras/logo-competicion-4a.png",90,2025,107,NA,NA,5903,104636,NA,NA,TRUE,4386,4386,2660,"Barça","Barça","BAR",4396,2725,"BAXI Manresa","BAXI Manresa","BAX",1,97,12000,9,28,32,27,49,55,16,18,88,37,19,56,14,9,16,14,1,3,1,24,20,111,185,-1,0,13,0,97,60,2,2029,1,41,11,48,19,45,15
2191155,1,"Liga Nacional","Liga Endesa",-402534000,NA,"https://www.acb.com/Documentos/Cabeceras/logo-competicion-1b.png","https://www.acb.com/Documentos/Cabeceras/logo-competicion-4a.png",90,2025,107,NA,NA,5903,104635,NA,NA,FALSE,4397,4385,2659,"MoraBanc Andorra","MoraBanc And","MBA",4397,2671,"Valencia Basket","Valencia Basket","VBC",1,107,12000,15,40,37,23,36,63,16,21,76,29,14,43,23,12,7,33,3,3,5,18,21,138,160,-1,0,13,0,107,75,1,2331,0,36,9,44,5,48,9
2191154,1,"Liga Nacional","Liga Endesa",-402534000,NA,"https://www.acb.com/Documentos/Cabeceras/logo-competicion-1b.png","https://www.acb.com/Documentos/Cabeceras/logo-competicion-4a.png",90,2025,107,NA,NA,5903,104635,NA,NA,TRUE,4385,4385,2659,"MoraBanc Andorra","MoraBanc And","MBA",4397,2671,"Valencia Basket","Valencia Basket","VBC",1,75,12000,10,30,33,18,37,48,9,11,81,24,8,32,15,4,15,0,3,3,3,21,18,67,-160,-1,13,0,0,75,107,5,0,0,0,2,32,0,44,8
2191042,1,"Liga Nacional","Liga Endesa",-402534000,NA,"https://www.acb.com/Documentos/Cabeceras/logo-competicion-1b.png","https://www.acb.com/Documentos/Cabeceras/logo-competicion-4a.png",90,2025,107,NA,NA,5903,104634,NA,NA,FALSE,4399,4387,2661,"Hiopos Lleida","Hiopos Lleida","HIO",4399,2728,"Bàsquet Girona","Bàsquet Girona","GIR",1,93,12000,13,27,48,21,33,63,12,18,66,25,12,37,24,3,15,9,3,2,2,23,19,107,60,-1,0,13,0,93,81,1,2076,1,19,4,28,10,44,9
2191041,1,"Liga Nacional","Liga Endesa",-402534000,NA,"https://www.acb.com/Documentos/Cabeceras/logo-competicion-1b.png","https://www.acb.com/Documentos/Cabeceras/logo-competicion-4a.png",90,2025,107,NA,NA,5903,104634,NA,NA,TRUE,4387,4387,2661,"Hiopos Lleida","Hiopos Lleida","HIO",4399,2728,"Bàsquet Girona","Bàsquet Girona","GIR",1,81,12000,10,34,29,15,37,40,21,28,75,15,18,33,23,10,7,8,3,3,1,20,23,90,-60,-1,13,0,0,81,93,4,258,0,4,0,26,11,25,7
2190872,1,"Liga Nacional","Liga Endesa",-402534000,NA,"https://www.acb.com/Documentos/Cabeceras/logo-competicion-1b.png","https://www.acb.com/Documentos/Cabeceras/logo-competicion-4a.png",90,2025,107,NA,NA,5903,104633,NA,NA,TRUE,4393,4393,2667,"UCAM Murcia","UCAM Murcia","UCM",4402,2680,"Recoletas Salud San Pablo Burgos","Recoletas Salud","BUR",1,101,12000,12,24,50,22,46,47,21,27,77,29,8,37,19,9,18,12,2,0,1,27,26,107,95,-1,0,13,0,101,82,2,2360,0,21,7,42,5,41,8
2190873,1,"Liga Nacional","Liga Endesa",-402534000,NA,"https://www.acb.com/Documentos/Cabeceras/logo-competicion-1b.png","https://www.acb.com/Documentos/Cabeceras/logo-competicion-4a.png",90,2025,107,NA,NA,5903,104633,NA,NA,FALSE,4402,4393,2667,"UCAM Murcia","UCAM Murcia","UCM",4402,2680,"Recoletas Salud San Pablo Burgos","Recoletas Salud","BUR",1,82,12000,4,19,21,24,54,44,22,30,73,25,16,41,13,12,19,15,0,2,3,28,25,71,-95,-1,13,0,0,82,101,5,0,0,0,7,42,6,31,9
2190734,1,"Liga Nacional","Liga Endesa",-402534000,NA,"https://www.acb.com/Documentos/Cabeceras/logo-competicion-1b.png","https://www.acb.com/Documentos/Cabeceras/logo-competicion-4a.png",90,2025,107,NA,NA,5903,104632,NA,NA,TRUE,4391,4391,2665,"La Laguna Tenerife","La Laguna TFE","LLT",4395,2669,"Río Breogán","Río Breogán","BRE",1,90,12000,13,30,43,18,30,60,15,20,75,23,12,35,16,6,12,0,2,0,3,20,23,106,45,-1,0,13,0,90,81,2,1852,4,13,6,30,13,27,12
2190735,1,"Liga Nacional","Liga Endesa",-402534000,NA,"https://www.acb.com/Documentos/Cabeceras/logo-competicion-1b.png","https://www.acb.com/Documentos/Cabeceras/logo-competicion-4a.png",90,2025,107,NA,NA,5903,104632,NA,NA,FALSE,4395,4391,2665,"La Laguna Tenerife","La Laguna TFE","LLT",4395,2669,"Río Breogán","Río Breogán","BRE",1,81,12000,10,27,37,17,32,53,17,20,85,18,7,25,11,6,9,0,1,2,0,23,19,74,-45,-1,12,0,0,81,90,4,92,4,3,2,24,4,42,8
2190596,1,"Liga Nacional","Liga Endesa",-402534000,NA,"https://www.acb.com/Documentos/Cabeceras/logo-competicion-1b.png","https://www.acb.com/Documentos/Cabeceras/logo-competicion-4a.png",90,2025,107,NA,NA,5903,104631,NA,NA,FALSE,4390,4401,2674,"Coviran Granada","Coviran Granada","COV",4390,2664,"Dreamland Gran Canaria","Dreamland GC","DGC",1,90,12000,11,24,45,24,35,68,9,17,52,26,11,37,19,6,22,5,7,2,5,27,21,97,35,-1,0,13,0,90,83,3,1239,6,10,2,42,4,51,8
2190595,1,"Liga Nacional","Liga Endesa",-402534000,NA,"https://www.acb.com/Documentos/Cabeceras/logo-competicion-1b.png","https://www.acb.com/Documentos/Cabeceras/logo-competicion-4a.png",90,2025,107,NA,NA,5903,104631,NA,NA,TRUE,4401,4401,2674,"Coviran Granada","Coviran Granada","COV",4390,2664,"Dreamland Gran Canaria","Dreamland GC","DGC",1,83,12000,11,24,45,12,30,40,26,31,83,18,6,24,12,15,17,12,2,6,1,23,27,81,-35,-1,13,0,0,83,90,4,949,5,7,15,22,5,22,6
2190487,1,"Liga Nacional","Liga Endesa",-402534000,NA,"https://www.acb.com/Documentos/Cabeceras/logo-competicion-1b.png","https://www.acb.com/Documentos/Cabeceras/logo-competicion-4a.png",90,2025,107,NA,NA,5903,104630,NA,NA,TRUE,4392,4392,2666,"Casademont Zaragoza","Casademont Zgz","CAZ",4394,2716,"Asisa Joventut","Asisa Joventut","JOV",1,67,12000,6,20,30,15,37,40,19,28,67,32,9,41,16,3,14,6,5,4,5,22,24,71,-60,-1,13,0,0,67,79,3,292,3,4,2,28,4,24,10
2190488,1,"Liga Nacional","Liga Endesa",-402534000,NA,"https://www.acb.com/Documentos/Cabeceras/logo-competicion-1b.png","https://www.acb.com/Documentos/Cabeceras/logo-competicion-4a.png",90,2025,107,NA,NA,5903,104630,NA,NA,FALSE,4394,4392,2666,"Casademont Zaragoza","Casademont Zgz","CAZ",4394,2716,"Asisa Joventut","Asisa Joventut","JOV",1,79,12000,6,26,23,20,51,39,21,26,80,27,18,45,17,5,7,4,4,5,2,25,22,79,60,-1,0,12,0,79,67,2,1961,3,23,4,40,7,36,6
2199951,1,"Liga Nacional","Liga Endesa",-402534000,NA,"https://www.acb.com/Documentos/Cabeceras/logo-competicion-1b.png","https://www.acb.com/Documentos/Cabeceras/logo-competicion-4a.png",90,2025,107,NA,NA,5904,104647,NA,NA,TRUE,4390,4390,2664,"Dreamland Gran Canaria","Dreamland GC","DGC",4388,2662,"Real Madrid","Real Madrid","RMB",1,80,12000,6,24,25,23,35,65,16,20,80,22,7,29,19,7,10,8,1,4,2,23,23,88,-10,-1,13,0,0,80,82,4,786,2,13,2,40,2,19,10
2199952,1,"Liga Nacional","Liga Endesa",-402534000,NA,"https://www.acb.com/Documentos/Cabeceras/logo-competicion-1b.png","https://www.acb.com/Documentos/Cabeceras/logo-competicion-4a.png",90,2025,107,NA,NA,5904,104647,NA,NA,FALSE,4388,4390,2664,"Dreamland Gran Canaria","Dreamland GC","DGC",4388,2662,"Real Madrid","Real Madrid","RMB",1,82,12000,11,33,33,16,25,64,17,23,73,21,9,30,17,7,12,5,5,1,4,23,23,91,10,-1,0,13,0,82,80,4,1487,3,16,0,28,4,34,10
2199816,1,"Liga Nacional","Liga Endesa",-402534000,NA,"https://www.acb.com/Documentos/Cabeceras/logo-competicion-1b.png","https://www.acb.com/Documentos/Cabeceras/logo-competicion-4a.png",90,2025,107,NA,NA,5904,104646,NA,NA,FALSE,4387,4398,2710,"Kosner Baskonia","Kosner Baskonia","BKN",4387,2661,"Hiopos Lleida","Hiopos Lleida","HIO",1,90,12000,8,26,30,26,48,54,14,18,77,29,8,37,20,6,9,8,5,6,4,25,20,94,-15,-1,13,0,0,90,93,4,1770,6,8,6,48,10,39,9
2199815,1,"Liga Nacional","Liga Endesa",-402534000,NA,"https://www.acb.com/Documentos/Cabeceras/logo-competicion-1b.png","https://www.acb.com/Documentos/Cabeceras/logo-competicion-4a.png",90,2025,107,NA,NA,5904,104646,NA,NA,TRUE,4398,4398,2710,"Kosner Baskonia","Kosner Baskonia","BKN",4387,2661,"Hiopos Lleida","Hiopos Lleida","HIO",1,93,12000,9,31,29,20,37,54,26,30,86,31,11,42,24,5,10,8,7,5,3,20,25,118,15,-1,0,12,0,93,90,3,463,7,6,2,38,7,40,10
2199700,1,"Liga Nacional","Liga Endesa",-402534000,NA,"https://www.acb.com/Documentos/Cabeceras/logo-competicion-1b.png","https://www.acb.com/Documentos/Cabeceras/logo-competicion-4a.png",90,2025,107,NA,NA,5904,104644,NA,NA,FALSE,4393,4397,2671,"Valencia Basket","Valencia Basket","VBC",4393,2667,"UCAM Murcia","UCAM Murcia","UCM",1,84,12000,10,37,27,20,43,46,14,16,87,17,12,29,12,11,6,17,3,6,1,27,19,67,-130,-1,13,0,0,84,110,4,0,0,0,7,36,13,35,8
2199699,1,"Liga Nacional","Liga Endesa",-402534000,NA,"https://www.acb.com/Documentos/Cabeceras/logo-competicion-1b.png","https://www.acb.com/Documentos/Cabeceras/logo-competicion-4a.png",90,2025,107,NA,NA,5904,104644,NA,NA,TRUE,4397,4397,2671,"Valencia Basket","Valencia Basket","VBC",4393,2667,"UCAM Murcia","UCAM Murcia","UCM",1,110,12000,16,30,53,23,36,63,16,27,59,36,15,51,23,2,17,14,6,3,5,20,26,140,130,-1,0,13,0,110,84,0,2362,0,30,0,44,6,55,13
2199420,1,"Liga Nacional","Liga Endesa",-402534000,NA,"https://www.acb.com/Documentos/Cabeceras/logo-competicion-1b.png","https://www.acb.com/Documentos/Cabeceras/logo-competicion-4a.png",90,2025,107,NA,NA,5904,104645,NA,NA,FALSE,4401,4394,2716,"Asisa Joventut","Asisa Joventut","JOV",4401,2674,"Coviran Granada","Coviran Granada","COV",1,73,12000,8,20,40,15,33,45,19,23,82,23,7,30,13,5,22,7,4,6,2,20,23,66,-180,-1,13,0,0,73,109,4,867,2,15,5,26,7,36,7
2199419,1,"Liga Nacional","Liga Endesa",-402534000,NA,"https://www.acb.com/Documentos/Cabeceras/logo-competicion-1b.png","https://www.acb.com/Documentos/Cabeceras/logo-competicion-4a.png",90,2025,107,NA,NA,5904,104645,NA,NA,TRUE,4394,4394,2716,"Asisa Joventut","Asisa Joventut","JOV",4401,2674,"Coviran Granada","Coviran Granada","COV",1,109,12000,8,29,27,36,59,61,13,15,86,23,20,43,29,12,8,22,6,4,7,23,19,137,180,-1,0,13,0,109,73,2,1460,2,36,4,68,4,61,16
2199332,1,"Liga Nacional","Liga Endesa",-402534000,NA,"https://www.acb.com/Documentos/Cabeceras/logo-competicion-1b.png","https://www.acb.com/Documentos/Cabeceras/logo-competicion-4a.png",90,2025,107,NA,NA,5904,104643,NA,NA,FALSE,4386,4395,2669,"Río Breogán","Río Breogán","BRE",4386,2660,"Barça","Barça","BAR",1,109,12000,15,26,57,28,39,71,8,14,57,23,8,31,25,14,11,14,4,1,4,20,17,140,155,-1,0,13,0,109,78,1,2381,0,46,13,52,2,44,15
2199331,1,"Liga Nacional","Liga Endesa",-402534000,NA,"https://www.acb.com/Documentos/Cabeceras/logo-competicion-1b.png","https://www.acb.com/Documentos/Cabeceras/logo-competicion-4a.png",90,2025,107,NA,NA,5904,104643,NA,NA,TRUE,4395,4395,2669,"Río Breogán","Río Breogán","BRE",4386,2660,"Barça","Barça","BAR",1,78,12000,6,19,31,26,46,56,8,12,66,16,10,26,15,5,16,16,2,4,5,17,20,72,-155,-1,13,0,0,78,109,3,0,0,0,6,52,7,37,6
2199276,1,"Liga Nacional","Liga Endesa",-402534000,NA,"https://www.acb.com/Documentos/Cabeceras/logo-competicion-1b.png","https://www.acb.com/Documentos/Cabeceras/logo-competicion-4a.png",90,2025,107,NA,NA,5904,104642,NA,NA,FALSE,4384,4399,2728,"Bàsquet Girona","Bàsquet Girona","GIR",4384,2658,"Unicaja","Unicaja","UNI",1,90,12000,11,34,32,20,35,57,17,21,80,31,14,45,25,6,10,6,2,1,1,21,20,114,35,-1,0,13,0,90,83,2,1909,1,19,7,32,9,47,12
2199275,1,"Liga Nacional","Liga Endesa",-402534000,NA,"https://www.acb.com/Documentos/Cabeceras/logo-competicion-1b.png","https://www.acb.com/Documentos/Cabeceras/logo-competicion-4a.png",90,2025,107,NA,NA,5904,104642,NA,NA,TRUE,4399,4399,2728,"Bàsquet Girona","Bàsquet Girona","GIR",4384,2658,"Unicaja","Unicaja","UNI",1,83,12000,13,33,39,15,34,44,14,21,66,26,10,36,20,5,8,9,1,2,0,20,21,90,-35,-1,13,0,0,83,90,5,413,0,8,2,26,5,28,9
2199076,1,"Liga Nacional","Liga Endesa",-402534000,NA,"https://www.acb.com/Documentos/Cabeceras/logo-competicion-1b.png","https://www.acb.com/Documentos/Cabeceras/logo-competicion-4a.png",90,2025,107,NA,NA,5904,104641,NA,NA,FALSE,4389,4402,2680,"Recoletas Salud San Pablo Burgos","Recoletas Salud","BUR",4389,2711,"Surne Bilbao","Surne Bilbao","SBB",1,88,12000,10,27,37,19,34,55,20,27,74,26,13,39,17,8,18,4,2,5,3,20,24,96,-40,-1,13,0,0,88,96,4,1999,3,14,4,34,3,33,9
2199075,1,"Liga Nacional","Liga Endesa",-402534000,NA,"https://www.acb.com/Documentos/Cabeceras/logo-competicion-1b.png","https://www.acb.com/Documentos/Cabeceras/logo-competicion-4a.png",90,2025,107,NA,NA,5904,104641,NA,NA,TRUE,4402,4402,2680,"Recoletas Salud San Pablo Burgos","Recoletas Salud","BUR",4389,2711,"Surne Bilbao","Surne Bilbao","SBB",1,96,12000,11,26,42,27,41,65,9,16,56,23,6,29,26,15,11,26,6,1,4,24,20,120,40,-1,0,13,0,96,88,2,317,4,8,6,48,4,27,10
2198960,1,"Liga Nacional","Liga Endesa",-402534000,NA,"https://www.acb.com/Documentos/Cabeceras/logo-competicion-1b.png","https://www.acb.com/Documentos/Cabeceras/logo-competicion-4a.png",90,2025,107,NA,NA,5904,104640,NA,NA,FALSE,4392,4385,2659,"MoraBanc Andorra","MoraBanc And","MBA",4392,2666,"Casademont Zaragoza","Casademont Zgz","CAZ",1,111,13500,12,39,30,19,30,63,37,43,86,23,11,34,13,8,17,11,1,5,3,29,28,100,-10,-1,13,0,0,111,113,5,412,9,5,8,32,5,45,8
2198959,1,"Liga Nacional","Liga Endesa",-402534000,NA,"https://www.acb.com/Documentos/Cabeceras/logo-competicion-1b.png","https://www.acb.com/Documentos/Cabeceras/logo-competicion-4a.png",90,2025,107,NA,NA,5904,104640,NA,NA,TRUE,4385,4385,2659,"MoraBanc Andorra","MoraBanc And","MBA",4392,2666,"Casademont Zaragoza","Casademont Zgz","CAZ",1,113,13500,13,30,43,17,29,58,40,50,80,24,9,33,21,8,19,8,5,0,2,29,29,122,10,-1,0,13,0,113,111,5,1985,10,12,3,28,5,64,8
2198816,1,"Liga Nacional","Liga Endesa",-402534000,NA,"https://www.acb.com/Documentos/Cabeceras/logo-competicion-1b.png","https://www.acb.com/Documentos/Cabeceras/logo-competicion-4a.png",90,2025,107,NA,NA,5904,104639,NA,NA,FALSE,4391,4396,2725,"BAXI Manresa","BAXI Manresa","BAX",4391,2665,"La Laguna Tenerife","La Laguna TFE","LLT",1,80,12000,7,22,31,19,34,55,21,29,72,23,10,33,17,7,15,0,0,4,2,27,28,81,-30,-1,13,0,0,80,86,4,0,0,0,4,32,7,55,6
2198815,1,"Liga Nacional","Liga Endesa",-402534000,NA,"https://www.acb.com/Documentos/Cabeceras/logo-competicion-1b.png","https://www.acb.com/Documentos/Cabeceras/logo-competicion-4a.png",90,2025,107,NA,NA,5904,104639,NA,NA,TRUE,4396,4396,2725,"BAXI Manresa","BAXI Manresa","BAX",4391,2665,"La Laguna Tenerife","La Laguna TFE","LLT",1,86,12000,12,26,46,15,29,51,20,26,76,22,7,29,19,6,13,3,4,0,3,28,26,95,30,-1,0,13,0,86,80,2,2396,0,11,3,26,0,50,6
2202385,1,"Liga Nacional","Liga Endesa",-402534000,NA,"https://www.acb.com/Documentos/Cabeceras/logo-competicion-1b.png","https://www.acb.com/Documentos/Cabeceras/logo-competicion-4a.png",90,2025,107,NA,NA,5905,104656,NA,NA,FALSE,4386,4394,2716,"Asisa Joventut","Asisa Joventut","JOV",4386,2660,"Barça","Barça","BAR",1,72,12000,6,22,27,19,30,63,16,22,72,20,3,23,12,6,8,13,2,1,2,23,22,72,-60,-1,13,0,0,72,84,1,212,2,5,6,28,2,16,7
2202384,1,"Liga Nacional","Liga Endesa",-402534000,NA,"https://www.acb.com/Documentos/Cabeceras/logo-competicion-1b.png","https://www.acb.com/Documentos/Cabeceras/logo-competicion-4a.png",90,2025,107,NA,NA,5905,104656,NA,NA,TRUE,4394,4394,2716,"Asisa Joventut","Asisa Joventut","JOV",4386,2660,"Barça","Barça","BAR",1,84,12000,4,18,22,29,46,63,14,16,87,27,9,36,19,2,8,2,1,2,2,22,23,100,60,-1,0,13,0,84,72,2,1888,3,17,2,54,9,29,11
2202301,1,"Liga Nacional","Liga Endesa",-402534000,NA,"https://www.acb.com/Documentos/Cabeceras/logo-competicion-1b.png","https://www.acb.com/Documentos/Cabeceras/logo-competicion-4a.png",90,2025,107,NA,NA,5905,104655,NA,NA,TRUE,4401,4401,2674,"Coviran Granada","Coviran Granada","COV",4396,2725,"BAXI Manresa","BAXI Manresa","BAX",1,92,12000,10,29,34,22,44,50,18,25,72,29,12,41,16,10,14,8,6,8,5,24,24,95,65,-1,0,13,0,92,79,3,1422,4,14,2,42,2,42,14
2202302,1,"Liga Nacional","Liga Endesa",-402534000,NA,"https://www.acb.com/Documentos/Cabeceras/logo-competicion-1b.png","https://www.acb.com/Documentos/Cabeceras/logo-competicion-4a.png",90,2025,107,NA,NA,5905,104655,NA,NA,FALSE,4396,4401,2674,"Coviran Granada","Coviran Granada","COV",4396,2725,"BAXI Manresa","BAXI Manresa","BAX",1,79,12000,7,29,24,21,41,51,16,21,76,31,13,44,13,6,17,23,9,5,3,24,23,81,-65,-1,13,0,0,79,92,4,619,3,7,2,42,6,31,8
2202137,1,"Liga Nacional","Liga Endesa",-402534000,NA,"https://www.acb.com/Documentos/Cabeceras/logo-competicion-1b.png","https://www.acb.com/Documentos/Cabeceras/logo-competicion-4a.png",90,2025,107,NA,NA,5905,104654,NA,NA,TRUE,4388,4388,2662,"Real Madrid","Real Madrid","RMB",4387,2661,"Hiopos Lleida","Hiopos Lleida","HIO",1,95,12000,9,28,32,23,34,67,22,27,81,31,6,37,22,7,11,17,7,2,8,19,25,126,85,-1,0,13,0,95,78,2,1978,1,26,6,40,7,53,16
2202138,1,"Liga Nacional","Liga Endesa",-402534000,NA,"https://www.acb.com/Documentos/Cabeceras/logo-competicion-1b.png","https://www.acb.com/Documentos/Cabeceras/logo-competicion-4a.png",90,2025,107,NA,NA,5905,104654,NA,NA,FALSE,4387,4388,2662,"Real Madrid","Real Madrid","RMB",4387,2661,"Hiopos Lleida","Hiopos Lleida","HIO",1,78,12000,9,28,32,18,41,43,15,18,83,26,11,37,21,6,13,4,2,7,1,25,19,73,-85,-1,12,0,0,78,95,3,406,1,4,2,34,7,33,10
2201807,1,"Liga Nacional","Liga Endesa",-402534000,NA,"https://www.acb.com/Documentos/Cabeceras/logo-competicion-1b.png","https://www.acb.com/Documentos/Cabeceras/logo-competicion-4a.png",90,2025,107,NA,NA,5905,104653,NA,NA,FALSE,4398,4402,2680,"Recoletas Salud San Pablo Burgos","Recoletas Salud","BUR",4398,2710,"Kosner Baskonia","Kosner Baskonia","BKN",1,96,12000,12,34,35,23,45,51,14,18,77,24,15,39,17,5,16,10,0,9,2,21,20,83,-55,-1,12,0,0,96,107,4,223,3,3,10,42,16,48,8
2201806,1,"Liga Nacional","Liga Endesa",-402534000,NA,"https://www.acb.com/Documentos/Cabeceras/logo-competicion-1b.png","https://www.acb.com/Documentos/Cabeceras/logo-competicion-4a.png",90,2025,107,NA,NA,5905,104653,NA,NA,TRUE,4402,4402,2680,"Recoletas Salud San Pablo Burgos","Recoletas Salud","BUR",4398,2710,"Kosner Baskonia","Kosner Baskonia","BKN",1,107,12000,7,15,46,35,59,59,16,21,76,29,10,39,25,14,10,19,9,0,3,20,21,148,55,-1,0,13,0,107,96,3,1991,4,30,14,62,12,37,12
2201746,1,"Liga Nacional","Liga Endesa",-402534000,NA,"https://www.acb.com/Documentos/Cabeceras/logo-competicion-1b.png","https://www.acb.com/Documentos/Cabeceras/logo-competicion-4a.png",90,2025,107,NA,NA,5905,104652,NA,NA,TRUE,4399,4399,2728,"Bàsquet Girona","Bàsquet Girona","GIR",4385,2659,"MoraBanc Andorra","MoraBanc And","MBA",1,82,12000,8,31,25,18,34,52,22,28,78,26,15,41,15,9,14,8,0,2,2,22,28,92,35,-1,0,13,0,82,75,2,2294,0,23,2,30,4,28,11
2201747,1,"Liga Nacional","Liga Endesa",-402534000,NA,"https://www.acb.com/Documentos/Cabeceras/logo-competicion-1b.png","https://www.acb.com/Documentos/Cabeceras/logo-competicion-4a.png",90,2025,107,NA,NA,5905,104652,NA,NA,FALSE,4385,4399,2728,"Bàsquet Girona","Bàsquet Girona","GIR",4385,2659,"MoraBanc Andorra","MoraBanc And","MBA",1,75,12000,12,33,36,14,33,42,11,12,91,26,10,36,19,7,20,7,2,0,0,28,22,72,-35,-1,13,0,0,75,82,5,0,0,0,3,24,3,45,9
2201467,1,"Liga Nacional","Liga Endesa",-402534000,NA,"https://www.acb.com/Documentos/Cabeceras/logo-competicion-1b.png","https://www.acb.com/Documentos/Cabeceras/logo-competicion-4a.png",90,2025,107,NA,NA,5905,104651,NA,NA,FALSE,4395,4389,2711,"Surne Bilbao","Surne Bilbao","SBB",4395,2669,"Río Breogán","Río Breogán","BRE",1,90,12000,12,25,48,17,36,47,20,23,86,20,12,32,17,9,19,6,1,2,1,26,24,91,-50,-1,13,0,0,90,100,5,320,4,4,9,30,7,39,6
2201466,1,"Liga Nacional","Liga Endesa",-402534000,NA,"https://www.acb.com/Documentos/Cabeceras/logo-competicion-1b.png","https://www.acb.com/Documentos/Cabeceras/logo-competicion-4a.png",90,2025,107,NA,NA,5905,104651,NA,NA,TRUE,4389,4389,2711,"Surne Bilbao","Surne Bilbao","SBB",4395,2669,"Río Breogán","Río Breogán","BRE",1,100,12000,11,23,47,23,35,65,21,28,75,21,7,28,26,10,14,13,2,1,11,24,26,122,50,-1,0,13,0,100,90,2,1964,5,20,16,46,4,32,11
2201327,1,"Liga Nacional","Liga Endesa",-402534000,NA,"https://www.acb.com/Documentos/Cabeceras/logo-competicion-1b.png","https://www.acb.com/Documentos/Cabeceras/logo-competicion-4a.png",90,2025,107,NA,NA,5905,104650,NA,NA,FALSE,4397,4391,2665,"La Laguna Tenerife","La Laguna TFE","LLT",4397,2671,"Valencia Basket","Valencia Basket","VBC",1,71,12000,7,20,35,21,45,46,8,8,100,24,12,36,19,5,10,7,2,1,7,17,16,84,-90,-1,13,0,0,71,89,2,66,2,1,0,36,10,30,8
2201326,1,"Liga Nacional","Liga Endesa",-402534000,NA,"https://www.acb.com/Documentos/Cabeceras/logo-competicion-1b.png","https://www.acb.com/Documentos/Cabeceras/logo-competicion-4a.png",90,2025,107,NA,NA,5905,104650,NA,NA,TRUE,4391,4391,2665,"La Laguna Tenerife","La Laguna TFE","LLT",4397,2671,"Valencia Basket","Valencia Basket","VBC",1,89,12000,16,39,41,17,26,65,7,8,87,22,8,30,20,5,6,4,1,2,2,16,17,105,90,-1,0,13,0,89,71,1,2179,2,22,0,30,5,42,12
2201185,1,"Liga Nacional","Liga Endesa",-402534000,NA,"https://www.acb.com/Documentos/Cabeceras/logo-competicion-1b.png","https://www.acb.com/Documentos/Cabeceras/logo-competicion-4a.png",90,2025,107,NA,NA,5905,104649,NA,NA,FALSE,4390,4393,2667,"UCAM Murcia","UCAM Murcia","UCM",4390,2664,"Dreamland Gran Canaria","Dreamland GC","DGC",1,76,12000,7,23,30,23,45,51,9,16,56,25,15,40,12,9,17,13,3,3,4,19,21,77,-55,-1,13,0,0,76,87,4,294,1,4,5,46,10,36,7
2201184,1,"Liga Nacional","Liga Endesa",-402534000,NA,"https://www.acb.com/Documentos/Cabeceras/logo-competicion-1b.png","https://www.acb.com/Documentos/Cabeceras/logo-competicion-4a.png",90,2025,107,NA,NA,5905,104649,NA,NA,TRUE,4393,4393,2667,"UCAM Murcia","UCAM Murcia","UCM",4390,2664,"Dreamland Gran Canaria","Dreamland GC","DGC",1,87,12000,11,26,42,21,35,60,12,17,70,24,6,30,15,12,14,19,3,3,4,22,19,93,55,-1,0,13,0,87,76,3,1898,1,18,9,42,0,47,10
2201073,1,"Liga Nacional","Liga Endesa",-402534000,NA,"https://www.acb.com/Documentos/Cabeceras/logo-competicion-1b.png","https://www.acb.com/Documentos/Cabeceras/logo-competicion-4a.png",90,2025,107,NA,NA,5905,104648,NA,NA,FALSE,4392,4384,2658,"Unicaja","Unicaja","UNI",4392,2666,"Casademont Zaragoza","Casademont Zgz","CAZ",1,89,12000,10,24,41,26,38,68,7,11,63,24,6,30,16,7,20,15,3,0,4,18,15,92,-115,-1,13,0,0,89,112,4,620,0,7,4,48,6,38,7
2201072,1,"Liga Nacional","Liga Endesa",-402534000,NA,"https://www.acb.com/Documentos/Cabeceras/logo-competicion-1b.png","https://www.acb.com/Documentos/Cabeceras/logo-competicion-4a.png",90,2025,107,NA,NA,5905,104648,NA,NA,TRUE,4384,4384,2658,"Unicaja","Unicaja","UNI",4392,2666,"Casademont Zaragoza","Casademont Zgz","CAZ",1,112,12000,20,41,48,22,36,61,8,8,100,21,10,31,22,15,13,31,0,3,2,15,18,132,115,-1,0,13,0,112,89,2,1736,1,23,10,42,9,64,11
2204729,1,"Liga Nacional","Liga Endesa",-402534000,NA,"https://www.acb.com/Documentos/Cabeceras/logo-competicion-1b.png","https://www.acb.com/Documentos/Cabeceras/logo-competicion-4a.png",90,2025,107,NA,NA,5906,104665,NA,NA,FALSE,4388,4386,2660,"Barça","Barça","BAR",4388,2662,"Real Madrid","Real Madrid","RMB",1,95,12000,12,19,63,22,37,59,15,17,88,31,6,37,17,4,13,12,3,0,6,20,17,116,95,-1,0,13,0,95,76,0,2075,3,24,0,38,7,55,10
2204728,1,"Liga Nacional","Liga Endesa",-402534000,NA,"https://www.acb.com/Documentos/Cabeceras/logo-competicion-1b.png","https://www.acb.com/Documentos/Cabeceras/logo-competicion-4a.png",90,2025,107,NA,NA,5906,104665,NA,NA,TRUE,4386,4386,2660,"Barça","Barça","BAR",4388,2662,"Real Madrid","Real Madrid","RMB",1,76,12000,9,27,33,18,38,47,13,14,92,16,7,23,16,9,7,11,0,3,1,17,20,78,-95,-1,13,0,0,76,95,3,126,3,3,9,24,3,22,7
2204393,1,"Liga Nacional","Liga Endesa",-402534000,NA,"https://www.acb.com/Documentos/Cabeceras/logo-competicion-1b.png","https://www.acb.com/Documentos/Cabeceras/logo-competicion-4a.png",90,2025,107,NA,NA,5906,104663,NA,NA,FALSE,4399,4398,2710,"Kosner Baskonia","Kosner Baskonia","BKN",4399,2728,"Bàsquet Girona","Bàsquet Girona","GIR",1,81,12000,10,28,35,21,39,53,9,11,81,20,9,29,22,5,15,7,0,6,3,23,17,72,-65,-1,13,0,0,81,94,5,1266,3,9,5,22,8,24,10
2204392,1,"Liga Nacional","Liga Endesa",-402534000,NA,"https://www.acb.com/Documentos/Cabeceras/logo-competicion-1b.png","https://www.acb.com/Documentos/Cabeceras/logo-competicion-4a.png",90,2025,107,NA,NA,5906,104663,NA,NA,TRUE,4398,4398,2710,"Kosner Baskonia","Kosner Baskonia","BKN",4399,2728,"Bàsquet Girona","Bàsquet Girona","GIR",1,94,12000,5,24,20,30,42,71,19,24,79,26,12,38,20,8,12,14,6,0,2,17,23,124,65,-1,0,13,0,94,81,1,915,4,17,7,48,17,41,12
2204421,1,"Liga Nacional","Liga Endesa",-402534000,NA,"https://www.acb.com/Documentos/Cabeceras/logo-competicion-1b.png","https://www.acb.com/Documentos/Cabeceras/logo-competicion-4a.png",90,2025,107,NA,NA,5906,104664,NA,NA,FALSE,4401,4397,2671,"Valencia Basket","Valencia Basket","VBC",4401,2674,"Coviran Granada","Coviran Granada","COV",1,91,12000,10,29,34,23,40,57,15,16,93,19,6,25,24,8,8,12,4,3,2,24,21,101,-80,-1,13,0,0,91,107,3,311,1,4,6,38,7,49,9
2204420,1,"Liga Nacional","Liga Endesa",-402534000,NA,"https://www.acb.com/Documentos/Cabeceras/logo-competicion-1b.png","https://www.acb.com/Documentos/Cabeceras/logo-competicion-4a.png",90,2025,107,NA,NA,5906,104664,NA,NA,TRUE,4397,4397,2671,"Valencia Basket","Valencia Basket","VBC",4401,2674,"Coviran Granada","Coviran Granada","COV",1,107,12000,9,32,28,29,42,69,22,29,75,28,18,46,18,8,11,17,4,4,8,21,24,128,80,-1,0,13,0,107,91,1,1927,2,21,4,52,13,55,12
2204143,1,"Liga Nacional","Liga Endesa",-402534000,NA,"https://www.acb.com/Documentos/Cabeceras/logo-competicion-1b.png","https://www.acb.com/Documentos/Cabeceras/logo-competicion-4a.png",90,2025,107,NA,NA,5906,104662,NA,NA,TRUE,4390,4390,2664,"Dreamland Gran Canaria","Dreamland GC","DGC",4395,2669,"Río Breogán","Río Breogán","BRE",1,75,12000,7,24,29,18,33,54,18,33,54,24,7,31,15,6,11,2,5,1,2,18,28,83,-40,-1,13,0,0,75,83,5,442,1,5,0,34,8,30,14
2204144,1,"Liga Nacional","Liga Endesa",-402534000,NA,"https://www.acb.com/Documentos/Cabeceras/logo-competicion-1b.png","https://www.acb.com/Documentos/Cabeceras/logo-competicion-4a.png",90,2025,107,NA,NA,5906,104662,NA,NA,FALSE,4395,4390,2664,"Dreamland Gran Canaria","Dreamland GC","DGC",4395,2669,"Río Breogán","Río Breogán","BRE",1,83,12000,8,31,25,24,45,53,11,13,84,28,19,47,12,6,15,4,1,5,1,28,18,73,40,-1,0,12,0,83,75,1,1835,1,13,4,44,6,38,11
2204028,1,"Liga Nacional","Liga Endesa",-402534000,NA,"https://www.acb.com/Documentos/Cabeceras/logo-competicion-1b.png","https://www.acb.com/Documentos/Cabeceras/logo-competicion-4a.png",90,2025,107,NA,NA,5906,104661,NA,NA,FALSE,4394,4387,2661,"Hiopos Lleida","Hiopos Lleida","HIO",4394,2716,"Asisa Joventut","Asisa Joventut","JOV",1,88,12000,10,30,33,20,32,62,18,25,72,23,11,34,18,7,12,4,5,1,2,21,23,102,10,-1,0,13,0,88,86,4,1163,2,17,5,30,9,32,9
2204027,1,"Liga Nacional","Liga Endesa",-402534000,NA,"https://www.acb.com/Documentos/Cabeceras/logo-competicion-1b.png","https://www.acb.com/Documentos/Cabeceras/logo-competicion-4a.png",90,2025,107,NA,NA,5906,104661,NA,NA,TRUE,4387,4387,2661,"Hiopos Lleida","Hiopos Lleida","HIO",4394,2716,"Asisa Joventut","Asisa Joventut","JOV",1,86,12000,8,26,30,21,48,43,20,23,86,22,20,42,18,7,15,6,1,4,2,27,20,80,-10,-1,13,0,0,86,88,5,1015,1,13,4,34,7,39,13
2203832,1,"Liga Nacional","Liga Endesa",-402534000,NA,"https://www.acb.com/Documentos/Cabeceras/logo-competicion-1b.png","https://www.acb.com/Documentos/Cabeceras/logo-competicion-4a.png",90,2025,107,NA,NA,5906,104660,NA,NA,FALSE,4402,4392,2666,"Casademont Zaragoza","Casademont Zgz","CAZ",4402,2680,"Recoletas Salud San Pablo Burgos","Recoletas Salud","BUR",1,98,12000,9,27,33,30,49,61,11,20,55,15,18,33,27,11,11,22,4,2,5,25,22,111,-50,-1,13,0,0,98,108,5,0,0,0,10,52,9,27,9
2203831,1,"Liga Nacional","Liga Endesa",-402534000,NA,"https://www.acb.com/Documentos/Cabeceras/logo-competicion-1b.png","https://www.acb.com/Documentos/Cabeceras/logo-competicion-4a.png",90,2025,107,NA,NA,5906,104660,NA,NA,TRUE,4392,4392,2666,"Casademont Zaragoza","Casademont Zgz","CAZ",4402,2680,"Recoletas Salud San Pablo Burgos","Recoletas Salud","BUR",1,108,12000,17,31,54,17,31,54,23,28,82,21,12,33,21,5,14,18,2,3,3,22,25,122,50,-1,0,13,0,108,98,1,2375,0,24,9,32,4,59,11
2203692,1,"Liga Nacional","Liga Endesa",-402534000,NA,"https://www.acb.com/Documentos/Cabeceras/logo-competicion-1b.png","https://www.acb.com/Documentos/Cabeceras/logo-competicion-4a.png",90,2025,107,NA,NA,5906,104659,NA,NA,FALSE,4391,4384,2658,"Unicaja","Unicaja","UNI",4391,2665,"La Laguna Tenerife","La Laguna TFE","LLT",1,95,12000,14,30,46,19,26,73,15,17,88,27,4,31,19,3,12,6,2,1,2,21,20,111,125,-1,0,13,0,95,70,1,2313,0,29,2,28,5,59,13
2203691,1,"Liga Nacional","Liga Endesa",-402534000,NA,"https://www.acb.com/Documentos/Cabeceras/logo-competicion-1b.png","https://www.acb.com/Documentos/Cabeceras/logo-competicion-4a.png",90,2025,107,NA,NA,5906,104659,NA,NA,TRUE,4384,4384,2658,"Unicaja","Unicaja","UNI",4391,2665,"La Laguna Tenerife","La Laguna TFE","LLT",1,70,12000,5,23,21,22,40,55,11,17,64,17,6,23,16,7,9,8,3,2,3,21,21,66,-125,-1,13,0,0,70,95,4,0,0,0,7,44,6,38,11
2203522,1,"Liga Nacional","Liga Endesa",-402534000,NA,"https://www.acb.com/Documentos/Cabeceras/logo-competicion-1b.png","https://www.acb.com/Documentos/Cabeceras/logo-competicion-4a.png",90,2025,107,NA,NA,5906,104658,NA,NA,FALSE,4389,4385,2659,"MoraBanc Andorra","MoraBanc And","MBA",4389,2711,"Surne Bilbao","Surne Bilbao","SBB",1,102,13500,12,31,38,24,42,57,18,24,75,32,10,42,21,7,14,16,1,1,4,22,21,114,20,-1,0,13,0,102,98,6,2238,7,11,10,44,6,11,8
2203521,1,"Liga Nacional","Liga Endesa",-402534000,NA,"https://www.acb.com/Documentos/Cabeceras/logo-competicion-1b.png","https://www.acb.com/Documentos/Cabeceras/logo-competicion-4a.png",90,2025,107,NA,NA,5906,104658,NA,NA,TRUE,4385,4385,2659,"MoraBanc Andorra","MoraBanc And","MBA",4389,2711,"Surne Bilbao","Surne Bilbao","SBB",1,98,13500,11,30,36,26,46,56,13,20,65,27,10,37,16,9,12,5,1,1,0,21,22,103,-20,-1,13,0,0,98,102,4,296,6,3,3,48,8,25,7
2203438,1,"Liga Nacional","Liga Endesa",-402534000,NA,"https://www.acb.com/Documentos/Cabeceras/logo-competicion-1b.png","https://www.acb.com/Documentos/Cabeceras/logo-competicion-4a.png",90,2025,107,NA,NA,5906,104657,NA,NA,FALSE,4393,4396,2725,"BAXI Manresa","BAXI Manresa","BAX",4393,2667,"UCAM Murcia","UCAM Murcia","UCM",1,90,12000,10,28,35,17,31,54,26,32,81,29,11,40,13,6,22,2,3,4,2,28,27,87,20,-1,0,13,0,90,86,2,1841,3,9,4,30,9,29,10
2203437,1,"Liga Nacional","Liga Endesa",-402534000,NA,"https://www.acb.com/Documentos/Cabeceras/logo-competicion-1b.png","https://www.acb.com/Documentos/Cabeceras/logo-competicion-4a.png",90,2025,107,NA,NA,5906,104657,NA,NA,TRUE,4396,4396,2725,"BAXI Manresa","BAXI Manresa","BAX",4393,2667,"UCAM Murcia","UCAM Murcia","UCM",1,86,12000,8,22,36,20,53,37,22,29,75,23,22,45,13,6,19,5,4,3,1,28,28,78,-20,-1,13,0,0,86,90,5,315,3,5,0,36,11,42,10
2207326,1,"Liga Nacional","Liga Endesa",-402534000,NA,"https://www.acb.com/Documentos/Cabeceras/logo-competicion-1b.png","https://www.acb.com/Documentos/Cabeceras/logo-competicion-4a.png",90,2025,107,NA,NA,5907,104674,NA,NA,FALSE,4384,4386,2660,"Barça","Barça","BAR",4384,2658,"Unicaja","Unicaja","UNI",1,91,12000,12,31,38,19,32,59,17,23,73,18,8,26,21,11,7,11,1,1,4,23,19,100,-30,-1,13,0,0,91,97,4,137,2,2,9,32,0,50,10
2207325,1,"Liga Nacional","Liga Endesa",-402534000,NA,"https://www.acb.com/Documentos/Cabeceras/logo-competicion-1b.png","https://www.acb.com/Documentos/Cabeceras/logo-competicion-4a.png",90,2025,107,NA,NA,5907,104674,NA,NA,TRUE,4386,4386,2660,"Barça","Barça","BAR",4384,2658,"Unicaja","Unicaja","UNI",1,97,12000,15,31,48,18,23,78,16,21,76,24,5,29,19,5,16,8,1,0,2,19,23,113,30,-1,0,13,0,97,91,2,2211,3,18,4,28,2,59,11
2207188,1,"Liga Nacional","Liga Endesa",-402534000,NA,"https://www.acb.com/Documentos/Cabeceras/logo-competicion-1b.png","https://www.acb.com/Documentos/Cabeceras/logo-competicion-4a.png",90,2025,107,NA,NA,5907,104673,NA,NA,FALSE,4397,4402,2680,"Recoletas Salud San Pablo Burgos","Recoletas Salud","BUR",4397,2671,"Valencia Basket","Valencia Basket","VBC",1,79,12000,12,41,29,15,37,40,13,20,65,30,22,52,23,11,15,14,6,4,3,22,22,94,25,-1,0,13,0,79,74,2,1623,7,15,5,28,2,29,14
2207187,1,"Liga Nacional","Liga Endesa",-402534000,NA,"https://www.acb.com/Documentos/Cabeceras/logo-competicion-1b.png","https://www.acb.com/Documentos/Cabeceras/logo-competicion-4a.png",90,2025,107,NA,NA,5907,104673,NA,NA,TRUE,4402,4402,2680,"Recoletas Salud San Pablo Burgos","Recoletas Salud","BUR",4397,2671,"Valencia Basket","Valencia Basket","VBC",1,74,12000,3,26,11,24,48,50,17,22,77,29,17,46,14,4,16,11,4,6,3,22,22,68,-25,-1,13,0,0,74,79,5,562,7,8,6,48,6,17,11
2207106,1,"Liga Nacional","Liga Endesa",-402534000,NA,"https://www.acb.com/Documentos/Cabeceras/logo-competicion-1b.png","https://www.acb.com/Documentos/Cabeceras/logo-competicion-4a.png",90,2025,107,NA,NA,5907,104672,NA,NA,TRUE,4385,4385,2659,"MoraBanc Andorra","MoraBanc And","MBA",4398,2710,"Kosner Baskonia","Kosner Baskonia","BKN",1,79,12000,2,18,11,26,48,54,21,26,80,25,12,37,14,3,15,6,1,2,4,25,24,73,-45,-1,13,0,0,79,88,3,386,3,4,0,42,4,32,7
2207107,1,"Liga Nacional","Liga Endesa",-402534000,NA,"https://www.acb.com/Documentos/Cabeceras/logo-competicion-1b.png","https://www.acb.com/Documentos/Cabeceras/logo-competicion-4a.png",90,2025,107,NA,NA,5907,104672,NA,NA,FALSE,4398,4385,2659,"MoraBanc Andorra","MoraBanc And","MBA",4398,2710,"Kosner Baskonia","Kosner Baskonia","BKN",1,88,12000,6,15,40,27,44,61,16,28,57,24,4,28,14,9,12,14,3,1,2,24,25,92,45,-1,0,12,0,88,79,2,1977,3,17,6,44,3,52,8
2206939,1,"Liga Nacional","Liga Endesa",-402534000,NA,"https://www.acb.com/Documentos/Cabeceras/logo-competicion-1b.png","https://www.acb.com/Documentos/Cabeceras/logo-competicion-4a.png",90,2025,107,NA,NA,5907,104671,NA,NA,FALSE,4392,4391,2665,"La Laguna Tenerife","La Laguna TFE","LLT",4392,2666,"Casademont Zaragoza","Casademont Zgz","CAZ",1,76,12000,10,26,38,18,33,54,10,14,71,18,11,29,14,6,12,12,2,1,2,21,15,73,-115,-1,13,0,0,76,99,2,12,0,2,2,30,5,51,6
2206938,1,"Liga Nacional","Liga Endesa",-402534000,NA,"https://www.acb.com/Documentos/Cabeceras/logo-competicion-1b.png","https://www.acb.com/Documentos/Cabeceras/logo-competicion-4a.png",90,2025,107,NA,NA,5907,104671,NA,NA,TRUE,4391,4391,2665,"La Laguna Tenerife","La Laguna TFE","LLT",4392,2666,"Casademont Zaragoza","Casademont Zgz","CAZ",1,99,12000,15,32,46,20,30,66,14,15,93,22,10,32,23,6,6,5,1,2,1,15,20,130,115,-1,0,13,0,99,76,2,2330,1,30,0,32,12,46,13
2206826,1,"Liga Nacional","Liga Endesa",-402534000,NA,"https://www.acb.com/Documentos/Cabeceras/logo-competicion-1b.png","https://www.acb.com/Documentos/Cabeceras/logo-competicion-4a.png",90,2025,107,NA,NA,5907,104670,NA,NA,TRUE,4394,4394,2716,"Asisa Joventut","Asisa Joventut","JOV",4390,2664,"Dreamland Gran Canaria","Dreamland GC","DGC",1,92,12000,13,27,48,18,36,50,17,23,73,21,9,30,16,7,7,2,3,2,1,20,20,101,40,-1,0,13,0,92,84,5,1757,5,18,2,22,8,27,9
2206827,1,"Liga Nacional","Liga Endesa",-402534000,NA,"https://www.acb.com/Documentos/Cabeceras/logo-competicion-1b.png","https://www.acb.com/Documentos/Cabeceras/logo-competicion-4a.png",90,2025,107,NA,NA,5907,104670,NA,NA,FALSE,4390,4394,2716,"Asisa Joventut","Asisa Joventut","JOV",4390,2664,"Dreamland Gran Canaria","Dreamland GC","DGC",1,84,12000,11,26,42,20,35,57,11,14,78,26,9,35,18,5,10,9,2,3,3,20,20,98,-40,-1,13,0,0,84,92,3,445,5,10,3,36,5,29,12
2206658,1,"Liga Nacional","Liga Endesa",-402534000,NA,"https://www.acb.com/Documentos/Cabeceras/logo-competicion-1b.png","https://www.acb.com/Documentos/Cabeceras/logo-competicion-4a.png",90,2025,107,NA,NA,5907,104669,NA,NA,TRUE,4399,4399,2728,"Bàsquet Girona","Bàsquet Girona","GIR",4388,2662,"Real Madrid","Real Madrid","RMB",1,93,12000,17,41,41,15,26,57,12,17,70,23,13,36,22,6,14,11,2,3,1,22,19,99,-10,-1,13,0,0,93,95,5,174,3,2,7,16,8,39,8
2206659,1,"Liga Nacional","Liga Endesa",-402534000,NA,"https://www.acb.com/Documentos/Cabeceras/logo-competicion-1b.png","https://www.acb.com/Documentos/Cabeceras/logo-competicion-4a.png",90,2025,107,NA,NA,5907,104669,NA,NA,FALSE,4388,4399,2728,"Bàsquet Girona","Bàsquet Girona","GIR",4388,2662,"Real Madrid","Real Madrid","RMB",1,95,12000,11,33,33,22,36,61,18,22,81,23,14,37,18,8,13,10,3,2,1,19,22,109,10,-1,0,13,0,95,93,3,2030,3,12,2,36,4,52,9
2206491,1,"Liga Nacional","Liga Endesa",-402534000,NA,"https://www.acb.com/Documentos/Cabeceras/logo-competicion-1b.png","https://www.acb.com/Documentos/Cabeceras/logo-competicion-4a.png",90,2025,107,NA,NA,5907,104668,NA,NA,FALSE,4387,4401,2674,"Coviran Granada","Coviran Granada","COV",4387,2661,"Hiopos Lleida","Hiopos Lleida","HIO",1,89,12000,8,28,28,23,41,56,19,22,86,20,13,33,19,10,11,17,1,2,1,27,23,94,-15,-1,13,0,0,89,92,5,35,1,2,8,44,11,24,9
2206490,1,"Liga Nacional","Liga Endesa",-402534000,NA,"https://www.acb.com/Documentos/Cabeceras/logo-competicion-1b.png","https://www.acb.com/Documentos/Cabeceras/logo-competicion-4a.png",90,2025,107,NA,NA,5907,104668,NA,NA,TRUE,4401,4401,2674,"Coviran Granada","Coviran Granada","COV",4387,2661,"Hiopos Lleida","Hiopos Lleida","HIO",1,92,12000,9,27,33,15,22,68,35,41,85,25,5,30,13,7,14,4,2,1,3,23,26,101,15,-1,0,13,0,92,89,3,2277,2,17,0,28,4,24,6
2206350,1,"Liga Nacional","Liga Endesa",-402534000,NA,"https://www.acb.com/Documentos/Cabeceras/logo-competicion-1b.png","https://www.acb.com/Documentos/Cabeceras/logo-competicion-4a.png",90,2025,107,NA,NA,5907,104667,NA,NA,TRUE,4393,4393,2667,"UCAM Murcia","UCAM Murcia","UCM",4389,2711,"Surne Bilbao","Surne Bilbao","SBB",1,100,12000,16,31,51,18,32,56,16,21,76,21,8,29,22,9,12,4,4,2,1,24,20,112,95,-1,0,13,0,100,81,2,1445,1,20,2,34,6,32,8
2206351,1,"Liga Nacional","Liga Endesa",-402534000,NA,"https://www.acb.com/Documentos/Cabeceras/logo-competicion-1b.png","https://www.acb.com/Documentos/Cabeceras/logo-competicion-4a.png",90,2025,107,NA,NA,5907,104667,NA,NA,FALSE,4389,4393,2667,"UCAM Murcia","UCAM Murcia","UCM",4389,2711,"Surne Bilbao","Surne Bilbao","SBB",1,81,12000,3,15,20,28,43,65,16,22,72,21,9,30,14,8,17,8,3,4,3,21,23,84,-95,-1,13,0,0,81,100,4,786,0,7,2,54,2,32,4
2206264,1,"Liga Nacional","Liga Endesa",-402534000,NA,"https://www.acb.com/Documentos/Cabeceras/logo-competicion-1b.png","https://www.acb.com/Documentos/Cabeceras/logo-competicion-4a.png",90,2025,107,NA,NA,5907,104666,NA,NA,TRUE,4395,4395,2669,"Río Breogán","Río Breogán","BRE",4396,2725,"BAXI Manresa","BAXI Manresa","BAX",1,91,12000,10,27,37,24,42,57,13,21,61,21,20,41,18,7,16,0,2,4,1,27,21,90,65,-1,0,13,0,91,78,2,605,4,17,6,44,17,37,12
2206265,1,"Liga Nacional","Liga Endesa",-402534000,NA,"https://www.acb.com/Documentos/Cabeceras/logo-competicion-1b.png","https://www.acb.com/Documentos/Cabeceras/logo-competicion-4a.png",90,2025,107,NA,NA,5907,104666,NA,NA,FALSE,4396,4395,2669,"Río Breogán","Río Breogán","BRE",4396,2725,"BAXI Manresa","BAXI Manresa","BAX",1,78,12000,11,30,36,13,26,50,19,29,65,19,12,31,16,11,18,17,4,2,1,21,27,84,-65,-1,13,0,0,78,91,5,1554,3,14,5,26,5,19,9
2210250,1,"Liga Nacional","Liga Endesa",-402534000,NA,"https://www.acb.com/Documentos/Cabeceras/logo-competicion-1b.png","https://www.acb.com/Documentos/Cabeceras/logo-competicion-4a.png",90,2025,107,NA,NA,5908,104683,NA,NA,FALSE,4386,4392,2666,"Casademont Zaragoza","Casademont Zgz","CAZ",4386,2660,"Barça","Barça","BAR",1,92,12000,7,18,38,27,40,67,17,22,77,25,9,34,15,7,13,17,3,4,6,18,21,108,30,-1,0,13,0,92,86,2,2095,4,11,10,44,7,47,9
2210249,1,"Liga Nacional","Liga Endesa",-402534000,NA,"https://www.acb.com/Documentos/Cabeceras/logo-competicion-1b.png","https://www.acb.com/Documentos/Cabeceras/logo-competicion-4a.png",90,2025,107,NA,NA,5908,104683,NA,NA,TRUE,4392,4392,2666,"Casademont Zaragoza","Casademont Zgz","CAZ",4386,2660,"Barça","Barça","BAR",1,86,12000,11,30,36,19,33,57,15,17,88,18,6,24,18,7,8,4,5,3,2,21,18,91,-30,-1,13,0,0,86,92,4,238,3,6,8,38,6,24,7
2210163,1,"Liga Nacional","Liga Endesa",-402534000,NA,"https://www.acb.com/Documentos/Cabeceras/logo-competicion-1b.png","https://www.acb.com/Documentos/Cabeceras/logo-competicion-4a.png",90,2025,107,NA,NA,5908,104682,NA,NA,TRUE,4397,4397,2671,"Valencia Basket","Valencia Basket","VBC",4395,2669,"Río Breogán","Río Breogán","BRE",1,105,12000,11,29,37,28,44,63,16,21,76,19,13,32,26,19,12,25,1,3,6,20,25,134,85,-1,0,13,0,105,88,1,2328,0,17,12,52,2,54,9
2210164,1,"Liga Nacional","Liga Endesa",-402534000,NA,"https://www.acb.com/Documentos/Cabeceras/logo-competicion-1b.png","https://www.acb.com/Documentos/Cabeceras/logo-competicion-4a.png",90,2025,107,NA,NA,5908,104682,NA,NA,FALSE,4395,4397,2671,"Valencia Basket","Valencia Basket","VBC",4395,2669,"Río Breogán","Río Breogán","BRE",1,88,12000,10,21,47,24,46,52,10,13,76,25,13,38,20,8,21,12,3,1,3,25,20,94,-85,-1,13,0,0,88,105,3,0,0,0,9,40,9,54,8
2210051,1,"Liga Nacional","Liga Endesa",-402534000,NA,"https://www.acb.com/Documentos/Cabeceras/logo-competicion-1b.png","https://www.acb.com/Documentos/Cabeceras/logo-competicion-4a.png",90,2025,107,NA,NA,5908,104681,NA,NA,TRUE,4388,4388,2662,"Real Madrid","Real Madrid","RMB",4385,2659,"MoraBanc Andorra","MoraBanc And","MBA",1,97,12000,11,28,39,22,43,51,20,26,76,25,16,41,27,9,14,15,1,3,6,21,24,117,35,-1,0,13,0,97,90,1,1107,3,15,9,44,11,57,11
2210052,1,"Liga Nacional","Liga Endesa",-402534000,NA,"https://www.acb.com/Documentos/Cabeceras/logo-competicion-1b.png","https://www.acb.com/Documentos/Cabeceras/logo-competicion-4a.png",90,2025,107,NA,NA,5908,104681,NA,NA,FALSE,4385,4388,2662,"Real Madrid","Real Madrid","RMB",4385,2659,"MoraBanc Andorra","MoraBanc And","MBA",1,90,12000,14,35,40,17,31,54,14,18,77,23,9,32,18,9,15,10,3,1,5,24,21,94,-35,-1,13,0,0,90,97,4,1061,3,18,5,28,4,35,14
2209688,1,"Liga Nacional","Liga Endesa",-402534000,NA,"https://www.acb.com/Documentos/Cabeceras/logo-competicion-1b.png","https://www.acb.com/Documentos/Cabeceras/logo-competicion-4a.png",90,2025,107,NA,NA,5908,104680,NA,NA,FALSE,4391,4387,2661,"Hiopos Lleida","Hiopos Lleida","HIO",4391,2665,"La Laguna Tenerife","La Laguna TFE","LLT",1,101,12000,9,26,34,25,37,67,24,28,85,20,9,29,15,2,9,0,0,2,3,26,23,100,-10,-1,13,0,0,101,103,5,2038,5,12,0,30,4,55,9
2209687,1,"Liga Nacional","Liga Endesa",-402534000,NA,"https://www.acb.com/Documentos/Cabeceras/logo-competicion-1b.png","https://www.acb.com/Documentos/Cabeceras/logo-competicion-4a.png",90,2025,107,NA,NA,5908,104680,NA,NA,TRUE,4387,4387,2661,"Hiopos Lleida","Hiopos Lleida","HIO",4391,2665,"La Laguna Tenerife","La Laguna TFE","LLT",1,103,12000,8,19,42,27,38,71,25,30,83,21,2,23,16,7,5,10,3,0,4,24,26,122,10,-1,0,13,0,103,101,4,217,5,3,6,44,0,34,7
2209630,1,"Liga Nacional","Liga Endesa",-402534000,NA,"https://www.acb.com/Documentos/Cabeceras/logo-competicion-1b.png","https://www.acb.com/Documentos/Cabeceras/logo-competicion-4a.png",90,2025,107,NA,NA,5908,104679,NA,NA,FALSE,4398,4396,2725,"BAXI Manresa","BAXI Manresa","BAX",4398,2710,"Kosner Baskonia","Kosner Baskonia","BKN",1,88,12000,6,22,27,22,44,50,26,31,83,32,10,42,8,7,15,4,3,2,2,27,25,86,25,-1,0,13,0,88,83,2,1064,5,9,4,44,6,50,10
2209629,1,"Liga Nacional","Liga Endesa",-402534000,NA,"https://www.acb.com/Documentos/Cabeceras/logo-competicion-1b.png","https://www.acb.com/Documentos/Cabeceras/logo-competicion-4a.png",90,2025,107,NA,NA,5908,104679,NA,NA,TRUE,4396,4396,2725,"BAXI Manresa","BAXI Manresa","BAX",4398,2710,"Kosner Baskonia","Kosner Baskonia","BKN",1,83,12000,8,34,23,17,37,45,25,26,96,28,13,41,14,2,13,5,2,3,6,27,26,78,-25,-1,13,0,0,83,88,3,1052,4,8,5,32,7,34,8
2209463,1,"Liga Nacional","Liga Endesa",-402534000,NA,"https://www.acb.com/Documentos/Cabeceras/logo-competicion-1b.png","https://www.acb.com/Documentos/Cabeceras/logo-competicion-4a.png",90,2025,107,NA,NA,5908,104678,NA,NA,FALSE,4393,4394,2716,"Asisa Joventut","Asisa Joventut","JOV",4393,2667,"UCAM Murcia","UCAM Murcia","UCM",1,89,12000,13,29,44,18,42,42,14,15,93,30,16,46,16,5,10,3,1,2,2,20,19,103,110,-1,0,13,0,89,67,1,2161,2,25,2,32,16,37,7
2209462,1,"Liga Nacional","Liga Endesa",-402534000,NA,"https://www.acb.com/Documentos/Cabeceras/logo-competicion-1b.png","https://www.acb.com/Documentos/Cabeceras/logo-competicion-4a.png",90,2025,107,NA,NA,5908,104678,NA,NA,TRUE,4394,4394,2716,"Asisa Joventut","Asisa Joventut","JOV",4393,2667,"UCAM Murcia","UCAM Murcia","UCM",1,67,12000,4,19,21,21,45,46,13,21,61,23,9,32,13,3,9,8,2,1,2,20,20,60,-110,-1,12,0,0,67,89,3,95,2,2,2,36,2,21,6
2209295,1,"Liga Nacional","Liga Endesa",-402534000,NA,"https://www.acb.com/Documentos/Cabeceras/logo-competicion-1b.png","https://www.acb.com/Documentos/Cabeceras/logo-competicion-4a.png",90,2025,107,NA,NA,5908,104677,NA,NA,FALSE,4402,4390,2664,"Dreamland Gran Canaria","Dreamland GC","DGC",4402,2680,"Recoletas Salud San Pablo Burgos","Recoletas Salud","BUR",1,109,12000,12,27,44,28,35,80,17,21,80,27,5,32,24,7,14,9,1,2,2,28,23,126,70,-1,0,13,0,109,95,3,2199,1,24,9,54,2,42,12
2209294,1,"Liga Nacional","Liga Endesa",-402534000,NA,"https://www.acb.com/Documentos/Cabeceras/logo-competicion-1b.png","https://www.acb.com/Documentos/Cabeceras/logo-competicion-4a.png",90,2025,107,NA,NA,5908,104677,NA,NA,TRUE,4390,4390,2664,"Dreamland Gran Canaria","Dreamland GC","DGC",4402,2680,"Recoletas Salud San Pablo Burgos","Recoletas Salud","BUR",1,95,12000,10,26,38,20,31,64,25,33,75,18,4,22,14,5,13,22,3,1,1,24,28,94,-70,-1,13,0,0,95,109,4,144,0,5,7,34,4,34,6
2209151,1,"Liga Nacional","Liga Endesa",-402534000,NA,"https://www.acb.com/Documentos/Cabeceras/logo-competicion-1b.png","https://www.acb.com/Documentos/Cabeceras/logo-competicion-4a.png",90,2025,107,NA,NA,5908,104676,NA,NA,FALSE,4399,4401,2674,"Coviran Granada","Coviran Granada","COV",4399,2728,"Bàsquet Girona","Bàsquet Girona","GIR",1,91,12000,12,36,33,19,32,59,17,22,77,34,10,44,19,7,12,22,4,4,3,23,24,108,35,-1,0,13,0,91,84,4,1998,6,14,7,32,9,45,11
2209150,1,"Liga Nacional","Liga Endesa",-402534000,NA,"https://www.acb.com/Documentos/Cabeceras/logo-competicion-1b.png","https://www.acb.com/Documentos/Cabeceras/logo-competicion-4a.png",90,2025,107,NA,NA,5908,104676,NA,NA,TRUE,4401,4401,2674,"Coviran Granada","Coviran Granada","COV",4399,2728,"Bàsquet Girona","Bàsquet Girona","GIR",1,84,12000,8,30,26,22,41,53,16,23,69,27,10,37,17,8,12,8,4,4,1,25,23,84,-35,-1,13,0,0,84,91,4,324,6,4,3,42,10,45,7
2209065,1,"Liga Nacional","Liga Endesa",-402534000,NA,"https://www.acb.com/Documentos/Cabeceras/logo-competicion-1b.png","https://www.acb.com/Documentos/Cabeceras/logo-competicion-4a.png",90,2025,107,NA,NA,5908,104675,NA,NA,FALSE,4384,4389,2711,"Surne Bilbao","Surne Bilbao","SBB",4384,2658,"Unicaja","Unicaja","UNI",1,74,12000,9,29,31,19,44,43,9,16,56,25,14,39,14,7,11,15,1,3,0,27,19,61,-80,-1,13,0,0,74,90,3,502,6,7,2,28,8,27,8
2209064,1,"Liga Nacional","Liga Endesa",-402534000,NA,"https://www.acb.com/Documentos/Cabeceras/logo-competicion-1b.png","https://www.acb.com/Documentos/Cabeceras/logo-competicion-4a.png",90,2025,107,NA,NA,5908,104675,NA,NA,TRUE,4389,4389,2711,"Surne Bilbao","Surne Bilbao","SBB",4384,2658,"Unicaja","Unicaja","UNI",1,90,12000,9,26,34,17,29,58,29,34,85,32,6,38,12,6,11,2,3,1,0,19,26,110,80,-1,0,13,0,90,74,2,1630,6,19,6,28,9,53,9
2212114,1,"Liga Nacional","Liga Endesa",-402534000,NA,"https://www.acb.com/Documentos/Cabeceras/logo-competicion-1b.png","https://www.acb.com/Documentos/Cabeceras/logo-competicion-4a.png",90,2025,107,NA,NA,5909,104692,NA,NA,FALSE,4388,4402,2680,"Recoletas Salud San Pablo Burgos","Recoletas Salud","BUR",4388,2662,"Real Madrid","Real Madrid","RMB",1,94,12000,12,33,36,18,30,60,22,30,73,33,16,49,23,4,18,8,4,2,5,23,23,113,80,-1,0,13,0,94,78,3,2151,2,21,2,30,6,43,8
2212113,1,"Liga Nacional","Liga Endesa",-402534000,NA,"https://www.acb.com/Documentos/Cabeceras/logo-competicion-1b.png","https://www.acb.com/Documentos/Cabeceras/logo-competicion-4a.png",90,2025,107,NA,NA,5909,104692,NA,NA,TRUE,4402,4402,2680,"Recoletas Salud San Pablo Burgos","Recoletas Salud","BUR",4388,2662,"Real Madrid","Real Madrid","RMB",1,78,12000,5,25,20,25,52,48,13,22,59,19,17,36,9,10,10,19,2,4,3,25,23,63,-80,-1,13,0,0,78,94,4,134,1,5,8,44,11,48,7
2211974,1,"Liga Nacional","Liga Endesa",-402534000,NA,"https://www.acb.com/Documentos/Cabeceras/logo-competicion-1b.png","https://www.acb.com/Documentos/Cabeceras/logo-competicion-4a.png",90,2025,107,NA,NA,5909,104691,NA,NA,FALSE,4390,4398,2710,"Kosner Baskonia","Kosner Baskonia","BKN",4390,2664,"Dreamland Gran Canaria","Dreamland GC","DGC",1,86,12000,11,27,40,21,38,55,11,17,64,25,4,29,16,6,10,11,2,1,2,25,20,84,-10,-1,13,0,0,86,88,5,1719,5,15,7,38,3,32,8
2211973,1,"Liga Nacional","Liga Endesa",-402534000,NA,"https://www.acb.com/Documentos/Cabeceras/logo-competicion-1b.png","https://www.acb.com/Documentos/Cabeceras/logo-competicion-4a.png",90,2025,107,NA,NA,5909,104691,NA,NA,TRUE,4398,4398,2710,"Kosner Baskonia","Kosner Baskonia","BKN",4390,2664,"Dreamland Gran Canaria","Dreamland GC","DGC",1,88,12000,7,23,30,21,42,50,25,29,86,31,11,42,11,7,11,9,1,2,2,20,25,100,10,-1,0,13,0,88,86,4,636,6,7,0,40,6,55,8
2211861,1,"Liga Nacional","Liga Endesa",-402534000,NA,"https://www.acb.com/Documentos/Cabeceras/logo-competicion-1b.png","https://www.acb.com/Documentos/Cabeceras/logo-competicion-4a.png",90,2025,107,NA,NA,5909,104690,NA,NA,TRUE,4386,4386,2660,"Barça","Barça","BAR",4389,2711,"Surne Bilbao","Surne Bilbao","SBB",1,90,12000,11,26,42,24,37,64,9,13,69,31,8,39,20,7,12,2,1,1,3,18,15,109,145,-1,0,13,0,90,61,0,2358,0,31,0,44,2,46,13
2211862,1,"Liga Nacional","Liga Endesa",-402534000,NA,"https://www.acb.com/Documentos/Cabeceras/logo-competicion-1b.png","https://www.acb.com/Documentos/Cabeceras/logo-competicion-4a.png",90,2025,107,NA,NA,5909,104690,NA,NA,FALSE,4389,4386,2660,"Barça","Barça","BAR",4389,2711,"Surne Bilbao","Surne Bilbao","SBB",1,61,12000,6,23,26,18,30,60,7,15,46,21,2,23,12,7,14,2,1,1,3,15,17,54,-145,-1,13,0,0,61,90,4,0,0,0,1,30,0,34,5
2211523,1,"Liga Nacional","Liga Endesa",-402534000,NA,"https://www.acb.com/Documentos/Cabeceras/logo-competicion-1b.png","https://www.acb.com/Documentos/Cabeceras/logo-competicion-4a.png",90,2025,107,NA,NA,5909,104687,NA,NA,TRUE,4393,4393,2667,"UCAM Murcia","UCAM Murcia","UCM",4401,2674,"Coviran Granada","Coviran Granada","COV",1,107,12000,10,24,41,28,43,65,21,31,67,24,11,35,25,10,15,9,5,0,0,30,25,123,80,-1,0,13,0,107,91,3,2062,4,18,4,54,9,50,12
2211524,1,"Liga Nacional","Liga Endesa",-402534000,NA,"https://www.acb.com/Documentos/Cabeceras/logo-competicion-1b.png","https://www.acb.com/Documentos/Cabeceras/logo-competicion-4a.png",90,2025,107,NA,NA,5909,104687,NA,NA,FALSE,4401,4393,2667,"UCAM Murcia","UCAM Murcia","UCM",4401,2674,"Coviran Granada","Coviran Granada","COV",1,91,12000,6,17,35,21,41,51,31,40,77,23,10,33,14,6,18,2,0,5,3,26,29,84,-80,-1,13,0,0,91,107,4,168,4,3,4,42,10,21,7
2211496,1,"Liga Nacional","Liga Endesa",-402534000,NA,"https://www.acb.com/Documentos/Cabeceras/logo-competicion-1b.png","https://www.acb.com/Documentos/Cabeceras/logo-competicion-4a.png",90,2025,107,NA,NA,5909,104689,NA,NA,FALSE,4397,4384,2658,"Unicaja","Unicaja","UNI",4397,2671,"Valencia Basket","Valencia Basket","VBC",1,96,12000,10,27,37,24,43,55,18,23,78,28,13,41,18,8,11,16,1,3,4,25,21,105,35,-1,0,13,0,96,89,2,2112,4,11,8,44,8,58,7
2211495,1,"Liga Nacional","Liga Endesa",-402534000,NA,"https://www.acb.com/Documentos/Cabeceras/logo-competicion-1b.png","https://www.acb.com/Documentos/Cabeceras/logo-competicion-4a.png",90,2025,107,NA,NA,5909,104689,NA,NA,TRUE,4384,4384,2658,"Unicaja","Unicaja","UNI",4397,2671,"Valencia Basket","Valencia Basket","VBC",1,89,12000,13,38,34,17,28,60,16,21,76,23,8,31,16,4,13,4,5,1,1,21,25,94,-35,-1,13,0,0,89,96,2,264,4,4,4,26,4,46,8
2211440,1,"Liga Nacional","Liga Endesa",-402534000,NA,"https://www.acb.com/Documentos/Cabeceras/logo-competicion-1b.png","https://www.acb.com/Documentos/Cabeceras/logo-competicion-4a.png",90,2025,107,NA,NA,5909,104688,NA,NA,FALSE,4394,4396,2725,"BAXI Manresa","BAXI Manresa","BAX",4394,2716,"Asisa Joventut","Asisa Joventut","JOV",1,77,12000,9,28,32,16,40,40,18,21,85,25,14,39,15,5,10,2,1,2,2,21,20,78,-50,-1,13,0,0,77,87,4,70,3,2,0,24,8,37,10
2211439,1,"Liga Nacional","Liga Endesa",-402534000,NA,"https://www.acb.com/Documentos/Cabeceras/logo-competicion-1b.png","https://www.acb.com/Documentos/Cabeceras/logo-competicion-4a.png",90,2025,107,NA,NA,5909,104688,NA,NA,TRUE,4396,4396,2725,"BAXI Manresa","BAXI Manresa","BAX",4394,2716,"Asisa Joventut","Asisa Joventut","JOV",1,87,12000,11,34,32,22,35,62,10,13,76,30,13,43,19,4,11,14,2,1,3,20,20,104,50,-1,0,13,0,87,77,3,2037,3,15,2,44,7,36,10
2211272,1,"Liga Nacional","Liga Endesa",-402534000,NA,"https://www.acb.com/Documentos/Cabeceras/logo-competicion-1b.png","https://www.acb.com/Documentos/Cabeceras/logo-competicion-4a.png",90,2025,107,NA,NA,5909,104686,NA,NA,FALSE,4399,4391,2665,"La Laguna Tenerife","La Laguna TFE","LLT",4399,2728,"Bàsquet Girona","Bàsquet Girona","GIR",1,94,12000,14,36,38,19,34,55,14,16,87,19,18,37,15,7,15,7,1,4,2,30,20,86,-15,-1,13,0,0,94,97,4,33,2,2,2,34,15,29,9
2211271,1,"Liga Nacional","Liga Endesa",-402534000,NA,"https://www.acb.com/Documentos/Cabeceras/logo-competicion-1b.png","https://www.acb.com/Documentos/Cabeceras/logo-competicion-4a.png",90,2025,107,NA,NA,5909,104686,NA,NA,TRUE,4391,4391,2665,"La Laguna Tenerife","La Laguna TFE","LLT",4399,2728,"Bàsquet Girona","Bàsquet Girona","GIR",1,97,12000,10,23,43,20,34,58,27,35,77,17,10,27,18,8,9,5,4,0,3,20,29,119,15,-1,0,13,0,97,94,4,2135,2,12,1,32,4,45,11
2211131,1,"Liga Nacional","Liga Endesa",-402534000,NA,"https://www.acb.com/Documentos/Cabeceras/logo-competicion-1b.png","https://www.acb.com/Documentos/Cabeceras/logo-competicion-4a.png",90,2025,107,NA,NA,5909,104685,NA,NA,TRUE,4395,4395,2669,"Río Breogán","Río Breogán","BRE",4385,2659,"MoraBanc Andorra","MoraBanc And","MBA",1,97,12000,16,42,38,14,25,56,21,28,75,22,16,38,17,8,16,6,3,1,1,22,25,105,-10,-1,13,0,0,97,99,4,1956,7,13,2,22,20,49,8
2211132,1,"Liga Nacional","Liga Endesa",-402534000,NA,"https://www.acb.com/Documentos/Cabeceras/logo-competicion-1b.png","https://www.acb.com/Documentos/Cabeceras/logo-competicion-4a.png",90,2025,107,NA,NA,5909,104685,NA,NA,FALSE,4385,4395,2669,"Río Breogán","Río Breogán","BRE",4385,2659,"MoraBanc Andorra","MoraBanc And","MBA",1,99,12000,15,38,39,18,28,64,18,20,90,23,9,32,20,5,14,12,1,2,2,25,20,101,10,-1,0,13,0,99,97,3,194,7,3,4,30,9,40,8
2211020,1,"Liga Nacional","Liga Endesa",-402534000,NA,"https://www.acb.com/Documentos/Cabeceras/logo-competicion-1b.png","https://www.acb.com/Documentos/Cabeceras/logo-competicion-4a.png",90,2025,107,NA,NA,5909,104684,NA,NA,FALSE,4387,4392,2666,"Casademont Zaragoza","Casademont Zgz","CAZ",4387,2661,"Hiopos Lleida","Hiopos Lleida","HIO",1,91,12000,10,29,34,21,33,63,19,23,82,24,10,34,19,4,12,12,3,0,4,23,22,103,-80,-1,13,0,0,91,107,4,61,1,2,4,40,8,27,6
2211019,1,"Liga Nacional","Liga Endesa",-402534000,NA,"https://www.acb.com/Documentos/Cabeceras/logo-competicion-1b.png","https://www.acb.com/Documentos/Cabeceras/logo-competicion-4a.png",90,2025,107,NA,NA,5909,104684,NA,NA,TRUE,4392,4392,2666,"Casademont Zaragoza","Casademont Zgz","CAZ",4387,2661,"Hiopos Lleida","Hiopos Lleida","HIO",1,107,12000,8,25,32,30,45,66,23,28,82,23,11,34,18,7,6,2,1,3,8,22,23,122,80,-1,0,13,0,107,91,0,2304,2,17,5,54,6,31,9
2214480,1,"Liga Nacional","Liga Endesa",-402534000,NA,"https://www.acb.com/Documentos/Cabeceras/logo-competicion-1b.png","https://www.acb.com/Documentos/Cabeceras/logo-competicion-4a.png",90,2025,107,NA,NA,5910,104701,NA,NA,FALSE,4391,4388,2662,"Real Madrid","Real Madrid","RMB",4391,2665,"La Laguna Tenerife","La Laguna TFE","LLT",1,95,12000,7,23,30,23,37,62,28,30,93,24,6,30,19,7,12,7,0,6,2,27,28,102,25,-1,0,13,0,95,90,4,2004,1,11,6,24,3,36,8
2214479,1,"Liga Nacional","Liga Endesa",-402534000,NA,"https://www.acb.com/Documentos/Cabeceras/logo-competicion-1b.png","https://www.acb.com/Documentos/Cabeceras/logo-competicion-4a.png",90,2025,107,NA,NA,5910,104701,NA,NA,TRUE,4388,4388,2662,"Real Madrid","Real Madrid","RMB",4391,2665,"La Laguna Tenerife","La Laguna TFE","LLT",1,90,12000,6,24,25,24,46,52,24,28,85,26,13,39,16,6,12,15,7,0,6,29,26,99,-25,-1,13,0,0,90,95,3,369,0,7,3,48,6,47,7
2214341,1,"Liga Nacional","Liga Endesa",-402534000,NA,"https://www.acb.com/Documentos/Cabeceras/logo-competicion-1b.png","https://www.acb.com/Documentos/Cabeceras/logo-competicion-4a.png",90,2025,107,NA,NA,5910,104700,NA,NA,FALSE,4397,4399,2728,"Bàsquet Girona","Bàsquet Girona","GIR",4397,2671,"Valencia Basket","Valencia Basket","VBC",1,84,12000,16,49,32,14,28,50,8,13,61,27,24,51,19,3,10,13,3,1,3,13,18,102,15,-1,0,13,0,84,81,2,1764,1,8,4,22,15,43,6
2214340,1,"Liga Nacional","Liga Endesa",-402534000,NA,"https://www.acb.com/Documentos/Cabeceras/logo-competicion-1b.png","https://www.acb.com/Documentos/Cabeceras/logo-competicion-4a.png",90,2025,107,NA,NA,5910,104700,NA,NA,TRUE,4399,4399,2728,"Bàsquet Girona","Bàsquet Girona","GIR",4397,2671,"Valencia Basket","Valencia Basket","VBC",1,81,12000,15,39,38,13,29,44,10,12,83,24,11,35,14,3,6,5,1,3,1,18,13,78,-15,-1,13,0,0,81,84,4,198,1,4,0,24,10,22,6
2214233,1,"Liga Nacional","Liga Endesa",-402534000,NA,"https://www.acb.com/Documentos/Cabeceras/logo-competicion-1b.png","https://www.acb.com/Documentos/Cabeceras/logo-competicion-4a.png",90,2025,107,NA,NA,5910,104699,NA,NA,FALSE,4395,4402,2680,"Recoletas Salud San Pablo Burgos","Recoletas Salud","BUR",4395,2669,"Río Breogán","Río Breogán","BRE",1,99,12000,12,26,46,23,42,54,17,20,85,31,8,39,17,9,13,18,2,4,1,26,22,109,25,-1,0,12,0,99,94,0,1583,10,10,5,38,4,55,7
2214232,1,"Liga Nacional","Liga Endesa",-402534000,NA,"https://www.acb.com/Documentos/Cabeceras/logo-competicion-1b.png","https://www.acb.com/Documentos/Cabeceras/logo-competicion-4a.png",90,2025,107,NA,NA,5910,104699,NA,NA,TRUE,4402,4402,2680,"Recoletas Salud San Pablo Burgos","Recoletas Salud","BUR",4395,2669,"Río Breogán","Río Breogán","BRE",1,94,12000,10,35,28,24,46,52,16,27,59,24,19,43,19,10,10,7,4,1,1,23,25,103,-25,-1,13,0,0,94,99,5,579,10,4,4,46,11,21,8
2214036,1,"Liga Nacional","Liga Endesa",-402534000,NA,"https://www.acb.com/Documentos/Cabeceras/logo-competicion-1b.png","https://www.acb.com/Documentos/Cabeceras/logo-competicion-4a.png",90,2025,107,NA,NA,5910,104698,NA,NA,TRUE,4401,4401,2674,"Coviran Granada","Coviran Granada","COV",4384,2658,"Unicaja","Unicaja","UNI",1,83,12000,11,24,45,12,31,38,26,33,78,30,14,44,12,10,20,6,2,3,1,24,28,93,60,-1,0,13,0,83,71,4,2382,0,23,7,24,9,38,11
2214037,1,"Liga Nacional","Liga Endesa",-402534000,NA,"https://www.acb.com/Documentos/Cabeceras/logo-competicion-1b.png","https://www.acb.com/Documentos/Cabeceras/logo-competicion-4a.png",90,2025,107,NA,NA,5910,104698,NA,NA,FALSE,4384,4401,2674,"Coviran Granada","Coviran Granada","COV",4384,2658,"Unicaja","Unicaja","UNI",1,71,12000,9,29,31,13,30,43,18,24,75,18,8,26,10,9,16,6,3,1,3,30,24,53,-60,-1,13,0,0,71,83,4,0,0,0,9,24,2,44,12
2213952,1,"Liga Nacional","Liga Endesa",-402534000,NA,"https://www.acb.com/Documentos/Cabeceras/logo-competicion-1b.png","https://www.acb.com/Documentos/Cabeceras/logo-competicion-4a.png",90,2025,107,NA,NA,5910,104697,NA,NA,TRUE,4387,4387,2661,"Hiopos Lleida","Hiopos Lleida","HIO",4386,2660,"Barça","Barça","BAR",1,90,12000,11,24,45,20,35,57,17,20,85,25,6,31,27,8,12,10,1,2,4,22,19,109,50,-1,0,13,0,90,80,3,1482,2,14,5,40,2,10,10
2213953,1,"Liga Nacional","Liga Endesa",-402534000,NA,"https://www.acb.com/Documentos/Cabeceras/logo-competicion-1b.png","https://www.acb.com/Documentos/Cabeceras/logo-competicion-4a.png",90,2025,107,NA,NA,5910,104697,NA,NA,FALSE,4386,4387,2661,"Hiopos Lleida","Hiopos Lleida","HIO",4386,2660,"Barça","Barça","BAR",1,80,12000,8,30,26,22,33,66,12,15,80,23,5,28,12,6,11,4,2,1,3,20,22,82,-50,-1,13,0,0,80,90,4,676,1,8,0,34,4,43,8
2213731,1,"Liga Nacional","Liga Endesa",-402534000,NA,"https://www.acb.com/Documentos/Cabeceras/logo-competicion-1b.png","https://www.acb.com/Documentos/Cabeceras/logo-competicion-4a.png",90,2025,107,NA,NA,5910,104695,NA,NA,FALSE,4392,4390,2664,"Dreamland Gran Canaria","Dreamland GC","DGC",4392,2666,"Casademont Zaragoza","Casademont Zgz","CAZ",1,78,12000,4,14,28,26,51,50,14,17,82,31,16,47,10,9,14,6,2,2,2,24,22,90,20,-1,0,13,0,78,74,2,1848,4,11,2,44,8,35,9
2213730,1,"Liga Nacional","Liga Endesa",-402534000,NA,"https://www.acb.com/Documentos/Cabeceras/logo-competicion-1b.png","https://www.acb.com/Documentos/Cabeceras/logo-competicion-4a.png",90,2025,107,NA,NA,5910,104695,NA,NA,TRUE,4390,4390,2664,"Dreamland Gran Canaria","Dreamland GC","DGC",4392,2666,"Casademont Zaragoza","Casademont Zgz","CAZ",1,74,12000,7,33,21,17,27,62,19,25,76,21,9,30,11,7,11,9,2,2,1,22,24,71,-20,-1,13,0,0,74,78,4,345,4,7,5,32,6,17,9
2213622,1,"Liga Nacional","Liga Endesa",-402534000,NA,"https://www.acb.com/Documentos/Cabeceras/logo-competicion-1b.png","https://www.acb.com/Documentos/Cabeceras/logo-competicion-4a.png",90,2025,107,NA,NA,5910,104693,NA,NA,FALSE,4398,4394,2716,"Asisa Joventut","Asisa Joventut","JOV",4398,2710,"Kosner Baskonia","Kosner Baskonia","BKN",1,69,12000,7,27,25,16,39,41,16,19,84,32,7,39,10,6,15,2,4,7,2,19,20,61,-60,-1,12,0,0,69,81,4,279,2,3,0,30,4,43,8
2213621,1,"Liga Nacional","Liga Endesa",-402534000,NA,"https://www.acb.com/Documentos/Cabeceras/logo-competicion-1b.png","https://www.acb.com/Documentos/Cabeceras/logo-competicion-4a.png",90,2025,107,NA,NA,5910,104693,NA,NA,TRUE,4394,4394,2716,"Asisa Joventut","Asisa Joventut","JOV",4398,2710,"Kosner Baskonia","Kosner Baskonia","BKN",1,81,12000,7,21,33,24,44,54,12,17,70,34,4,38,17,12,10,15,7,3,2,22,19,100,60,-1,0,13,0,81,69,3,2001,2,12,12,40,4,28,8
2213538,1,"Liga Nacional","Liga Endesa",-402534000,NA,"https://www.acb.com/Documentos/Cabeceras/logo-competicion-1b.png","https://www.acb.com/Documentos/Cabeceras/logo-competicion-4a.png",90,2025,107,NA,NA,5910,104694,NA,NA,FALSE,4393,4385,2659,"MoraBanc Andorra","MoraBanc And","MBA",4393,2667,"UCAM Murcia","UCAM Murcia","UCM",1,95,12000,12,34,35,20,29,68,19,25,76,29,8,37,18,7,14,9,2,2,1,22,24,108,30,-1,0,13,0,95,89,3,981,5,9,5,34,7,38,10
2213537,1,"Liga Nacional","Liga Endesa",-402534000,NA,"https://www.acb.com/Documentos/Cabeceras/logo-competicion-1b.png","https://www.acb.com/Documentos/Cabeceras/logo-competicion-4a.png",90,2025,107,NA,NA,5910,104694,NA,NA,TRUE,4385,4385,2659,"MoraBanc Andorra","MoraBanc And","MBA",4393,2667,"UCAM Murcia","UCAM Murcia","UCM",1,89,12000,11,32,34,22,43,51,12,16,75,21,15,36,20,7,9,9,2,2,3,24,22,95,-30,-1,13,0,0,89,95,4,1303,4,9,5,40,13,21,15
2213396,1,"Liga Nacional","Liga Endesa",-402534000,NA,"https://www.acb.com/Documentos/Cabeceras/logo-competicion-1b.png","https://www.acb.com/Documentos/Cabeceras/logo-competicion-4a.png",90,2025,107,NA,NA,5910,104696,NA,NA,FALSE,4396,4389,2711,"Surne Bilbao","Surne Bilbao","SBB",4396,2725,"BAXI Manresa","BAXI Manresa","BAX",1,84,12000,8,31,25,19,35,54,22,31,70,23,11,34,18,10,11,10,2,3,2,23,28,91,20,-1,0,13,0,84,80,4,1991,4,8,4,30,9,42,8
2213395,1,"Liga Nacional","Liga Endesa",-402534000,NA,"https://www.acb.com/Documentos/Cabeceras/logo-competicion-1b.png","https://www.acb.com/Documentos/Cabeceras/logo-competicion-4a.png",90,2025,107,NA,NA,5910,104696,NA,NA,TRUE,4389,4389,2711,"Surne Bilbao","Surne Bilbao","SBB",4396,2725,"BAXI Manresa","BAXI Manresa","BAX",1,80,12000,9,28,32,19,42,45,15,20,75,32,18,50,13,6,20,5,3,2,3,30,22,75,-20,-1,13,0,0,80,84,4,212,4,3,3,34,13,36,8
2215629,1,"Liga Nacional","Liga Endesa",-402534000,NA,"https://www.acb.com/Documentos/Cabeceras/logo-competicion-1b.png","https://www.acb.com/Documentos/Cabeceras/logo-competicion-4a.png",90,2025,107,NA,NA,5911,104703,NA,NA,FALSE,4402,4396,2725,"BAXI Manresa","BAXI Manresa","BAX",4402,2680,"Recoletas Salud San Pablo Burgos","Recoletas Salud","BUR",1,101,12000,8,20,40,31,52,59,15,19,78,25,11,36,16,9,13,10,2,3,6,27,21,105,35,-1,0,13,0,101,94,2,1034,5,12,2,62,11,57,8
2215628,1,"Liga Nacional","Liga Endesa",-402534000,NA,"https://www.acb.com/Documentos/Cabeceras/logo-competicion-1b.png","https://www.acb.com/Documentos/Cabeceras/logo-competicion-4a.png",90,2025,107,NA,NA,5911,104703,NA,NA,TRUE,4396,4396,2725,"BAXI Manresa","BAXI Manresa","BAX",4402,2680,"Recoletas Salud San Pablo Burgos","Recoletas Salud","BUR",1,94,12000,7,28,25,26,40,65,21,31,67,23,13,36,17,7,15,12,4,1,5,22,27,102,-35,-1,13,0,0,94,101,5,1300,4,10,7,50,10,43,9
2215323,1,"Liga Nacional","Liga Endesa",-402534000,NA,"https://www.acb.com/Documentos/Cabeceras/logo-competicion-1b.png","https://www.acb.com/Documentos/Cabeceras/logo-competicion-4a.png",90,2025,107,NA,NA,5911,104709,NA,NA,TRUE,4401,4401,2674,"Coviran Granada","Coviran Granada","COV",4385,2659,"MoraBanc Andorra","MoraBanc And","MBA",1,89,12000,9,28,32,21,40,52,20,26,76,31,14,45,15,5,9,9,7,2,4,24,26,108,15,-1,0,13,0,89,86,4,1484,4,12,0,42,6,33,8
2215324,1,"Liga Nacional","Liga Endesa",-402534000,NA,"https://www.acb.com/Documentos/Cabeceras/logo-competicion-1b.png","https://www.acb.com/Documentos/Cabeceras/logo-competicion-4a.png",90,2025,107,NA,NA,5911,104709,NA,NA,FALSE,4385,4401,2674,"Coviran Granada","Coviran Granada","COV",4385,2659,"MoraBanc Andorra","MoraBanc And","MBA",1,86,12000,15,38,39,14,35,40,13,16,81,24,14,38,15,4,7,13,2,7,2,27,23,80,-15,-1,13,0,0,86,89,5,753,3,6,2,26,13,22,8
2215268,1,"Liga Nacional","Liga Endesa",-402534000,NA,"https://www.acb.com/Documentos/Cabeceras/logo-competicion-1b.png","https://www.acb.com/Documentos/Cabeceras/logo-competicion-4a.png",90,2025,107,NA,NA,5911,104707,NA,NA,FALSE,4386,4398,2710,"Kosner Baskonia","Kosner Baskonia","BKN",4386,2660,"Barça","Barça","BAR",1,95,12000,8,20,40,23,45,51,25,32,78,25,10,35,16,8,8,4,1,6,2,23,27,104,15,-1,0,13,0,95,92,3,1971,6,16,6,42,6,30,17
2215267,1,"Liga Nacional","Liga Endesa",-402534000,NA,"https://www.acb.com/Documentos/Cabeceras/logo-competicion-1b.png","https://www.acb.com/Documentos/Cabeceras/logo-competicion-4a.png",90,2025,107,NA,NA,5911,104707,NA,NA,TRUE,4398,4398,2710,"Kosner Baskonia","Kosner Baskonia","BKN",4386,2660,"Barça","Barça","BAR",1,92,12000,10,28,35,21,29,72,20,26,76,25,5,30,15,5,13,15,6,0,2,27,22,98,-15,-1,12,0,0,92,95,5,318,6,4,8,38,0,60,7
2215212,1,"Liga Nacional","Liga Endesa",-402534000,NA,"https://www.acb.com/Documentos/Cabeceras/logo-competicion-1b.png","https://www.acb.com/Documentos/Cabeceras/logo-competicion-4a.png",90,2025,107,NA,NA,5911,104706,NA,NA,FALSE,4394,4395,2669,"Río Breogán","Río Breogán","BRE",4394,2716,"Asisa Joventut","Asisa Joventut","JOV",1,86,12000,9,30,30,20,35,57,19,22,86,25,14,39,14,7,15,4,2,1,2,22,17,88,-35,-1,13,0,0,86,93,5,177,4,5,4,36,4,31,7
2215211,1,"Liga Nacional","Liga Endesa",-402534000,NA,"https://www.acb.com/Documentos/Cabeceras/logo-competicion-1b.png","https://www.acb.com/Documentos/Cabeceras/logo-competicion-4a.png",90,2025,107,NA,NA,5911,104706,NA,NA,TRUE,4395,4395,2669,"Río Breogán","Río Breogán","BRE",4394,2716,"Asisa Joventut","Asisa Joventut","JOV",1,93,12000,13,31,41,21,34,61,12,17,70,22,10,32,23,9,15,8,1,2,3,17,22,110,35,-1,0,13,0,93,86,1,1883,5,13,4,38,7,60,7
2215014,1,"Liga Nacional","Liga Endesa",-402534000,NA,"https://www.acb.com/Documentos/Cabeceras/logo-competicion-1b.png","https://www.acb.com/Documentos/Cabeceras/logo-competicion-4a.png",90,2025,107,NA,NA,5911,104710,NA,NA,FALSE,4388,4397,2671,"Valencia Basket","Valencia Basket","VBC",4388,2662,"Real Madrid","Real Madrid","RMB",1,96,12000,7,20,35,26,41,63,23,27,85,30,9,39,16,6,9,8,4,3,7,20,20,117,70,-1,0,13,0,96,82,2,2160,3,19,4,46,7,41,10
2215013,1,"Liga Nacional","Liga Endesa",-402534000,NA,"https://www.acb.com/Documentos/Cabeceras/logo-competicion-1b.png","https://www.acb.com/Documentos/Cabeceras/logo-competicion-4a.png",90,2025,107,NA,NA,5911,104710,NA,NA,TRUE,4397,4397,2671,"Valencia Basket","Valencia Basket","VBC",4388,2662,"Real Madrid","Real Madrid","RMB",1,82,12000,10,32,31,21,39,53,10,16,62,21,10,31,18,3,9,4,4,4,0,20,19,78,-70,-1,13,0,0,82,96,4,213,3,3,2,40,7,46,6
2214901,1,"Liga Nacional","Liga Endesa",-402534000,NA,"https://www.acb.com/Documentos/Cabeceras/logo-competicion-1b.png","https://www.acb.com/Documentos/Cabeceras/logo-competicion-4a.png",90,2025,107,NA,NA,5911,104705,NA,NA,TRUE,4390,4390,2664,"Dreamland Gran Canaria","Dreamland GC","DGC",4399,2728,"Bàsquet Girona","Bàsquet Girona","GIR",1,100,12000,14,30,46,13,31,41,32,37,86,24,9,33,15,9,14,7,2,0,0,21,31,116,50,-1,0,13,0,100,90,3,1037,5,13,7,26,7,18,8
2214902,1,"Liga Nacional","Liga Endesa",-402534000,NA,"https://www.acb.com/Documentos/Cabeceras/logo-competicion-1b.png","https://www.acb.com/Documentos/Cabeceras/logo-competicion-4a.png",90,2025,107,NA,NA,5911,104705,NA,NA,FALSE,4399,4390,2664,"Dreamland Gran Canaria","Dreamland GC","DGC",4399,2728,"Bàsquet Girona","Bàsquet Girona","GIR",1,90,12000,9,23,39,24,36,66,15,20,75,23,3,26,16,7,16,15,0,2,1,32,19,77,-50,-1,13,0,0,90,100,5,1322,5,13,3,42,2,26,15
2214760,1,"Liga Nacional","Liga Endesa",-402534000,NA,"https://www.acb.com/Documentos/Cabeceras/logo-competicion-1b.png","https://www.acb.com/Documentos/Cabeceras/logo-competicion-4a.png",90,2025,107,NA,NA,5911,104704,NA,NA,FALSE,4391,4393,2667,"UCAM Murcia","UCAM Murcia","UCM",4391,2665,"La Laguna Tenerife","La Laguna TFE","LLT",1,80,12000,10,23,43,18,36,50,14,19,73,24,5,29,15,8,12,0,0,3,3,20,22,83,-30,-1,13,0,0,80,86,2,1209,7,7,0,32,3,57,8
2214759,1,"Liga Nacional","Liga Endesa",-402534000,NA,"https://www.acb.com/Documentos/Cabeceras/logo-competicion-1b.png","https://www.acb.com/Documentos/Cabeceras/logo-competicion-4a.png",90,2025,107,NA,NA,5911,104704,NA,NA,TRUE,4393,4393,2667,"UCAM Murcia","UCAM Murcia","UCM",4391,2665,"La Laguna Tenerife","La Laguna TFE","LLT",1,86,12000,9,21,42,21,38,55,17,20,85,27,8,35,14,6,14,8,3,0,4,22,20,96,30,-1,0,13,0,86,80,3,919,7,9,2,40,5,45,7
2214647,1,"Liga Nacional","Liga Endesa",-402534000,NA,"https://www.acb.com/Documentos/Cabeceras/logo-competicion-1b.png","https://www.acb.com/Documentos/Cabeceras/logo-competicion-4a.png",90,2025,107,NA,NA,5911,104702,NA,NA,TRUE,4384,4384,2658,"Unicaja","Unicaja","UNI",4387,2661,"Hiopos Lleida","Hiopos Lleida","HIO",1,91,12000,14,37,37,16,33,48,17,24,70,31,11,42,24,9,7,8,6,1,3,27,23,113,95,-1,0,13,0,91,72,1,1998,3,24,2,32,7,45,15
2214648,1,"Liga Nacional","Liga Endesa",-402534000,NA,"https://www.acb.com/Documentos/Cabeceras/logo-competicion-1b.png","https://www.acb.com/Documentos/Cabeceras/logo-competicion-4a.png",90,2025,107,NA,NA,5911,104702,NA,NA,FALSE,4387,4384,2658,"Unicaja","Unicaja","UNI",4387,2661,"Hiopos Lleida","Hiopos Lleida","HIO",1,72,12000,4,24,16,20,39,51,20,30,66,31,13,44,11,2,13,2,2,5,0,23,27,68,-95,-1,13,0,0,72,91,3,160,3,5,0,34,0,17,7
2188795,1,"Liga Nacional","Liga Endesa",-402534000,NA,"https://www.acb.com/Documentos/Cabeceras/logo-competicion-1b.png","https://www.acb.com/Documentos/Cabeceras/logo-competicion-4a.png",90,2025,107,NA,NA,5911,104708,NA,NA,FALSE,4389,4392,2666,"Casademont Zaragoza","Casademont Zgz","CAZ",4389,2711,"Surne Bilbao","Surne Bilbao","SBB",1,84,12000,8,31,25,24,37,64,12,16,75,25,11,36,19,10,12,9,2,3,6,17,20,99,10,-1,0,13,0,84,82,2,1646,5,9,5,38,7,30,7
2188794,1,"Liga Nacional","Liga Endesa",-402534000,NA,"https://www.acb.com/Documentos/Cabeceras/logo-competicion-1b.png","https://www.acb.com/Documentos/Cabeceras/logo-competicion-4a.png",90,2025,107,NA,NA,5911,104708,NA,NA,TRUE,4392,4392,2666,"Casademont Zaragoza","Casademont Zgz","CAZ",4389,2711,"Surne Bilbao","Surne Bilbao","SBB",1,82,12000,9,28,32,21,39,53,13,15,86,26,10,36,13,8,13,4,3,2,2,20,17,85,-10,-1,13,0,0,82,84,4,370,4,3,2,38,7,40,6
2215936,1,"Liga Nacional","Liga Endesa",-402534000,NA,"https://www.acb.com/Documentos/Cabeceras/logo-competicion-1b.png","https://www.acb.com/Documentos/Cabeceras/logo-competicion-4a.png",90,2025,107,NA,NA,5912,104711,NA,NA,TRUE,4394,4394,2716,"Asisa Joventut","Asisa Joventut","JOV",4384,2658,"Unicaja","Unicaja","UNI",1,95,12000,12,22,54,21,44,47,17,24,70,31,10,41,23,9,7,17,5,3,4,23,20,120,105,-1,0,13,0,95,74,2,2387,0,31,9,38,2,42,9
2215937,1,"Liga Nacional","Liga Endesa",-402534000,NA,"https://www.acb.com/Documentos/Cabeceras/logo-competicion-1b.png","https://www.acb.com/Documentos/Cabeceras/logo-competicion-4a.png",90,2025,107,NA,NA,5912,104711,NA,NA,FALSE,4384,4394,2716,"Asisa Joventut","Asisa Joventut","JOV",4384,2658,"Unicaja","Unicaja","UNI",1,74,12000,10,33,30,15,35,42,14,20,70,27,14,41,13,4,13,5,3,5,1,21,23,70,-105,-1,13,0,0,74,95,3,0,0,0,3,28,8,34,10
2217025,1,"Liga Nacional","Liga Endesa",-402534000,NA,"https://www.acb.com/Documentos/Cabeceras/logo-competicion-1b.png","https://www.acb.com/Documentos/Cabeceras/logo-competicion-4a.png",90,2025,107,NA,NA,5912,104719,NA,NA,TRUE,4386,4386,2660,"Barça","Barça","BAR",4390,2664,"Dreamland Gran Canaria","Dreamland GC","DGC",1,91,12000,4,14,28,31,50,62,17,24,70,31,13,44,13,7,9,4,2,4,4,18,22,112,110,-1,0,13,0,91,69,1,2264,1,28,2,52,8,26,12
2217026,1,"Liga Nacional","Liga Endesa",-402534000,NA,"https://www.acb.com/Documentos/Cabeceras/logo-competicion-1b.png","https://www.acb.com/Documentos/Cabeceras/logo-competicion-4a.png",90,2025,107,NA,NA,5912,104719,NA,NA,FALSE,4390,4386,2660,"Barça","Barça","BAR",4390,2664,"Dreamland Gran Canaria","Dreamland GC","DGC",1,69,12000,12,31,38,9,24,37,15,18,83,17,5,22,9,3,11,6,4,2,0,22,18,53,-110,-1,13,0,0,69,91,4,60,1,3,0,14,6,32,8
2216912,1,"Liga Nacional","Liga Endesa",-402534000,NA,"https://www.acb.com/Documentos/Cabeceras/logo-competicion-1b.png","https://www.acb.com/Documentos/Cabeceras/logo-competicion-4a.png",90,2025,107,NA,NA,5912,104714,NA,NA,FALSE,4395,4398,2710,"Kosner Baskonia","Kosner Baskonia","BKN",4395,2669,"Río Breogán","Río Breogán","BRE",1,84,12000,6,19,31,28,47,59,10,18,55,20,9,29,18,3,12,2,4,4,3,22,20,80,-140,-1,13,0,0,84,112,3,18,1,1,0,46,6,53,8
2216911,1,"Liga Nacional","Liga Endesa",-402534000,NA,"https://www.acb.com/Documentos/Cabeceras/logo-competicion-1b.png","https://www.acb.com/Documentos/Cabeceras/logo-competicion-4a.png",90,2025,107,NA,NA,5912,104714,NA,NA,TRUE,4398,4398,2710,"Kosner Baskonia","Kosner Baskonia","BKN",4395,2669,"Río Breogán","Río Breogán","BRE",1,112,12000,17,35,48,22,36,61,17,23,73,26,14,40,27,8,9,13,5,4,8,20,22,143,140,-1,0,13,0,112,84,1,2253,1,31,9,44,4,67,10
2216603,1,"Liga Nacional","Liga Endesa",-402534000,NA,"https://www.acb.com/Documentos/Cabeceras/logo-competicion-1b.png","https://www.acb.com/Documentos/Cabeceras/logo-competicion-4a.png",90,2025,107,NA,NA,5912,104716,NA,NA,TRUE,4389,4389,2711,"Surne Bilbao","Surne Bilbao","SBB",4401,2674,"Coviran Granada","Coviran Granada","COV",1,88,12000,9,33,27,22,37,59,17,20,85,24,7,31,15,6,14,4,3,0,3,25,23,85,25,-1,0,13,0,88,83,4,1336,5,8,7,38,6,48,11
2216604,1,"Liga Nacional","Liga Endesa",-402534000,NA,"https://www.acb.com/Documentos/Cabeceras/logo-competicion-1b.png","https://www.acb.com/Documentos/Cabeceras/logo-competicion-4a.png",90,2025,107,NA,NA,5912,104716,NA,NA,FALSE,4401,4389,2711,"Surne Bilbao","Surne Bilbao","SBB",4401,2674,"Coviran Granada","Coviran Granada","COV",1,83,12000,7,27,25,18,33,54,26,30,86,27,10,37,12,5,21,12,0,2,3,26,24,73,-25,-1,13,0,0,83,88,5,687,5,5,4,24,6,36,7
2216463,1,"Liga Nacional","Liga Endesa",-402534000,NA,"https://www.acb.com/Documentos/Cabeceras/logo-competicion-1b.png","https://www.acb.com/Documentos/Cabeceras/logo-competicion-4a.png",90,2025,107,NA,NA,5912,104715,NA,NA,TRUE,4396,4396,2725,"BAXI Manresa","BAXI Manresa","BAX",4397,2671,"Valencia Basket","Valencia Basket","VBC",1,104,12000,11,26,42,27,50,54,17,24,70,22,14,36,14,7,13,15,1,8,0,24,22,94,10,-1,0,13,0,104,102,5,205,3,2,5,50,9,63,10
2216464,1,"Liga Nacional","Liga Endesa",-402534000,NA,"https://www.acb.com/Documentos/Cabeceras/logo-competicion-1b.png","https://www.acb.com/Documentos/Cabeceras/logo-competicion-4a.png",90,2025,107,NA,NA,5912,104715,NA,NA,FALSE,4397,4396,2725,"BAXI Manresa","BAXI Manresa","BAX",4397,2671,"Valencia Basket","Valencia Basket","VBC",1,102,12000,10,27,37,28,44,63,16,24,66,28,11,39,23,5,13,17,8,1,6,22,22,122,-10,-1,13,0,0,102,104,2,2074,2,11,6,52,4,58,7
2216491,1,"Liga Nacional","Liga Endesa",-402534000,NA,"https://www.acb.com/Documentos/Cabeceras/logo-competicion-1b.png","https://www.acb.com/Documentos/Cabeceras/logo-competicion-4a.png",90,2025,107,NA,NA,5912,104717,NA,NA,TRUE,4388,4388,2662,"Real Madrid","Real Madrid","RMB",4393,2667,"UCAM Murcia","UCAM Murcia","UCM",1,131,13500,16,32,50,27,48,56,29,39,74,29,13,42,23,7,8,14,4,0,5,26,29,155,40,-1,0,13,0,131,123,5,327,2,8,2,46,10,60,12
2216492,1,"Liga Nacional","Liga Endesa",-402534000,NA,"https://www.acb.com/Documentos/Cabeceras/logo-competicion-1b.png","https://www.acb.com/Documentos/Cabeceras/logo-competicion-4a.png",90,2025,107,NA,NA,5912,104717,NA,NA,FALSE,4393,4388,2662,"Real Madrid","Real Madrid","RMB",4393,2667,"UCAM Murcia","UCAM Murcia","UCM",1,123,13500,16,35,45,28,45,62,19,30,63,27,11,38,22,5,10,21,0,3,2,29,26,125,-40,-1,13,0,0,123,131,5,2089,1,15,0,50,6,63,12
2216273,1,"Liga Nacional","Liga Endesa",-402534000,NA,"https://www.acb.com/Documentos/Cabeceras/logo-competicion-1b.png","https://www.acb.com/Documentos/Cabeceras/logo-competicion-4a.png",90,2025,107,NA,NA,5912,104718,NA,NA,FALSE,4387,4402,2680,"Recoletas Salud San Pablo Burgos","Recoletas Salud","BUR",4387,2661,"Hiopos Lleida","Hiopos Lleida","HIO",1,91,12000,7,28,25,28,42,66,14,19,73,25,14,39,19,2,11,12,3,4,3,26,20,93,-40,-1,12,0,0,91,99,4,1598,5,13,2,52,18,26,7
2216272,1,"Liga Nacional","Liga Endesa",-402534000,NA,"https://www.acb.com/Documentos/Cabeceras/logo-competicion-1b.png","https://www.acb.com/Documentos/Cabeceras/logo-competicion-4a.png",90,2025,107,NA,NA,5912,104718,NA,NA,TRUE,4402,4402,2680,"Recoletas Salud San Pablo Burgos","Recoletas Salud","BUR",4387,2661,"Hiopos Lleida","Hiopos Lleida","HIO",1,99,12000,11,26,42,20,37,54,26,30,86,24,9,33,16,6,9,9,5,2,1,20,26,118,40,-1,0,13,0,99,91,2,566,5,10,11,36,9,44,9
2216161,1,"Liga Nacional","Liga Endesa",-402534000,NA,"https://www.acb.com/Documentos/Cabeceras/logo-competicion-1b.png","https://www.acb.com/Documentos/Cabeceras/logo-competicion-4a.png",90,2025,107,NA,NA,5912,104713,NA,NA,FALSE,4385,4391,2665,"La Laguna Tenerife","La Laguna TFE","LLT",4385,2659,"MoraBanc Andorra","MoraBanc And","MBA",1,90,12000,9,16,56,25,40,62,13,18,72,29,5,34,14,7,17,15,1,0,6,22,19,99,5,-1,0,13,0,90,89,4,80,3,2,4,42,5,53,7
2216160,1,"Liga Nacional","Liga Endesa",-402534000,NA,"https://www.acb.com/Documentos/Cabeceras/logo-competicion-1b.png","https://www.acb.com/Documentos/Cabeceras/logo-competicion-4a.png",90,2025,107,NA,NA,5912,104713,NA,NA,TRUE,4391,4391,2665,"La Laguna Tenerife","La Laguna TFE","LLT",4385,2659,"MoraBanc Andorra","MoraBanc And","MBA",1,89,12000,10,31,32,22,40,55,15,17,88,20,9,29,16,11,11,7,0,1,1,20,20,92,-5,-1,13,0,0,89,90,2,2172,2,11,10,32,7,40,8
2215964,1,"Liga Nacional","Liga Endesa",-402534000,NA,"https://www.acb.com/Documentos/Cabeceras/logo-competicion-1b.png","https://www.acb.com/Documentos/Cabeceras/logo-competicion-4a.png",90,2025,107,NA,NA,5912,104712,NA,NA,TRUE,4399,4399,2728,"Bàsquet Girona","Bàsquet Girona","GIR",4392,2666,"Casademont Zaragoza","Casademont Zgz","CAZ",1,90,12000,18,37,48,15,26,57,6,6,100,26,12,38,22,10,21,14,3,1,1,24,17,104,45,-1,0,13,0,90,81,3,2272,5,30,5,28,16,22,18
2215965,1,"Liga Nacional","Liga Endesa",-402534000,NA,"https://www.acb.com/Documentos/Cabeceras/logo-competicion-1b.png","https://www.acb.com/Documentos/Cabeceras/logo-competicion-4a.png",90,2025,107,NA,NA,5912,104712,NA,NA,FALSE,4392,4399,2728,"Bàsquet Girona","Bàsquet Girona","GIR",4392,2666,"Casademont Zaragoza","Casademont Zgz","CAZ",1,81,12000,12,35,34,17,33,51,11,16,68,18,14,32,21,15,15,15,1,3,2,17,24,95,-45,-1,13,0,0,81,90,4,96,4,2,8,28,13,28,13
2221977,1,"Liga Nacional","Liga Endesa",-402534000,NA,"https://www.acb.com/Documentos/Cabeceras/logo-competicion-1b.png","https://www.acb.com/Documentos/Cabeceras/logo-competicion-4a.png",90,2025,107,NA,NA,5913,104722,NA,NA,FALSE,4394,4391,2665,"La Laguna Tenerife","La Laguna TFE","LLT",4394,2716,"Asisa Joventut","Asisa Joventut","JOV",1,100,13500,10,24,41,24,42,57,22,27,81,29,9,38,15,5,10,10,2,1,2,22,20,110,10,-1,0,13,0,100,98,4,127,3,2,0,38,8,34,7
2221976,1,"Liga Nacional","Liga Endesa",-402534000,NA,"https://www.acb.com/Documentos/Cabeceras/logo-competicion-1b.png","https://www.acb.com/Documentos/Cabeceras/logo-competicion-4a.png",90,2025,107,NA,NA,5913,104722,NA,NA,TRUE,4391,4391,2665,"La Laguna Tenerife","La Laguna TFE","LLT",4394,2716,"Asisa Joventut","Asisa Joventut","JOV",1,98,13500,15,37,40,19,34,55,15,22,68,24,6,30,18,7,6,2,1,1,1,20,22,105,-10,-1,13,0,0,98,100,4,2323,2,17,6,30,6,32,7
2218609,1,"Liga Nacional","Liga Endesa",-402534000,NA,"https://www.acb.com/Documentos/Cabeceras/logo-competicion-1b.png","https://www.acb.com/Documentos/Cabeceras/logo-competicion-4a.png",90,2025,107,NA,NA,5913,104728,NA,NA,FALSE,4398,4397,2671,"Valencia Basket","Valencia Basket","VBC",4398,2710,"Kosner Baskonia","Kosner Baskonia","BKN",1,88,12000,10,26,38,17,30,56,24,28,85,23,6,29,11,9,14,8,2,4,3,20,23,91,10,-1,0,13,0,88,86,3,980,9,14,8,34,0,54,10
2218608,1,"Liga Nacional","Liga Endesa",-402534000,NA,"https://www.acb.com/Documentos/Cabeceras/logo-competicion-1b.png","https://www.acb.com/Documentos/Cabeceras/logo-competicion-4a.png",90,2025,107,NA,NA,5913,104728,NA,NA,TRUE,4397,4397,2671,"Valencia Basket","Valencia Basket","VBC",4398,2710,"Kosner Baskonia","Kosner Baskonia","BKN",1,86,12000,8,27,29,25,39,64,12,13,92,20,9,29,14,9,15,12,4,2,5,25,20,86,-10,-1,13,0,0,86,88,5,1180,9,10,2,44,4,41,12
2218478,1,"Liga Nacional","Liga Endesa",-402534000,NA,"https://www.acb.com/Documentos/Cabeceras/logo-competicion-1b.png","https://www.acb.com/Documentos/Cabeceras/logo-competicion-4a.png",90,2025,107,NA,NA,5913,104726,NA,NA,TRUE,4388,4388,2662,"Real Madrid","Real Madrid","RMB",4395,2669,"Río Breogán","Río Breogán","BRE",1,97,12000,10,29,34,22,36,61,23,32,71,22,13,35,19,6,17,18,4,1,3,19,27,109,-20,-1,12,0,0,97,101,5,1481,3,10,8,44,6,41,9
2218479,1,"Liga Nacional","Liga Endesa",-402534000,NA,"https://www.acb.com/Documentos/Cabeceras/logo-competicion-1b.png","https://www.acb.com/Documentos/Cabeceras/logo-competicion-4a.png",90,2025,107,NA,NA,5913,104726,NA,NA,FALSE,4395,4388,2662,"Real Madrid","Real Madrid","RMB",4395,2669,"Río Breogán","Río Breogán","BRE",1,101,12000,11,30,36,27,42,64,14,17,82,25,11,36,19,7,12,14,1,3,5,27,18,103,20,-1,0,12,0,101,97,2,734,4,12,11,50,5,58,8
2218282,1,"Liga Nacional","Liga Endesa",-402534000,NA,"https://www.acb.com/Documentos/Cabeceras/logo-competicion-1b.png","https://www.acb.com/Documentos/Cabeceras/logo-competicion-4a.png",90,2025,107,NA,NA,5913,104725,NA,NA,TRUE,4385,4385,2659,"MoraBanc Andorra","MoraBanc And","MBA",4396,2725,"BAXI Manresa","BAXI Manresa","BAX",1,104,12000,13,35,37,22,37,59,21,26,80,25,15,40,15,7,12,11,2,5,3,29,25,105,50,-1,0,13,0,104,94,3,2113,4,15,4,44,14,38,8
2218283,1,"Liga Nacional","Liga Endesa",-402534000,NA,"https://www.acb.com/Documentos/Cabeceras/logo-competicion-1b.png","https://www.acb.com/Documentos/Cabeceras/logo-competicion-4a.png",90,2025,107,NA,NA,5913,104725,NA,NA,FALSE,4396,4385,2659,"MoraBanc Andorra","MoraBanc And","MBA",4396,2725,"BAXI Manresa","BAXI Manresa","BAX",1,94,12000,12,31,38,17,34,50,24,33,72,22,14,36,16,9,12,5,5,2,1,26,29,104,-50,-1,13,0,0,94,104,4,186,4,3,0,34,12,43,9
2218199,1,"Liga Nacional","Liga Endesa",-402534000,NA,"https://www.acb.com/Documentos/Cabeceras/logo-competicion-1b.png","https://www.acb.com/Documentos/Cabeceras/logo-competicion-4a.png",90,2025,107,NA,NA,5913,104724,NA,NA,FALSE,4389,4387,2661,"Hiopos Lleida","Hiopos Lleida","HIO",4389,2711,"Surne Bilbao","Surne Bilbao","SBB",1,81,12000,7,26,26,20,34,58,20,32,62,27,8,35,12,5,10,6,0,3,2,23,23,75,-45,-1,13,0,0,81,90,4,138,4,2,4,30,4,46,9
2218198,1,"Liga Nacional","Liga Endesa",-402534000,NA,"https://www.acb.com/Documentos/Cabeceras/logo-competicion-1b.png","https://www.acb.com/Documentos/Cabeceras/logo-competicion-4a.png",90,2025,107,NA,NA,5913,104724,NA,NA,TRUE,4387,4387,2661,"Hiopos Lleida","Hiopos Lleida","HIO",4389,2711,"Surne Bilbao","Surne Bilbao","SBB",1,90,12000,10,25,40,21,35,60,18,24,75,29,6,35,19,7,9,10,4,0,3,23,23,111,45,-1,0,13,0,90,81,3,2103,4,12,8,40,4,51,9
2217784,1,"Liga Nacional","Liga Endesa",-402534000,NA,"https://www.acb.com/Documentos/Cabeceras/logo-competicion-1b.png","https://www.acb.com/Documentos/Cabeceras/logo-competicion-4a.png",90,2025,107,NA,NA,5913,104720,NA,NA,FALSE,4399,4393,2667,"UCAM Murcia","UCAM Murcia","UCM",4399,2728,"Bàsquet Girona","Bàsquet Girona","GIR",1,75,12000,4,28,14,24,49,48,15,21,71,21,27,48,13,5,16,2,1,4,0,26,24,65,-55,-1,13,0,0,75,86,5,499,4,5,2,46,21,33,5
2217783,1,"Liga Nacional","Liga Endesa",-402534000,NA,"https://www.acb.com/Documentos/Cabeceras/logo-competicion-1b.png","https://www.acb.com/Documentos/Cabeceras/logo-competicion-4a.png",90,2025,107,NA,NA,5913,104720,NA,NA,TRUE,4393,4393,2667,"UCAM Murcia","UCAM Murcia","UCM",4399,2728,"Bàsquet Girona","Bàsquet Girona","GIR",1,86,12000,10,29,34,18,32,56,20,25,80,25,11,36,11,8,12,12,4,1,1,25,25,94,55,-1,0,13,0,86,75,3,1753,5,13,6,34,2,39,8
2217811,1,"Liga Nacional","Liga Endesa",-402534000,NA,"https://www.acb.com/Documentos/Cabeceras/logo-competicion-1b.png","https://www.acb.com/Documentos/Cabeceras/logo-competicion-4a.png",90,2025,107,NA,NA,5913,104721,NA,NA,TRUE,4386,4386,2660,"Barça","Barça","BAR",4402,2680,"Recoletas Salud San Pablo Burgos","Recoletas Salud","BUR",1,91,12000,7,24,29,27,41,65,16,24,66,37,11,48,18,10,20,9,2,1,3,13,22,118,75,-1,0,13,0,91,76,1,2314,1,24,6,44,9,40,13
2217812,1,"Liga Nacional","Liga Endesa",-402534000,NA,"https://www.acb.com/Documentos/Cabeceras/logo-competicion-1b.png","https://www.acb.com/Documentos/Cabeceras/logo-competicion-4a.png",90,2025,107,NA,NA,5913,104721,NA,NA,FALSE,4402,4386,2660,"Barça","Barça","BAR",4402,2680,"Recoletas Salud San Pablo Burgos","Recoletas Salud","BUR",1,76,12000,12,35,34,16,38,42,8,15,53,24,12,36,13,12,18,7,1,2,0,24,13,55,-75,-1,12,0,0,76,91,2,18,0,2,4,26,7,16,8
2217838,1,"Liga Nacional","Liga Endesa",-402534000,NA,"https://www.acb.com/Documentos/Cabeceras/logo-competicion-1b.png","https://www.acb.com/Documentos/Cabeceras/logo-competicion-4a.png",90,2025,107,NA,NA,5913,104723,NA,NA,TRUE,4392,4392,2666,"Casademont Zaragoza","Casademont Zgz","CAZ",4401,2674,"Coviran Granada","Coviran Granada","COV",1,74,12000,4,25,16,27,54,50,8,12,66,23,21,44,14,10,15,8,4,2,2,25,18,70,-55,-1,13,0,0,74,85,3,1818,1,11,6,50,16,27,8
2217839,1,"Liga Nacional","Liga Endesa",-402534000,NA,"https://www.acb.com/Documentos/Cabeceras/logo-competicion-1b.png","https://www.acb.com/Documentos/Cabeceras/logo-competicion-4a.png",90,2025,107,NA,NA,5913,104723,NA,NA,FALSE,4401,4392,2666,"Casademont Zaragoza","Casademont Zgz","CAZ",4401,2674,"Coviran Granada","Coviran Granada","COV",1,85,12000,6,18,33,21,36,58,25,30,83,29,7,36,18,12,17,19,2,4,1,18,24,106,55,-1,0,13,0,85,74,4,486,2,11,7,40,6,37,11
2215769,1,"Liga Nacional","Liga Endesa",-402534000,NA,"https://www.acb.com/Documentos/Cabeceras/logo-competicion-1b.png","https://www.acb.com/Documentos/Cabeceras/logo-competicion-4a.png",90,2025,107,NA,NA,5913,104727,NA,NA,FALSE,4390,4384,2658,"Unicaja","Unicaja","UNI",4390,2664,"Dreamland Gran Canaria","Dreamland GC","DGC",1,101,13500,10,30,33,28,40,70,15,17,88,31,7,38,18,5,15,10,3,0,4,27,20,109,5,-1,0,13,0,101,100,5,206,2,4,2,50,2,63,8
2215768,1,"Liga Nacional","Liga Endesa",-402534000,NA,"https://www.acb.com/Documentos/Cabeceras/logo-competicion-1b.png","https://www.acb.com/Documentos/Cabeceras/logo-competicion-4a.png",90,2025,107,NA,NA,5913,104727,NA,NA,TRUE,4384,4384,2658,"Unicaja","Unicaja","UNI",4390,2664,"Dreamland Gran Canaria","Dreamland GC","DGC",1,100,13500,12,29,41,23,44,52,18,36,50,25,13,38,22,12,11,13,0,3,1,20,27,109,-5,-1,13,0,0,100,101,4,2360,2,15,9,34,4,26,10
2223155,1,"Liga Nacional","Liga Endesa",-402534000,NA,"https://www.acb.com/Documentos/Cabeceras/logo-competicion-1b.png","https://www.acb.com/Documentos/Cabeceras/logo-competicion-4a.png",90,2025,107,NA,NA,5914,104731,NA,NA,FALSE,4397,4392,2666,"Casademont Zaragoza","Casademont Zgz","CAZ",4397,2671,"Valencia Basket","Valencia Basket","VBC",1,98,12000,12,38,31,28,37,75,6,7,85,25,13,38,26,14,17,30,4,1,9,17,16,125,60,-1,0,13,0,98,86,3,1814,8,15,10,48,5,35,10
2223154,1,"Liga Nacional","Liga Endesa",-402534000,NA,"https://www.acb.com/Documentos/Cabeceras/logo-competicion-1b.png","https://www.acb.com/Documentos/Cabeceras/logo-competicion-4a.png",90,2025,107,NA,NA,5914,104731,NA,NA,TRUE,4392,4392,2666,"Casademont Zaragoza","Casademont Zgz","CAZ",4397,2671,"Valencia Basket","Valencia Basket","VBC",1,86,12000,6,30,20,28,44,63,12,15,80,19,15,34,18,10,16,13,1,4,3,16,17,87,-60,-1,13,0,0,86,98,4,207,8,3,7,50,10,28,8
2219618,1,"Liga Nacional","Liga Endesa",-402534000,NA,"https://www.acb.com/Documentos/Cabeceras/logo-competicion-1b.png","https://www.acb.com/Documentos/Cabeceras/logo-competicion-4a.png",90,2025,107,NA,NA,5914,104736,NA,NA,TRUE,4390,4390,2664,"Dreamland Gran Canaria","Dreamland GC","DGC",4391,2665,"La Laguna Tenerife","La Laguna TFE","LLT",1,102,12000,12,24,50,22,37,59,22,27,81,26,3,29,16,4,10,10,0,1,2,17,22,113,95,-1,0,13,0,102,83,3,2133,1,30,5,40,3,55,9
2219619,1,"Liga Nacional","Liga Endesa",-402534000,NA,"https://www.acb.com/Documentos/Cabeceras/logo-competicion-1b.png","https://www.acb.com/Documentos/Cabeceras/logo-competicion-4a.png",90,2025,107,NA,NA,5914,104736,NA,NA,FALSE,4391,4390,2664,"Dreamland Gran Canaria","Dreamland GC","DGC",4391,2665,"La Laguna Tenerife","La Laguna TFE","LLT",1,83,12000,7,21,33,26,47,55,10,13,76,26,9,35,17,8,14,2,1,0,2,24,17,85,-95,-1,13,0,0,83,102,1,184,1,4,2,48,8,36,10
2219563,1,"Liga Nacional","Liga Endesa",-402534000,NA,"https://www.acb.com/Documentos/Cabeceras/logo-competicion-1b.png","https://www.acb.com/Documentos/Cabeceras/logo-competicion-4a.png",90,2025,107,NA,NA,5914,104737,NA,NA,FALSE,4393,4398,2710,"Kosner Baskonia","Kosner Baskonia","BKN",4393,2667,"UCAM Murcia","UCAM Murcia","UCM",1,80,12000,5,35,14,27,47,57,11,16,68,30,14,44,11,8,8,15,2,3,1,25,20,74,-35,-1,13,0,0,80,87,3,0,0,0,4,48,14,19,8
2219562,1,"Liga Nacional","Liga Endesa",-402534000,NA,"https://www.acb.com/Documentos/Cabeceras/logo-competicion-1b.png","https://www.acb.com/Documentos/Cabeceras/logo-competicion-4a.png",90,2025,107,NA,NA,5914,104737,NA,NA,TRUE,4398,4398,2710,"Kosner Baskonia","Kosner Baskonia","BKN",4393,2667,"UCAM Murcia","UCAM Murcia","UCM",1,87,12000,7,28,25,24,41,58,18,24,75,37,10,47,10,5,11,6,4,2,2,21,23,98,35,-1,0,13,0,87,80,4,2176,0,17,2,42,7,62,8
2219367,1,"Liga Nacional","Liga Endesa",-402534000,NA,"https://www.acb.com/Documentos/Cabeceras/logo-competicion-1b.png","https://www.acb.com/Documentos/Cabeceras/logo-competicion-4a.png",90,2025,107,NA,NA,5914,104734,NA,NA,FALSE,4385,4394,2716,"Asisa Joventut","Asisa Joventut","JOV",4385,2659,"MoraBanc Andorra","MoraBanc And","MBA",1,79,12000,10,29,34,21,37,56,7,11,63,22,10,32,21,6,11,5,4,5,5,18,19,88,-110,-1,13,0,0,79,101,3,150,1,2,5,34,2,37,11
2219366,1,"Liga Nacional","Liga Endesa",-402534000,NA,"https://www.acb.com/Documentos/Cabeceras/logo-competicion-1b.png","https://www.acb.com/Documentos/Cabeceras/logo-competicion-4a.png",90,2025,107,NA,NA,5914,104734,NA,NA,TRUE,4394,4394,2716,"Asisa Joventut","Asisa Joventut","JOV",4385,2659,"MoraBanc Andorra","MoraBanc And","MBA",1,101,12000,10,31,32,28,44,63,15,17,88,27,15,42,24,8,7,8,5,4,3,19,18,129,110,-1,0,13,0,101,79,1,2109,2,22,2,46,11,30,16
2219170,1,"Liga Nacional","Liga Endesa",-402534000,NA,"https://www.acb.com/Documentos/Cabeceras/logo-competicion-1b.png","https://www.acb.com/Documentos/Cabeceras/logo-competicion-4a.png",90,2025,107,NA,NA,5914,104733,NA,NA,TRUE,4402,4402,2680,"Recoletas Salud San Pablo Burgos","Recoletas Salud","BUR",4384,2658,"Unicaja","Unicaja","UNI",1,97,12000,6,19,31,32,51,62,15,18,83,22,12,34,22,10,13,12,3,2,1,21,24,119,35,-1,0,13,0,97,90,2,2352,0,13,6,58,10,54,11
2219171,1,"Liga Nacional","Liga Endesa",-402534000,NA,"https://www.acb.com/Documentos/Cabeceras/logo-competicion-1b.png","https://www.acb.com/Documentos/Cabeceras/logo-competicion-4a.png",90,2025,107,NA,NA,5914,104733,NA,NA,FALSE,4384,4402,2680,"Recoletas Salud San Pablo Burgos","Recoletas Salud","BUR",4384,2658,"Unicaja","Unicaja","UNI",1,90,12000,14,38,36,16,28,57,16,19,84,19,12,31,14,10,15,11,2,3,2,24,21,87,-35,-1,13,0,0,90,97,5,0,0,0,6,26,7,74,7
2219198,1,"Liga Nacional","Liga Endesa",-402534000,NA,"https://www.acb.com/Documentos/Cabeceras/logo-competicion-1b.png","https://www.acb.com/Documentos/Cabeceras/logo-competicion-4a.png",90,2025,107,NA,NA,5914,104735,NA,NA,TRUE,4389,4389,2711,"Surne Bilbao","Surne Bilbao","SBB",4388,2662,"Real Madrid","Real Madrid","RMB",1,88,12000,8,28,28,23,35,65,18,23,78,31,9,40,23,6,13,8,4,2,10,21,21,109,30,-1,0,13,0,88,82,2,1012,4,7,7,42,5,39,8
2219199,1,"Liga Nacional","Liga Endesa",-402534000,NA,"https://www.acb.com/Documentos/Cabeceras/logo-competicion-1b.png","https://www.acb.com/Documentos/Cabeceras/logo-competicion-4a.png",90,2025,107,NA,NA,5914,104735,NA,NA,FALSE,4388,4389,2711,"Surne Bilbao","Surne Bilbao","SBB",4388,2662,"Real Madrid","Real Madrid","RMB",1,82,12000,10,31,32,18,31,58,16,19,84,23,6,29,19,10,12,6,2,4,4,22,21,88,-30,-1,13,0,0,82,88,5,1205,4,10,4,34,5,40,8
2218946,1,"Liga Nacional","Liga Endesa",-402534000,NA,"https://www.acb.com/Documentos/Cabeceras/logo-competicion-1b.png","https://www.acb.com/Documentos/Cabeceras/logo-competicion-4a.png",90,2025,107,NA,NA,5914,104732,NA,NA,TRUE,4401,4401,2674,"Coviran Granada","Coviran Granada","COV",4386,2660,"Barça","Barça","BAR",1,98,12000,14,30,46,19,30,63,18,21,85,21,9,30,19,6,15,11,3,4,4,22,20,105,-15,-1,13,0,0,98,101,3,20,1,2,3,38,7,52,7
2218947,1,"Liga Nacional","Liga Endesa",-402534000,NA,"https://www.acb.com/Documentos/Cabeceras/logo-competicion-1b.png","https://www.acb.com/Documentos/Cabeceras/logo-competicion-4a.png",90,2025,107,NA,NA,5914,104732,NA,NA,FALSE,4386,4401,2674,"Coviran Granada","Coviran Granada","COV",4386,2660,"Barça","Barça","BAR",1,101,12000,8,23,34,30,44,68,17,23,73,19,11,30,17,11,9,16,5,3,3,20,22,119,15,-1,0,13,0,101,98,3,2301,1,13,4,46,11,45,8
2218891,1,"Liga Nacional","Liga Endesa",-402534000,NA,"https://www.acb.com/Documentos/Cabeceras/logo-competicion-1b.png","https://www.acb.com/Documentos/Cabeceras/logo-competicion-4a.png",90,2025,107,NA,NA,5914,104730,NA,NA,FALSE,4387,4395,2669,"Río Breogán","Río Breogán","BRE",4387,2661,"Hiopos Lleida","Hiopos Lleida","HIO",1,87,12000,5,19,26,29,49,59,14,24,58,25,9,34,29,8,17,17,1,2,4,23,22,95,-135,-1,13,0,0,87,114,4,0,0,0,2,54,8,40,8
2218890,1,"Liga Nacional","Liga Endesa",-402534000,NA,"https://www.acb.com/Documentos/Cabeceras/logo-competicion-1b.png","https://www.acb.com/Documentos/Cabeceras/logo-competicion-4a.png",90,2025,107,NA,NA,5914,104730,NA,NA,TRUE,4395,4395,2669,"Río Breogán","Río Breogán","BRE",4387,2661,"Hiopos Lleida","Hiopos Lleida","HIO",1,114,12000,17,35,48,22,37,59,19,22,86,31,9,40,30,9,15,19,2,1,6,22,23,144,135,-1,0,13,0,114,87,1,2395,0,30,5,38,10,50,10
2218748,1,"Liga Nacional","Liga Endesa",-402534000,NA,"https://www.acb.com/Documentos/Cabeceras/logo-competicion-1b.png","https://www.acb.com/Documentos/Cabeceras/logo-competicion-4a.png",90,2025,107,NA,NA,5914,104729,NA,NA,TRUE,4399,4399,2728,"Bàsquet Girona","Bàsquet Girona","GIR",4396,2725,"BAXI Manresa","BAXI Manresa","BAX",1,74,12000,9,30,30,13,36,36,21,28,75,28,16,44,11,9,19,4,1,2,2,29,24,62,-25,-1,13,0,0,74,79,4,2057,2,14,0,24,5,40,10
2218749,1,"Liga Nacional","Liga Endesa",-402534000,NA,"https://www.acb.com/Documentos/Cabeceras/logo-competicion-1b.png","https://www.acb.com/Documentos/Cabeceras/logo-competicion-4a.png",90,2025,107,NA,NA,5914,104729,NA,NA,FALSE,4396,4399,2728,"Bàsquet Girona","Bàsquet Girona","GIR",4396,2725,"BAXI Manresa","BAXI Manresa","BAX",1,79,12000,10,35,28,13,26,50,23,29,79,33,11,44,17,7,18,4,2,0,2,26,28,89,25,-1,0,13,0,79,74,4,204,3,5,5,24,2,59,9
2221807,1,"Liga Nacional","Liga Endesa",-402534000,NA,"https://www.acb.com/Documentos/Cabeceras/logo-competicion-1b.png","https://www.acb.com/Documentos/Cabeceras/logo-competicion-4a.png",90,2025,107,NA,NA,5915,104746,NA,NA,FALSE,4386,4391,2665,"La Laguna Tenerife","La Laguna TFE","LLT",4386,2660,"Barça","Barça","BAR",1,102,12000,12,23,52,25,36,69,16,18,88,24,6,30,15,4,10,10,5,2,0,21,19,118,25,-1,0,13,0,102,97,4,2387,0,20,5,44,4,38,8
2221806,1,"Liga Nacional","Liga Endesa",-402534000,NA,"https://www.acb.com/Documentos/Cabeceras/logo-competicion-1b.png","https://www.acb.com/Documentos/Cabeceras/logo-competicion-4a.png",90,2025,107,NA,NA,5915,104746,NA,NA,TRUE,4391,4391,2665,"La Laguna Tenerife","La Laguna TFE","LLT",4386,2660,"Barça","Barça","BAR",1,97,12000,11,21,52,24,41,58,16,20,80,17,6,23,13,5,7,5,2,5,1,19,21,99,-25,-1,13,0,0,97,102,5,0,0,0,7,30,0,28,8
2221667,1,"Liga Nacional","Liga Endesa",-402534000,NA,"https://www.acb.com/Documentos/Cabeceras/logo-competicion-1b.png","https://www.acb.com/Documentos/Cabeceras/logo-competicion-4a.png",90,2025,107,NA,NA,5915,104745,NA,NA,FALSE,4402,4385,2659,"MoraBanc Andorra","MoraBanc And","MBA",4402,2680,"Recoletas Salud San Pablo Burgos","Recoletas Salud","BUR",1,85,12000,8,27,29,20,44,45,21,25,84,22,13,35,15,11,9,6,2,4,1,19,26,95,10,-1,0,13,0,85,83,1,1439,8,13,2,36,2,47,7
2221666,1,"Liga Nacional","Liga Endesa",-402534000,NA,"https://www.acb.com/Documentos/Cabeceras/logo-competicion-1b.png","https://www.acb.com/Documentos/Cabeceras/logo-competicion-4a.png",90,2025,107,NA,NA,5915,104745,NA,NA,TRUE,4385,4385,2659,"MoraBanc Andorra","MoraBanc And","MBA",4402,2680,"Recoletas Salud San Pablo Burgos","Recoletas Salud","BUR",1,83,12000,11,37,29,18,29,62,14,14,100,28,14,42,19,5,14,7,5,2,0,27,19,93,-10,-1,13,0,0,83,85,3,675,7,5,3,32,11,27,11
2221527,1,"Liga Nacional","Liga Endesa",-402534000,NA,"https://www.acb.com/Documentos/Cabeceras/logo-competicion-1b.png","https://www.acb.com/Documentos/Cabeceras/logo-competicion-4a.png",90,2025,107,NA,NA,5915,104744,NA,NA,FALSE,4401,4398,2710,"Kosner Baskonia","Kosner Baskonia","BKN",4401,2674,"Coviran Granada","Coviran Granada","COV",1,85,12000,7,24,29,23,43,53,18,22,81,21,15,36,22,7,18,11,3,3,4,22,20,89,-180,-1,13,0,0,85,121,4,0,0,0,8,42,6,42,8
2221526,1,"Liga Nacional","Liga Endesa",-402534000,NA,"https://www.acb.com/Documentos/Cabeceras/logo-competicion-1b.png","https://www.acb.com/Documentos/Cabeceras/logo-competicion-4a.png",90,2025,107,NA,NA,5915,104744,NA,NA,TRUE,4398,4398,2710,"Kosner Baskonia","Kosner Baskonia","BKN",4401,2674,"Coviran Granada","Coviran Granada","COV",1,121,12000,15,31,48,28,41,68,20,24,83,23,12,35,21,13,10,26,5,3,7,20,22,151,180,-1,0,13,0,121,85,1,2384,0,38,14,52,8,72,20
2221359,1,"Liga Nacional","Liga Endesa",-402534000,NA,"https://www.acb.com/Documentos/Cabeceras/logo-competicion-1b.png","https://www.acb.com/Documentos/Cabeceras/logo-competicion-4a.png",90,2025,107,NA,NA,5915,104742,NA,NA,FALSE,4389,4397,2671,"Valencia Basket","Valencia Basket","VBC",4389,2711,"Surne Bilbao","Surne Bilbao","SBB",1,83,12000,12,29,41,15,35,42,17,23,73,25,8,33,24,4,12,3,3,4,4,23,18,83,-25,-1,13,0,0,83,88,5,591,3,4,0,28,6,47,13
2221358,1,"Liga Nacional","Liga Endesa",-402534000,NA,"https://www.acb.com/Documentos/Cabeceras/logo-competicion-1b.png","https://www.acb.com/Documentos/Cabeceras/logo-competicion-4a.png",90,2025,107,NA,NA,5915,104742,NA,NA,TRUE,4397,4397,2671,"Valencia Basket","Valencia Basket","VBC",4389,2711,"Surne Bilbao","Surne Bilbao","SBB",1,88,12000,11,35,31,22,39,56,11,19,57,29,14,43,20,7,11,18,4,3,5,18,23,104,25,-1,0,13,0,88,83,3,1721,4,21,5,40,2,33,15
2220797,1,"Liga Nacional","Liga Endesa",-402534000,NA,"https://www.acb.com/Documentos/Cabeceras/logo-competicion-1b.png","https://www.acb.com/Documentos/Cabeceras/logo-competicion-4a.png",90,2025,107,NA,NA,5915,104741,NA,NA,FALSE,4384,4393,2667,"UCAM Murcia","UCAM Murcia","UCM",4384,2658,"Unicaja","Unicaja","UNI",1,69,12000,6,25,24,16,33,48,19,26,73,29,6,35,18,5,11,4,2,2,0,27,24,70,-90,-1,13,0,0,69,87,5,112,1,2,0,26,2,36,11
2220796,1,"Liga Nacional","Liga Endesa",-402534000,NA,"https://www.acb.com/Documentos/Cabeceras/logo-competicion-1b.png","https://www.acb.com/Documentos/Cabeceras/logo-competicion-4a.png",90,2025,107,NA,NA,5915,104741,NA,NA,TRUE,4393,4393,2667,"UCAM Murcia","UCAM Murcia","UCM",4384,2658,"Unicaja","Unicaja","UNI",1,87,12000,7,28,25,22,37,59,22,27,81,34,8,42,17,4,7,2,2,2,1,24,26,104,90,-1,0,13,0,87,69,1,2097,1,20,0,36,9,47,12
2220825,1,"Liga Nacional","Liga Endesa",-402534000,NA,"https://www.acb.com/Documentos/Cabeceras/logo-competicion-1b.png","https://www.acb.com/Documentos/Cabeceras/logo-competicion-4a.png",90,2025,107,NA,NA,5915,104743,NA,NA,FALSE,4394,4388,2662,"Real Madrid","Real Madrid","RMB",4394,2716,"Asisa Joventut","Asisa Joventut","JOV",1,89,12000,10,25,40,18,31,58,23,29,79,30,6,36,17,6,12,8,2,2,4,21,20,101,40,-1,0,13,0,89,81,3,855,3,9,5,34,7,28,7
2220824,1,"Liga Nacional","Liga Endesa",-402534000,NA,"https://www.acb.com/Documentos/Cabeceras/logo-competicion-1b.png","https://www.acb.com/Documentos/Cabeceras/logo-competicion-4a.png",90,2025,107,NA,NA,5915,104743,NA,NA,TRUE,4388,4388,2662,"Real Madrid","Real Madrid","RMB",4394,2716,"Asisa Joventut","Asisa Joventut","JOV",1,81,12000,9,38,23,22,34,64,10,17,58,26,11,37,18,9,10,14,2,2,5,20,21,88,-40,-1,13,0,0,81,89,4,1394,4,10,4,40,7,50,6
2220713,1,"Liga Nacional","Liga Endesa",-402534000,NA,"https://www.acb.com/Documentos/Cabeceras/logo-competicion-1b.png","https://www.acb.com/Documentos/Cabeceras/logo-competicion-4a.png",90,2025,107,NA,NA,5915,104740,NA,NA,FALSE,4390,4387,2661,"Hiopos Lleida","Hiopos Lleida","HIO",4390,2664,"Dreamland Gran Canaria","Dreamland GC","DGC",1,72,12000,12,30,40,12,33,36,12,13,92,28,8,36,12,8,15,7,2,2,0,16,16,73,-15,-1,13,0,0,72,75,5,218,1,5,7,18,2,45,9
2220712,1,"Liga Nacional","Liga Endesa",-402534000,NA,"https://www.acb.com/Documentos/Cabeceras/logo-competicion-1b.png","https://www.acb.com/Documentos/Cabeceras/logo-competicion-4a.png",90,2025,107,NA,NA,5915,104740,NA,NA,TRUE,4387,4387,2661,"Hiopos Lleida","Hiopos Lleida","HIO",4390,2664,"Dreamland Gran Canaria","Dreamland GC","DGC",1,75,12000,2,16,12,31,54,57,7,14,50,26,13,39,8,9,10,8,3,2,1,16,16,78,15,-1,0,13,0,75,72,3,1997,1,21,6,46,6,35,8
2220573,1,"Liga Nacional","Liga Endesa",-402534000,NA,"https://www.acb.com/Documentos/Cabeceras/logo-competicion-1b.png","https://www.acb.com/Documentos/Cabeceras/logo-competicion-4a.png",90,2025,107,NA,NA,5915,104739,NA,NA,FALSE,4392,4396,2725,"BAXI Manresa","BAXI Manresa","BAX",4392,2666,"Casademont Zaragoza","Casademont Zgz","CAZ",1,83,12000,4,17,23,26,49,53,19,27,70,23,11,34,11,11,24,6,4,4,7,29,23,65,-90,-1,13,0,0,83,101,4,102,3,1,4,50,8,30,12
2220572,1,"Liga Nacional","Liga Endesa",-402534000,NA,"https://www.acb.com/Documentos/Cabeceras/logo-competicion-1b.png","https://www.acb.com/Documentos/Cabeceras/logo-competicion-4a.png",90,2025,107,NA,NA,5915,104739,NA,NA,TRUE,4396,4396,2725,"BAXI Manresa","BAXI Manresa","BAX",4392,2666,"Casademont Zaragoza","Casademont Zgz","CAZ",1,101,12000,12,30,40,20,37,54,25,31,80,25,12,37,25,12,21,27,4,3,2,25,28,117,90,-1,0,13,0,101,83,3,2234,3,21,12,34,8,43,8
2220290,1,"Liga Nacional","Liga Endesa",-402534000,NA,"https://www.acb.com/Documentos/Cabeceras/logo-competicion-1b.png","https://www.acb.com/Documentos/Cabeceras/logo-competicion-4a.png",90,2025,107,NA,NA,5915,104738,NA,NA,TRUE,4395,4395,2669,"Río Breogán","Río Breogán","BRE",4399,2728,"Bàsquet Girona","Bàsquet Girona","GIR",1,95,12000,9,27,33,21,36,58,26,31,83,26,10,36,23,13,16,4,3,3,5,21,26,118,95,-1,0,13,0,95,76,1,2027,2,22,2,40,5,52,12
2220291,1,"Liga Nacional","Liga Endesa",-402534000,NA,"https://www.acb.com/Documentos/Cabeceras/logo-competicion-1b.png","https://www.acb.com/Documentos/Cabeceras/logo-competicion-4a.png",90,2025,107,NA,NA,5915,104738,NA,NA,FALSE,4399,4395,2669,"Río Breogán","Río Breogán","BRE",4399,2728,"Bàsquet Girona","Bàsquet Girona","GIR",1,76,12000,8,34,23,19,33,57,14,18,77,24,12,36,18,8,20,11,4,2,4,26,21,71,-95,-1,13,0,0,76,95,4,212,1,2,2,38,4,41,6
2224719,1,"Liga Nacional","Liga Endesa",-402534000,NA,"https://www.acb.com/Documentos/Cabeceras/logo-competicion-1b.png","https://www.acb.com/Documentos/Cabeceras/logo-competicion-4a.png",90,2025,107,NA,NA,5916,104748,NA,NA,FALSE,4397,4386,2660,"Barça","Barça","BAR",4397,2671,"Valencia Basket","Valencia Basket","VBC",1,102,12000,15,32,46,22,38,57,13,19,68,25,12,37,18,10,9,17,4,5,4,18,21,121,125,-1,0,13,0,102,77,1,2262,1,26,10,40,7,45,9
2224718,1,"Liga Nacional","Liga Endesa",-402534000,NA,"https://www.acb.com/Documentos/Cabeceras/logo-competicion-1b.png","https://www.acb.com/Documentos/Cabeceras/logo-competicion-4a.png",90,2025,107,NA,NA,5916,104748,NA,NA,TRUE,4386,4386,2660,"Barça","Barça","BAR",4397,2671,"Valencia Basket","Valencia Basket","VBC",1,77,12000,7,19,36,24,46,52,8,12,66,24,11,35,9,6,14,9,5,4,2,21,18,73,-125,-1,13,0,0,77,102,3,30,0,2,7,46,13,35,7
2223297,1,"Liga Nacional","Liga Endesa",-402534000,NA,"https://www.acb.com/Documentos/Cabeceras/logo-competicion-1b.png","https://www.acb.com/Documentos/Cabeceras/logo-competicion-4a.png",90,2025,107,NA,NA,5916,104755,NA,NA,FALSE,4398,4388,2662,"Real Madrid","Real Madrid","RMB",4398,2710,"Kosner Baskonia","Kosner Baskonia","BKN",1,88,12000,11,30,36,19,32,59,17,20,85,26,5,31,18,10,12,15,3,4,0,19,19,99,25,-1,0,13,0,88,83,4,996,8,10,7,32,4,55,10
2223296,1,"Liga Nacional","Liga Endesa",-402534000,NA,"https://www.acb.com/Documentos/Cabeceras/logo-competicion-1b.png","https://www.acb.com/Documentos/Cabeceras/logo-competicion-4a.png",90,2025,107,NA,NA,5916,104755,NA,NA,TRUE,4388,4388,2662,"Real Madrid","Real Madrid","RMB",4398,2710,"Kosner Baskonia","Kosner Baskonia","BKN",1,83,12000,10,27,37,22,39,56,9,12,75,26,9,35,16,8,17,16,4,3,2,21,19,87,-25,-1,12,0,0,83,88,4,1201,8,7,5,44,7,28,8
2222987,1,"Liga Nacional","Liga Endesa",-402534000,NA,"https://www.acb.com/Documentos/Cabeceras/logo-competicion-1b.png","https://www.acb.com/Documentos/Cabeceras/logo-competicion-4a.png",90,2025,107,NA,NA,5916,104754,NA,NA,FALSE,4402,4394,2716,"Asisa Joventut","Asisa Joventut","JOV",4402,2680,"Recoletas Salud San Pablo Burgos","Recoletas Salud","BUR",1,79,12000,10,28,35,19,40,47,11,19,57,24,15,39,15,11,18,8,2,2,1,26,22,75,-35,-1,13,0,0,79,86,3,248,3,5,6,38,19,41,6
2222986,1,"Liga Nacional","Liga Endesa",-402534000,NA,"https://www.acb.com/Documentos/Cabeceras/logo-competicion-1b.png","https://www.acb.com/Documentos/Cabeceras/logo-competicion-4a.png",90,2025,107,NA,NA,5916,104754,NA,NA,TRUE,4394,4394,2716,"Asisa Joventut","Asisa Joventut","JOV",4402,2680,"Recoletas Salud San Pablo Burgos","Recoletas Salud","BUR",1,86,12000,8,23,34,23,37,62,16,23,69,25,8,33,12,13,16,13,2,2,5,22,26,96,35,-1,0,13,0,86,79,2,2081,4,15,11,38,4,41,13
2222622,1,"Liga Nacional","Liga Endesa",-402534000,NA,"https://www.acb.com/Documentos/Cabeceras/logo-competicion-1b.png","https://www.acb.com/Documentos/Cabeceras/logo-competicion-4a.png",90,2025,107,NA,NA,5916,104752,NA,NA,TRUE,4387,4387,2661,"Hiopos Lleida","Hiopos Lleida","HIO",4385,2659,"MoraBanc Andorra","MoraBanc And","MBA",1,88,12000,10,25,40,20,41,48,18,26,69,17,15,32,19,9,16,10,5,2,3,23,24,92,-140,-1,13,0,0,88,116,4,356,0,9,6,36,9,30,6
2222623,1,"Liga Nacional","Liga Endesa",-402534000,NA,"https://www.acb.com/Documentos/Cabeceras/logo-competicion-1b.png","https://www.acb.com/Documentos/Cabeceras/logo-competicion-4a.png",90,2025,107,NA,NA,5916,104752,NA,NA,FALSE,4385,4387,2661,"Hiopos Lleida","Hiopos Lleida","HIO",4385,2659,"MoraBanc Andorra","MoraBanc And","MBA",1,116,12000,17,36,47,24,42,57,17,20,85,24,20,44,16,11,12,13,3,5,2,24,23,132,140,-1,0,13,0,116,88,1,1953,1,38,11,32,23,72,10
2222651,1,"Liga Nacional","Liga Endesa",-402534000,NA,"https://www.acb.com/Documentos/Cabeceras/logo-competicion-1b.png","https://www.acb.com/Documentos/Cabeceras/logo-competicion-4a.png",90,2025,107,NA,NA,5916,104753,NA,NA,FALSE,4393,4392,2666,"Casademont Zaragoza","Casademont Zgz","CAZ",4393,2667,"UCAM Murcia","UCAM Murcia","UCM",1,100,12000,17,32,53,16,34,47,17,22,77,27,9,36,22,5,17,21,9,0,3,26,22,113,50,-1,0,13,0,100,90,4,1988,2,18,3,28,7,57,15
2222650,1,"Liga Nacional","Liga Endesa",-402534000,NA,"https://www.acb.com/Documentos/Cabeceras/logo-competicion-1b.png","https://www.acb.com/Documentos/Cabeceras/logo-competicion-4a.png",90,2025,107,NA,NA,5916,104753,NA,NA,TRUE,4392,4392,2666,"Casademont Zaragoza","Casademont Zgz","CAZ",4393,2667,"UCAM Murcia","UCAM Murcia","UCM",1,90,12000,5,14,35,23,52,44,29,34,85,22,12,34,14,8,12,8,0,8,4,23,26,86,-50,-1,13,0,0,90,100,4,321,1,5,2,38,9,26,9
2222567,1,"Liga Nacional","Liga Endesa",-402534000,NA,"https://www.acb.com/Documentos/Cabeceras/logo-competicion-1b.png","https://www.acb.com/Documentos/Cabeceras/logo-competicion-4a.png",90,2025,107,NA,NA,5916,104751,NA,NA,FALSE,4399,4389,2711,"Surne Bilbao","Surne Bilbao","SBB",4399,2728,"Bàsquet Girona","Bàsquet Girona","GIR",1,80,12000,10,34,29,18,37,48,14,19,73,23,19,42,14,6,17,10,0,1,1,28,20,68,-30,-1,13,0,0,80,86,5,824,4,10,6,34,14,28,8
2222566,1,"Liga Nacional","Liga Endesa",-402534000,NA,"https://www.acb.com/Documentos/Cabeceras/logo-competicion-1b.png","https://www.acb.com/Documentos/Cabeceras/logo-competicion-4a.png",90,2025,107,NA,NA,5916,104751,NA,NA,TRUE,4389,4389,2711,"Surne Bilbao","Surne Bilbao","SBB",4399,2728,"Bàsquet Girona","Bàsquet Girona","GIR",1,86,12000,12,39,30,12,16,75,26,36,72,25,8,33,16,9,15,10,1,0,1,21,28,96,30,-1,0,13,0,86,80,3,1360,5,8,8,24,2,42,8
2222371,1,"Liga Nacional","Liga Endesa",-402534000,NA,"https://www.acb.com/Documentos/Cabeceras/logo-competicion-1b.png","https://www.acb.com/Documentos/Cabeceras/logo-competicion-4a.png",90,2025,107,NA,NA,5916,104750,NA,NA,FALSE,4391,4401,2674,"Coviran Granada","Coviran Granada","COV",4391,2665,"La Laguna Tenerife","La Laguna TFE","LLT",1,109,12000,15,33,45,21,33,63,22,25,88,22,10,32,15,4,7,6,1,1,1,19,21,122,65,-1,0,13,0,109,96,1,2076,3,21,2,34,2,40,9
2222370,1,"Liga Nacional","Liga Endesa",-402534000,NA,"https://www.acb.com/Documentos/Cabeceras/logo-competicion-1b.png","https://www.acb.com/Documentos/Cabeceras/logo-competicion-4a.png",90,2025,107,NA,NA,5916,104750,NA,NA,TRUE,4401,4401,2674,"Coviran Granada","Coviran Granada","COV",4391,2665,"La Laguna Tenerife","La Laguna TFE","LLT",1,96,12000,10,23,43,27,45,60,12,17,70,21,11,32,18,5,12,14,1,1,3,23,18,98,-65,-1,13,0,0,96,109,3,219,2,4,4,52,8,37,10
2222284,1,"Liga Nacional","Liga Endesa",-402534000,NA,"https://www.acb.com/Documentos/Cabeceras/logo-competicion-1b.png","https://www.acb.com/Documentos/Cabeceras/logo-competicion-4a.png",90,2025,107,NA,NA,5916,104749,NA,NA,TRUE,4390,4390,2664,"Dreamland Gran Canaria","Dreamland GC","DGC",4396,2725,"BAXI Manresa","BAXI Manresa","BAX",1,80,12000,7,26,26,23,37,62,13,18,72,26,5,31,12,7,13,6,2,1,2,27,25,78,-35,-1,13,0,0,80,87,5,160,5,2,9,40,2,31,8
2222285,1,"Liga Nacional","Liga Endesa",-402534000,NA,"https://www.acb.com/Documentos/Cabeceras/logo-competicion-1b.png","https://www.acb.com/Documentos/Cabeceras/logo-competicion-4a.png",90,2025,107,NA,NA,5916,104749,NA,NA,FALSE,4396,4390,2664,"Dreamland Gran Canaria","Dreamland GC","DGC",4396,2725,"BAXI Manresa","BAXI Manresa","BAX",1,87,12000,8,26,30,19,35,54,25,34,73,29,10,39,11,7,12,10,1,2,3,25,26,89,35,-1,0,13,0,87,80,2,1963,5,18,4,34,9,59,7
2222145,1,"Liga Nacional","Liga Endesa",-402534000,NA,"https://www.acb.com/Documentos/Cabeceras/logo-competicion-1b.png","https://www.acb.com/Documentos/Cabeceras/logo-competicion-4a.png",90,2025,107,NA,NA,5916,104747,NA,NA,FALSE,4395,4384,2658,"Unicaja","Unicaja","UNI",4395,2669,"Río Breogán","Río Breogán","BRE",1,83,12000,15,24,62,12,38,31,14,20,70,11,8,19,13,10,12,6,3,1,1,24,21,71,-90,-1,13,0,0,83,101,3,0,0,0,0,22,7,54,9
2222144,1,"Liga Nacional","Liga Endesa",-402534000,NA,"https://www.acb.com/Documentos/Cabeceras/logo-competicion-1b.png","https://www.acb.com/Documentos/Cabeceras/logo-competicion-4a.png",90,2025,107,NA,NA,5916,104747,NA,NA,TRUE,4384,4384,2658,"Unicaja","Unicaja","UNI",4395,2669,"Río Breogán","Río Breogán","BRE",1,101,12000,11,27,40,26,40,65,16,19,84,30,17,47,24,6,18,14,1,3,4,21,23,127,90,-1,0,13,0,101,83,2,2393,0,25,4,40,4,29,9
2223767,1,"Liga Nacional","Liga Endesa",-402534000,NA,"https://www.acb.com/Documentos/Cabeceras/logo-competicion-1b.png","https://www.acb.com/Documentos/Cabeceras/logo-competicion-4a.png",90,2025,107,NA,NA,5917,104756,NA,NA,FALSE,4394,4399,2728,"Bàsquet Girona","Bàsquet Girona","GIR",4394,2716,"Asisa Joventut","Asisa Joventut","JOV",1,77,12000,9,32,28,19,30,63,12,18,66,28,10,38,18,2,11,13,6,2,3,24,20,84,-25,-1,13,0,0,77,82,4,584,6,5,0,32,5,25,7
2223766,1,"Liga Nacional","Liga Endesa",-402534000,NA,"https://www.acb.com/Documentos/Cabeceras/logo-competicion-1b.png","https://www.acb.com/Documentos/Cabeceras/logo-competicion-4a.png",90,2025,107,NA,NA,5917,104756,NA,NA,TRUE,4399,4399,2728,"Bàsquet Girona","Bàsquet Girona","GIR",4394,2716,"Asisa Joventut","Asisa Joventut","JOV",1,82,12000,16,35,45,12,42,28,10,15,66,26,21,47,15,5,5,9,2,6,2,20,24,90,25,-1,0,13,0,82,77,4,1680,7,20,0,18,14,24,18
2223851,1,"Liga Nacional","Liga Endesa",-402534000,NA,"https://www.acb.com/Documentos/Cabeceras/logo-competicion-1b.png","https://www.acb.com/Documentos/Cabeceras/logo-competicion-4a.png",90,2025,107,NA,NA,5917,104757,NA,NA,FALSE,4384,4398,2710,"Kosner Baskonia","Kosner Baskonia","BKN",4384,2658,"Unicaja","Unicaja","UNI",1,89,12000,8,26,30,23,51,45,19,28,67,22,20,42,23,8,10,12,0,2,3,27,26,94,-15,-1,13,0,0,89,92,4,101,0,6,2,32,11,44,6
2223850,1,"Liga Nacional","Liga Endesa",-402534000,NA,"https://www.acb.com/Documentos/Cabeceras/logo-competicion-1b.png","https://www.acb.com/Documentos/Cabeceras/logo-competicion-4a.png",90,2025,107,NA,NA,5917,104757,NA,NA,TRUE,4398,4398,2710,"Kosner Baskonia","Kosner Baskonia","BKN",4384,2658,"Unicaja","Unicaja","UNI",1,92,12000,10,23,43,18,32,56,26,31,83,28,5,33,13,6,12,7,3,0,0,26,26,103,15,-1,0,13,0,92,89,3,2088,1,11,3,26,3,75,11
2223711,1,"Liga Nacional","Liga Endesa",-402534000,NA,"https://www.acb.com/Documentos/Cabeceras/logo-competicion-1b.png","https://www.acb.com/Documentos/Cabeceras/logo-competicion-4a.png",90,2025,107,NA,NA,5917,104759,NA,NA,FALSE,4389,4391,2665,"La Laguna Tenerife","La Laguna TFE","LLT",4389,2711,"Surne Bilbao","Surne Bilbao","SBB",1,87,12000,8,18,44,18,34,52,27,32,84,24,7,31,18,7,14,6,1,1,7,20,25,103,25,-1,0,13,0,87,82,3,1045,2,14,2,30,4,40,11
2223710,1,"Liga Nacional","Liga Endesa",-402534000,NA,"https://www.acb.com/Documentos/Cabeceras/logo-competicion-1b.png","https://www.acb.com/Documentos/Cabeceras/logo-competicion-4a.png",90,2025,107,NA,NA,5917,104759,NA,NA,TRUE,4391,4391,2665,"La Laguna Tenerife","La Laguna TFE","LLT",4389,2711,"Surne Bilbao","Surne Bilbao","SBB",1,82,12000,9,29,31,21,40,52,13,16,81,19,12,31,17,8,10,8,1,1,0,25,20,81,-25,-1,13,0,0,82,87,4,1103,1,6,2,34,9,40,8
2223739,1,"Liga Nacional","Liga Endesa",-402534000,NA,"https://www.acb.com/Documentos/Cabeceras/logo-competicion-1b.png","https://www.acb.com/Documentos/Cabeceras/logo-competicion-4a.png",90,2025,107,NA,NA,5917,104760,NA,NA,FALSE,4386,4385,2659,"MoraBanc Andorra","MoraBanc And","MBA",4386,2660,"Barça","Barça","BAR",1,100,13500,9,30,30,24,43,55,25,31,80,24,11,35,17,14,11,17,1,0,2,27,24,107,25,-1,0,13,0,100,95,2,1693,10,12,13,40,12,42,9
2223738,1,"Liga Nacional","Liga Endesa",-402534000,NA,"https://www.acb.com/Documentos/Cabeceras/logo-competicion-1b.png","https://www.acb.com/Documentos/Cabeceras/logo-competicion-4a.png",90,2025,107,NA,NA,5917,104760,NA,NA,TRUE,4385,4385,2659,"MoraBanc Andorra","MoraBanc And","MBA",4386,2660,"Barça","Barça","BAR",1,95,13500,9,31,29,22,34,64,24,29,82,31,11,42,15,7,21,17,1,1,2,25,27,101,-25,-1,13,0,0,95,100,5,698,10,4,5,36,4,47,8
2223795,1,"Liga Nacional","Liga Endesa",-402534000,NA,"https://www.acb.com/Documentos/Cabeceras/logo-competicion-1b.png","https://www.acb.com/Documentos/Cabeceras/logo-competicion-4a.png",90,2025,107,NA,NA,5917,104761,NA,NA,FALSE,4392,4395,2669,"Río Breogán","Río Breogán","BRE",4392,2666,"Casademont Zaragoza","Casademont Zgz","CAZ",1,95,12000,11,25,44,22,39,56,18,27,66,25,13,38,24,8,13,13,2,3,3,24,25,112,5,-1,0,13,0,95,94,4,304,7,4,6,36,0,41,6
2223794,1,"Liga Nacional","Liga Endesa",-402534000,NA,"https://www.acb.com/Documentos/Cabeceras/logo-competicion-1b.png","https://www.acb.com/Documentos/Cabeceras/logo-competicion-4a.png",90,2025,107,NA,NA,5917,104761,NA,NA,TRUE,4395,4395,2669,"Río Breogán","Río Breogán","BRE",4392,2666,"Casademont Zaragoza","Casademont Zgz","CAZ",1,94,12000,14,32,43,19,35,54,14,21,66,25,12,37,17,7,12,12,4,2,3,25,24,103,-5,-1,13,0,0,94,95,3,1745,7,8,5,30,10,60,6
2223879,1,"Liga Nacional","Liga Endesa",-402534000,NA,"https://www.acb.com/Documentos/Cabeceras/logo-competicion-1b.png","https://www.acb.com/Documentos/Cabeceras/logo-competicion-4a.png",90,2025,107,NA,NA,5917,104763,NA,NA,FALSE,4387,4393,2667,"UCAM Murcia","UCAM Murcia","UCM",4387,2661,"Hiopos Lleida","Hiopos Lleida","HIO",1,95,12000,8,21,38,25,45,55,21,30,70,23,10,33,18,6,16,14,2,1,3,29,25,91,-105,-1,13,0,0,95,116,4,552,2,6,6,46,9,49,9
2223878,1,"Liga Nacional","Liga Endesa",-402534000,NA,"https://www.acb.com/Documentos/Cabeceras/logo-competicion-1b.png","https://www.acb.com/Documentos/Cabeceras/logo-competicion-4a.png",90,2025,107,NA,NA,5917,104763,NA,NA,TRUE,4393,4393,2667,"UCAM Murcia","UCAM Murcia","UCM",4387,2661,"Hiopos Lleida","Hiopos Lleida","HIO",1,116,12000,13,32,40,27,40,67,23,29,79,27,10,37,18,8,11,6,1,2,3,25,28,132,105,-1,0,13,0,116,95,3,1769,2,23,5,50,9,59,10
2223823,1,"Liga Nacional","Liga Endesa",-402534000,NA,"https://www.acb.com/Documentos/Cabeceras/logo-competicion-1b.png","https://www.acb.com/Documentos/Cabeceras/logo-competicion-4a.png",90,2025,107,NA,NA,5917,104764,NA,NA,FALSE,4390,4397,2671,"Valencia Basket","Valencia Basket","VBC",4390,2664,"Dreamland Gran Canaria","Dreamland GC","DGC",1,81,12000,10,35,28,19,33,57,13,16,81,23,10,33,9,4,13,6,2,1,1,17,15,71,-120,-1,13,0,0,81,105,4,46,2,2,4,34,2,26,7
2223822,1,"Liga Nacional","Liga Endesa",-402534000,NA,"https://www.acb.com/Documentos/Cabeceras/logo-competicion-1b.png","https://www.acb.com/Documentos/Cabeceras/logo-competicion-4a.png",90,2025,107,NA,NA,5917,104764,NA,NA,TRUE,4397,4397,2671,"Valencia Basket","Valencia Basket","VBC",4390,2664,"Dreamland Gran Canaria","Dreamland GC","DGC",1,105,12000,8,27,29,34,48,70,13,17,76,31,7,38,19,10,6,15,1,2,8,15,17,130,120,-1,0,13,0,105,81,0,2212,3,31,3,60,4,58,10
2223461,1,"Liga Nacional","Liga Endesa",-402534000,NA,"https://www.acb.com/Documentos/Cabeceras/logo-competicion-1b.png","https://www.acb.com/Documentos/Cabeceras/logo-competicion-4a.png",90,2025,107,NA,NA,5917,104758,NA,NA,TRUE,4396,4396,2725,"BAXI Manresa","BAXI Manresa","BAX",4388,2662,"Real Madrid","Real Madrid","RMB",1,94,12000,9,39,23,25,42,59,17,25,68,31,16,47,20,5,13,20,2,3,3,23,21,95,35,-1,0,13,0,94,87,2,2167,1,19,6,48,9,60,9
2223462,1,"Liga Nacional","Liga Endesa",-402534000,NA,"https://www.acb.com/Documentos/Cabeceras/logo-competicion-1b.png","https://www.acb.com/Documentos/Cabeceras/logo-competicion-4a.png",90,2025,107,NA,NA,5917,104758,NA,NA,FALSE,4388,4396,2725,"BAXI Manresa","BAXI Manresa","BAX",4388,2662,"Real Madrid","Real Madrid","RMB",1,87,12000,7,29,24,25,43,58,16,20,80,27,11,38,14,8,18,11,3,2,3,26,23,83,-35,-1,12,0,0,87,94,5,10,1,1,6,44,8,34,9
2223432,1,"Liga Nacional","Liga Endesa",-402534000,NA,"https://www.acb.com/Documentos/Cabeceras/logo-competicion-1b.png","https://www.acb.com/Documentos/Cabeceras/logo-competicion-4a.png",90,2025,107,NA,NA,5917,104762,NA,NA,FALSE,4401,4402,2680,"Recoletas Salud San Pablo Burgos","Recoletas Salud","BUR",4401,2674,"Coviran Granada","Coviran Granada","COV",1,105,12000,13,30,43,24,34,70,18,25,72,19,6,25,25,8,14,32,3,2,6,15,23,124,-25,-1,13,0,0,105,110,4,1631,2,13,10,48,2,58,8
2223431,1,"Liga Nacional","Liga Endesa",-402534000,NA,"https://www.acb.com/Documentos/Cabeceras/logo-competicion-1b.png","https://www.acb.com/Documentos/Cabeceras/logo-competicion-4a.png",90,2025,107,NA,NA,5917,104762,NA,NA,TRUE,4402,4402,2680,"Recoletas Salud San Pablo Burgos","Recoletas Salud","BUR",4401,2674,"Coviran Granada","Coviran Granada","COV",1,110,12000,15,28,53,27,49,55,11,12,91,22,14,36,26,7,12,19,3,3,2,23,15,123,25,-1,0,13,0,110,105,3,667,3,10,8,52,18,63,7
2225398,1,"Liga Nacional","Liga Endesa",-402534000,NA,"https://www.acb.com/Documentos/Cabeceras/logo-competicion-1b.png","https://www.acb.com/Documentos/Cabeceras/logo-competicion-4a.png",90,2025,111,293,353,6002,105349,NA,NA,FALSE,4394,4398,2710,"Kosner Baskonia","Kosner Baskonia","BKN",4394,2716,"Asisa Joventut","Asisa Joventut","JOV",1,71,12000,5,21,23,23,47,48,10,16,62,27,14,41,14,4,12,6,2,2,2,26,17,63,-70,-1,13,0,0,71,85,4,483,4,5,2,32,5,32,9
2225397,1,"Liga Nacional","Liga Endesa",-402534000,NA,"https://www.acb.com/Documentos/Cabeceras/logo-competicion-1b.png","https://www.acb.com/Documentos/Cabeceras/logo-competicion-4a.png",90,2025,111,293,353,6002,105349,NA,NA,TRUE,4398,4398,2710,"Kosner Baskonia","Kosner Baskonia","BKN",4394,2716,"Asisa Joventut","Asisa Joventut","JOV",1,85,12000,6,23,26,25,42,59,17,23,73,27,10,37,15,9,9,6,3,2,4,17,26,107,70,-1,0,13,0,85,71,1,1527,4,14,6,50,6,56,8
2225232,1,"Liga Nacional","Liga Endesa",-402534000,NA,"https://www.acb.com/Documentos/Cabeceras/logo-competicion-1b.png","https://www.acb.com/Documentos/Cabeceras/logo-competicion-4a.png",90,2025,111,293,352,6002,105348,NA,NA,FALSE,4389,4397,2671,"Valencia Basket","Valencia Basket","VBC",4389,2711,"Surne Bilbao","Surne Bilbao","SBB",1,80,12000,14,35,40,13,31,41,12,13,92,27,10,37,16,8,16,2,5,2,3,21,16,83,-15,-1,13,0,0,80,83,4,1753,4,13,4,26,10,33,8
2225231,1,"Liga Nacional","Liga Endesa",-402534000,NA,"https://www.acb.com/Documentos/Cabeceras/logo-competicion-1b.png","https://www.acb.com/Documentos/Cabeceras/logo-competicion-4a.png",90,2025,111,293,352,6002,105348,NA,NA,TRUE,4397,4397,2671,"Valencia Basket","Valencia Basket","VBC",4389,2711,"Surne Bilbao","Surne Bilbao","SBB",1,83,12000,8,25,32,23,44,52,13,17,76,28,11,39,16,9,11,6,2,5,6,16,21,96,15,-1,0,13,0,83,80,4,405,5,4,0,40,3,51,14
2225065,1,"Liga Nacional","Liga Endesa",-402534000,NA,"https://www.acb.com/Documentos/Cabeceras/logo-competicion-1b.png","https://www.acb.com/Documentos/Cabeceras/logo-competicion-4a.png",90,2025,111,293,351,6002,105347,NA,NA,TRUE,4388,4388,2662,"Real Madrid","Real Madrid","RMB",4391,2665,"La Laguna Tenerife","La Laguna TFE","LLT",1,97,12000,4,17,23,33,56,58,19,26,73,27,15,42,16,7,9,13,5,2,5,19,26,120,-5,-1,13,0,0,97,98,5,1808,4,12,5,64,4,56,9
2225066,1,"Liga Nacional","Liga Endesa",-402534000,NA,"https://www.acb.com/Documentos/Cabeceras/logo-competicion-1b.png","https://www.acb.com/Documentos/Cabeceras/logo-competicion-4a.png",90,2025,111,293,351,6002,105347,NA,NA,FALSE,4391,4388,2662,"Real Madrid","Real Madrid","RMB",4391,2665,"La Laguna Tenerife","La Laguna TFE","LLT",1,98,12000,16,31,51,18,35,51,14,16,87,21,7,28,21,8,10,5,2,5,1,26,19,101,5,-1,0,13,0,98,97,3,388,4,5,0,26,7,48,9
2224899,1,"Liga Nacional","Liga Endesa",-402534000,NA,"https://www.acb.com/Documentos/Cabeceras/logo-competicion-1b.png","https://www.acb.com/Documentos/Cabeceras/logo-competicion-4a.png",90,2025,111,293,354,6002,105350,NA,NA,FALSE,4386,4393,2667,"UCAM Murcia","UCAM Murcia","UCM",4386,2660,"Barça","Barça","BAR",1,91,12000,11,20,55,20,38,52,18,22,81,34,5,39,17,7,14,13,2,2,0,21,22,110,115,-1,0,13,0,91,68,2,1786,3,29,6,36,4,47,13
2224898,1,"Liga Nacional","Liga Endesa",-402534000,NA,"https://www.acb.com/Documentos/Cabeceras/logo-competicion-1b.png","https://www.acb.com/Documentos/Cabeceras/logo-competicion-4a.png",90,2025,111,293,354,6002,105350,NA,NA,TRUE,4393,4393,2667,"UCAM Murcia","UCAM Murcia","UCM",4386,2660,"Barça","Barça","BAR",1,68,12000,6,28,21,15,37,40,20,28,71,23,11,34,12,7,12,11,2,2,3,23,20,54,-115,-1,13,0,0,68,91,5,330,2,5,6,30,6,24,7
2225960,1,"Liga Nacional","Liga Endesa",-402534000,NA,"https://www.acb.com/Documentos/Cabeceras/logo-competicion-1b.png","https://www.acb.com/Documentos/Cabeceras/logo-competicion-4a.png",90,2025,111,293,353,6003,105353,NA,NA,TRUE,4394,4394,2716,"Asisa Joventut","Asisa Joventut","JOV",4398,2710,"Kosner Baskonia","Kosner Baskonia","BKN",1,82,12000,9,22,40,21,48,43,13,21,61,27,16,43,9,10,7,10,3,3,1,18,22,93,95,-1,0,13,0,82,63,2,2341,0,22,6,40,9,30,9
2225961,1,"Liga Nacional","Liga Endesa",-402534000,NA,"https://www.acb.com/Documentos/Cabeceras/logo-competicion-1b.png","https://www.acb.com/Documentos/Cabeceras/logo-competicion-4a.png",90,2025,111,293,353,6003,105353,NA,NA,FALSE,4398,4394,2716,"Asisa Joventut","Asisa Joventut","JOV",4398,2710,"Kosner Baskonia","Kosner Baskonia","BKN",1,63,12000,8,28,28,14,37,37,11,17,64,24,20,44,9,6,18,9,3,3,2,23,18,50,-95,-1,13,0,0,63,82,4,0,0,0,3,26,0,43,11
2225820,1,"Liga Nacional","Liga Endesa",-402534000,NA,"https://www.acb.com/Documentos/Cabeceras/logo-competicion-1b.png","https://www.acb.com/Documentos/Cabeceras/logo-competicion-4a.png",90,2025,111,293,352,6003,105352,NA,NA,TRUE,4389,4389,2711,"Surne Bilbao","Surne Bilbao","SBB",4397,2671,"Valencia Basket","Valencia Basket","VBC",1,71,12000,10,39,25,13,32,40,15,23,65,25,17,42,12,7,13,6,2,1,5,19,23,68,-85,-1,13,0,0,71,88,3,0,0,0,2,22,7,29,11
2225821,1,"Liga Nacional","Liga Endesa",-402534000,NA,"https://www.acb.com/Documentos/Cabeceras/logo-competicion-1b.png","https://www.acb.com/Documentos/Cabeceras/logo-competicion-4a.png",90,2025,111,293,352,6003,105352,NA,NA,FALSE,4397,4389,2711,"Surne Bilbao","Surne Bilbao","SBB",4397,2671,"Valencia Basket","Valencia Basket","VBC",1,88,12000,10,29,34,22,39,56,14,20,70,29,12,41,21,9,11,12,1,2,7,23,19,101,85,-1,0,13,0,88,71,0,2392,0,28,4,40,12,39,10
2225681,1,"Liga Nacional","Liga Endesa",-402534000,NA,"https://www.acb.com/Documentos/Cabeceras/logo-competicion-1b.png","https://www.acb.com/Documentos/Cabeceras/logo-competicion-4a.png",90,2025,111,293,351,6003,105351,NA,NA,FALSE,4388,4391,2665,"La Laguna Tenerife","La Laguna TFE","LLT",4388,2662,"Real Madrid","Real Madrid","RMB",1,118,12000,11,24,45,28,37,75,29,33,87,31,5,36,21,4,5,12,2,0,3,21,25,154,175,-1,0,13,0,118,83,3,1537,4,37,5,48,0,68,10
2225680,1,"Liga Nacional","Liga Endesa",-402534000,NA,"https://www.acb.com/Documentos/Cabeceras/logo-competicion-1b.png","https://www.acb.com/Documentos/Cabeceras/logo-competicion-4a.png",90,2025,111,293,351,6003,105351,NA,NA,TRUE,4391,4391,2665,"La Laguna Tenerife","La Laguna TFE","LLT",4388,2662,"Real Madrid","Real Madrid","RMB",1,83,12000,11,30,36,19,36,52,12,16,75,17,5,22,14,3,7,15,0,2,1,25,21,69,-175,-1,13,0,0,83,118,3,525,3,5,0,30,7,63,6
2225540,1,"Liga Nacional","Liga Endesa",-402534000,NA,"https://www.acb.com/Documentos/Cabeceras/logo-competicion-1b.png","https://www.acb.com/Documentos/Cabeceras/logo-competicion-4a.png",90,2025,111,293,354,6003,105354,NA,NA,TRUE,4386,4386,2660,"Barça","Barça","BAR",4393,2667,"UCAM Murcia","UCAM Murcia","UCM",1,87,12000,6,15,40,23,48,47,23,28,82,30,9,39,13,4,8,0,1,2,3,20,21,96,-15,-1,13,0,0,87,90,3,350,5,6,4,34,7,35,7
2225541,1,"Liga Nacional","Liga Endesa",-402534000,NA,"https://www.acb.com/Documentos/Cabeceras/logo-competicion-1b.png","https://www.acb.com/Documentos/Cabeceras/logo-competicion-4a.png",90,2025,111,293,354,6003,105354,NA,NA,FALSE,4393,4386,2660,"Barça","Barça","BAR",4393,2667,"UCAM Murcia","UCAM Murcia","UCM",1,90,12000,16,38,42,16,28,57,10,14,71,26,4,30,15,3,8,5,2,1,0,21,20,92,15,-1,0,13,0,90,87,4,1867,5,7,0,30,5,41,5
2226381,1,"Liga Nacional","Liga Endesa",-402534000,NA,"https://www.acb.com/Documentos/Cabeceras/logo-competicion-1b.png","https://www.acb.com/Documentos/Cabeceras/logo-competicion-4a.png",90,2025,111,293,353,6004,105357,NA,NA,FALSE,4394,4398,2710,"Kosner Baskonia","Kosner Baskonia","BKN",4394,2716,"Asisa Joventut","Asisa Joventut","JOV",1,96,12000,14,29,48,19,40,47,16,20,80,22,11,33,18,8,10,6,3,4,1,23,22,103,40,-1,0,13,0,96,88,1,1655,3,16,2,28,8,37,7
2226380,1,"Liga Nacional","Liga Endesa",-402534000,NA,"https://www.acb.com/Documentos/Cabeceras/logo-competicion-1b.png","https://www.acb.com/Documentos/Cabeceras/logo-competicion-4a.png",90,2025,111,293,353,6004,105357,NA,NA,TRUE,4398,4398,2710,"Kosner Baskonia","Kosner Baskonia","BKN",4394,2716,"Asisa Joventut","Asisa Joventut","JOV",1,88,12000,8,25,32,20,34,58,24,29,82,25,9,34,17,8,15,13,4,2,1,22,22,98,-40,-1,13,0,0,88,96,2,683,2,7,10,40,10,40,6
2226240,1,"Liga Nacional","Liga Endesa",-402534000,NA,"https://www.acb.com/Documentos/Cabeceras/logo-competicion-1b.png","https://www.acb.com/Documentos/Cabeceras/logo-competicion-4a.png",90,2025,111,293,354,6004,105358,NA,NA,TRUE,4393,4393,2667,"UCAM Murcia","UCAM Murcia","UCM",4386,2660,"Barça","Barça","BAR",1,76,12000,7,27,25,19,33,57,17,21,80,15,7,22,10,8,12,7,0,3,3,24,18,57,-120,-1,13,0,0,76,100,5,160,2,3,2,36,7,27,6
2226241,1,"Liga Nacional","Liga Endesa",-402534000,NA,"https://www.acb.com/Documentos/Cabeceras/logo-competicion-1b.png","https://www.acb.com/Documentos/Cabeceras/logo-competicion-4a.png",90,2025,111,293,354,6004,105358,NA,NA,FALSE,4386,4393,2667,"UCAM Murcia","UCAM Murcia","UCM",4386,2660,"Barça","Barça","BAR",1,100,12000,12,21,57,24,35,68,16,19,84,28,5,33,11,7,14,6,3,0,2,19,23,121,120,-1,0,13,0,100,76,2,2160,3,25,2,48,2,47,11
2226100,1,"Liga Nacional","Liga Endesa",-402534000,NA,"https://www.acb.com/Documentos/Cabeceras/logo-competicion-1b.png","https://www.acb.com/Documentos/Cabeceras/logo-competicion-4a.png",90,2025,111,293,351,6004,105355,NA,NA,TRUE,4388,4388,2662,"Real Madrid","Real Madrid","RMB",4391,2665,"La Laguna Tenerife","La Laguna TFE","LLT",1,95,12000,5,21,23,27,43,62,26,32,81,26,7,33,15,7,10,9,3,0,5,28,30,107,-60,-1,13,0,0,95,107,4,558,5,5,4,52,2,45,9
2226101,1,"Liga Nacional","Liga Endesa",-402534000,NA,"https://www.acb.com/Documentos/Cabeceras/logo-competicion-1b.png","https://www.acb.com/Documentos/Cabeceras/logo-competicion-4a.png",90,2025,111,293,351,6004,105355,NA,NA,FALSE,4391,4388,2662,"Real Madrid","Real Madrid","RMB",4391,2665,"La Laguna Tenerife","La Laguna TFE","LLT",1,107,12000,13,28,46,22,35,62,24,29,82,26,3,29,16,5,12,2,0,2,0,31,27,106,60,-1,0,13,0,107,95,3,1502,6,12,4,38,0,59,11
2226664,1,"Liga Nacional","Liga Endesa",-402534000,NA,"https://www.acb.com/Documentos/Cabeceras/logo-competicion-1b.png","https://www.acb.com/Documentos/Cabeceras/logo-competicion-4a.png",90,2025,111,292,364,6005,105365,NA,NA,FALSE,4394,4397,2671,"Valencia Basket","Valencia Basket","VBC",4394,2716,"Asisa Joventut","Asisa Joventut","JOV",1,117,13500,18,37,48,23,43,53,17,21,80,25,11,36,28,10,10,3,2,5,1,24,18,129,-5,-1,13,0,0,117,118,5,1379,10,8,6,46,7,56,8
2226663,1,"Liga Nacional","Liga Endesa",-402534000,NA,"https://www.acb.com/Documentos/Cabeceras/logo-competicion-1b.png","https://www.acb.com/Documentos/Cabeceras/logo-competicion-4a.png",90,2025,111,292,364,6005,105365,NA,NA,TRUE,4397,4397,2671,"Valencia Basket","Valencia Basket","VBC",4394,2716,"Asisa Joventut","Asisa Joventut","JOV",1,118,13500,15,42,35,27,40,67,19,23,82,30,17,47,29,7,12,25,5,2,8,18,24,154,5,-1,0,13,0,118,117,2,1042,10,10,4,46,7,33,9
2226521,1,"Liga Nacional","Liga Endesa",-402534000,NA,"https://www.acb.com/Documentos/Cabeceras/logo-competicion-1b.png","https://www.acb.com/Documentos/Cabeceras/logo-competicion-4a.png",90,2025,111,292,363,6005,105360,NA,NA,TRUE,4386,4386,2660,"Barça","Barça","BAR",4391,2665,"La Laguna Tenerife","La Laguna TFE","LLT",1,100,12000,13,27,48,28,44,63,5,7,71,28,14,42,19,5,11,14,5,1,2,21,15,121,165,-1,0,13,0,100,67,0,2342,0,33,4,46,8,65,11
2226522,1,"Liga Nacional","Liga Endesa",-402534000,NA,"https://www.acb.com/Documentos/Cabeceras/logo-competicion-1b.png","https://www.acb.com/Documentos/Cabeceras/logo-competicion-4a.png",90,2025,111,292,363,6005,105360,NA,NA,FALSE,4391,4386,2660,"Barça","Barça","BAR",4391,2665,"La Laguna Tenerife","La Laguna TFE","LLT",1,67,12000,3,18,16,22,46,47,14,16,87,17,11,28,14,5,11,8,1,4,2,15,21,65,-165,-1,13,0,0,67,100,2,0,0,0,0,38,6,30,7
2226972,1,"Liga Nacional","Liga Endesa",-402534000,NA,"https://www.acb.com/Documentos/Cabeceras/logo-competicion-1b.png","https://www.acb.com/Documentos/Cabeceras/logo-competicion-4a.png",90,2025,111,292,364,6006,105366,NA,NA,FALSE,4394,4397,2671,"Valencia Basket","Valencia Basket","VBC",4394,2716,"Asisa Joventut","Asisa Joventut","JOV",1,76,12000,9,28,32,19,42,45,11,12,91,25,15,40,16,6,15,10,2,6,2,21,19,74,-70,-1,13,0,0,76,90,3,0,0,0,4,36,5,31,10
2226971,1,"Liga Nacional","Liga Endesa",-402534000,NA,"https://www.acb.com/Documentos/Cabeceras/logo-competicion-1b.png","https://www.acb.com/Documentos/Cabeceras/logo-competicion-4a.png",90,2025,111,292,364,6006,105366,NA,NA,TRUE,4397,4397,2671,"Valencia Basket","Valencia Basket","VBC",4394,2716,"Asisa Joventut","Asisa Joventut","JOV",1,90,12000,13,40,32,20,30,66,11,20,55,26,15,41,20,10,12,12,7,2,2,19,20,109,70,-1,0,13,0,90,76,1,2357,0,24,7,32,13,34,11
2226832,1,"Liga Nacional","Liga Endesa",-402534000,NA,"https://www.acb.com/Documentos/Cabeceras/logo-competicion-1b.png","https://www.acb.com/Documentos/Cabeceras/logo-competicion-4a.png",90,2025,111,292,363,6006,105361,NA,NA,FALSE,4391,4386,2660,"Barça","Barça","BAR",4391,2665,"La Laguna Tenerife","La Laguna TFE","LLT",1,89,12000,13,30,43,19,34,55,12,13,92,18,10,28,19,6,10,0,2,2,1,25,21,95,-40,-1,13,0,0,89,97,4,511,2,5,2,24,10,13,7
2226831,1,"Liga Nacional","Liga Endesa",-402534000,NA,"https://www.acb.com/Documentos/Cabeceras/logo-competicion-1b.png","https://www.acb.com/Documentos/Cabeceras/logo-competicion-4a.png",90,2025,111,292,363,6006,105361,NA,NA,TRUE,4386,4386,2660,"Barça","Barça","BAR",4391,2665,"La Laguna Tenerife","La Laguna TFE","LLT",1,97,12000,9,23,39,24,39,61,22,26,84,21,12,33,14,6,7,4,2,2,2,21,22,111,40,-1,0,13,0,97,89,1,1711,3,15,4,32,8,43,9
2227253,1,"Liga Nacional","Liga Endesa",-402534000,NA,"https://www.acb.com/Documentos/Cabeceras/logo-competicion-1b.png","https://www.acb.com/Documentos/Cabeceras/logo-competicion-4a.png",90,2025,111,292,364,6007,105367,NA,NA,FALSE,4397,4394,2716,"Asisa Joventut","Asisa Joventut","JOV",4397,2671,"Valencia Basket","Valencia Basket","VBC",1,87,12000,13,42,30,15,36,41,18,20,90,24,19,43,18,11,10,12,3,1,3,18,22,103,60,-1,0,13,0,87,75,1,1735,8,14,6,26,4,37,16
2227252,1,"Liga Nacional","Liga Endesa",-402534000,NA,"https://www.acb.com/Documentos/Cabeceras/logo-competicion-1b.png","https://www.acb.com/Documentos/Cabeceras/logo-competicion-4a.png",90,2025,111,292,364,6007,105367,NA,NA,TRUE,4394,4394,2716,"Asisa Joventut","Asisa Joventut","JOV",4397,2671,"Valencia Basket","Valencia Basket","VBC",1,75,12000,4,25,16,26,35,74,11,15,73,29,6,35,16,7,18,8,1,3,5,23,17,73,-60,-1,13,0,0,75,87,5,437,7,4,4,42,2,17,7
2227112,1,"Liga Nacional","Liga Endesa",-402534000,NA,"https://www.acb.com/Documentos/Cabeceras/logo-competicion-1b.png","https://www.acb.com/Documentos/Cabeceras/logo-competicion-4a.png",90,2025,111,292,363,6007,105362,NA,NA,FALSE,4386,4391,2665,"La Laguna Tenerife","La Laguna TFE","LLT",4386,2660,"Barça","Barça","BAR",1,85,12000,10,21,47,17,33,51,21,25,84,26,8,34,15,9,16,5,2,3,3,23,22,94,45,-1,0,13,0,85,76,4,689,6,10,5,28,7,36,14
2227111,1,"Liga Nacional","Liga Endesa",-402534000,NA,"https://www.acb.com/Documentos/Cabeceras/logo-competicion-1b.png","https://www.acb.com/Documentos/Cabeceras/logo-competicion-4a.png",90,2025,111,292,363,6007,105362,NA,NA,TRUE,4391,4391,2665,"La Laguna Tenerife","La Laguna TFE","LLT",4386,2660,"Barça","Barça","BAR",1,76,12000,6,21,28,23,43,53,12,15,80,18,8,26,12,7,12,13,3,2,1,23,23,72,-45,-1,13,0,0,76,85,3,1558,6,14,3,36,5,39,12
2227393,1,"Liga Nacional","Liga Endesa",-402534000,NA,"https://www.acb.com/Documentos/Cabeceras/logo-competicion-1b.png","https://www.acb.com/Documentos/Cabeceras/logo-competicion-4a.png",90,2025,111,291,372,6010,105370,NA,NA,TRUE,4397,4397,2671,"Valencia Basket","Valencia Basket","VBC",4386,2660,"Barça","Barça","BAR",1,112,13500,7,26,26,36,56,64,19,24,79,29,11,40,19,10,5,19,3,6,6,23,23,129,-5,-1,13,0,0,112,113,3,1837,6,14,4,64,6,37,9
2227394,1,"Liga Nacional","Liga Endesa",-402534000,NA,"https://www.acb.com/Documentos/Cabeceras/logo-competicion-1b.png","https://www.acb.com/Documentos/Cabeceras/logo-competicion-4a.png",90,2025,111,291,372,6010,105370,NA,NA,FALSE,4386,4397,2671,"Valencia Basket","Valencia Basket","VBC",4386,2660,"Barça","Barça","BAR",1,113,13500,19,38,50,21,37,56,14,21,66,24,8,32,22,4,11,14,6,3,2,25,22,118,5,-1,0,13,0,113,112,2,498,6,4,8,40,5,64,8
2227563,1,"Liga Nacional","Liga Endesa",-402534000,NA,"https://www.acb.com/Documentos/Cabeceras/logo-competicion-1b.png","https://www.acb.com/Documentos/Cabeceras/logo-competicion-4a.png",90,2025,111,291,372,6011,105371,NA,NA,FALSE,4386,4397,2671,"Valencia Basket","Valencia Basket","VBC",4386,2660,"Barça","Barça","BAR",1,75,12000,4,21,19,26,53,49,11,17,64,20,14,34,15,6,8,4,1,6,0,20,19,66,-135,-1,13,0,0,75,102,2,0,0,0,2,50,8,59,9
2227562,1,"Liga Nacional","Liga Endesa",-402534000,NA,"https://www.acb.com/Documentos/Cabeceras/logo-competicion-1b.png","https://www.acb.com/Documentos/Cabeceras/logo-competicion-4a.png",90,2025,111,291,372,6011,105371,NA,NA,TRUE,4397,4397,2671,"Valencia Basket","Valencia Basket","VBC",4386,2660,"Barça","Barça","BAR",1,102,12000,11,21,52,25,44,56,19,22,86,31,11,42,20,6,11,13,6,1,5,19,18,131,135,-1,0,13,0,102,75,1,2351,0,36,2,38,4,52,11
2227703,1,"Liga Nacional","Liga Endesa",-402534000,NA,"https://www.acb.com/Documentos/Cabeceras/logo-competicion-1b.png","https://www.acb.com/Documentos/Cabeceras/logo-competicion-4a.png",90,2025,111,291,372,6012,105372,NA,NA,FALSE,4397,4386,2660,"Barça","Barça","BAR",4397,2671,"Valencia Basket","Valencia Basket","VBC",1,88,12000,8,26,30,23,39,58,18,20,90,28,14,42,14,7,15,18,3,2,0,16,17,102,40,-1,0,13,0,88,80,2,1973,1,18,2,42,10,29,12
2227702,1,"Liga Nacional","Liga Endesa",-402534000,NA,"https://www.acb.com/Documentos/Cabeceras/logo-competicion-1b.png","https://www.acb.com/Documentos/Cabeceras/logo-competicion-4a.png",90,2025,111,291,372,6012,105372,NA,NA,TRUE,4386,4386,2660,"Barça","Barça","BAR",4397,2671,"Valencia Basket","Valencia Basket","VBC",1,80,12000,7,26,26,25,38,65,9,15,60,20,6,26,13,10,12,10,2,3,2,17,16,77,-40,-1,13,0,0,80,88,4,177,1,3,7,42,4,27,11
2227843,1,"Liga Nacional","Liga Endesa",-402534000,NA,"https://www.acb.com/Documentos/Cabeceras/logo-competicion-1b.png","https://www.acb.com/Documentos/Cabeceras/logo-competicion-4a.png",90,2025,111,291,372,6013,105373,NA,NA,FALSE,4397,4386,2660,"Barça","Barça","BAR",4397,2671,"Valencia Basket","Valencia Basket","VBC",1,108,12000,15,31,48,25,47,53,13,17,76,27,13,40,20,10,5,17,0,0,1,24,18,125,120,-1,0,13,0,108,84,1,2163,2,27,9,44,4,41,12
2227842,1,"Liga Nacional","Liga Endesa",-402534000,NA,"https://www.acb.com/Documentos/Cabeceras/logo-competicion-1b.png","https://www.acb.com/Documentos/Cabeceras/logo-competicion-4a.png",90,2025,111,291,372,6013,105373,NA,NA,TRUE,4386,4386,2660,"Barça","Barça","BAR",4397,2671,"Valencia Basket","Valencia Basket","VBC",1,84,12000,14,36,38,13,27,48,16,22,72,25,10,35,13,3,16,12,0,0,1,19,24,82,-120,-1,13,0,0,84,108,2,99,2,4,2,22,2,22,9
2194620,2,"Copa de España","Copa del Rey",-1142812800,NA,"https://static.acb.com/img/d/15/9/27868934009.png","https://static.acb.com/img/d/15/9/27868934009.png",90,2025,103,293,353,5993,105315,NA,NA,TRUE,4456,4456,2660,"Barça","Barça","BAR",4459,2667,"UCAM Murcia","UCAM Murcia","UCM",1,91,12000,8,21,38,25,43,58,17,22,77,22,8,30,18,8,5,14,2,3,2,21,23,107,30,-1,0,13,0,91,85,1,1183,9,11,9,38,8,46,10
2194621,2,"Copa de España","Copa del Rey",-1142812800,NA,"https://static.acb.com/img/d/15/9/27868934009.png","https://static.acb.com/img/d/15/9/27868934009.png",90,2025,103,293,353,5993,105315,NA,NA,FALSE,4459,4456,2660,"Barça","Barça","BAR",4459,2667,"UCAM Murcia","UCAM Murcia","UCM",1,85,12000,11,31,35,19,30,63,14,18,77,24,8,32,14,3,12,10,3,1,0,23,21,87,-30,-1,13,0,0,85,91,5,864,9,6,6,30,4,27,6
2194428,2,"Copa de España","Copa del Rey",-1142812800,NA,"https://static.acb.com/img/d/15/9/27868934009.png","https://static.acb.com/img/d/15/9/27868934009.png",90,2025,103,293,354,5993,105314,NA,NA,TRUE,4462,4462,2710,"Kosner Baskonia","Kosner Baskonia","BKN",4458,2665,"La Laguna Tenerife","La Laguna TFE","LLT",1,91,12000,10,24,41,22,38,57,17,22,77,24,7,31,19,7,10,2,3,2,5,26,25,103,50,-1,0,13,0,91,81,1,2340,0,16,0,40,7,41,8
2194429,2,"Copa de España","Copa del Rey",-1142812800,NA,"https://static.acb.com/img/d/15/9/27868934009.png","https://static.acb.com/img/d/15/9/27868934009.png",90,2025,103,293,354,5993,105314,NA,NA,FALSE,4458,4462,2710,"Kosner Baskonia","Kosner Baskonia","BKN",4458,2665,"La Laguna Tenerife","La Laguna TFE","LLT",1,81,12000,11,31,35,10,26,38,28,31,90,26,8,34,10,5,12,2,2,3,1,25,24,77,-50,-1,13,0,0,81,91,2,0,0,0,2,20,9,37,11
2193676,2,"Copa de España","Copa del Rey",-1142812800,NA,"https://static.acb.com/img/d/15/9/27868934009.png","https://static.acb.com/img/d/15/9/27868934009.png",90,2025,103,293,351,5993,105313,NA,NA,FALSE,4455,4457,2718,"Real Madrid","Real Madrid","RMB",4455,2658,"Unicaja","Unicaja","UNI",1,70,12000,12,35,34,11,32,34,12,13,92,23,9,32,17,5,12,2,0,4,1,23,19,59,-150,-1,13,0,0,70,100,3,39,0,3,4,18,15,20,6
2193675,2,"Copa de España","Copa del Rey",-1142812800,NA,"https://static.acb.com/img/d/15/9/27868934009.png","https://static.acb.com/img/d/15/9/27868934009.png",90,2025,103,293,351,5993,105313,NA,NA,TRUE,4457,4457,2718,"Real Madrid","Real Madrid","RMB",4455,2658,"Unicaja","Unicaja","UNI",1,100,12000,10,26,38,25,35,71,20,23,86,34,4,38,18,8,9,11,5,0,4,19,23,135,150,-1,0,13,0,100,70,2,2317,1,37,4,48,2,57,14
2193484,2,"Copa de España","Copa del Rey",-1142812800,NA,"https://static.acb.com/img/d/15/9/27868934009.png","https://static.acb.com/img/d/15/9/27868934009.png",90,2025,103,293,352,5993,105312,NA,NA,FALSE,4460,4461,2719,"Valencia Basket","Valencia Basket","VBC",4460,2717,"Asisa Joventut","Asisa Joventut","JOV",1,84,12000,11,31,35,15,44,34,21,25,84,29,14,43,16,8,7,13,4,6,1,25,21,85,-55,-1,13,0,0,84,95,4,448,2,6,3,28,4,30,7
2193483,2,"Copa de España","Copa del Rey",-1142812800,NA,"https://static.acb.com/img/d/15/9/27868934009.png","https://static.acb.com/img/d/15/9/27868934009.png",90,2025,103,293,352,5993,105312,NA,NA,TRUE,4461,4461,2719,"Valencia Basket","Valencia Basket","VBC",4460,2717,"Asisa Joventut","Asisa Joventut","JOV",1,95,12000,14,34,41,16,36,44,21,27,77,32,14,46,17,4,11,19,6,4,2,22,24,109,55,-1,0,13,0,95,84,3,1932,2,17,6,32,2,41,10
2195710,2,"Copa de España","Copa del Rey",-1142812800,NA,"https://static.acb.com/img/d/15/9/27868934009.png","https://static.acb.com/img/d/15/9/27868934009.png",90,2025,103,292,362,5994,105317,NA,NA,FALSE,4462,4456,2660,"Barça","Barça","BAR",4462,2710,"Kosner Baskonia","Kosner Baskonia","BKN",1,70,12000,8,24,33,17,32,53,12,15,80,29,6,35,16,7,13,12,4,1,2,19,18,83,15,-1,0,13,0,70,67,2,588,5,4,8,30,7,40,7
2195709,2,"Copa de España","Copa del Rey",-1142812800,NA,"https://static.acb.com/img/d/15/9/27868934009.png","https://static.acb.com/img/d/15/9/27868934009.png",90,2025,103,292,362,5994,105317,NA,NA,TRUE,4456,4456,2660,"Barça","Barça","BAR",4462,2710,"Kosner Baskonia","Kosner Baskonia","BKN",1,67,12000,7,24,29,17,43,39,12,12,100,25,13,38,13,7,10,9,1,4,2,18,19,70,-15,-1,13,0,0,67,70,4,1650,4,12,0,28,7,26,9
2195570,2,"Copa de España","Copa del Rey",-1142812800,NA,"https://static.acb.com/img/d/15/9/27868934009.png","https://static.acb.com/img/d/15/9/27868934009.png",90,2025,103,292,361,5994,105316,NA,NA,FALSE,4457,4461,2719,"Valencia Basket","Valencia Basket","VBC",4457,2718,"Real Madrid","Real Madrid","RMB",1,108,12000,14,35,40,22,30,73,22,35,62,21,13,34,20,7,13,5,2,1,2,25,31,121,10,-1,0,13,0,108,106,5,334,5,3,3,42,9,35,11
2195569,2,"Copa de España","Copa del Rey",-1142812800,NA,"https://static.acb.com/img/d/15/9/27868934009.png","https://static.acb.com/img/d/15/9/27868934009.png",90,2025,103,292,361,5994,105316,NA,NA,TRUE,4461,4461,2719,"Valencia Basket","Valencia Basket","VBC",4457,2718,"Real Madrid","Real Madrid","RMB",1,106,12000,14,34,41,21,34,61,22,27,81,21,10,31,13,9,11,11,1,2,4,31,24,102,-10,-1,13,0,0,106,108,5,1811,5,18,3,38,4,58,11
2196136,2,"Copa de España","Copa del Rey",-1142812800,NA,"https://static.acb.com/img/d/15/9/27868934009.png","https://static.acb.com/img/d/15/9/27868934009.png",90,2025,103,291,371,5995,105318,NA,NA,FALSE,4462,4457,2718,"Real Madrid","Real Madrid","RMB",4462,2710,"Kosner Baskonia","Kosner Baskonia","BKN",1,100,12000,7,24,29,29,44,65,21,23,91,25,7,32,17,5,6,12,8,4,1,21,22,119,55,-1,0,13,0,100,89,4,316,3,11,2,56,0,61,8
2196135,2,"Copa de España","Copa del Rey",-1142812800,NA,"https://static.acb.com/img/d/15/9/27868934009.png","https://static.acb.com/img/d/15/9/27868934009.png",90,2025,103,291,371,5995,105318,NA,NA,TRUE,4457,4457,2718,"Real Madrid","Real Madrid","RMB",4462,2710,"Kosner Baskonia","Kosner Baskonia","BKN",1,89,12000,10,23,43,22,46,47,15,22,68,25,16,41,15,3,11,6,5,7,2,22,21,90,-55,-1,13,0,0,89,100,4,1644,2,11,3,42,7,40,14
2135631,3,"Supercopa","Supercopa Endesa",477108000,NA,"https://static.acb.com/img/14/39/3/27868634006.png","https://static.acb.com/img/1c/1a/3d/27940034120.png",90,2025,103,292,351,5882,104457,NA,NA,FALSE,4406,4404,2662,"Real Madrid","Real Madrid","RMB",4406,2665,"La Laguna Tenerife","La Laguna TFE","LLT",1,71,12000,5,22,22,19,38,50,18,23,78,21,8,29,15,10,13,10,0,5,3,24,23,65,-5,-1,13,0,0,71,72,3,1622,5,14,4,32,0,58,8
2135630,3,"Supercopa","Supercopa Endesa",477108000,NA,"https://static.acb.com/img/14/39/3/27868634006.png","https://static.acb.com/img/1c/1a/3d/27940034120.png",90,2025,103,292,351,5882,104457,NA,NA,TRUE,4404,4404,2662,"Real Madrid","Real Madrid","RMB",4406,2665,"La Laguna Tenerife","La Laguna TFE","LLT",1,72,12000,5,24,20,18,36,50,21,28,75,28,14,42,10,10,17,8,5,0,2,24,22,76,5,-1,0,13,0,72,71,3,633,5,8,4,32,7,50,8
2135438,3,"Supercopa","Supercopa Endesa",477108000,NA,"https://static.acb.com/img/14/39/3/27868634006.png","https://static.acb.com/img/1c/1a/3d/27940034120.png",90,2025,103,292,352,5882,104456,NA,NA,TRUE,4403,4403,2658,"Unicaja","Unicaja","UNI",4405,2671,"Valencia Basket","Valencia Basket","VBC",1,87,12000,7,33,21,26,40,65,14,24,58,30,17,47,21,7,15,8,0,3,0,25,23,92,-30,-1,13,0,0,87,93,4,1270,8,11,4,44,14,50,7
2135439,3,"Supercopa","Supercopa Endesa",477108000,NA,"https://static.acb.com/img/14/39/3/27868634006.png","https://static.acb.com/img/1c/1a/3d/27940034120.png",90,2025,103,292,352,5882,104456,NA,NA,FALSE,4405,4403,2658,"Unicaja","Unicaja","UNI",4405,2671,"Valencia Basket","Valencia Basket","VBC",1,93,12000,12,34,35,19,29,65,19,26,73,26,4,30,20,7,12,14,5,0,5,23,25,106,30,-1,0,13,0,93,87,4,914,9,7,2,36,2,49,7
2135779,3,"Supercopa","Supercopa Endesa",477108000,NA,"https://static.acb.com/img/14/39/3/27868634006.png","https://static.acb.com/img/1c/1a/3d/27940034120.png",90,2025,103,291,361,5883,104458,NA,NA,FALSE,4405,4404,2662,"Real Madrid","Real Madrid","RMB",4405,2671,"Valencia Basket","Valencia Basket","VBC",1,98,12000,9,24,37,26,46,56,19,31,61,24,11,35,21,5,8,9,2,4,3,24,31,109,20,-1,0,13,0,98,94,4,1293,4,11,0,42,5,29,10
2135778,3,"Supercopa","Supercopa Endesa",477108000,NA,"https://static.acb.com/img/14/39/3/27868634006.png","https://static.acb.com/img/1c/1a/3d/27940034120.png",90,2025,103,291,361,5883,104458,NA,NA,TRUE,4404,4404,2662,"Real Madrid","Real Madrid","RMB",4405,2671,"Valencia Basket","Valencia Basket","VBC",1,94,12000,9,32,28,20,36,55,27,30,90,30,15,45,15,4,15,2,4,2,0,33,24,94,-20,-1,13,0,0,94,98,5,889,3,7,0,32,2,47,9
