"id","id_competition","competition_name","competition_official_name","competition_initial_date","competition_final_date","competition_url_image","competition_url_image_negative","id_edition","edition_year","id_phase","id_subphase","id_round","id_matchweek","id_match","period","id_edition_license_team","is_local","id_team","id_local_team","local_team_id_team_denomination","local_team_team_actual_name","local_team_team_actual_short_name","local_team_team_abbrev_name","id_visitor_team","visitor_team_id_team_denomination","visitor_team_team_actual_name","visitor_team_team_actual_short_name","visitor_team_team_abbrev_name","match_number","points","time_played","3pt_success","3pt_tried","3pt_percentage","2pt_success","2pt_tried","2pt_percentage","1pt_success","1pt_tried","1pt_percentage","defensive_rebound","offensive_rebound","total_rebound","asis","steals","turnovers","counter_attack","blocks","received_blocks","dunks","personal_fouls","received_fouls","val","differential","tournament_number2","defeats","victories","tie","team_score","rival_team_score","timeouts","time_as_leader","leader_changes","maximun_difference","points_after_steal","points_in_the_paint","second_opportinity_points","bench_points","best_streak"
1962215,1,"Liga Nacional","Liga Endesa",-402534000,NA,"https://www.acb.com/Documentos/Cabeceras/logo-competicion-1b.png","https://www.acb.com/Documentos/Cabeceras/logo-competicion-4a.png",87,2022,107,NA,NA,5557,103358,NA,NA,FALSE,4147,4159,2496,"Gran Canaria","Gran Canaria","GCA",4147,2404,"Barça","Barça","BAR",1,85,12000,12,26,46,18,40,45,13,16,81,24,14,38,21,9,16,4,2,3,3,22,19,94,-15,-1,13,0,0,85,88,4,449,7,3,5,32,14,26,9
1962214,1,"Liga Nacional","Liga Endesa",-402534000,NA,"https://www.acb.com/Documentos/Cabeceras/logo-competicion-1b.png","https://www.acb.com/Documentos/Cabeceras/logo-competicion-4a.png",87,2022,107,NA,NA,5557,103358,NA,NA,TRUE,4159,4159,2496,"Gran Canaria","Gran Canaria","GCA",4147,2404,"Barça","Barça","BAR",1,88,12000,9,27,33,19,36,52,23,27,85,24,11,35,19,12,11,4,3,2,4,19,22,108,15,-1,0,13,0,88,85,4,1819,7,10,9,30,11,49,7
1962134,1,"Liga Nacional","Liga Endesa",-402534000,NA,"https://www.acb.com/Documentos/Cabeceras/logo-competicion-1b.png","https://www.acb.com/Documentos/Cabeceras/logo-competicion-4a.png",87,2022,107,NA,NA,5557,103366,NA,NA,TRUE,4157,4157,2414,"Joventut Badalona","Joventut","JOV",4148,2405,"Surne Bilbao Basket","Surne Bilbao","SBB",1,76,12000,9,24,37,19,40,47,11,16,68,25,14,39,16,4,14,2,5,3,2,17,19,84,-25,-1,13,0,0,76,81,4,1612,5,11,2,32,11,24,10
1962135,1,"Liga Nacional","Liga Endesa",-402534000,NA,"https://www.acb.com/Documentos/Cabeceras/logo-competicion-1b.png","https://www.acb.com/Documentos/Cabeceras/logo-competicion-4a.png",87,2022,107,NA,NA,5557,103366,NA,NA,FALSE,4148,4157,2414,"Joventut Badalona","Joventut","JOV",4148,2405,"Surne Bilbao Basket","Surne Bilbao","SBB",1,81,12000,5,18,27,23,42,54,20,27,74,23,7,30,16,12,5,7,3,5,3,19,17,91,25,-1,0,13,0,81,76,2,477,6,5,6,36,9,34,6
1961750,1,"Liga Nacional","Liga Endesa",-402534000,NA,"https://www.acb.com/Documentos/Cabeceras/logo-competicion-1b.png","https://www.acb.com/Documentos/Cabeceras/logo-competicion-4a.png",87,2022,107,NA,NA,5557,103355,NA,NA,TRUE,4154,4154,2364,"Cazoo Baskonia","Cazoo Baskonia","BKN",4152,2409,"Unicaja","Unicaja","UNI",1,103,12000,16,29,55,22,31,70,11,12,91,18,8,26,20,15,18,11,5,2,3,19,22,129,70,-1,0,13,0,103,89,4,1444,1,25,16,38,8,49,15
1961751,1,"Liga Nacional","Liga Endesa",-402534000,NA,"https://www.acb.com/Documentos/Cabeceras/logo-competicion-1b.png","https://www.acb.com/Documentos/Cabeceras/logo-competicion-4a.png",87,2022,107,NA,NA,5557,103355,NA,NA,FALSE,4152,4154,2364,"Cazoo Baskonia","Cazoo Baskonia","BKN",4152,2409,"Unicaja","Unicaja","UNI",1,89,12000,11,22,50,23,40,57,10,15,66,13,11,24,19,16,17,17,2,5,3,22,19,92,-70,-1,13,0,0,89,103,4,809,0,15,17,38,13,40,9
1961830,1,"Liga Nacional","Liga Endesa",-402534000,NA,"https://www.acb.com/Documentos/Cabeceras/logo-competicion-1b.png","https://www.acb.com/Documentos/Cabeceras/logo-competicion-4a.png",87,2022,107,NA,NA,5557,103356,NA,NA,TRUE,4145,4145,2419,"Real Betis Baloncesto","Betis","BET",4156,2413,"Valencia Basket","Valencia Basket","VBC",1,78,12000,11,29,37,17,35,48,11,20,55,20,9,29,18,12,13,6,5,2,3,22,20,80,-25,-1,13,0,0,78,83,3,67,1,3,16,30,14,41,6
1961831,1,"Liga Nacional","Liga Endesa",-402534000,NA,"https://www.acb.com/Documentos/Cabeceras/logo-competicion-1b.png","https://www.acb.com/Documentos/Cabeceras/logo-competicion-4a.png",87,2022,107,NA,NA,5557,103356,NA,NA,FALSE,4156,4145,2419,"Real Betis Baloncesto","Betis","BET",4156,2413,"Valencia Basket","Valencia Basket","VBC",1,83,12000,8,20,40,21,40,52,17,22,77,30,12,42,14,13,18,4,2,4,1,20,22,98,25,-1,0,13,0,83,78,2,2208,1,16,6,42,6,46,8
1961367,1,"Liga Nacional","Liga Endesa",-402534000,NA,"https://www.acb.com/Documentos/Cabeceras/logo-competicion-1b.png","https://www.acb.com/Documentos/Cabeceras/logo-competicion-4a.png",87,2022,107,NA,NA,5557,103353,NA,NA,FALSE,4158,4155,2412,"BAXI Manresa","BAXI Manresa","BAX",4158,2415,"Lenovo Tenerife","Lenovo Tenerife","LNT",1,89,12000,11,26,42,18,30,60,20,28,71,26,8,34,22,11,16,2,0,4,0,17,27,111,95,-1,0,13,0,89,70,1,2383,0,23,21,26,7,43,9
1961366,1,"Liga Nacional","Liga Endesa",-402534000,NA,"https://www.acb.com/Documentos/Cabeceras/logo-competicion-1b.png","https://www.acb.com/Documentos/Cabeceras/logo-competicion-4a.png",87,2022,107,NA,NA,5557,103353,NA,NA,TRUE,4155,4155,2412,"BAXI Manresa","BAXI Manresa","BAX",4158,2415,"Lenovo Tenerife","Lenovo Tenerife","LNT",1,70,12000,7,24,29,23,40,57,3,6,50,19,9,28,19,10,17,6,4,0,2,28,15,64,-95,-1,13,0,0,70,89,4,0,0,0,6,40,4,31,7
1961447,1,"Liga Nacional","Liga Endesa",-402534000,NA,"https://www.acb.com/Documentos/Cabeceras/logo-competicion-1b.png","https://www.acb.com/Documentos/Cabeceras/logo-competicion-4a.png",87,2022,107,NA,NA,5557,103354,NA,NA,FALSE,4153,4150,2407,"UCAM Murcia","UCAM Murcia","UCM",4153,2410,"Río Breogán","Río Breogán","BRE",1,84,12000,8,25,32,21,37,56,18,24,75,27,14,41,12,12,15,4,1,0,2,19,24,101,70,-1,0,13,0,84,70,3,2359,0,14,19,38,8,34,7
1961446,1,"Liga Nacional","Liga Endesa",-402534000,NA,"https://www.acb.com/Documentos/Cabeceras/logo-competicion-1b.png","https://www.acb.com/Documentos/Cabeceras/logo-competicion-4a.png",87,2022,107,NA,NA,5557,103354,NA,NA,TRUE,4150,4150,2407,"UCAM Murcia","UCAM Murcia","UCM",4153,2410,"Río Breogán","Río Breogán","BRE",1,70,12000,9,24,37,17,38,44,9,13,69,19,9,28,9,14,15,4,0,1,0,24,18,59,-70,-1,13,0,0,70,84,5,0,0,0,4,30,6,32,5
1961063,1,"Liga Nacional","Liga Endesa",-402534000,NA,"https://www.acb.com/Documentos/Cabeceras/logo-competicion-1b.png","https://www.acb.com/Documentos/Cabeceras/logo-competicion-4a.png",87,2022,107,NA,NA,5557,103351,NA,NA,FALSE,4160,4146,2403,"Carplus Fuenlabrada","Carplus Fuenla","FUE",4160,2417,"Coviran Granada","Coviran Granada","COV",1,83,12000,9,20,45,22,38,57,12,15,80,26,6,32,16,9,13,7,1,0,2,15,14,97,10,-1,0,13,0,83,81,4,59,4,2,14,34,4,35,10
1961062,1,"Liga Nacional","Liga Endesa",-402534000,NA,"https://www.acb.com/Documentos/Cabeceras/logo-competicion-1b.png","https://www.acb.com/Documentos/Cabeceras/logo-competicion-4a.png",87,2022,107,NA,NA,5557,103351,NA,NA,TRUE,4146,4146,2403,"Carplus Fuenlabrada","Carplus Fuenla","FUE",4160,2417,"Coviran Granada","Coviran Granada","COV",1,81,12000,8,26,30,25,42,59,7,10,70,21,9,30,15,12,11,8,0,1,2,14,15,89,-10,-1,13,0,0,81,83,5,2247,3,14,20,44,10,31,9
1960983,1,"Liga Nacional","Liga Endesa",-402534000,NA,"https://www.acb.com/Documentos/Cabeceras/logo-competicion-1b.png","https://www.acb.com/Documentos/Cabeceras/logo-competicion-4a.png",87,2022,107,NA,NA,5557,103352,NA,NA,FALSE,4144,4151,2408,"Monbus Obradoiro","Monbus Obra","MOB",4144,2400,"Casademont Zaragoza","Casademont Zgz","CAZ",1,73,12000,5,27,18,22,45,48,14,27,51,23,15,38,14,13,8,10,2,2,3,23,24,73,-15,-1,13,0,0,73,76,5,0,0,0,11,40,11,28,6
1960982,1,"Liga Nacional","Liga Endesa",-402534000,NA,"https://www.acb.com/Documentos/Cabeceras/logo-competicion-1b.png","https://www.acb.com/Documentos/Cabeceras/logo-competicion-4a.png",87,2022,107,NA,NA,5557,103352,NA,NA,TRUE,4151,4151,2408,"Monbus Obradoiro","Monbus Obra","MOB",4144,2400,"Casademont Zaragoza","Casademont Zgz","CAZ",1,76,12000,7,21,33,17,36,47,21,26,80,36,9,45,12,4,16,0,2,2,1,24,23,82,15,-1,0,13,0,76,73,4,2379,0,15,5,28,8,31,9
1960791,1,"Liga Nacional","Liga Endesa",-402534000,NA,"https://www.acb.com/Documentos/Cabeceras/logo-competicion-1b.png","https://www.acb.com/Documentos/Cabeceras/logo-competicion-4a.png",87,2022,107,NA,NA,5557,103350,NA,NA,FALSE,4149,4143,2399,"Bàsquet Girona","Bàsquet Girona","GIR",4149,2406,"Real Madrid","Real Madrid","RMB",1,94,12000,18,32,56,17,31,54,6,10,60,28,6,34,20,5,17,5,6,4,1,22,14,98,30,-1,0,13,0,94,88,4,1638,1,14,7,28,12,43,11
1960790,1,"Liga Nacional","Liga Endesa",-402534000,NA,"https://www.acb.com/Documentos/Cabeceras/logo-competicion-1b.png","https://www.acb.com/Documentos/Cabeceras/logo-competicion-4a.png",87,2022,107,NA,NA,5557,103350,NA,NA,TRUE,4143,4143,2399,"Bàsquet Girona","Bàsquet Girona","GIR",4149,2406,"Real Madrid","Real Madrid","RMB",1,88,12000,9,24,37,19,42,45,23,27,85,23,10,33,21,9,11,10,4,6,3,14,21,103,-30,-1,13,0,0,88,94,4,725,0,12,9,30,2,24,9
1963571,1,"Liga Nacional","Liga Endesa",-402534000,NA,"https://www.acb.com/Documentos/Cabeceras/logo-competicion-1b.png","https://www.acb.com/Documentos/Cabeceras/logo-competicion-4a.png",87,2022,107,NA,NA,5556,103348,NA,NA,FALSE,4154,4147,2404,"Barça","Barça","BAR",4154,2364,"Cazoo Baskonia","Cazoo Baskonia","BKN",1,74,12000,7,28,25,21,35,60,11,13,84,19,9,28,13,10,17,6,4,3,4,28,20,64,-75,-1,13,0,0,74,89,3,1298,1,12,13,34,7,39,7
1963570,1,"Liga Nacional","Liga Endesa",-402534000,NA,"https://www.acb.com/Documentos/Cabeceras/logo-competicion-1b.png","https://www.acb.com/Documentos/Cabeceras/logo-competicion-4a.png",87,2022,107,NA,NA,5556,103348,NA,NA,TRUE,4147,4147,2404,"Barça","Barça","BAR",4154,2364,"Cazoo Baskonia","Cazoo Baskonia","BKN",1,89,12000,7,20,35,20,41,48,28,35,80,24,15,39,19,9,13,4,3,4,1,20,26,107,75,-1,0,13,0,89,74,3,768,2,20,16,36,14,44,19
1963430,1,"Liga Nacional","Liga Endesa",-402534000,NA,"https://www.acb.com/Documentos/Cabeceras/logo-competicion-1b.png","https://www.acb.com/Documentos/Cabeceras/logo-competicion-4a.png",87,2022,107,NA,NA,5556,103349,NA,NA,TRUE,4156,4156,2413,"Valencia Basket","Valencia Basket","VBC",4157,2414,"Joventut Badalona","Joventut","JOV",1,101,13500,14,38,36,18,36,50,23,32,71,21,19,40,17,11,11,9,2,4,1,20,28,113,20,-1,0,13,0,101,97,2,1861,5,15,18,30,20,66,10
1963431,1,"Liga Nacional","Liga Endesa",-402534000,NA,"https://www.acb.com/Documentos/Cabeceras/logo-competicion-1b.png","https://www.acb.com/Documentos/Cabeceras/logo-competicion-4a.png",87,2022,107,NA,NA,5556,103349,NA,NA,FALSE,4157,4156,2413,"Valencia Basket","Valencia Basket","VBC",4157,2414,"Joventut Badalona","Joventut","JOV",1,97,13500,14,23,60,19,35,54,17,17,100,25,4,29,21,12,16,7,4,2,1,28,20,112,-20,-1,13,0,0,97,101,3,539,4,5,9,30,4,31,13
1963202,1,"Liga Nacional","Liga Endesa",-402534000,NA,"https://www.acb.com/Documentos/Cabeceras/logo-competicion-1b.png","https://www.acb.com/Documentos/Cabeceras/logo-competicion-4a.png",87,2022,107,NA,NA,5556,103364,NA,NA,TRUE,4152,4152,2409,"Unicaja","Unicaja","UNI",4159,2496,"Gran Canaria","Gran Canaria","GCA",1,70,12000,9,30,30,15,28,53,13,22,59,23,12,35,18,14,21,8,2,0,1,28,20,67,35,-1,0,13,0,70,63,3,788,1,11,20,20,12,25,8
1963203,1,"Liga Nacional","Liga Endesa",-402534000,NA,"https://www.acb.com/Documentos/Cabeceras/logo-competicion-1b.png","https://www.acb.com/Documentos/Cabeceras/logo-competicion-4a.png",87,2022,107,NA,NA,5556,103364,NA,NA,FALSE,4159,4152,2409,"Unicaja","Unicaja","UNI",4159,2496,"Gran Canaria","Gran Canaria","GCA",1,63,12000,4,18,22,14,28,50,23,29,79,22,8,30,11,10,27,3,0,1,1,24,26,54,-35,-1,13,0,0,63,70,4,1557,0,14,20,22,8,26,7
1963175,1,"Liga Nacional","Liga Endesa",-402534000,NA,"https://www.acb.com/Documentos/Cabeceras/logo-competicion-1b.png","https://www.acb.com/Documentos/Cabeceras/logo-competicion-4a.png",87,2022,107,NA,NA,5556,103365,NA,NA,FALSE,4145,4148,2405,"Surne Bilbao Basket","Surne Bilbao","SBB",4145,2419,"Real Betis Baloncesto","Betis","BET",1,70,12000,6,25,24,18,37,48,16,21,76,29,14,43,9,11,15,2,0,3,2,22,21,71,-75,-1,13,0,0,70,85,3,11,2,1,2,28,6,13,10
1963174,1,"Liga Nacional","Liga Endesa",-402534000,NA,"https://www.acb.com/Documentos/Cabeceras/logo-competicion-1b.png","https://www.acb.com/Documentos/Cabeceras/logo-competicion-4a.png",87,2022,107,NA,NA,5556,103365,NA,NA,TRUE,4148,4148,2405,"Surne Bilbao Basket","Surne Bilbao","SBB",4145,2419,"Real Betis Baloncesto","Betis","BET",1,85,12000,12,30,40,15,37,40,19,22,86,24,13,37,15,10,10,0,4,0,0,21,22,99,75,-1,0,13,0,85,70,2,2389,2,16,14,22,7,27,11
1962895,1,"Liga Nacional","Liga Endesa",-402534000,NA,"https://www.acb.com/Documentos/Cabeceras/logo-competicion-1b.png","https://www.acb.com/Documentos/Cabeceras/logo-competicion-4a.png",87,2022,107,NA,NA,5556,103362,NA,NA,FALSE,4146,4153,2410,"Río Breogán","Río Breogán","BRE",4146,2403,"Carplus Fuenlabrada","Carplus Fuenla","FUE",1,70,12000,7,23,30,18,37,48,13,18,72,21,9,30,15,12,14,6,3,2,2,22,16,68,-40,-1,13,0,0,70,78,5,894,1,12,14,30,4,22,11
1962894,1,"Liga Nacional","Liga Endesa",-402534000,NA,"https://www.acb.com/Documentos/Cabeceras/logo-competicion-1b.png","https://www.acb.com/Documentos/Cabeceras/logo-competicion-4a.png",87,2022,107,NA,NA,5556,103362,NA,NA,TRUE,4153,4153,2410,"Río Breogán","Río Breogán","BRE",4146,2403,"Carplus Fuenlabrada","Carplus Fuenla","FUE",1,78,12000,7,21,33,23,44,52,11,17,64,26,16,42,14,10,16,4,2,3,2,16,22,92,40,-1,0,13,0,78,70,4,1257,1,9,10,42,8,39,15
1962922,1,"Liga Nacional","Liga Endesa",-402534000,NA,"https://www.acb.com/Documentos/Cabeceras/logo-competicion-1b.png","https://www.acb.com/Documentos/Cabeceras/logo-competicion-4a.png",87,2022,107,NA,NA,5556,103363,NA,NA,TRUE,4149,4149,2406,"Real Madrid","Real Madrid","RMB",4151,2408,"Monbus Obradoiro","Monbus Obra","MOB",1,93,12000,9,22,40,24,44,54,18,22,81,29,11,40,22,11,13,4,2,2,6,18,20,118,70,-1,0,13,0,93,79,3,2352,1,22,14,48,8,52,9
1962923,1,"Liga Nacional","Liga Endesa",-402534000,NA,"https://www.acb.com/Documentos/Cabeceras/logo-competicion-1b.png","https://www.acb.com/Documentos/Cabeceras/logo-competicion-4a.png",87,2022,107,NA,NA,5556,103363,NA,NA,FALSE,4151,4149,2406,"Real Madrid","Real Madrid","RMB",4151,2408,"Monbus Obradoiro","Monbus Obra","MOB",1,79,12000,9,22,40,18,40,45,16,18,88,22,7,29,10,13,12,6,2,2,0,20,18,80,-70,-1,13,0,0,79,93,4,32,0,2,10,30,7,42,8
1962642,1,"Liga Nacional","Liga Endesa",-402534000,NA,"https://www.acb.com/Documentos/Cabeceras/logo-competicion-1b.png","https://www.acb.com/Documentos/Cabeceras/logo-competicion-4a.png",87,2022,107,NA,NA,5556,103360,NA,NA,TRUE,4160,4160,2417,"Coviran Granada","Coviran Granada","COV",4155,2412,"BAXI Manresa","BAXI Manresa","BAX",1,84,12000,11,28,39,20,32,62,11,21,52,28,8,36,19,8,19,2,1,4,1,25,22,83,-15,-1,13,0,0,84,87,5,1924,5,12,11,34,7,21,8
1962643,1,"Liga Nacional","Liga Endesa",-402534000,NA,"https://www.acb.com/Documentos/Cabeceras/logo-competicion-1b.png","https://www.acb.com/Documentos/Cabeceras/logo-competicion-4a.png",87,2022,107,NA,NA,5556,103360,NA,NA,FALSE,4155,4160,2417,"Coviran Granada","Coviran Granada","COV",4155,2412,"BAXI Manresa","BAXI Manresa","BAX",1,87,12000,12,32,37,18,37,48,15,26,57,22,12,34,13,13,12,2,5,1,1,22,24,91,15,-1,0,13,0,87,84,4,269,6,3,13,28,9,22,10
1962613,1,"Liga Nacional","Liga Endesa",-402534000,NA,"https://www.acb.com/Documentos/Cabeceras/logo-competicion-1b.png","https://www.acb.com/Documentos/Cabeceras/logo-competicion-4a.png",87,2022,107,NA,NA,5556,103361,NA,NA,FALSE,4143,4158,2415,"Lenovo Tenerife","Lenovo Tenerife","LNT",4143,2399,"Bàsquet Girona","Bàsquet Girona","GIR",1,67,12000,7,20,35,20,39,51,6,12,50,25,14,39,13,14,20,4,1,3,3,18,16,71,-45,-1,13,0,0,67,76,1,663,1,5,9,34,7,22,9
1962612,1,"Liga Nacional","Liga Endesa",-402534000,NA,"https://www.acb.com/Documentos/Cabeceras/logo-competicion-1b.png","https://www.acb.com/Documentos/Cabeceras/logo-competicion-4a.png",87,2022,107,NA,NA,5556,103361,NA,NA,TRUE,4158,4158,2415,"Lenovo Tenerife","Lenovo Tenerife","LNT",4143,2399,"Bàsquet Girona","Bàsquet Girona","GIR",1,76,12000,10,26,38,20,33,60,6,9,66,19,7,26,17,17,13,4,3,1,3,16,18,95,45,-1,0,13,0,76,67,2,1564,2,14,17,30,7,31,7
1962470,1,"Liga Nacional","Liga Endesa",-402534000,NA,"https://www.acb.com/Documentos/Cabeceras/logo-competicion-1b.png","https://www.acb.com/Documentos/Cabeceras/logo-competicion-4a.png",87,2022,107,NA,NA,5556,103359,NA,NA,TRUE,4144,4144,2400,"Casademont Zaragoza","Casademont Zgz","CAZ",4150,2407,"UCAM Murcia","UCAM Murcia","UCM",1,64,12000,7,21,33,15,41,36,13,18,72,25,9,34,13,12,18,4,4,2,3,21,23,64,-85,-1,13,0,0,64,81,4,0,0,0,12,26,9,23,7
1962471,1,"Liga Nacional","Liga Endesa",-402534000,NA,"https://www.acb.com/Documentos/Cabeceras/logo-competicion-1b.png","https://www.acb.com/Documentos/Cabeceras/logo-competicion-4a.png",87,2022,107,NA,NA,5556,103359,NA,NA,FALSE,4150,4144,2400,"Casademont Zaragoza","Casademont Zgz","CAZ",4150,2407,"UCAM Murcia","UCAM Murcia","UCM",1,81,12000,8,24,33,21,48,43,15,20,75,30,17,47,12,13,17,2,2,3,2,24,19,82,85,-1,0,13,0,81,64,2,2363,0,18,13,26,16,32,12
1964843,1,"Liga Nacional","Liga Endesa",-402534000,NA,"https://www.acb.com/Documentos/Cabeceras/logo-competicion-1b.png","https://www.acb.com/Documentos/Cabeceras/logo-competicion-4a.png",87,2022,107,NA,NA,5555,103337,NA,NA,FALSE,4147,4146,2403,"Carplus Fuenlabrada","Carplus Fuenla","FUE",4147,2404,"Barça","Barça","BAR",1,84,12000,8,29,27,22,38,57,16,27,59,26,17,43,17,15,9,2,5,1,4,18,26,114,140,-1,0,13,0,84,56,2,2399,0,28,11,30,15,40,9
1964842,1,"Liga Nacional","Liga Endesa",-402534000,NA,"https://www.acb.com/Documentos/Cabeceras/logo-competicion-1b.png","https://www.acb.com/Documentos/Cabeceras/logo-competicion-4a.png",87,2022,107,NA,NA,5555,103337,NA,NA,TRUE,4146,4146,2403,"Carplus Fuenlabrada","Carplus Fuenla","FUE",4147,2404,"Barça","Barça","BAR",1,56,12000,5,18,27,17,41,41,7,10,70,25,10,35,6,7,21,0,1,5,1,27,18,30,-140,-1,13,0,0,56,84,3,0,0,0,0,30,4,26,7
1964724,1,"Liga Nacional","Liga Endesa",-402534000,NA,"https://www.acb.com/Documentos/Cabeceras/logo-competicion-1b.png","https://www.acb.com/Documentos/Cabeceras/logo-competicion-4a.png",87,2022,107,NA,NA,5555,103336,NA,NA,TRUE,4154,4154,2364,"Cazoo Baskonia","Cazoo Baskonia","BKN",4158,2415,"Lenovo Tenerife","Lenovo Tenerife","LNT",1,79,12000,13,30,43,15,30,50,10,11,90,23,6,29,20,7,11,6,2,3,3,23,17,84,-30,-1,13,0,0,79,85,2,1233,4,8,9,30,5,46,7
1964725,1,"Liga Nacional","Liga Endesa",-402534000,NA,"https://www.acb.com/Documentos/Cabeceras/logo-competicion-1b.png","https://www.acb.com/Documentos/Cabeceras/logo-competicion-4a.png",87,2022,107,NA,NA,5555,103336,NA,NA,FALSE,4158,4154,2364,"Cazoo Baskonia","Cazoo Baskonia","BKN",4158,2415,"Lenovo Tenerife","Lenovo Tenerife","LNT",1,85,12000,11,26,42,13,30,43,26,29,89,25,7,32,18,8,8,3,3,2,2,17,22,106,30,-1,0,13,0,85,79,2,809,5,14,9,20,6,39,10
1964613,1,"Liga Nacional","Liga Endesa",-402534000,NA,"https://www.acb.com/Documentos/Cabeceras/logo-competicion-1b.png","https://www.acb.com/Documentos/Cabeceras/logo-competicion-4a.png",87,2022,107,NA,NA,5555,103335,NA,NA,FALSE,4156,4148,2405,"Surne Bilbao Basket","Surne Bilbao","SBB",4156,2413,"Valencia Basket","Valencia Basket","VBC",1,65,12000,8,28,28,14,32,43,13,20,65,28,8,36,13,8,12,0,1,3,2,23,19,59,-30,-1,13,0,0,65,71,4,1643,3,10,11,26,9,21,14
1964612,1,"Liga Nacional","Liga Endesa",-402534000,NA,"https://www.acb.com/Documentos/Cabeceras/logo-competicion-1b.png","https://www.acb.com/Documentos/Cabeceras/logo-competicion-4a.png",87,2022,107,NA,NA,5555,103335,NA,NA,TRUE,4148,4148,2405,"Surne Bilbao Basket","Surne Bilbao","SBB",4156,2413,"Valencia Basket","Valencia Basket","VBC",1,71,12000,9,26,34,13,33,39,18,22,81,30,8,38,11,7,15,2,4,1,8,20,23,77,30,-1,0,13,0,71,65,1,696,4,11,6,24,8,33,14
1964331,1,"Liga Nacional","Liga Endesa",-402534000,NA,"https://www.acb.com/Documentos/Cabeceras/logo-competicion-1b.png","https://www.acb.com/Documentos/Cabeceras/logo-competicion-4a.png",87,2022,107,NA,NA,5555,103333,NA,NA,FALSE,4160,4150,2407,"UCAM Murcia","UCAM Murcia","UCM",4160,2417,"Coviran Granada","Coviran Granada","COV",1,89,12000,6,22,27,23,46,50,25,30,83,35,13,48,16,9,12,4,3,4,2,18,25,112,35,-1,0,13,0,89,82,3,1888,6,9,2,40,7,39,9
1964330,1,"Liga Nacional","Liga Endesa",-402534000,NA,"https://www.acb.com/Documentos/Cabeceras/logo-competicion-1b.png","https://www.acb.com/Documentos/Cabeceras/logo-competicion-4a.png",87,2022,107,NA,NA,5555,103333,NA,NA,TRUE,4150,4150,2407,"UCAM Murcia","UCAM Murcia","UCM",4160,2417,"Coviran Granada","Coviran Granada","COV",1,82,12000,13,38,34,15,41,36,13,18,72,26,17,43,13,11,9,4,4,3,0,25,18,78,-35,-1,13,0,0,82,89,4,323,5,4,5,24,8,28,8
1964361,1,"Liga Nacional","Liga Endesa",-402534000,NA,"https://www.acb.com/Documentos/Cabeceras/logo-competicion-1b.png","https://www.acb.com/Documentos/Cabeceras/logo-competicion-4a.png",87,2022,107,NA,NA,5555,103334,NA,NA,FALSE,4149,4152,2409,"Unicaja","Unicaja","UNI",4149,2406,"Real Madrid","Real Madrid","RMB",1,76,12000,4,20,20,19,37,51,26,32,81,31,13,44,14,9,19,4,2,2,1,19,28,93,25,-1,0,13,0,76,71,3,2129,2,15,6,36,10,35,17
1964360,1,"Liga Nacional","Liga Endesa",-402534000,NA,"https://www.acb.com/Documentos/Cabeceras/logo-competicion-1b.png","https://www.acb.com/Documentos/Cabeceras/logo-competicion-4a.png",87,2022,107,NA,NA,5555,103334,NA,NA,TRUE,4152,4152,2409,"Unicaja","Unicaja","UNI",4149,2406,"Real Madrid","Real Madrid","RMB",1,71,12000,4,25,16,25,45,55,9,11,81,23,9,32,18,13,11,14,2,2,4,28,17,69,-25,-1,13,0,0,71,76,4,123,2,2,16,48,2,43,8
1964077,1,"Liga Nacional","Liga Endesa",-402534000,NA,"https://www.acb.com/Documentos/Cabeceras/logo-competicion-1b.png","https://www.acb.com/Documentos/Cabeceras/logo-competicion-4a.png",87,2022,107,NA,NA,5555,103331,NA,NA,FALSE,4153,4157,2414,"Joventut Badalona","Joventut","JOV",4153,2410,"Río Breogán","Río Breogán","BRE",1,66,12000,7,28,25,15,33,45,15,18,83,24,11,35,15,9,13,2,1,1,1,25,17,62,-95,-1,13,0,0,66,85,4,1344,2,12,5,24,6,35,9
1964076,1,"Liga Nacional","Liga Endesa",-402534000,NA,"https://www.acb.com/Documentos/Cabeceras/logo-competicion-1b.png","https://www.acb.com/Documentos/Cabeceras/logo-competicion-4a.png",87,2022,107,NA,NA,5555,103331,NA,NA,TRUE,4157,4157,2414,"Joventut Badalona","Joventut","JOV",4153,2410,"Río Breogán","Río Breogán","BRE",1,85,12000,9,27,33,22,49,44,14,19,73,29,19,48,13,12,8,6,1,1,4,17,25,108,95,-1,0,13,0,85,66,3,1011,2,19,11,42,17,40,11
1964047,1,"Liga Nacional","Liga Endesa",-402534000,NA,"https://www.acb.com/Documentos/Cabeceras/logo-competicion-1b.png","https://www.acb.com/Documentos/Cabeceras/logo-competicion-4a.png",87,2022,107,NA,NA,5555,103332,NA,NA,FALSE,4144,4159,2496,"Gran Canaria","Gran Canaria","GCA",4144,2400,"Casademont Zaragoza","Casademont Zgz","CAZ",1,72,12000,7,20,35,18,32,56,15,28,53,18,10,28,11,10,19,4,3,2,2,26,25,62,-80,-1,13,0,0,72,88,4,317,1,8,9,32,7,33,6
1964046,1,"Liga Nacional","Liga Endesa",-402534000,NA,"https://www.acb.com/Documentos/Cabeceras/logo-competicion-1b.png","https://www.acb.com/Documentos/Cabeceras/logo-competicion-4a.png",87,2022,107,NA,NA,5555,103332,NA,NA,TRUE,4159,4159,2496,"Gran Canaria","Gran Canaria","GCA",4144,2400,"Casademont Zaragoza","Casademont Zgz","CAZ",1,88,12000,11,25,44,19,31,61,17,25,68,22,9,31,13,10,15,5,2,3,3,25,24,91,80,-1,0,13,0,88,72,4,1982,1,21,20,36,7,58,13
1963795,1,"Liga Nacional","Liga Endesa",-402534000,NA,"https://www.acb.com/Documentos/Cabeceras/logo-competicion-1b.png","https://www.acb.com/Documentos/Cabeceras/logo-competicion-4a.png",87,2022,107,NA,NA,5555,103346,NA,NA,FALSE,4155,4145,2419,"Real Betis Baloncesto","Betis","BET",4155,2412,"BAXI Manresa","BAXI Manresa","BAX",1,83,12000,11,29,37,19,36,52,12,19,63,32,10,42,16,9,17,8,5,1,3,22,21,94,-20,-1,13,0,0,83,87,4,497,5,4,6,32,4,47,9
1963794,1,"Liga Nacional","Liga Endesa",-402534000,NA,"https://www.acb.com/Documentos/Cabeceras/logo-competicion-1b.png","https://www.acb.com/Documentos/Cabeceras/logo-competicion-4a.png",87,2022,107,NA,NA,5555,103346,NA,NA,TRUE,4145,4145,2419,"Real Betis Baloncesto","Betis","BET",4155,2412,"BAXI Manresa","BAXI Manresa","BAX",1,87,12000,9,27,33,21,43,48,18,21,85,31,9,40,15,14,11,6,1,5,3,21,21,98,20,-1,0,13,0,87,83,3,1749,5,15,16,34,7,27,10
1963767,1,"Liga Nacional","Liga Endesa",-402534000,NA,"https://www.acb.com/Documentos/Cabeceras/logo-competicion-1b.png","https://www.acb.com/Documentos/Cabeceras/logo-competicion-4a.png",87,2022,107,NA,NA,5555,103347,NA,NA,FALSE,4143,4151,2408,"Monbus Obradoiro","Monbus Obra","MOB",4143,2399,"Bàsquet Girona","Bàsquet Girona","GIR",1,63,12000,6,24,25,19,46,41,7,10,70,18,14,32,17,13,12,2,3,3,2,13,16,68,-130,-1,13,0,0,63,89,3,42,0,2,9,28,6,41,8
1963766,1,"Liga Nacional","Liga Endesa",-402534000,NA,"https://www.acb.com/Documentos/Cabeceras/logo-competicion-1b.png","https://www.acb.com/Documentos/Cabeceras/logo-competicion-4a.png",87,2022,107,NA,NA,5555,103347,NA,NA,TRUE,4151,4151,2408,"Monbus Obradoiro","Monbus Obra","MOB",4143,2399,"Bàsquet Girona","Bàsquet Girona","GIR",1,89,12000,15,32,46,19,35,54,6,6,100,30,13,43,25,11,18,8,3,3,4,16,13,114,130,-1,0,13,0,89,63,1,2302,1,26,16,28,8,31,10
1966086,1,"Liga Nacional","Liga Endesa",-402534000,NA,"https://www.acb.com/Documentos/Cabeceras/logo-competicion-1b.png","https://www.acb.com/Documentos/Cabeceras/logo-competicion-4a.png",87,2022,107,NA,NA,5537,103338,NA,NA,FALSE,4154,4144,2400,"Casademont Zaragoza","Casademont Zgz","CAZ",4154,2364,"Cazoo Baskonia","Cazoo Baskonia","BKN",1,97,12000,16,30,53,17,33,51,15,18,83,26,10,36,24,7,17,8,5,4,5,24,17,108,70,-1,0,12,0,97,83,3,2396,0,22,11,34,9,57,11
1966085,1,"Liga Nacional","Liga Endesa",-402534000,NA,"https://www.acb.com/Documentos/Cabeceras/logo-competicion-1b.png","https://www.acb.com/Documentos/Cabeceras/logo-competicion-4a.png",87,2022,107,NA,NA,5537,103338,NA,NA,TRUE,4144,4144,2400,"Casademont Zaragoza","Casademont Zgz","CAZ",4154,2364,"Cazoo Baskonia","Cazoo Baskonia","BKN",1,83,12000,5,16,31,25,49,51,18,26,69,22,7,29,14,12,10,8,4,5,6,18,24,90,-70,-1,13,0,0,83,97,4,0,0,0,11,50,4,42,8
1966000,1,"Liga Nacional","Liga Endesa",-402534000,NA,"https://www.acb.com/Documentos/Cabeceras/logo-competicion-1b.png","https://www.acb.com/Documentos/Cabeceras/logo-competicion-4a.png",87,2022,107,NA,NA,5537,103339,NA,NA,FALSE,4157,4149,2406,"Real Madrid","Real Madrid","RMB",4157,2414,"Joventut Badalona","Joventut","JOV",1,79,12000,5,22,22,25,44,56,14,16,87,25,12,37,17,3,10,2,3,4,2,24,19,82,-85,-1,13,0,0,79,96,4,1188,6,9,4,44,8,33,7
1965999,1,"Liga Nacional","Liga Endesa",-402534000,NA,"https://www.acb.com/Documentos/Cabeceras/logo-competicion-1b.png","https://www.acb.com/Documentos/Cabeceras/logo-competicion-4a.png",87,2022,107,NA,NA,5537,103339,NA,NA,TRUE,4149,4149,2406,"Real Madrid","Real Madrid","RMB",4157,2414,"Joventut Badalona","Joventut","JOV",1,96,12000,8,24,33,25,42,59,22,27,81,22,10,32,19,6,3,4,4,3,4,19,23,117,85,-1,0,13,0,96,79,2,932,7,19,13,46,11,36,9
1965885,1,"Liga Nacional","Liga Endesa",-402534000,NA,"https://www.acb.com/Documentos/Cabeceras/logo-competicion-1b.png","https://www.acb.com/Documentos/Cabeceras/logo-competicion-4a.png",87,2022,107,NA,NA,5537,103340,NA,NA,TRUE,4156,4156,2413,"Valencia Basket","Valencia Basket","VBC",4150,2407,"UCAM Murcia","UCAM Murcia","UCM",1,74,12000,9,28,32,20,36,55,7,10,70,26,7,33,15,9,12,2,3,1,2,20,22,85,-5,-1,13,0,0,74,75,4,1192,4,9,2,34,7,50,9
1965886,1,"Liga Nacional","Liga Endesa",-402534000,NA,"https://www.acb.com/Documentos/Cabeceras/logo-competicion-1b.png","https://www.acb.com/Documentos/Cabeceras/logo-competicion-4a.png",87,2022,107,NA,NA,5537,103340,NA,NA,FALSE,4150,4156,2413,"Valencia Basket","Valencia Basket","VBC",4150,2407,"UCAM Murcia","UCAM Murcia","UCM",1,75,12000,8,25,32,20,41,48,11,16,68,28,13,41,15,9,12,10,1,3,3,23,20,80,5,-1,0,13,0,75,74,4,842,4,7,10,30,10,26,10
1965632,1,"Liga Nacional","Liga Endesa",-402534000,NA,"https://www.acb.com/Documentos/Cabeceras/logo-competicion-1b.png","https://www.acb.com/Documentos/Cabeceras/logo-competicion-4a.png",87,2022,107,NA,NA,5537,103341,NA,NA,FALSE,4159,4153,2410,"Río Breogán","Río Breogán","BRE",4159,2496,"Gran Canaria","Gran Canaria","GCA",1,71,12000,9,24,37,15,32,46,14,26,53,28,10,38,19,12,12,2,5,3,3,19,24,91,90,-1,0,13,0,71,53,3,2400,0,25,7,26,13,22,15
1965631,1,"Liga Nacional","Liga Endesa",-402534000,NA,"https://www.acb.com/Documentos/Cabeceras/logo-competicion-1b.png","https://www.acb.com/Documentos/Cabeceras/logo-competicion-4a.png",87,2022,107,NA,NA,5537,103341,NA,NA,TRUE,4153,4153,2410,"Río Breogán","Río Breogán","BRE",4159,2496,"Gran Canaria","Gran Canaria","GCA",1,53,12000,3,29,10,17,37,45,10,14,71,25,16,41,8,12,14,11,3,5,1,24,19,43,-90,-1,13,0,0,53,71,4,0,0,0,8,28,4,26,7
1965599,1,"Liga Nacional","Liga Endesa",-402534000,NA,"https://www.acb.com/Documentos/Cabeceras/logo-competicion-1b.png","https://www.acb.com/Documentos/Cabeceras/logo-competicion-4a.png",87,2022,107,NA,NA,5537,103342,NA,NA,TRUE,4143,4143,2399,"Bàsquet Girona","Bàsquet Girona","GIR",4152,2409,"Unicaja","Unicaja","UNI",1,59,12000,4,14,28,16,43,37,15,18,83,24,3,27,10,11,13,6,1,4,2,16,22,57,-70,-1,13,0,0,59,73,5,357,4,4,6,28,0,25,7
1965600,1,"Liga Nacional","Liga Endesa",-402534000,NA,"https://www.acb.com/Documentos/Cabeceras/logo-competicion-1b.png","https://www.acb.com/Documentos/Cabeceras/logo-competicion-4a.png",87,2022,107,NA,NA,5537,103342,NA,NA,FALSE,4152,4143,2399,"Bàsquet Girona","Bàsquet Girona","GIR",4152,2409,"Unicaja","Unicaja","UNI",1,73,12000,10,29,34,18,35,51,7,11,63,35,13,48,17,11,19,6,4,1,3,22,16,87,70,-1,0,13,0,73,59,1,1757,4,14,12,28,10,26,9
1965352,1,"Liga Nacional","Liga Endesa",-402534000,NA,"https://www.acb.com/Documentos/Cabeceras/logo-competicion-1b.png","https://www.acb.com/Documentos/Cabeceras/logo-competicion-4a.png",87,2022,107,NA,NA,5537,103343,NA,NA,TRUE,4155,4155,2412,"BAXI Manresa","BAXI Manresa","BAX",4147,2404,"Barça","Barça","BAR",1,78,12000,8,29,27,20,42,47,14,16,87,21,17,38,17,7,17,6,4,2,4,22,18,76,-115,-1,12,0,0,78,101,2,209,0,6,9,36,9,39,9
1965353,1,"Liga Nacional","Liga Endesa",-402534000,NA,"https://www.acb.com/Documentos/Cabeceras/logo-competicion-1b.png","https://www.acb.com/Documentos/Cabeceras/logo-competicion-4a.png",87,2022,107,NA,NA,5537,103343,NA,NA,FALSE,4147,4155,2412,"BAXI Manresa","BAXI Manresa","BAX",4147,2404,"Barça","Barça","BAR",1,101,12000,11,20,55,25,41,60,18,25,72,25,4,29,25,11,10,12,2,4,3,18,21,125,115,-1,0,13,0,101,78,3,2180,1,26,23,42,0,53,12
1965322,1,"Liga Nacional","Liga Endesa",-402534000,NA,"https://www.acb.com/Documentos/Cabeceras/logo-competicion-1b.png","https://www.acb.com/Documentos/Cabeceras/logo-competicion-4a.png",87,2022,107,NA,NA,5537,103344,NA,NA,TRUE,4158,4158,2415,"Lenovo Tenerife","Lenovo Tenerife","LNT",4151,2408,"Monbus Obradoiro","Monbus Obra","MOB",1,86,12000,10,26,38,20,29,68,16,19,84,25,6,31,15,13,17,9,1,4,4,20,21,98,95,-1,0,13,0,86,67,2,1006,4,21,13,30,0,28,11
1965323,1,"Liga Nacional","Liga Endesa",-402534000,NA,"https://www.acb.com/Documentos/Cabeceras/logo-competicion-1b.png","https://www.acb.com/Documentos/Cabeceras/logo-competicion-4a.png",87,2022,107,NA,NA,5537,103344,NA,NA,FALSE,4151,4158,2415,"Lenovo Tenerife","Lenovo Tenerife","LNT",4151,2408,"Monbus Obradoiro","Monbus Obra","MOB",1,67,12000,7,27,25,17,30,56,12,21,57,18,10,28,20,12,19,4,4,1,2,22,20,67,-95,-1,13,0,0,67,86,4,1279,3,11,9,28,8,17,7
1965071,1,"Liga Nacional","Liga Endesa",-402534000,NA,"https://www.acb.com/Documentos/Cabeceras/logo-competicion-1b.png","https://www.acb.com/Documentos/Cabeceras/logo-competicion-4a.png",87,2022,107,NA,NA,5537,103139,NA,NA,FALSE,4145,4146,2403,"Carplus Fuenlabrada","Carplus Fuenla","FUE",4145,2419,"Real Betis Baloncesto","Betis","BET",1,77,12000,8,26,30,20,44,45,13,18,72,25,16,41,15,9,19,5,0,5,5,23,16,64,-30,-1,13,0,0,77,83,4,960,2,10,18,40,10,18,14
1965070,1,"Liga Nacional","Liga Endesa",-402534000,NA,"https://www.acb.com/Documentos/Cabeceras/logo-competicion-1b.png","https://www.acb.com/Documentos/Cabeceras/logo-competicion-4a.png",87,2022,107,NA,NA,5537,103139,NA,NA,TRUE,4146,4146,2403,"Carplus Fuenlabrada","Carplus Fuenla","FUE",4145,2419,"Real Betis Baloncesto","Betis","BET",1,83,12000,7,22,31,23,38,60,16,19,84,23,4,27,18,12,18,8,5,0,2,17,23,100,30,-1,0,13,0,83,77,2,1321,3,14,10,42,7,23,8
1965040,1,"Liga Nacional","Liga Endesa",-402534000,NA,"https://www.acb.com/Documentos/Cabeceras/logo-competicion-1b.png","https://www.acb.com/Documentos/Cabeceras/logo-competicion-4a.png",87,2022,107,NA,NA,5537,103345,NA,NA,TRUE,4160,4160,2417,"Coviran Granada","Coviran Granada","COV",4148,2405,"Surne Bilbao Basket","Surne Bilbao","SBB",1,99,12000,16,37,43,17,31,54,17,22,77,32,14,46,22,9,18,10,5,2,4,24,22,119,75,-1,0,13,0,99,84,4,2306,1,20,13,32,8,37,10
1965041,1,"Liga Nacional","Liga Endesa",-402534000,NA,"https://www.acb.com/Documentos/Cabeceras/logo-competicion-1b.png","https://www.acb.com/Documentos/Cabeceras/logo-competicion-4a.png",87,2022,107,NA,NA,5537,103345,NA,NA,FALSE,4148,4160,2417,"Coviran Granada","Coviran Granada","COV",4148,2405,"Surne Bilbao Basket","Surne Bilbao","SBB",1,84,12000,7,30,23,22,46,47,19,27,70,20,15,35,20,8,10,2,2,5,3,24,24,79,-75,-1,13,0,0,84,99,3,9,1,2,11,38,10,19,10
1967401,1,"Liga Nacional","Liga Endesa",-402534000,NA,"https://www.acb.com/Documentos/Cabeceras/logo-competicion-1b.png","https://www.acb.com/Documentos/Cabeceras/logo-competicion-4a.png",87,2022,107,NA,NA,5558,103303,NA,NA,TRUE,4154,4154,2364,"Cazoo Baskonia","Cazoo Baskonia","BKN",4149,2406,"Real Madrid","Real Madrid","RMB",1,88,12000,13,34,38,18,29,62,13,17,76,25,3,28,18,9,9,13,2,3,2,19,20,98,30,-1,0,13,0,88,82,4,976,5,9,2,24,2,58,12
1967402,1,"Liga Nacional","Liga Endesa",-402534000,NA,"https://www.acb.com/Documentos/Cabeceras/logo-competicion-1b.png","https://www.acb.com/Documentos/Cabeceras/logo-competicion-4a.png",87,2022,107,NA,NA,5558,103303,NA,NA,FALSE,4149,4154,2364,"Cazoo Baskonia","Cazoo Baskonia","BKN",4149,2406,"Real Madrid","Real Madrid","RMB",1,82,12000,7,23,30,25,47,53,11,13,84,28,11,39,17,9,12,14,3,2,2,21,19,94,-30,-1,13,0,0,82,88,5,1244,4,9,8,48,13,31,8
1967260,1,"Liga Nacional","Liga Endesa",-402534000,NA,"https://www.acb.com/Documentos/Cabeceras/logo-competicion-1b.png","https://www.acb.com/Documentos/Cabeceras/logo-competicion-4a.png",87,2022,107,NA,NA,5558,103304,NA,NA,FALSE,4152,4157,2414,"Joventut Badalona","Joventut","JOV",4152,2409,"Unicaja","Unicaja","UNI",1,65,12000,8,34,23,16,35,45,9,12,75,15,9,24,17,10,5,8,0,2,0,16,17,62,-45,-1,13,0,0,65,74,5,416,5,5,17,26,10,35,10
1967259,1,"Liga Nacional","Liga Endesa",-402534000,NA,"https://www.acb.com/Documentos/Cabeceras/logo-competicion-1b.png","https://www.acb.com/Documentos/Cabeceras/logo-competicion-4a.png",87,2022,107,NA,NA,5558,103304,NA,NA,TRUE,4157,4157,2414,"Joventut Badalona","Joventut","JOV",4152,2409,"Unicaja","Unicaja","UNI",1,74,12000,3,15,20,28,40,70,9,18,50,34,8,42,20,5,13,6,2,0,2,17,16,96,45,-1,0,13,0,74,65,4,1842,5,13,4,52,6,28,10
1967147,1,"Liga Nacional","Liga Endesa",-402534000,NA,"https://www.acb.com/Documentos/Cabeceras/logo-competicion-1b.png","https://www.acb.com/Documentos/Cabeceras/logo-competicion-4a.png",87,2022,107,NA,NA,5558,103305,NA,NA,TRUE,4151,4151,2408,"Monbus Obradoiro","Monbus Obra","MOB",4156,2413,"Valencia Basket","Valencia Basket","VBC",1,98,13500,11,30,36,22,32,68,21,29,72,25,9,34,17,7,18,0,6,1,3,22,21,105,-25,-1,13,0,0,98,103,4,813,6,6,0,42,11,19,10
1967148,1,"Liga Nacional","Liga Endesa",-402534000,NA,"https://www.acb.com/Documentos/Cabeceras/logo-competicion-1b.png","https://www.acb.com/Documentos/Cabeceras/logo-competicion-4a.png",87,2022,107,NA,NA,5558,103305,NA,NA,FALSE,4156,4151,2408,"Monbus Obradoiro","Monbus Obra","MOB",4156,2413,"Valencia Basket","Valencia Basket","VBC",1,103,13500,11,28,39,24,45,53,22,23,95,23,10,33,20,12,12,6,1,6,3,21,22,113,25,-1,0,13,0,103,98,4,1602,7,13,7,42,2,40,8
1966862,1,"Liga Nacional","Liga Endesa",-402534000,NA,"https://www.acb.com/Documentos/Cabeceras/logo-competicion-1b.png","https://www.acb.com/Documentos/Cabeceras/logo-competicion-4a.png",87,2022,107,NA,NA,5558,103306,NA,NA,FALSE,4158,4147,2404,"Barça","Barça","BAR",4158,2415,"Lenovo Tenerife","Lenovo Tenerife","LNT",1,65,12000,9,33,27,15,32,46,8,14,57,26,9,35,11,13,11,6,0,1,1,23,22,64,-10,-1,13,0,0,65,67,2,479,0,5,15,24,6,39,8
1966861,1,"Liga Nacional","Liga Endesa",-402534000,NA,"https://www.acb.com/Documentos/Cabeceras/logo-competicion-1b.png","https://www.acb.com/Documentos/Cabeceras/logo-competicion-4a.png",87,2022,107,NA,NA,5558,103306,NA,NA,TRUE,4147,4147,2404,"Barça","Barça","BAR",4158,2415,"Lenovo Tenerife","Lenovo Tenerife","LNT",1,67,12000,8,24,33,16,35,45,11,18,61,34,10,44,14,7,16,4,1,0,2,22,22,75,10,-1,0,13,0,67,65,4,1469,1,14,8,28,7,26,10
1966892,1,"Liga Nacional","Liga Endesa",-402534000,NA,"https://www.acb.com/Documentos/Cabeceras/logo-competicion-1b.png","https://www.acb.com/Documentos/Cabeceras/logo-competicion-4a.png",87,2022,107,NA,NA,5558,103307,NA,NA,FALSE,4143,4145,2419,"Real Betis Baloncesto","Betis","BET",4143,2399,"Bàsquet Girona","Bàsquet Girona","GIR",1,79,12000,7,23,30,26,39,66,6,11,54,33,8,41,20,8,17,7,6,0,4,11,18,110,40,-1,0,13,0,79,71,3,2137,1,13,15,40,6,35,9
1966891,1,"Liga Nacional","Liga Endesa",-402534000,NA,"https://www.acb.com/Documentos/Cabeceras/logo-competicion-1b.png","https://www.acb.com/Documentos/Cabeceras/logo-competicion-4a.png",87,2022,107,NA,NA,5558,103307,NA,NA,TRUE,4145,4145,2419,"Real Betis Baloncesto","Betis","BET",4143,2399,"Bàsquet Girona","Bàsquet Girona","GIR",1,71,12000,14,43,32,11,27,40,7,13,53,23,12,35,11,11,14,13,0,6,1,19,11,49,-40,-1,13,0,0,71,79,4,224,1,4,11,22,10,18,9
1966581,1,"Liga Nacional","Liga Endesa",-402534000,NA,"https://www.acb.com/Documentos/Cabeceras/logo-competicion-1b.png","https://www.acb.com/Documentos/Cabeceras/logo-competicion-4a.png",87,2022,107,NA,NA,5558,103309,NA,NA,TRUE,4159,4159,2496,"Gran Canaria","Gran Canaria","GCA",4160,2417,"Coviran Granada","Coviran Granada","COV",1,94,12000,15,38,39,17,27,62,15,22,68,22,8,30,24,9,14,8,2,1,3,21,20,103,90,-1,0,13,0,94,76,2,2368,0,27,24,30,8,34,9
1966582,1,"Liga Nacional","Liga Endesa",-402534000,NA,"https://www.acb.com/Documentos/Cabeceras/logo-competicion-1b.png","https://www.acb.com/Documentos/Cabeceras/logo-competicion-4a.png",87,2022,107,NA,NA,5558,103309,NA,NA,FALSE,4160,4159,2496,"Gran Canaria","Gran Canaria","GCA",4160,2417,"Coviran Granada","Coviran Granada","COV",1,76,12000,7,24,29,18,36,50,19,23,82,26,14,40,14,9,24,6,1,2,5,21,21,75,-90,-1,13,0,0,76,94,4,0,0,0,12,34,8,31,7
1966609,1,"Liga Nacional","Liga Endesa",-402534000,NA,"https://www.acb.com/Documentos/Cabeceras/logo-competicion-1b.png","https://www.acb.com/Documentos/Cabeceras/logo-competicion-4a.png",87,2022,107,NA,NA,5558,103328,NA,NA,TRUE,4144,4144,2400,"Casademont Zaragoza","Casademont Zgz","CAZ",4146,2403,"Carplus Fuenlabrada","Carplus Fuenla","FUE",1,79,12000,6,21,28,22,42,52,17,24,70,24,13,37,15,3,9,4,5,3,4,19,20,86,-15,-1,13,0,0,79,82,5,351,4,3,5,36,10,41,9
1966610,1,"Liga Nacional","Liga Endesa",-402534000,NA,"https://www.acb.com/Documentos/Cabeceras/logo-competicion-1b.png","https://www.acb.com/Documentos/Cabeceras/logo-competicion-4a.png",87,2022,107,NA,NA,5558,103328,NA,NA,FALSE,4146,4144,2400,"Casademont Zaragoza","Casademont Zgz","CAZ",4146,2403,"Carplus Fuenlabrada","Carplus Fuenla","FUE",1,82,12000,6,18,33,27,45,60,10,18,55,25,10,35,15,9,8,10,3,5,5,21,18,90,15,-1,0,13,0,82,79,2,1692,5,11,8,44,12,28,7
1966304,1,"Liga Nacional","Liga Endesa",-402534000,NA,"https://www.acb.com/Documentos/Cabeceras/logo-competicion-1b.png","https://www.acb.com/Documentos/Cabeceras/logo-competicion-4a.png",87,2022,107,NA,NA,5558,103329,NA,NA,TRUE,4153,4153,2410,"Río Breogán","Río Breogán","BRE",4148,2405,"Surne Bilbao Basket","Surne Bilbao","SBB",1,86,12000,8,27,29,25,41,60,12,14,85,30,10,40,19,8,9,4,6,1,3,22,16,106,80,-1,0,13,0,86,70,3,2335,0,18,10,42,10,53,10
1966305,1,"Liga Nacional","Liga Endesa",-402534000,NA,"https://www.acb.com/Documentos/Cabeceras/logo-competicion-1b.png","https://www.acb.com/Documentos/Cabeceras/logo-competicion-4a.png",87,2022,107,NA,NA,5558,103329,NA,NA,FALSE,4148,4153,2410,"Río Breogán","Río Breogán","BRE",4148,2405,"Surne Bilbao Basket","Surne Bilbao","SBB",1,70,12000,5,22,22,18,44,40,19,26,73,24,15,39,20,9,10,2,1,6,3,16,22,79,-80,-1,12,0,0,70,86,2,0,0,0,4,32,11,26,7
1966334,1,"Liga Nacional","Liga Endesa",-402534000,NA,"https://www.acb.com/Documentos/Cabeceras/logo-competicion-1b.png","https://www.acb.com/Documentos/Cabeceras/logo-competicion-4a.png",87,2022,107,NA,NA,5558,103330,NA,NA,FALSE,4155,4150,2407,"UCAM Murcia","UCAM Murcia","UCM",4155,2412,"BAXI Manresa","BAXI Manresa","BAX",1,83,12000,8,19,42,18,35,51,23,31,74,20,11,31,11,12,21,6,1,3,3,29,27,76,-65,-1,13,0,0,83,96,2,591,3,9,7,28,17,52,10
1966333,1,"Liga Nacional","Liga Endesa",-402534000,NA,"https://www.acb.com/Documentos/Cabeceras/logo-competicion-1b.png","https://www.acb.com/Documentos/Cabeceras/logo-competicion-4a.png",87,2022,107,NA,NA,5558,103330,NA,NA,TRUE,4150,4150,2407,"UCAM Murcia","UCAM Murcia","UCM",4155,2412,"BAXI Manresa","BAXI Manresa","BAX",1,96,12000,11,32,34,20,36,55,23,26,88,19,16,35,13,13,15,9,3,1,2,27,29,106,65,-1,0,13,0,96,83,3,1632,3,17,14,36,12,55,11
1968728,1,"Liga Nacional","Liga Endesa",-402534000,NA,"https://www.acb.com/Documentos/Cabeceras/logo-competicion-1b.png","https://www.acb.com/Documentos/Cabeceras/logo-competicion-4a.png",87,2022,107,NA,NA,5559,103294,NA,NA,FALSE,4154,4148,2405,"Surne Bilbao Basket","Surne Bilbao","SBB",4154,2364,"Cazoo Baskonia","Cazoo Baskonia","BKN",1,81,12000,11,28,39,17,35,48,14,20,70,27,10,37,22,15,14,8,1,3,2,25,21,94,55,-1,0,13,0,81,70,3,1249,4,11,14,30,5,37,14
1968727,1,"Liga Nacional","Liga Endesa",-402534000,NA,"https://www.acb.com/Documentos/Cabeceras/logo-competicion-1b.png","https://www.acb.com/Documentos/Cabeceras/logo-competicion-4a.png",87,2022,107,NA,NA,5559,103294,NA,NA,TRUE,4148,4148,2405,"Surne Bilbao Basket","Surne Bilbao","SBB",4154,2364,"Cazoo Baskonia","Cazoo Baskonia","BKN",1,70,12000,9,24,37,15,33,45,13,22,59,25,6,31,14,11,16,12,4,1,6,21,21,71,-55,-1,13,0,0,70,81,2,869,4,14,7,30,2,27,11
1968557,1,"Liga Nacional","Liga Endesa",-402534000,NA,"https://www.acb.com/Documentos/Cabeceras/logo-competicion-1b.png","https://www.acb.com/Documentos/Cabeceras/logo-competicion-4a.png",87,2022,107,NA,NA,5559,103296,NA,NA,TRUE,4143,4143,2399,"Bàsquet Girona","Bàsquet Girona","GIR",4150,2407,"UCAM Murcia","UCAM Murcia","UCM",1,100,12000,15,27,55,13,34,38,29,38,76,29,13,42,18,7,16,2,1,1,2,20,27,116,55,-1,0,13,0,100,89,2,2343,0,28,8,14,7,48,7
1968558,1,"Liga Nacional","Liga Endesa",-402534000,NA,"https://www.acb.com/Documentos/Cabeceras/logo-competicion-1b.png","https://www.acb.com/Documentos/Cabeceras/logo-competicion-4a.png",87,2022,107,NA,NA,5559,103296,NA,NA,FALSE,4150,4143,2399,"Bàsquet Girona","Bàsquet Girona","GIR",4150,2407,"UCAM Murcia","UCAM Murcia","UCM",1,89,12000,12,35,34,17,32,53,19,23,82,21,9,30,14,11,13,11,1,1,1,30,19,78,-55,-1,13,0,0,89,100,5,0,0,0,12,32,4,49,8
1968474,1,"Liga Nacional","Liga Endesa",-402534000,NA,"https://www.acb.com/Documentos/Cabeceras/logo-competicion-1b.png","https://www.acb.com/Documentos/Cabeceras/logo-competicion-4a.png",87,2022,107,NA,NA,5559,103295,NA,NA,FALSE,4147,4156,2413,"Valencia Basket","Valencia Basket","VBC",4147,2404,"Barça","Barça","BAR",1,92,12000,13,24,54,21,45,46,11,14,78,22,11,33,19,7,11,11,0,1,2,20,18,99,60,-1,0,13,0,92,80,2,2107,2,21,11,38,6,41,9
1968473,1,"Liga Nacional","Liga Endesa",-402534000,NA,"https://www.acb.com/Documentos/Cabeceras/logo-competicion-1b.png","https://www.acb.com/Documentos/Cabeceras/logo-competicion-4a.png",87,2022,107,NA,NA,5559,103295,NA,NA,TRUE,4156,4156,2413,"Valencia Basket","Valencia Basket","VBC",4147,2404,"Barça","Barça","BAR",1,80,12000,9,29,31,17,31,54,19,21,90,23,9,32,15,7,17,7,2,0,1,20,20,83,-60,-1,13,0,0,80,92,3,217,1,4,9,30,9,38,7
1968191,1,"Liga Nacional","Liga Endesa",-402534000,NA,"https://www.acb.com/Documentos/Cabeceras/logo-competicion-1b.png","https://www.acb.com/Documentos/Cabeceras/logo-competicion-4a.png",87,2022,107,NA,NA,5559,103297,NA,NA,TRUE,4152,4152,2409,"Unicaja","Unicaja","UNI",4145,2419,"Real Betis Baloncesto","Betis","BET",1,106,12000,8,22,36,28,37,75,26,34,76,34,9,43,25,14,13,14,4,0,6,20,28,156,230,-1,0,13,0,106,60,0,2346,0,48,11,52,17,55,13
1968192,1,"Liga Nacional","Liga Endesa",-402534000,NA,"https://www.acb.com/Documentos/Cabeceras/logo-competicion-1b.png","https://www.acb.com/Documentos/Cabeceras/logo-competicion-4a.png",87,2022,107,NA,NA,5559,103297,NA,NA,FALSE,4145,4152,2409,"Unicaja","Unicaja","UNI",4145,2419,"Real Betis Baloncesto","Betis","BET",1,60,12000,6,29,20,17,35,48,8,13,61,15,8,23,9,10,16,0,0,4,3,28,20,28,-230,-1,13,0,0,60,106,4,0,0,0,8,26,4,37,5
1968222,1,"Liga Nacional","Liga Endesa",-402534000,NA,"https://www.acb.com/Documentos/Cabeceras/logo-competicion-1b.png","https://www.acb.com/Documentos/Cabeceras/logo-competicion-4a.png",87,2022,107,NA,NA,5559,103298,NA,NA,FALSE,4146,4149,2406,"Real Madrid","Real Madrid","RMB",4146,2403,"Carplus Fuenlabrada","Carplus Fuenla","FUE",1,69,12000,6,22,27,20,44,45,11,12,91,22,8,30,16,5,13,2,2,5,5,22,19,60,-110,-1,13,0,0,69,91,4,0,0,0,13,36,9,35,14
1968221,1,"Liga Nacional","Liga Endesa",-402534000,NA,"https://www.acb.com/Documentos/Cabeceras/logo-competicion-1b.png","https://www.acb.com/Documentos/Cabeceras/logo-competicion-4a.png",87,2022,107,NA,NA,5559,103298,NA,NA,TRUE,4149,4149,2406,"Real Madrid","Real Madrid","RMB",4146,2403,"Carplus Fuenlabrada","Carplus Fuenla","FUE",1,91,12000,12,27,44,19,39,48,17,21,80,30,14,44,25,10,14,10,5,2,5,19,22,123,110,-1,0,13,0,91,69,1,2359,0,24,5,34,4,40,8
1967909,1,"Liga Nacional","Liga Endesa",-402534000,NA,"https://www.acb.com/Documentos/Cabeceras/logo-competicion-1b.png","https://www.acb.com/Documentos/Cabeceras/logo-competicion-4a.png",87,2022,107,NA,NA,5559,103299,NA,NA,TRUE,4159,4159,2496,"Gran Canaria","Gran Canaria","GCA",4158,2415,"Lenovo Tenerife","Lenovo Tenerife","LNT",1,70,12000,7,22,31,17,36,47,15,20,75,15,6,21,10,8,10,0,3,0,3,23,25,65,-80,-1,13,0,0,70,86,3,1477,2,10,6,32,2,32,8
1967910,1,"Liga Nacional","Liga Endesa",-402534000,NA,"https://www.acb.com/Documentos/Cabeceras/logo-competicion-1b.png","https://www.acb.com/Documentos/Cabeceras/logo-competicion-4a.png",87,2022,107,NA,NA,5559,103299,NA,NA,FALSE,4158,4159,2496,"Gran Canaria","Gran Canaria","GCA",4158,2415,"Lenovo Tenerife","Lenovo Tenerife","LNT",1,86,12000,4,12,33,26,41,63,22,29,75,26,9,35,17,8,14,5,0,3,4,26,23,96,80,-1,0,13,0,86,70,1,782,2,16,7,40,8,32,10
1967882,1,"Liga Nacional","Liga Endesa",-402534000,NA,"https://www.acb.com/Documentos/Cabeceras/logo-competicion-1b.png","https://www.acb.com/Documentos/Cabeceras/logo-competicion-4a.png",87,2022,107,NA,NA,5559,103300,NA,NA,FALSE,4144,4157,2414,"Joventut Badalona","Joventut","JOV",4144,2400,"Casademont Zaragoza","Casademont Zgz","CAZ",1,84,13500,10,28,35,21,44,47,12,16,75,27,16,43,17,8,19,2,2,0,1,27,17,80,-25,-1,13,0,0,84,89,5,978,9,5,7,40,10,48,7
1967881,1,"Liga Nacional","Liga Endesa",-402534000,NA,"https://www.acb.com/Documentos/Cabeceras/logo-competicion-1b.png","https://www.acb.com/Documentos/Cabeceras/logo-competicion-4a.png",87,2022,107,NA,NA,5559,103300,NA,NA,TRUE,4157,4157,2414,"Joventut Badalona","Joventut","JOV",4144,2400,"Casademont Zaragoza","Casademont Zgz","CAZ",1,89,13500,7,27,25,22,44,50,24,26,92,26,13,39,19,12,14,4,0,2,1,19,26,106,25,-1,0,13,0,89,84,4,1044,9,6,10,42,12,41,7
1967629,1,"Liga Nacional","Liga Endesa",-402534000,NA,"https://www.acb.com/Documentos/Cabeceras/logo-competicion-1b.png","https://www.acb.com/Documentos/Cabeceras/logo-competicion-4a.png",87,2022,107,NA,NA,5559,103301,NA,NA,TRUE,4155,4155,2412,"BAXI Manresa","BAXI Manresa","BAX",4153,2410,"Río Breogán","Río Breogán","BRE",1,70,12000,7,27,25,20,34,58,9,17,52,18,8,26,21,7,16,6,0,3,4,23,20,60,-180,-1,13,0,0,70,106,2,380,2,5,8,36,2,37,10
1967630,1,"Liga Nacional","Liga Endesa",-402534000,NA,"https://www.acb.com/Documentos/Cabeceras/logo-competicion-1b.png","https://www.acb.com/Documentos/Cabeceras/logo-competicion-4a.png",87,2022,107,NA,NA,5559,103301,NA,NA,FALSE,4153,4155,2412,"BAXI Manresa","BAXI Manresa","BAX",4153,2410,"Río Breogán","Río Breogán","BRE",1,106,12000,10,24,41,27,40,67,22,26,84,28,10,38,27,11,10,16,3,0,4,20,23,147,180,-1,0,13,0,106,70,3,1863,2,39,22,54,12,39,13
1967598,1,"Liga Nacional","Liga Endesa",-402534000,NA,"https://www.acb.com/Documentos/Cabeceras/logo-competicion-1b.png","https://www.acb.com/Documentos/Cabeceras/logo-competicion-4a.png",87,2022,107,NA,NA,5559,103302,NA,NA,FALSE,4151,4160,2417,"Coviran Granada","Coviran Granada","COV",4151,2408,"Monbus Obradoiro","Monbus Obra","MOB",1,89,12000,14,31,45,19,29,65,9,12,75,18,8,26,19,8,18,0,7,0,5,20,14,95,-20,-1,13,0,0,89,93,5,1404,3,7,18,38,11,7,9
1967597,1,"Liga Nacional","Liga Endesa",-402534000,NA,"https://www.acb.com/Documentos/Cabeceras/logo-competicion-1b.png","https://www.acb.com/Documentos/Cabeceras/logo-competicion-4a.png",87,2022,107,NA,NA,5559,103302,NA,NA,TRUE,4160,4160,2417,"Coviran Granada","Coviran Granada","COV",4151,2408,"Monbus Obradoiro","Monbus Obra","MOB",1,93,12000,12,22,54,21,38,55,15,23,65,19,12,31,15,13,14,4,0,7,2,15,20,101,20,-1,0,13,0,93,89,3,726,3,12,20,34,13,44,16
1969936,1,"Liga Nacional","Liga Endesa",-402534000,NA,"https://www.acb.com/Documentos/Cabeceras/logo-competicion-1b.png","https://www.acb.com/Documentos/Cabeceras/logo-competicion-4a.png",87,2022,107,NA,NA,5560,103325,NA,NA,TRUE,4153,4153,2410,"Río Breogán","Río Breogán","BRE",4156,2413,"Valencia Basket","Valencia Basket","VBC",1,83,12000,12,23,52,20,34,58,7,16,43,20,6,26,18,9,11,6,1,2,3,19,20,91,-25,-1,13,0,0,83,88,4,1254,7,8,10,32,2,16,8
1969937,1,"Liga Nacional","Liga Endesa",-402534000,NA,"https://www.acb.com/Documentos/Cabeceras/logo-competicion-1b.png","https://www.acb.com/Documentos/Cabeceras/logo-competicion-4a.png",87,2022,107,NA,NA,5560,103325,NA,NA,FALSE,4156,4153,2410,"Río Breogán","Río Breogán","BRE",4156,2413,"Valencia Basket","Valencia Basket","VBC",1,88,12000,13,34,38,20,33,60,9,12,75,21,14,35,18,5,13,2,2,1,3,21,19,95,25,-1,0,13,0,88,83,3,974,8,8,10,36,14,30,11
1969796,1,"Liga Nacional","Liga Endesa",-402534000,NA,"https://www.acb.com/Documentos/Cabeceras/logo-competicion-1b.png","https://www.acb.com/Documentos/Cabeceras/logo-competicion-4a.png",87,2022,107,NA,NA,5560,103324,NA,NA,TRUE,4144,4144,2400,"Casademont Zaragoza","Casademont Zgz","CAZ",4149,2406,"Real Madrid","Real Madrid","RMB",1,94,12000,8,23,34,24,44,54,22,27,81,26,11,37,22,15,15,17,3,2,8,27,25,112,25,-1,0,13,0,94,89,3,2335,1,16,10,40,6,53,9
1969797,1,"Liga Nacional","Liga Endesa",-402534000,NA,"https://www.acb.com/Documentos/Cabeceras/logo-competicion-1b.png","https://www.acb.com/Documentos/Cabeceras/logo-competicion-4a.png",87,2022,107,NA,NA,5560,103324,NA,NA,FALSE,4149,4144,2400,"Casademont Zaragoza","Casademont Zgz","CAZ",4149,2406,"Real Madrid","Real Madrid","RMB",1,89,12000,10,34,29,15,31,48,29,31,93,26,13,39,8,12,18,6,2,3,4,26,26,87,-25,-1,13,0,0,89,94,5,65,1,1,8,28,8,51,8
1969596,1,"Liga Nacional","Liga Endesa",-402534000,NA,"https://www.acb.com/Documentos/Cabeceras/logo-competicion-1b.png","https://www.acb.com/Documentos/Cabeceras/logo-competicion-4a.png",87,2022,107,NA,NA,5560,103323,NA,NA,TRUE,4154,4154,2364,"Cazoo Baskonia","Cazoo Baskonia","BKN",4145,2419,"Real Betis Baloncesto","Betis","BET",1,107,13500,14,28,50,20,37,54,25,37,67,29,9,38,25,11,11,2,2,5,1,21,30,133,20,-1,0,13,0,107,103,4,1484,8,7,4,32,6,44,12
1969597,1,"Liga Nacional","Liga Endesa",-402534000,NA,"https://www.acb.com/Documentos/Cabeceras/logo-competicion-1b.png","https://www.acb.com/Documentos/Cabeceras/logo-competicion-4a.png",87,2022,107,NA,NA,5560,103323,NA,NA,FALSE,4145,4154,2364,"Cazoo Baskonia","Cazoo Baskonia","BKN",4145,2419,"Real Betis Baloncesto","Betis","BET",1,103,13500,16,37,43,19,36,52,17,22,77,24,10,34,21,10,13,7,5,2,2,31,21,105,-20,-1,13,0,0,103,107,5,917,8,7,13,28,13,48,10
1969627,1,"Liga Nacional","Liga Endesa",-402534000,NA,"https://www.acb.com/Documentos/Cabeceras/logo-competicion-1b.png","https://www.acb.com/Documentos/Cabeceras/logo-competicion-4a.png",87,2022,107,NA,NA,5560,103326,NA,NA,FALSE,4143,4147,2404,"Barça","Barça","BAR",4143,2399,"Bàsquet Girona","Bàsquet Girona","GIR",1,69,12000,7,19,36,19,40,47,10,15,66,24,9,33,15,10,17,3,5,2,1,16,16,75,-15,-1,13,0,0,69,72,4,494,0,8,8,32,6,25,8
1969626,1,"Liga Nacional","Liga Endesa",-402534000,NA,"https://www.acb.com/Documentos/Cabeceras/logo-competicion-1b.png","https://www.acb.com/Documentos/Cabeceras/logo-competicion-4a.png",87,2022,107,NA,NA,5560,103326,NA,NA,TRUE,4147,4147,2404,"Barça","Barça","BAR",4143,2399,"Bàsquet Girona","Bàsquet Girona","GIR",1,72,12000,8,26,30,20,38,52,8,15,53,24,14,38,19,12,16,12,2,5,5,17,15,77,15,-1,0,13,0,72,69,4,1866,1,17,24,34,10,47,14
1969404,1,"Liga Nacional","Liga Endesa",-402534000,NA,"https://www.acb.com/Documentos/Cabeceras/logo-competicion-1b.png","https://www.acb.com/Documentos/Cabeceras/logo-competicion-4a.png",87,2022,107,NA,NA,5560,103311,NA,NA,FALSE,4148,4158,2415,"Lenovo Tenerife","Lenovo Tenerife","LNT",4148,2405,"Surne Bilbao Basket","Surne Bilbao","SBB",1,57,12000,4,19,21,17,52,32,11,13,84,26,22,48,11,8,12,2,4,4,3,21,18,57,-80,-1,12,0,0,57,73,4,0,0,0,8,26,12,28,5
1969403,1,"Liga Nacional","Liga Endesa",-402534000,NA,"https://www.acb.com/Documentos/Cabeceras/logo-competicion-1b.png","https://www.acb.com/Documentos/Cabeceras/logo-competicion-4a.png",87,2022,107,NA,NA,5560,103311,NA,NA,TRUE,4158,4158,2415,"Lenovo Tenerife","Lenovo Tenerife","LNT",4148,2405,"Surne Bilbao Basket","Surne Bilbao","SBB",1,73,12000,7,26,26,21,40,52,10,13,76,25,11,36,13,9,10,4,5,4,4,18,21,84,80,-1,0,13,0,73,57,2,2357,0,19,15,34,4,19,14
1969320,1,"Liga Nacional","Liga Endesa",-402534000,NA,"https://www.acb.com/Documentos/Cabeceras/logo-competicion-1b.png","https://www.acb.com/Documentos/Cabeceras/logo-competicion-4a.png",87,2022,107,NA,NA,5560,103327,NA,NA,FALSE,4160,4152,2409,"Unicaja","Unicaja","UNI",4160,2417,"Coviran Granada","Coviran Granada","COV",1,68,12000,7,27,25,20,37,54,7,10,70,29,9,38,13,7,21,7,3,1,2,19,18,66,-130,-1,13,0,0,68,94,5,168,0,2,6,36,8,26,6
1969319,1,"Liga Nacional","Liga Endesa",-402534000,NA,"https://www.acb.com/Documentos/Cabeceras/logo-competicion-1b.png","https://www.acb.com/Documentos/Cabeceras/logo-competicion-4a.png",87,2022,107,NA,NA,5560,103327,NA,NA,TRUE,4152,4152,2409,"Unicaja","Unicaja","UNI",4160,2417,"Coviran Granada","Coviran Granada","COV",1,94,12000,11,34,32,23,37,62,15,21,71,28,10,38,18,14,10,13,1,3,1,18,19,110,130,-1,0,13,0,94,68,2,2121,1,26,19,36,11,32,11
1969038,1,"Liga Nacional","Liga Endesa",-402534000,NA,"https://www.acb.com/Documentos/Cabeceras/logo-competicion-1b.png","https://www.acb.com/Documentos/Cabeceras/logo-competicion-4a.png",87,2022,107,NA,NA,5560,103308,NA,NA,FALSE,4159,4151,2408,"Monbus Obradoiro","Monbus Obra","MOB",4159,2496,"Gran Canaria","Gran Canaria","GCA",1,85,12000,11,27,40,19,35,54,14,20,70,35,9,44,25,4,10,4,2,5,4,21,20,106,135,-1,0,13,0,85,58,2,2305,1,29,11,36,7,27,9
1969037,1,"Liga Nacional","Liga Endesa",-402534000,NA,"https://www.acb.com/Documentos/Cabeceras/logo-competicion-1b.png","https://www.acb.com/Documentos/Cabeceras/logo-competicion-4a.png",87,2022,107,NA,NA,5560,103308,NA,NA,TRUE,4151,4151,2408,"Monbus Obradoiro","Monbus Obra","MOB",4159,2496,"Gran Canaria","Gran Canaria","GCA",1,58,12000,6,26,23,12,34,35,16,21,76,23,7,30,14,8,10,0,5,2,2,20,21,57,-135,-1,13,0,0,58,85,4,54,0,3,8,20,2,20,6
1969066,1,"Liga Nacional","Liga Endesa",-402534000,NA,"https://www.acb.com/Documentos/Cabeceras/logo-competicion-1b.png","https://www.acb.com/Documentos/Cabeceras/logo-competicion-4a.png",87,2022,107,NA,NA,5560,103310,NA,NA,FALSE,4157,4150,2407,"UCAM Murcia","UCAM Murcia","UCM",4157,2414,"Joventut Badalona","Joventut","JOV",1,76,12000,4,22,18,25,48,52,14,20,70,18,16,34,15,8,8,4,0,5,0,25,20,68,-60,-1,13,0,0,76,88,4,554,3,6,8,50,12,20,9
1969065,1,"Liga Nacional","Liga Endesa",-402534000,NA,"https://www.acb.com/Documentos/Cabeceras/logo-competicion-1b.png","https://www.acb.com/Documentos/Cabeceras/logo-competicion-4a.png",87,2022,107,NA,NA,5560,103310,NA,NA,TRUE,4150,4150,2407,"UCAM Murcia","UCAM Murcia","UCM",4157,2414,"Joventut Badalona","Joventut","JOV",1,88,12000,10,23,43,20,38,52,18,22,81,26,11,37,18,6,12,4,5,0,1,22,24,109,60,-1,0,13,0,88,76,4,1700,3,16,4,34,4,49,11
1968895,1,"Liga Nacional","Liga Endesa",-402534000,NA,"https://www.acb.com/Documentos/Cabeceras/logo-competicion-1b.png","https://www.acb.com/Documentos/Cabeceras/logo-competicion-4a.png",87,2022,107,NA,NA,5560,103293,NA,NA,TRUE,4146,4146,2403,"Carplus Fuenlabrada","Carplus Fuenla","FUE",4155,2412,"BAXI Manresa","BAXI Manresa","BAX",1,101,12000,6,16,37,29,47,61,25,33,75,21,15,36,22,11,11,14,1,1,2,20,26,129,20,-1,0,13,0,101,97,4,1357,6,13,10,52,16,44,10
1968896,1,"Liga Nacional","Liga Endesa",-402534000,NA,"https://www.acb.com/Documentos/Cabeceras/logo-competicion-1b.png","https://www.acb.com/Documentos/Cabeceras/logo-competicion-4a.png",87,2022,107,NA,NA,5560,103293,NA,NA,FALSE,4155,4146,2403,"Carplus Fuenlabrada","Carplus Fuenla","FUE",4155,2412,"BAXI Manresa","BAXI Manresa","BAX",1,97,12000,11,30,36,26,42,61,12,13,92,18,12,30,20,7,13,4,1,1,4,27,19,97,-20,-1,13,0,0,97,101,3,731,6,7,6,46,16,32,11
1971312,1,"Liga Nacional","Liga Endesa",-402534000,NA,"https://www.acb.com/Documentos/Cabeceras/logo-competicion-1b.png","https://www.acb.com/Documentos/Cabeceras/logo-competicion-4a.png",87,2022,107,NA,NA,5562,103314,NA,NA,FALSE,4153,4160,2417,"Coviran Granada","Coviran Granada","COV",4153,2410,"Río Breogán","Río Breogán","BRE",1,70,12000,7,28,25,18,39,46,13,17,76,22,17,39,14,11,18,2,3,5,2,19,21,70,-50,-1,13,0,0,70,80,5,175,5,3,7,34,11,23,10
1971311,1,"Liga Nacional","Liga Endesa",-402534000,NA,"https://www.acb.com/Documentos/Cabeceras/logo-competicion-1b.png","https://www.acb.com/Documentos/Cabeceras/logo-competicion-4a.png",87,2022,107,NA,NA,5562,103314,NA,NA,TRUE,4160,4160,2417,"Coviran Granada","Coviran Granada","COV",4153,2410,"Río Breogán","Río Breogán","BRE",1,80,12000,8,25,32,23,44,52,10,16,62,25,14,39,21,11,13,5,5,3,4,21,18,93,50,-1,0,13,0,80,70,3,2103,6,17,11,38,10,40,10
1971173,1,"Liga Nacional","Liga Endesa",-402534000,NA,"https://www.acb.com/Documentos/Cabeceras/logo-competicion-1b.png","https://www.acb.com/Documentos/Cabeceras/logo-competicion-4a.png",87,2022,107,NA,NA,5562,103315,NA,NA,FALSE,4147,4157,2414,"Joventut Badalona","Joventut","JOV",4147,2404,"Barça","Barça","BAR",1,79,12000,9,30,30,18,27,66,16,16,100,18,8,26,16,8,16,5,1,2,2,27,20,75,-15,-1,13,0,0,79,82,4,2082,0,13,12,30,8,30,7
1971172,1,"Liga Nacional","Liga Endesa",-402534000,NA,"https://www.acb.com/Documentos/Cabeceras/logo-competicion-1b.png","https://www.acb.com/Documentos/Cabeceras/logo-competicion-4a.png",87,2022,107,NA,NA,5562,103315,NA,NA,TRUE,4157,4157,2414,"Joventut Badalona","Joventut","JOV",4147,2404,"Barça","Barça","BAR",1,82,12000,4,22,18,25,38,65,20,26,76,18,10,28,19,10,11,12,2,1,1,20,24,96,15,-1,0,13,0,82,79,5,252,1,5,18,42,8,26,12
1971062,1,"Liga Nacional","Liga Endesa",-402534000,NA,"https://www.acb.com/Documentos/Cabeceras/logo-competicion-1b.png","https://www.acb.com/Documentos/Cabeceras/logo-competicion-4a.png",87,2022,107,NA,NA,5562,103316,NA,NA,TRUE,4155,4155,2412,"BAXI Manresa","BAXI Manresa","BAX",4154,2364,"Cazoo Baskonia","Cazoo Baskonia","BKN",1,93,12000,8,22,36,27,45,60,15,19,78,18,11,29,16,14,14,21,3,0,5,26,17,96,65,-1,0,13,0,93,80,2,1733,1,13,27,48,12,54,11
1971063,1,"Liga Nacional","Liga Endesa",-402534000,NA,"https://www.acb.com/Documentos/Cabeceras/logo-competicion-1b.png","https://www.acb.com/Documentos/Cabeceras/logo-competicion-4a.png",87,2022,107,NA,NA,5562,103316,NA,NA,FALSE,4154,4155,2412,"BAXI Manresa","BAXI Manresa","BAX",4154,2364,"Cazoo Baskonia","Cazoo Baskonia","BKN",1,80,12000,7,26,26,17,40,42,25,30,83,21,23,44,16,8,21,0,0,3,1,17,26,86,-65,-1,12,0,0,80,93,5,557,0,10,8,32,11,27,7
1970806,1,"Liga Nacional","Liga Endesa",-402534000,NA,"https://www.acb.com/Documentos/Cabeceras/logo-competicion-1b.png","https://www.acb.com/Documentos/Cabeceras/logo-competicion-4a.png",87,2022,107,NA,NA,5562,103317,NA,NA,TRUE,4148,4148,2405,"Surne Bilbao Basket","Surne Bilbao","SBB",4146,2403,"Carplus Fuenlabrada","Carplus Fuenla","FUE",1,109,12000,12,26,46,24,34,70,25,30,83,26,8,34,20,11,11,13,6,0,3,25,23,138,135,-1,0,13,0,109,82,2,2183,2,30,9,40,8,47,9
1970807,1,"Liga Nacional","Liga Endesa",-402534000,NA,"https://www.acb.com/Documentos/Cabeceras/logo-competicion-1b.png","https://www.acb.com/Documentos/Cabeceras/logo-competicion-4a.png",87,2022,107,NA,NA,5562,103317,NA,NA,FALSE,4146,4148,2405,"Surne Bilbao Basket","Surne Bilbao","SBB",4146,2403,"Carplus Fuenlabrada","Carplus Fuenla","FUE",1,82,12000,7,20,35,23,47,48,15,20,75,18,10,28,18,6,13,5,1,5,1,25,25,75,-135,-1,13,0,0,82,109,4,179,1,4,6,40,12,37,5
1970779,1,"Liga Nacional","Liga Endesa",-402534000,NA,"https://www.acb.com/Documentos/Cabeceras/logo-competicion-1b.png","https://www.acb.com/Documentos/Cabeceras/logo-competicion-4a.png",87,2022,107,NA,NA,5562,103318,NA,NA,FALSE,4150,4149,2406,"Real Madrid","Real Madrid","RMB",4150,2407,"UCAM Murcia","UCAM Murcia","UCM",1,57,12000,3,19,15,19,46,41,10,11,90,26,11,37,8,6,15,4,2,7,2,15,17,46,-180,-1,13,0,0,57,93,4,7,1,1,8,24,6,25,6
1970778,1,"Liga Nacional","Liga Endesa",-402534000,NA,"https://www.acb.com/Documentos/Cabeceras/logo-competicion-1b.png","https://www.acb.com/Documentos/Cabeceras/logo-competicion-4a.png",87,2022,107,NA,NA,5562,103318,NA,NA,TRUE,4149,4149,2406,"Real Madrid","Real Madrid","RMB",4150,2407,"UCAM Murcia","UCAM Murcia","UCM",1,93,12000,14,30,46,20,40,50,11,13,84,32,9,41,20,9,8,8,7,1,5,17,15,121,180,-1,0,13,0,93,57,1,2377,1,42,13,36,4,57,16
1970468,1,"Liga Nacional","Liga Endesa",-402534000,NA,"https://www.acb.com/Documentos/Cabeceras/logo-competicion-1b.png","https://www.acb.com/Documentos/Cabeceras/logo-competicion-4a.png",87,2022,107,NA,NA,5562,103319,NA,NA,TRUE,4143,4143,2399,"Bàsquet Girona","Bàsquet Girona","GIR",4159,2496,"Gran Canaria","Gran Canaria","GCA",1,69,13500,5,25,20,21,47,44,12,17,70,34,12,46,14,8,14,2,5,6,1,20,17,68,-45,-1,13,0,0,69,78,3,433,3,5,2,28,9,33,6
1970469,1,"Liga Nacional","Liga Endesa",-402534000,NA,"https://www.acb.com/Documentos/Cabeceras/logo-competicion-1b.png","https://www.acb.com/Documentos/Cabeceras/logo-competicion-4a.png",87,2022,107,NA,NA,5562,103319,NA,NA,FALSE,4159,4143,2399,"Bàsquet Girona","Bàsquet Girona","GIR",4159,2496,"Gran Canaria","Gran Canaria","GCA",1,78,13500,11,32,34,15,33,45,15,22,68,36,8,44,14,12,14,6,6,5,3,17,19,91,45,-1,0,13,0,78,69,2,1787,3,11,7,30,5,36,10
1970496,1,"Liga Nacional","Liga Endesa",-402534000,NA,"https://www.acb.com/Documentos/Cabeceras/logo-competicion-1b.png","https://www.acb.com/Documentos/Cabeceras/logo-competicion-4a.png",87,2022,107,NA,NA,5562,103320,NA,NA,TRUE,4158,4158,2415,"Lenovo Tenerife","Lenovo Tenerife","LNT",4156,2413,"Valencia Basket","Valencia Basket","VBC",1,94,12000,10,24,41,21,34,61,22,25,88,20,11,31,18,9,13,2,2,4,2,22,20,105,80,-1,0,13,0,94,78,0,2271,2,23,11,38,10,43,7
1970497,1,"Liga Nacional","Liga Endesa",-402534000,NA,"https://www.acb.com/Documentos/Cabeceras/logo-competicion-1b.png","https://www.acb.com/Documentos/Cabeceras/logo-competicion-4a.png",87,2022,107,NA,NA,5562,103320,NA,NA,FALSE,4156,4158,2415,"Lenovo Tenerife","Lenovo Tenerife","LNT",4156,2413,"Valencia Basket","Valencia Basket","VBC",1,78,12000,11,23,47,14,34,41,17,19,89,15,10,25,14,9,15,0,5,2,2,20,21,81,-80,-1,13,0,0,78,94,3,79,2,2,16,24,11,43,6
1970189,1,"Liga Nacional","Liga Endesa",-402534000,NA,"https://www.acb.com/Documentos/Cabeceras/logo-competicion-1b.png","https://www.acb.com/Documentos/Cabeceras/logo-competicion-4a.png",87,2022,107,NA,NA,5562,103321,NA,NA,FALSE,4152,4151,2408,"Monbus Obradoiro","Monbus Obra","MOB",4152,2409,"Unicaja","Unicaja","UNI",1,87,12000,3,22,13,25,38,65,28,32,87,22,11,33,10,12,14,12,3,2,1,23,28,98,5,-1,0,13,0,87,86,3,368,7,5,16,44,10,58,9
1970188,1,"Liga Nacional","Liga Endesa",-402534000,NA,"https://www.acb.com/Documentos/Cabeceras/logo-competicion-1b.png","https://www.acb.com/Documentos/Cabeceras/logo-competicion-4a.png",87,2022,107,NA,NA,5562,103321,NA,NA,TRUE,4151,4151,2408,"Monbus Obradoiro","Monbus Obra","MOB",4152,2409,"Unicaja","Unicaja","UNI",1,86,12000,14,31,45,14,30,46,16,18,88,22,9,31,20,7,21,4,2,3,2,31,22,78,-5,-1,13,0,0,86,87,3,1738,6,9,6,28,7,31,8
1970216,1,"Liga Nacional","Liga Endesa",-402534000,NA,"https://www.acb.com/Documentos/Cabeceras/logo-competicion-1b.png","https://www.acb.com/Documentos/Cabeceras/logo-competicion-4a.png",87,2022,107,NA,NA,5562,103322,NA,NA,TRUE,4145,4145,2419,"Real Betis Baloncesto","Betis","BET",4144,2400,"Casademont Zaragoza","Casademont Zgz","CAZ",1,67,12000,14,40,35,10,25,40,5,7,71,20,13,33,14,11,12,5,2,5,1,17,16,66,-80,-1,13,0,0,67,83,3,794,7,8,8,16,11,26,7
1970217,1,"Liga Nacional","Liga Endesa",-402534000,NA,"https://www.acb.com/Documentos/Cabeceras/logo-competicion-1b.png","https://www.acb.com/Documentos/Cabeceras/logo-competicion-4a.png",87,2022,107,NA,NA,5562,103322,NA,NA,FALSE,4144,4145,2419,"Real Betis Baloncesto","Betis","BET",4144,2400,"Casademont Zaragoza","Casademont Zgz","CAZ",1,83,12000,14,29,48,15,27,55,11,16,68,28,8,36,19,10,14,2,6,2,1,16,17,107,80,-1,0,13,0,83,67,1,1256,7,16,19,24,2,31,10
1972326,1,"Liga Nacional","Liga Endesa",-402534000,NA,"https://www.acb.com/Documentos/Cabeceras/logo-competicion-1b.png","https://www.acb.com/Documentos/Cabeceras/logo-competicion-4a.png",87,2022,107,NA,NA,5569,103420,NA,NA,TRUE,4156,4156,2413,"Valencia Basket","Valencia Basket","VBC",4152,2409,"Unicaja","Unicaja","UNI",1,67,12000,5,21,23,16,37,43,20,28,71,25,13,38,10,5,15,2,1,3,0,22,26,62,-80,-1,13,0,0,67,83,4,449,2,5,4,30,8,25,6
1972327,1,"Liga Nacional","Liga Endesa",-402534000,NA,"https://www.acb.com/Documentos/Cabeceras/logo-competicion-1b.png","https://www.acb.com/Documentos/Cabeceras/logo-competicion-4a.png",87,2022,107,NA,NA,5569,103420,NA,NA,FALSE,4152,4156,2413,"Valencia Basket","Valencia Basket","VBC",4152,2409,"Unicaja","Unicaja","UNI",1,83,12000,10,29,34,22,41,53,9,11,81,25,11,36,16,10,10,7,3,1,1,27,21,91,80,-1,0,13,0,83,67,3,1835,3,16,8,42,18,47,9
1972384,1,"Liga Nacional","Liga Endesa",-402534000,NA,"https://www.acb.com/Documentos/Cabeceras/logo-competicion-1b.png","https://www.acb.com/Documentos/Cabeceras/logo-competicion-4a.png",87,2022,107,NA,NA,5569,103421,NA,NA,TRUE,4154,4154,2364,"Cazoo Baskonia","Cazoo Baskonia","BKN",4143,2399,"Bàsquet Girona","Bàsquet Girona","GIR",1,95,12000,19,36,52,15,28,53,8,10,80,30,6,36,24,12,16,6,2,1,3,17,15,118,135,-1,0,13,0,95,68,2,2358,0,35,23,24,0,43,12
1972385,1,"Liga Nacional","Liga Endesa",-402534000,NA,"https://www.acb.com/Documentos/Cabeceras/logo-competicion-1b.png","https://www.acb.com/Documentos/Cabeceras/logo-competicion-4a.png",87,2022,107,NA,NA,5569,103421,NA,NA,FALSE,4143,4154,2364,"Cazoo Baskonia","Cazoo Baskonia","BKN",4143,2399,"Bàsquet Girona","Bàsquet Girona","GIR",1,68,12000,5,24,20,22,41,53,9,12,75,24,9,33,20,15,16,12,1,2,2,15,17,80,-135,-1,13,0,0,68,95,3,0,0,0,13,38,12,34,14
1972356,1,"Liga Nacional","Liga Endesa",-402534000,NA,"https://www.acb.com/Documentos/Cabeceras/logo-competicion-1b.png","https://www.acb.com/Documentos/Cabeceras/logo-competicion-4a.png",87,2022,107,NA,NA,5569,103422,NA,NA,TRUE,4147,4147,2404,"Barça","Barça","BAR",4160,2417,"Coviran Granada","Coviran Granada","COV",1,100,12000,11,21,52,29,46,63,9,10,90,17,10,27,23,8,10,6,3,2,7,19,19,121,90,-1,0,13,0,100,82,3,2398,0,23,16,50,10,52,13
1972357,1,"Liga Nacional","Liga Endesa",-402534000,NA,"https://www.acb.com/Documentos/Cabeceras/logo-competicion-1b.png","https://www.acb.com/Documentos/Cabeceras/logo-competicion-4a.png",87,2022,107,NA,NA,5569,103422,NA,NA,FALSE,4160,4147,2404,"Barça","Barça","BAR",4160,2417,"Coviran Granada","Coviran Granada","COV",1,82,12000,5,16,31,28,42,66,11,15,73,16,9,25,14,7,13,2,2,3,5,19,19,85,-90,-1,13,0,0,82,100,5,0,0,0,8,48,6,46,9
1972074,1,"Liga Nacional","Liga Endesa",-402534000,NA,"https://www.acb.com/Documentos/Cabeceras/logo-competicion-1b.png","https://www.acb.com/Documentos/Cabeceras/logo-competicion-4a.png",87,2022,107,NA,NA,5569,103369,NA,NA,TRUE,4145,4145,2419,"Real Betis Baloncesto","Betis","BET",4149,2406,"Real Madrid","Real Madrid","RMB",1,55,12000,8,24,33,14,32,43,3,4,75,25,6,31,9,8,17,7,1,1,0,15,14,50,-90,-1,13,0,0,55,73,2,207,0,5,11,22,2,24,6
1972075,1,"Liga Nacional","Liga Endesa",-402534000,NA,"https://www.acb.com/Documentos/Cabeceras/logo-competicion-1b.png","https://www.acb.com/Documentos/Cabeceras/logo-competicion-4a.png",87,2022,107,NA,NA,5569,103369,NA,NA,FALSE,4149,4145,2419,"Real Betis Baloncesto","Betis","BET",4149,2406,"Real Madrid","Real Madrid","RMB",1,73,12000,8,27,29,21,38,55,7,7,100,28,9,37,19,10,13,4,1,1,5,14,14,90,90,-1,0,13,0,73,55,1,2126,1,23,9,36,13,36,10
1972046,1,"Liga Nacional","Liga Endesa",-402534000,NA,"https://www.acb.com/Documentos/Cabeceras/logo-competicion-1b.png","https://www.acb.com/Documentos/Cabeceras/logo-competicion-4a.png",87,2022,107,NA,NA,5569,103434,NA,NA,TRUE,4150,4150,2407,"UCAM Murcia","UCAM Murcia","UCM",4151,2408,"Monbus Obradoiro","Monbus Obra","MOB",1,80,12000,9,34,26,17,35,48,19,22,86,27,14,41,8,8,17,4,4,4,1,33,23,64,-20,-1,13,0,0,80,84,5,0,0,0,9,30,4,33,9
1972047,1,"Liga Nacional","Liga Endesa",-402534000,NA,"https://www.acb.com/Documentos/Cabeceras/logo-competicion-1b.png","https://www.acb.com/Documentos/Cabeceras/logo-competicion-4a.png",87,2022,107,NA,NA,5569,103434,NA,NA,FALSE,4151,4150,2407,"UCAM Murcia","UCAM Murcia","UCM",4151,2408,"Monbus Obradoiro","Monbus Obra","MOB",1,84,12000,9,29,31,16,37,43,25,34,73,29,14,43,13,10,14,2,4,3,0,23,31,95,20,-1,0,13,0,84,80,3,2249,0,16,10,28,13,22,8
1971880,1,"Liga Nacional","Liga Endesa",-402534000,NA,"https://www.acb.com/Documentos/Cabeceras/logo-competicion-1b.png","https://www.acb.com/Documentos/Cabeceras/logo-competicion-4a.png",87,2022,107,NA,NA,5569,103357,NA,NA,FALSE,4148,4144,2400,"Casademont Zaragoza","Casademont Zgz","CAZ",4148,2405,"Surne Bilbao Basket","Surne Bilbao","SBB",1,74,12000,5,24,20,23,48,47,13,15,86,34,10,44,16,12,12,2,5,8,3,23,20,82,35,-1,0,12,0,74,67,4,1477,1,13,10,38,8,40,9
1971879,1,"Liga Nacional","Liga Endesa",-402534000,NA,"https://www.acb.com/Documentos/Cabeceras/logo-competicion-1b.png","https://www.acb.com/Documentos/Cabeceras/logo-competicion-4a.png",87,2022,107,NA,NA,5569,103357,NA,NA,TRUE,4144,4144,2400,"Casademont Zaragoza","Casademont Zgz","CAZ",4148,2405,"Surne Bilbao Basket","Surne Bilbao","SBB",1,67,12000,5,23,21,16,45,35,20,27,74,33,14,47,12,11,14,2,8,5,0,20,22,74,-35,-1,13,0,0,67,74,5,758,0,8,4,28,9,36,7
1971710,1,"Liga Nacional","Liga Endesa",-402534000,NA,"https://www.acb.com/Documentos/Cabeceras/logo-competicion-1b.png","https://www.acb.com/Documentos/Cabeceras/logo-competicion-4a.png",87,2022,107,NA,NA,5569,103312,NA,NA,FALSE,4158,4153,2410,"Río Breogán","Río Breogán","BRE",4158,2415,"Lenovo Tenerife","Lenovo Tenerife","LNT",1,86,12000,13,29,44,18,30,60,11,14,78,25,11,36,16,7,13,2,4,3,2,17,20,105,125,-1,0,13,0,86,61,0,2360,0,30,8,30,17,46,9
1971709,1,"Liga Nacional","Liga Endesa",-402534000,NA,"https://www.acb.com/Documentos/Cabeceras/logo-competicion-1b.png","https://www.acb.com/Documentos/Cabeceras/logo-competicion-4a.png",87,2022,107,NA,NA,5569,103312,NA,NA,TRUE,4153,4153,2410,"Río Breogán","Río Breogán","BRE",4158,2415,"Lenovo Tenerife","Lenovo Tenerife","LNT",1,61,12000,5,24,20,18,39,46,10,15,66,19,13,32,9,9,12,2,3,3,2,21,17,50,-125,-1,13,0,0,61,86,4,0,0,0,8,30,13,24,5
1971514,1,"Liga Nacional","Liga Endesa",-402534000,NA,"https://www.acb.com/Documentos/Cabeceras/logo-competicion-1b.png","https://www.acb.com/Documentos/Cabeceras/logo-competicion-4a.png",87,2022,107,NA,NA,5569,103313,NA,NA,FALSE,4157,4146,2403,"Carplus Fuenlabrada","Carplus Fuenla","FUE",4157,2414,"Joventut Badalona","Joventut","JOV",1,85,12000,12,23,52,20,38,52,9,12,75,22,10,32,22,8,13,2,1,2,0,15,17,103,20,-1,0,13,0,85,81,5,2308,2,16,7,38,4,31,7
1971513,1,"Liga Nacional","Liga Endesa",-402534000,NA,"https://www.acb.com/Documentos/Cabeceras/logo-competicion-1b.png","https://www.acb.com/Documentos/Cabeceras/logo-competicion-4a.png",87,2022,107,NA,NA,5569,103313,NA,NA,TRUE,4146,4146,2403,"Carplus Fuenlabrada","Carplus Fuenla","FUE",4157,2414,"Joventut Badalona","Joventut","JOV",1,81,12000,8,25,32,25,35,71,7,13,53,20,5,25,24,10,11,12,2,1,3,17,15,95,-20,-1,13,0,0,81,85,5,81,1,2,8,42,6,29,8
1971485,1,"Liga Nacional","Liga Endesa",-402534000,NA,"https://www.acb.com/Documentos/Cabeceras/logo-competicion-1b.png","https://www.acb.com/Documentos/Cabeceras/logo-competicion-4a.png",87,2022,107,NA,NA,5569,103368,NA,NA,TRUE,4159,4159,2496,"Gran Canaria","Gran Canaria","GCA",4155,2412,"BAXI Manresa","BAXI Manresa","BAX",1,99,12000,14,30,46,18,30,60,21,32,65,26,9,35,17,15,11,5,4,0,0,25,25,120,55,-1,0,13,0,99,88,2,1789,2,16,14,34,15,51,6
1971486,1,"Liga Nacional","Liga Endesa",-402534000,NA,"https://www.acb.com/Documentos/Cabeceras/logo-competicion-1b.png","https://www.acb.com/Documentos/Cabeceras/logo-competicion-4a.png",87,2022,107,NA,NA,5569,103368,NA,NA,FALSE,4155,4159,2496,"Gran Canaria","Gran Canaria","GCA",4155,2412,"BAXI Manresa","BAXI Manresa","BAX",1,88,12000,14,28,50,16,34,47,14,18,77,23,8,31,17,6,16,2,0,4,1,25,22,83,-55,-1,13,0,0,88,99,3,474,2,6,9,22,0,27,8
1973869,1,"Liga Nacional","Liga Endesa",-402534000,NA,"https://www.acb.com/Documentos/Cabeceras/logo-competicion-1b.png","https://www.acb.com/Documentos/Cabeceras/logo-competicion-4a.png",87,2022,107,NA,NA,5563,103411,NA,NA,FALSE,4145,4160,2417,"Coviran Granada","Coviran Granada","COV",4145,2419,"Real Betis Baloncesto","Betis","BET",1,76,13500,10,37,27,14,37,37,18,25,72,32,16,48,16,12,15,10,3,3,1,27,23,76,50,-1,0,12,0,76,66,3,1703,3,11,8,24,9,33,10
1973868,1,"Liga Nacional","Liga Endesa",-402534000,NA,"https://www.acb.com/Documentos/Cabeceras/logo-competicion-1b.png","https://www.acb.com/Documentos/Cabeceras/logo-competicion-4a.png",87,2022,107,NA,NA,5563,103411,NA,NA,TRUE,4160,4160,2417,"Coviran Granada","Coviran Granada","COV",4145,2419,"Real Betis Baloncesto","Betis","BET",1,66,13500,6,35,17,17,38,44,14,23,60,34,19,53,12,10,18,6,3,3,0,23,26,67,-50,-1,13,0,0,66,76,4,661,3,8,9,32,11,26,12
1973701,1,"Liga Nacional","Liga Endesa",-402534000,NA,"https://www.acb.com/Documentos/Cabeceras/logo-competicion-1b.png","https://www.acb.com/Documentos/Cabeceras/logo-competicion-4a.png",87,2022,107,NA,NA,5563,103412,NA,NA,TRUE,4149,4149,2406,"Real Madrid","Real Madrid","RMB",4156,2413,"Valencia Basket","Valencia Basket","VBC",1,79,12000,8,24,33,16,34,47,23,25,92,31,13,44,17,9,14,2,7,1,4,16,24,113,85,-1,0,13,0,79,62,2,2400,0,22,2,30,4,35,14
1973702,1,"Liga Nacional","Liga Endesa",-402534000,NA,"https://www.acb.com/Documentos/Cabeceras/logo-competicion-1b.png","https://www.acb.com/Documentos/Cabeceras/logo-competicion-4a.png",87,2022,107,NA,NA,5563,103412,NA,NA,FALSE,4156,4149,2406,"Real Madrid","Real Madrid","RMB",4156,2413,"Valencia Basket","Valencia Basket","VBC",1,62,12000,6,31,19,17,42,40,10,10,100,21,17,38,10,9,11,4,1,7,2,24,16,44,-85,-1,13,0,0,62,79,3,0,0,0,12,32,12,34,10
1973592,1,"Liga Nacional","Liga Endesa",-402534000,NA,"https://www.acb.com/Documentos/Cabeceras/logo-competicion-1b.png","https://www.acb.com/Documentos/Cabeceras/logo-competicion-4a.png",87,2022,107,NA,NA,5563,103413,NA,NA,FALSE,4150,4154,2364,"Cazoo Baskonia","Cazoo Baskonia","BKN",4150,2407,"UCAM Murcia","UCAM Murcia","UCM",1,73,12000,5,20,25,22,42,52,14,19,73,22,7,29,12,10,12,4,1,5,1,21,19,66,-145,-1,12,0,0,73,102,5,0,0,0,4,20,2,25,9
1973591,1,"Liga Nacional","Liga Endesa",-402534000,NA,"https://www.acb.com/Documentos/Cabeceras/logo-competicion-1b.png","https://www.acb.com/Documentos/Cabeceras/logo-competicion-4a.png",87,2022,107,NA,NA,5563,103413,NA,NA,TRUE,4154,4154,2364,"Cazoo Baskonia","Cazoo Baskonia","BKN",4150,2407,"UCAM Murcia","UCAM Murcia","UCM",1,102,12000,13,27,48,26,37,70,11,17,64,28,8,36,28,13,10,10,6,1,6,19,19,143,145,-1,0,13,0,102,73,3,2387,0,39,14,50,8,41,10
1973365,1,"Liga Nacional","Liga Endesa",-402534000,NA,"https://www.acb.com/Documentos/Cabeceras/logo-competicion-1b.png","https://www.acb.com/Documentos/Cabeceras/logo-competicion-4a.png",87,2022,107,NA,NA,5563,103414,NA,NA,TRUE,4158,4158,2415,"Lenovo Tenerife","Lenovo Tenerife","LNT",4146,2403,"Carplus Fuenlabrada","Carplus Fuenla","FUE",1,97,12000,13,26,50,24,39,61,10,12,83,23,9,32,23,11,12,10,2,2,3,15,19,125,125,-1,0,13,0,97,72,2,2204,1,29,19,40,4,47,12
1973366,1,"Liga Nacional","Liga Endesa",-402534000,NA,"https://www.acb.com/Documentos/Cabeceras/logo-competicion-1b.png","https://www.acb.com/Documentos/Cabeceras/logo-competicion-4a.png",87,2022,107,NA,NA,5563,103414,NA,NA,FALSE,4146,4158,2415,"Lenovo Tenerife","Lenovo Tenerife","LNT",4146,2403,"Carplus Fuenlabrada","Carplus Fuenla","FUE",1,72,12000,8,24,33,21,40,52,6,10,60,20,11,31,18,12,15,4,2,1,1,20,15,75,-125,-1,13,0,0,72,97,4,36,1,2,7,40,10,31,11
1973308,1,"Liga Nacional","Liga Endesa",-402534000,NA,"https://www.acb.com/Documentos/Cabeceras/logo-competicion-1b.png","https://www.acb.com/Documentos/Cabeceras/logo-competicion-4a.png",87,2022,107,NA,NA,5563,103415,NA,NA,FALSE,4153,4143,2399,"Bàsquet Girona","Bàsquet Girona","GIR",4153,2410,"Río Breogán","Río Breogán","BRE",1,73,12000,8,25,32,16,26,61,17,22,77,27,7,34,15,11,20,9,1,0,2,20,22,84,35,-1,0,13,0,73,66,4,1046,5,7,17,28,2,37,13
1973307,1,"Liga Nacional","Liga Endesa",-402534000,NA,"https://www.acb.com/Documentos/Cabeceras/logo-competicion-1b.png","https://www.acb.com/Documentos/Cabeceras/logo-competicion-4a.png",87,2022,107,NA,NA,5563,103415,NA,NA,TRUE,4143,4143,2399,"Bàsquet Girona","Bàsquet Girona","GIR",4153,2410,"Río Breogán","Río Breogán","BRE",1,66,12000,4,22,18,22,41,53,10,14,71,22,11,33,16,15,16,4,0,1,6,22,20,70,-35,-1,13,0,0,66,73,5,1259,5,10,13,36,9,13,7
1973032,1,"Liga Nacional","Liga Endesa",-402534000,NA,"https://www.acb.com/Documentos/Cabeceras/logo-competicion-1b.png","https://www.acb.com/Documentos/Cabeceras/logo-competicion-4a.png",87,2022,107,NA,NA,5563,103416,NA,NA,TRUE,4151,4151,2408,"Monbus Obradoiro","Monbus Obra","MOB",4147,2404,"Barça","Barça","BAR",1,76,12000,6,25,24,22,37,59,14,17,82,21,7,28,13,3,6,0,0,1,0,20,20,76,10,-1,0,13,0,76,74,4,1270,3,7,7,38,6,21,7
1973033,1,"Liga Nacional","Liga Endesa",-402534000,NA,"https://www.acb.com/Documentos/Cabeceras/logo-competicion-1b.png","https://www.acb.com/Documentos/Cabeceras/logo-competicion-4a.png",87,2022,107,NA,NA,5563,103416,NA,NA,FALSE,4147,4151,2408,"Monbus Obradoiro","Monbus Obra","MOB",4147,2404,"Barça","Barça","BAR",1,74,12000,5,28,17,23,36,63,13,14,92,26,12,38,11,6,9,2,1,0,3,20,20,84,-10,-1,13,0,0,74,76,5,969,3,8,5,42,10,21,7
1973061,1,"Liga Nacional","Liga Endesa",-402534000,NA,"https://www.acb.com/Documentos/Cabeceras/logo-competicion-1b.png","https://www.acb.com/Documentos/Cabeceras/logo-competicion-4a.png",87,2022,107,NA,NA,5563,103417,NA,NA,FALSE,4144,4152,2409,"Unicaja","Unicaja","UNI",4144,2400,"Casademont Zaragoza","Casademont Zgz","CAZ",1,78,12000,4,13,30,24,45,53,18,22,81,25,12,37,14,9,23,4,1,1,2,18,24,87,-130,-1,12,0,0,78,104,5,323,2,7,10,44,9,24,10
1973060,1,"Liga Nacional","Liga Endesa",-402534000,NA,"https://www.acb.com/Documentos/Cabeceras/logo-competicion-1b.png","https://www.acb.com/Documentos/Cabeceras/logo-competicion-4a.png",87,2022,107,NA,NA,5563,103417,NA,NA,TRUE,4152,4152,2409,"Unicaja","Unicaja","UNI",4144,2400,"Casademont Zaragoza","Casademont Zgz","CAZ",1,104,12000,19,38,50,19,34,55,9,9,100,21,8,29,22,13,12,22,1,1,6,24,17,115,130,-1,0,13,0,104,78,2,1981,2,29,24,36,3,72,15
1972749,1,"Liga Nacional","Liga Endesa",-402534000,NA,"https://www.acb.com/Documentos/Cabeceras/logo-competicion-1b.png","https://www.acb.com/Documentos/Cabeceras/logo-competicion-4a.png",87,2022,107,NA,NA,5563,103418,NA,NA,FALSE,4159,4148,2405,"Surne Bilbao Basket","Surne Bilbao","SBB",4159,2496,"Gran Canaria","Gran Canaria","GCA",1,72,12000,8,31,25,21,38,55,6,11,54,28,14,42,9,8,12,4,3,2,2,18,16,73,-20,-1,13,0,0,72,76,4,583,2,8,6,34,15,45,8
1972748,1,"Liga Nacional","Liga Endesa",-402534000,NA,"https://www.acb.com/Documentos/Cabeceras/logo-competicion-1b.png","https://www.acb.com/Documentos/Cabeceras/logo-competicion-4a.png",87,2022,107,NA,NA,5563,103418,NA,NA,TRUE,4148,4148,2405,"Surne Bilbao Basket","Surne Bilbao","SBB",4159,2496,"Gran Canaria","Gran Canaria","GCA",1,76,12000,13,30,43,11,26,42,15,18,83,26,6,32,13,11,12,3,3,2,2,16,18,88,20,-1,0,13,0,76,72,4,1698,2,10,12,14,3,18,11
1972776,1,"Liga Nacional","Liga Endesa",-402534000,NA,"https://www.acb.com/Documentos/Cabeceras/logo-competicion-1b.png","https://www.acb.com/Documentos/Cabeceras/logo-competicion-4a.png",87,2022,107,NA,NA,5563,103419,NA,NA,TRUE,4155,4155,2412,"BAXI Manresa","BAXI Manresa","BAX",4157,2414,"Joventut Badalona","Joventut","JOV",1,68,12000,8,28,28,19,41,46,6,10,60,21,10,31,16,6,14,0,2,1,1,20,20,62,-110,-1,13,0,0,68,90,3,0,0,0,2,34,10,26,6
1972777,1,"Liga Nacional","Liga Endesa",-402534000,NA,"https://www.acb.com/Documentos/Cabeceras/logo-competicion-1b.png","https://www.acb.com/Documentos/Cabeceras/logo-competicion-4a.png",87,2022,107,NA,NA,5563,103419,NA,NA,FALSE,4157,4155,2412,"BAXI Manresa","BAXI Manresa","BAX",4157,2414,"Joventut Badalona","Joventut","JOV",1,90,12000,10,25,40,22,39,56,16,18,88,31,11,42,11,10,13,0,1,2,0,20,19,104,110,-1,0,13,0,90,68,1,2370,0,26,14,42,14,38,11
1979152,1,"Liga Nacional","Liga Endesa",-402534000,NA,"https://www.acb.com/Documentos/Cabeceras/logo-competicion-1b.png","https://www.acb.com/Documentos/Cabeceras/logo-competicion-4a.png",87,2022,107,NA,NA,5564,103441,NA,NA,FALSE,4151,4148,2405,"Surne Bilbao Basket","Surne Bilbao","SBB",4151,2408,"Monbus Obradoiro","Monbus Obra","MOB",1,80,12000,13,31,41,14,34,41,13,15,86,25,15,40,14,10,16,0,1,5,2,24,19,79,15,-1,0,13,0,80,77,4,1835,4,12,11,24,11,46,14
1979151,1,"Liga Nacional","Liga Endesa",-402534000,NA,"https://www.acb.com/Documentos/Cabeceras/logo-competicion-1b.png","https://www.acb.com/Documentos/Cabeceras/logo-competicion-4a.png",87,2022,107,NA,NA,5564,103441,NA,NA,TRUE,4148,4148,2405,"Surne Bilbao Basket","Surne Bilbao","SBB",4151,2408,"Monbus Obradoiro","Monbus Obra","MOB",1,77,12000,8,22,36,19,36,52,15,23,65,22,8,30,17,13,12,4,5,1,4,19,24,95,-15,-1,13,0,0,77,80,3,430,4,9,6,28,2,35,11
1979013,1,"Liga Nacional","Liga Endesa",-402534000,NA,"https://www.acb.com/Documentos/Cabeceras/logo-competicion-1b.png","https://www.acb.com/Documentos/Cabeceras/logo-competicion-4a.png",87,2022,107,NA,NA,5564,103442,NA,NA,FALSE,4154,4159,2496,"Gran Canaria","Gran Canaria","GCA",4154,2364,"Cazoo Baskonia","Cazoo Baskonia","BKN",1,96,12000,17,30,56,20,34,58,5,12,41,29,10,39,26,6,13,11,0,1,3,17,12,114,140,-1,0,13,0,96,68,2,2353,0,34,10,36,15,59,10
1979012,1,"Liga Nacional","Liga Endesa",-402534000,NA,"https://www.acb.com/Documentos/Cabeceras/logo-competicion-1b.png","https://www.acb.com/Documentos/Cabeceras/logo-competicion-4a.png",87,2022,107,NA,NA,5564,103442,NA,NA,TRUE,4159,4159,2496,"Gran Canaria","Gran Canaria","GCA",4154,2364,"Cazoo Baskonia","Cazoo Baskonia","BKN",1,68,12000,6,27,22,17,34,50,16,20,80,21,8,29,11,5,11,2,1,0,3,12,17,66,-140,-1,13,0,0,68,96,4,0,0,0,4,26,5,46,9
1978905,1,"Liga Nacional","Liga Endesa",-402534000,NA,"https://www.acb.com/Documentos/Cabeceras/logo-competicion-1b.png","https://www.acb.com/Documentos/Cabeceras/logo-competicion-4a.png",87,2022,107,NA,NA,5564,103426,NA,NA,FALSE,4147,4153,2410,"Río Breogán","Río Breogán","BRE",4147,2404,"Barça","Barça","BAR",1,78,12000,8,23,34,18,29,62,18,27,66,29,4,33,21,12,16,6,1,1,4,18,25,100,20,-1,0,12,0,78,74,4,1334,8,8,6,28,0,24,7
1978904,1,"Liga Nacional","Liga Endesa",-402534000,NA,"https://www.acb.com/Documentos/Cabeceras/logo-competicion-1b.png","https://www.acb.com/Documentos/Cabeceras/logo-competicion-4a.png",87,2022,107,NA,NA,5564,103426,NA,NA,TRUE,4153,4153,2410,"Río Breogán","Río Breogán","BRE",4147,2404,"Barça","Barça","BAR",1,74,12000,6,21,28,23,43,53,10,16,62,21,9,30,12,12,11,4,1,1,2,25,16,67,-20,-1,13,0,0,74,78,5,568,7,3,11,34,6,33,6
1978653,1,"Liga Nacional","Liga Endesa",-402534000,NA,"https://www.acb.com/Documentos/Cabeceras/logo-competicion-1b.png","https://www.acb.com/Documentos/Cabeceras/logo-competicion-4a.png",87,2022,107,NA,NA,5564,103424,NA,NA,FALSE,4155,4149,2406,"Real Madrid","Real Madrid","RMB",4155,2412,"BAXI Manresa","BAXI Manresa","BAX",1,89,12000,10,25,40,24,48,50,11,16,68,25,12,37,20,9,18,8,1,2,3,28,20,84,-70,-1,13,0,0,89,103,3,11,1,1,11,40,11,30,7
1978652,1,"Liga Nacional","Liga Endesa",-402534000,NA,"https://www.acb.com/Documentos/Cabeceras/logo-competicion-1b.png","https://www.acb.com/Documentos/Cabeceras/logo-competicion-4a.png",87,2022,107,NA,NA,5564,103424,NA,NA,TRUE,4149,4149,2406,"Real Madrid","Real Madrid","RMB",4155,2412,"BAXI Manresa","BAXI Manresa","BAX",1,103,12000,10,25,40,23,40,57,27,35,77,26,9,35,19,11,14,10,2,0,3,20,28,124,70,-1,0,13,0,103,89,1,2389,1,28,16,42,8,47,8
1978624,1,"Liga Nacional","Liga Endesa",-402534000,NA,"https://www.acb.com/Documentos/Cabeceras/logo-competicion-1b.png","https://www.acb.com/Documentos/Cabeceras/logo-competicion-4a.png",87,2022,107,NA,NA,5564,103425,NA,NA,TRUE,4156,4156,2413,"Valencia Basket","Valencia Basket","VBC",4143,2399,"Bàsquet Girona","Bàsquet Girona","GIR",1,104,12000,20,38,52,16,25,64,12,19,63,30,6,36,30,17,14,11,6,2,2,19,19,143,175,-1,0,13,0,104,69,1,2113,2,42,12,32,12,62,11
1978625,1,"Liga Nacional","Liga Endesa",-402534000,NA,"https://www.acb.com/Documentos/Cabeceras/logo-competicion-1b.png","https://www.acb.com/Documentos/Cabeceras/logo-competicion-4a.png",87,2022,107,NA,NA,5564,103425,NA,NA,FALSE,4143,4156,2413,"Valencia Basket","Valencia Basket","VBC",4143,2399,"Bàsquet Girona","Bàsquet Girona","GIR",1,69,12000,4,22,18,20,43,46,17,21,80,25,12,37,13,11,19,8,2,6,3,19,19,62,-175,-1,13,0,0,69,104,4,188,1,4,15,40,10,25,8
1978377,1,"Liga Nacional","Liga Endesa",-402534000,NA,"https://www.acb.com/Documentos/Cabeceras/logo-competicion-1b.png","https://www.acb.com/Documentos/Cabeceras/logo-competicion-4a.png",87,2022,107,NA,NA,5564,103408,NA,NA,FALSE,4158,4157,2414,"Joventut Badalona","Joventut","JOV",4158,2415,"Lenovo Tenerife","Lenovo Tenerife","LNT",1,69,12000,9,36,25,13,28,46,16,22,72,23,15,38,16,10,8,0,0,5,0,18,20,74,-45,-1,13,0,0,69,78,1,1558,4,11,6,24,14,28,10
1978376,1,"Liga Nacional","Liga Endesa",-402534000,NA,"https://www.acb.com/Documentos/Cabeceras/logo-competicion-1b.png","https://www.acb.com/Documentos/Cabeceras/logo-competicion-4a.png",87,2022,107,NA,NA,5564,103408,NA,NA,TRUE,4157,4157,2414,"Joventut Badalona","Joventut","JOV",4158,2415,"Lenovo Tenerife","Lenovo Tenerife","LNT",1,78,12000,10,29,34,19,30,63,10,13,76,28,8,36,15,5,11,11,5,0,0,22,17,90,45,-1,0,13,0,78,69,2,488,5,11,10,30,6,31,11
1978348,1,"Liga Nacional","Liga Endesa",-402534000,NA,"https://www.acb.com/Documentos/Cabeceras/logo-competicion-1b.png","https://www.acb.com/Documentos/Cabeceras/logo-competicion-4a.png",87,2022,107,NA,NA,5564,103423,NA,NA,FALSE,4160,4144,2400,"Casademont Zaragoza","Casademont Zgz","CAZ",4160,2417,"Coviran Granada","Coviran Granada","COV",1,57,12000,5,24,20,17,41,41,8,14,57,26,11,37,14,10,15,0,5,6,3,20,20,53,-80,-1,12,0,0,57,73,5,1204,0,10,5,26,11,31,10
1978347,1,"Liga Nacional","Liga Endesa",-402534000,NA,"https://www.acb.com/Documentos/Cabeceras/logo-competicion-1b.png","https://www.acb.com/Documentos/Cabeceras/logo-competicion-4a.png",87,2022,107,NA,NA,5564,103423,NA,NA,TRUE,4144,4144,2400,"Casademont Zaragoza","Casademont Zgz","CAZ",4160,2417,"Coviran Granada","Coviran Granada","COV",1,73,12000,6,24,25,22,44,50,11,17,64,31,17,48,13,13,15,6,6,5,3,20,20,87,80,-1,0,13,0,73,57,3,1142,1,21,9,32,8,24,16
1978073,1,"Liga Nacional","Liga Endesa",-402534000,NA,"https://www.acb.com/Documentos/Cabeceras/logo-competicion-1b.png","https://www.acb.com/Documentos/Cabeceras/logo-competicion-4a.png",87,2022,107,NA,NA,5564,103409,NA,NA,FALSE,4145,4150,2407,"UCAM Murcia","UCAM Murcia","UCM",4145,2419,"Real Betis Baloncesto","Betis","BET",1,72,12000,6,24,25,21,36,58,12,16,75,27,7,34,14,12,17,2,3,3,3,19,18,77,-20,-1,12,0,0,72,76,5,0,0,0,11,34,7,17,8
1978072,1,"Liga Nacional","Liga Endesa",-402534000,NA,"https://www.acb.com/Documentos/Cabeceras/logo-competicion-1b.png","https://www.acb.com/Documentos/Cabeceras/logo-competicion-4a.png",87,2022,107,NA,NA,5564,103409,NA,NA,TRUE,4150,4150,2407,"UCAM Murcia","UCAM Murcia","UCM",4145,2419,"Real Betis Baloncesto","Betis","BET",1,76,12000,7,26,26,20,39,51,15,21,71,27,15,42,16,11,16,0,3,3,1,18,19,86,20,-1,0,13,0,76,72,4,2330,0,20,15,38,17,33,16
1978099,1,"Liga Nacional","Liga Endesa",-402534000,NA,"https://www.acb.com/Documentos/Cabeceras/logo-competicion-1b.png","https://www.acb.com/Documentos/Cabeceras/logo-competicion-4a.png",87,2022,107,NA,NA,5564,103410,NA,NA,TRUE,4146,4146,2403,"Carplus Fuenlabrada","Carplus Fuenla","FUE",4152,2409,"Unicaja","Unicaja","UNI",1,85,12000,4,19,21,27,49,55,19,22,86,17,13,30,18,9,12,2,2,5,5,18,16,85,-160,-1,13,0,0,85,117,4,0,0,0,6,48,10,36,7
1978100,1,"Liga Nacional","Liga Endesa",-402534000,NA,"https://www.acb.com/Documentos/Cabeceras/logo-competicion-1b.png","https://www.acb.com/Documentos/Cabeceras/logo-competicion-4a.png",87,2022,107,NA,NA,5564,103410,NA,NA,FALSE,4152,4146,2403,"Carplus Fuenlabrada","Carplus Fuenla","FUE",4152,2409,"Unicaja","Unicaja","UNI",1,117,12000,16,26,61,29,44,65,11,12,91,21,7,28,33,11,10,14,5,2,3,17,18,157,160,-1,0,13,0,117,85,1,2380,0,32,17,46,8,63,10
1980306,1,"Liga Nacional","Liga Endesa",-402534000,NA,"https://www.acb.com/Documentos/Cabeceras/logo-competicion-1b.png","https://www.acb.com/Documentos/Cabeceras/logo-competicion-4a.png",87,2022,107,NA,NA,5565,103433,NA,NA,TRUE,4147,4147,2404,"Barça","Barça","BAR",4152,2409,"Unicaja","Unicaja","UNI",1,75,12000,4,18,22,21,43,48,21,26,80,28,16,44,12,8,10,6,0,2,3,16,21,91,75,-1,0,13,0,75,60,2,2213,1,16,12,34,17,33,9
1980307,1,"Liga Nacional","Liga Endesa",-402534000,NA,"https://www.acb.com/Documentos/Cabeceras/logo-competicion-1b.png","https://www.acb.com/Documentos/Cabeceras/logo-competicion-4a.png",87,2022,107,NA,NA,5565,103433,NA,NA,FALSE,4152,4147,2404,"Barça","Barça","BAR",4152,2409,"Unicaja","Unicaja","UNI",1,60,12000,8,30,26,17,35,48,2,3,66,20,9,29,11,6,11,2,3,0,2,24,16,49,-75,-1,13,0,0,60,75,3,68,1,1,4,26,3,34,9
1980280,1,"Liga Nacional","Liga Endesa",-402534000,NA,"https://www.acb.com/Documentos/Cabeceras/logo-competicion-1b.png","https://www.acb.com/Documentos/Cabeceras/logo-competicion-4a.png",87,2022,107,NA,NA,5565,103435,NA,NA,FALSE,4146,4154,2364,"Cazoo Baskonia","Cazoo Baskonia","BKN",4146,2403,"Carplus Fuenlabrada","Carplus Fuenla","FUE",1,88,12000,11,22,50,20,30,66,15,23,65,24,6,30,20,7,20,7,2,2,0,22,21,95,-70,-1,12,0,0,88,102,5,1112,2,18,7,36,4,23,9
1980279,1,"Liga Nacional","Liga Endesa",-402534000,NA,"https://www.acb.com/Documentos/Cabeceras/logo-competicion-1b.png","https://www.acb.com/Documentos/Cabeceras/logo-competicion-4a.png",87,2022,107,NA,NA,5565,103435,NA,NA,TRUE,4154,4154,2364,"Cazoo Baskonia","Cazoo Baskonia","BKN",4146,2403,"Carplus Fuenlabrada","Carplus Fuenla","FUE",1,102,12000,11,22,50,27,47,57,15,22,68,17,10,27,27,14,7,10,2,2,6,21,20,124,70,-1,0,13,0,102,88,2,1234,2,19,19,48,8,71,20
1980167,1,"Liga Nacional","Liga Endesa",-402534000,NA,"https://www.acb.com/Documentos/Cabeceras/logo-competicion-1b.png","https://www.acb.com/Documentos/Cabeceras/logo-competicion-4a.png",87,2022,107,NA,NA,5565,103436,NA,NA,TRUE,4160,4160,2417,"Coviran Granada","Coviran Granada","COV",4156,2413,"Valencia Basket","Valencia Basket","VBC",1,81,12000,9,22,40,17,36,47,20,30,66,17,12,29,17,11,17,0,3,1,2,20,23,84,-145,-1,13,0,0,81,110,4,49,1,2,9,32,8,29,8
1980168,1,"Liga Nacional","Liga Endesa",-402534000,NA,"https://www.acb.com/Documentos/Cabeceras/logo-competicion-1b.png","https://www.acb.com/Documentos/Cabeceras/logo-competicion-4a.png",87,2022,107,NA,NA,5565,103436,NA,NA,FALSE,4156,4160,2417,"Coviran Granada","Coviran Granada","COV",4156,2413,"Valencia Basket","Valencia Basket","VBC",1,110,12000,14,29,48,25,37,67,18,25,72,22,11,33,31,12,13,4,1,3,1,23,20,134,145,-1,0,13,0,110,81,1,2331,1,36,23,46,11,55,10
1979940,1,"Liga Nacional","Liga Endesa",-402534000,NA,"https://www.acb.com/Documentos/Cabeceras/logo-competicion-1b.png","https://www.acb.com/Documentos/Cabeceras/logo-competicion-4a.png",87,2022,107,NA,NA,5565,103443,NA,NA,FALSE,4149,4158,2415,"Lenovo Tenerife","Lenovo Tenerife","LNT",4149,2406,"Real Madrid","Real Madrid","RMB",1,80,12000,12,29,41,17,36,47,10,17,58,28,11,39,15,8,12,7,3,1,2,15,17,91,65,-1,0,13,0,80,67,1,1877,4,13,7,32,4,46,6
1979939,1,"Liga Nacional","Liga Endesa",-402534000,NA,"https://www.acb.com/Documentos/Cabeceras/logo-competicion-1b.png","https://www.acb.com/Documentos/Cabeceras/logo-competicion-4a.png",87,2022,107,NA,NA,5565,103443,NA,NA,TRUE,4158,4158,2415,"Lenovo Tenerife","Lenovo Tenerife","LNT",4149,2406,"Real Madrid","Real Madrid","RMB",1,67,12000,8,24,33,19,42,45,5,5,100,22,10,32,13,8,11,0,1,3,3,18,14,64,-65,-1,13,0,0,67,80,4,321,3,5,5,26,4,38,5
1979884,1,"Liga Nacional","Liga Endesa",-402534000,NA,"https://www.acb.com/Documentos/Cabeceras/logo-competicion-1b.png","https://www.acb.com/Documentos/Cabeceras/logo-competicion-4a.png",87,2022,107,NA,NA,5565,103432,NA,NA,FALSE,4144,4143,2399,"Bàsquet Girona","Bàsquet Girona","GIR",4144,2400,"Casademont Zaragoza","Casademont Zgz","CAZ",1,69,12000,10,27,37,13,29,44,13,23,56,28,14,42,17,9,21,6,6,4,2,16,17,76,-45,-1,13,0,0,69,78,4,100,2,3,10,22,7,37,8
1979883,1,"Liga Nacional","Liga Endesa",-402534000,NA,"https://www.acb.com/Documentos/Cabeceras/logo-competicion-1b.png","https://www.acb.com/Documentos/Cabeceras/logo-competicion-4a.png",87,2022,107,NA,NA,5565,103432,NA,NA,TRUE,4143,4143,2399,"Bàsquet Girona","Bàsquet Girona","GIR",4144,2400,"Casademont Zaragoza","Casademont Zgz","CAZ",1,78,12000,9,26,34,17,37,45,17,17,100,23,8,31,18,15,13,6,4,6,2,17,16,89,45,-1,0,13,0,78,69,4,2115,2,15,12,24,4,25,9
1979630,1,"Liga Nacional","Liga Endesa",-402534000,NA,"https://www.acb.com/Documentos/Cabeceras/logo-competicion-1b.png","https://www.acb.com/Documentos/Cabeceras/logo-competicion-4a.png",87,2022,107,NA,NA,5565,103437,NA,NA,FALSE,4148,4155,2412,"BAXI Manresa","BAXI Manresa","BAX",4148,2405,"Surne Bilbao Basket","Surne Bilbao","SBB",1,86,12000,6,22,27,26,44,59,16,19,84,28,12,40,16,8,15,4,4,4,2,18,18,98,50,-1,0,13,0,86,76,2,2371,0,15,11,46,10,27,10
1979629,1,"Liga Nacional","Liga Endesa",-402534000,NA,"https://www.acb.com/Documentos/Cabeceras/logo-competicion-1b.png","https://www.acb.com/Documentos/Cabeceras/logo-competicion-4a.png",87,2022,107,NA,NA,5565,103437,NA,NA,TRUE,4155,4155,2412,"BAXI Manresa","BAXI Manresa","BAX",4148,2405,"Surne Bilbao Basket","Surne Bilbao","SBB",1,76,12000,11,31,35,18,36,50,7,10,70,21,7,28,17,7,12,4,5,3,0,20,18,75,-50,-1,13,0,0,76,86,3,0,0,0,4,28,6,36,5
1979600,1,"Liga Nacional","Liga Endesa",-402534000,NA,"https://www.acb.com/Documentos/Cabeceras/logo-competicion-1b.png","https://www.acb.com/Documentos/Cabeceras/logo-competicion-4a.png",87,2022,107,NA,NA,5565,103438,NA,NA,FALSE,4159,4150,2407,"UCAM Murcia","UCAM Murcia","UCM",4159,2496,"Gran Canaria","Gran Canaria","GCA",1,85,12000,10,24,41,19,37,51,17,22,77,21,8,29,14,7,14,0,3,5,1,24,23,81,-70,-1,13,0,0,85,99,5,192,1,5,4,28,2,34,8
1979599,1,"Liga Nacional","Liga Endesa",-402534000,NA,"https://www.acb.com/Documentos/Cabeceras/logo-competicion-1b.png","https://www.acb.com/Documentos/Cabeceras/logo-competicion-4a.png",87,2022,107,NA,NA,5565,103438,NA,NA,TRUE,4150,4150,2407,"UCAM Murcia","UCAM Murcia","UCM",4159,2496,"Gran Canaria","Gran Canaria","GCA",1,99,12000,13,30,43,17,36,47,26,31,83,26,13,39,17,7,11,4,5,2,1,24,22,111,70,-1,0,13,0,99,85,4,2109,1,19,8,26,20,40,9
1979348,1,"Liga Nacional","Liga Endesa",-402534000,NA,"https://www.acb.com/Documentos/Cabeceras/logo-competicion-1b.png","https://www.acb.com/Documentos/Cabeceras/logo-competicion-4a.png",87,2022,107,NA,NA,5565,103439,NA,NA,FALSE,4157,4151,2408,"Monbus Obradoiro","Monbus Obra","MOB",4157,2414,"Joventut Badalona","Joventut","JOV",1,91,12000,10,25,40,25,39,64,11,16,68,29,6,35,23,3,8,11,0,0,3,23,21,108,85,-1,0,13,0,91,74,2,2400,0,27,12,48,5,46,15
1979347,1,"Liga Nacional","Liga Endesa",-402534000,NA,"https://www.acb.com/Documentos/Cabeceras/logo-competicion-1b.png","https://www.acb.com/Documentos/Cabeceras/logo-competicion-4a.png",87,2022,107,NA,NA,5565,103439,NA,NA,TRUE,4151,4151,2408,"Monbus Obradoiro","Monbus Obra","MOB",4157,2414,"Joventut Badalona","Joventut","JOV",1,74,12000,6,23,26,16,37,43,24,32,75,24,12,36,16,3,9,0,0,0,3,22,22,74,-85,-1,13,0,0,74,91,5,0,0,0,4,28,6,41,6
1979319,1,"Liga Nacional","Liga Endesa",-402534000,NA,"https://www.acb.com/Documentos/Cabeceras/logo-competicion-1b.png","https://www.acb.com/Documentos/Cabeceras/logo-competicion-4a.png",87,2022,107,NA,NA,5565,103440,NA,NA,TRUE,4145,4145,2419,"Real Betis Baloncesto","Betis","BET",4153,2410,"Río Breogán","Río Breogán","BRE",1,84,12000,15,32,46,15,26,57,9,15,60,24,5,29,19,6,15,2,0,1,1,20,18,86,-25,-1,13,0,0,84,89,3,355,3,7,8,24,0,21,7
1979320,1,"Liga Nacional","Liga Endesa",-402534000,NA,"https://www.acb.com/Documentos/Cabeceras/logo-competicion-1b.png","https://www.acb.com/Documentos/Cabeceras/logo-competicion-4a.png",87,2022,107,NA,NA,5565,103440,NA,NA,FALSE,4153,4145,2419,"Real Betis Baloncesto","Betis","BET",4153,2410,"Río Breogán","Río Breogán","BRE",1,89,12000,11,26,42,21,36,58,14,22,63,22,9,31,16,8,10,0,1,0,3,19,19,97,25,-1,0,13,0,89,84,3,1880,4,7,13,34,10,30,8
1981687,1,"Liga Nacional","Liga Endesa",-402534000,NA,"https://www.acb.com/Documentos/Cabeceras/logo-competicion-1b.png","https://www.acb.com/Documentos/Cabeceras/logo-competicion-4a.png",87,2022,107,NA,NA,5566,103386,NA,NA,FALSE,4143,4155,2412,"BAXI Manresa","BAXI Manresa","BAX",4143,2399,"Bàsquet Girona","Bàsquet Girona","GIR",1,79,12000,9,27,33,19,36,52,14,23,60,32,6,38,11,5,14,4,4,0,3,18,22,83,-15,-1,13,0,0,79,82,4,779,1,9,6,36,4,28,10
1981686,1,"Liga Nacional","Liga Endesa",-402534000,NA,"https://www.acb.com/Documentos/Cabeceras/logo-competicion-1b.png","https://www.acb.com/Documentos/Cabeceras/logo-competicion-4a.png",87,2022,107,NA,NA,5566,103386,NA,NA,TRUE,4155,4155,2412,"BAXI Manresa","BAXI Manresa","BAX",4143,2399,"Bàsquet Girona","Bàsquet Girona","GIR",1,82,12000,10,29,34,17,45,37,18,25,72,31,18,49,23,8,12,11,0,4,4,22,18,88,15,-1,0,13,0,82,79,4,1479,1,13,7,34,15,29,12
1981544,1,"Liga Nacional","Liga Endesa",-402534000,NA,"https://www.acb.com/Documentos/Cabeceras/logo-competicion-1b.png","https://www.acb.com/Documentos/Cabeceras/logo-competicion-4a.png",87,2022,107,NA,NA,5566,103405,NA,NA,TRUE,4146,4146,2403,"Carplus Fuenlabrada","Carplus Fuenla","FUE",4151,2408,"Monbus Obradoiro","Monbus Obra","MOB",1,79,12000,4,16,25,21,36,58,25,33,75,25,6,31,16,8,11,6,2,1,4,22,24,91,-15,-1,13,0,0,79,82,5,118,0,4,15,40,4,43,6
1981545,1,"Liga Nacional","Liga Endesa",-402534000,NA,"https://www.acb.com/Documentos/Cabeceras/logo-competicion-1b.png","https://www.acb.com/Documentos/Cabeceras/logo-competicion-4a.png",87,2022,107,NA,NA,5566,103405,NA,NA,FALSE,4151,4146,2403,"Carplus Fuenlabrada","Carplus Fuenla","FUE",4151,2408,"Monbus Obradoiro","Monbus Obra","MOB",1,82,12000,12,28,42,17,35,48,12,16,75,23,9,32,17,5,12,2,1,2,3,24,22,83,15,-1,0,13,0,82,79,4,2226,1,13,5,24,5,25,16
1981388,1,"Liga Nacional","Liga Endesa",-402534000,NA,"https://www.acb.com/Documentos/Cabeceras/logo-competicion-1b.png","https://www.acb.com/Documentos/Cabeceras/logo-competicion-4a.png",87,2022,107,NA,NA,5566,103406,NA,NA,TRUE,4158,4158,2415,"Lenovo Tenerife","Lenovo Tenerife","LNT",4160,2417,"Coviran Granada","Coviran Granada","COV",1,98,12000,12,26,46,22,35,62,18,21,85,24,10,34,22,13,12,10,1,1,4,13,19,131,160,-1,0,13,0,98,66,1,2338,0,37,16,36,11,53,11
1981389,1,"Liga Nacional","Liga Endesa",-402534000,NA,"https://www.acb.com/Documentos/Cabeceras/logo-competicion-1b.png","https://www.acb.com/Documentos/Cabeceras/logo-competicion-4a.png",87,2022,107,NA,NA,5566,103406,NA,NA,FALSE,4160,4158,2415,"Lenovo Tenerife","Lenovo Tenerife","LNT",4160,2417,"Coviran Granada","Coviran Granada","COV",1,66,12000,7,31,22,19,38,50,7,10,70,17,18,35,9,10,17,4,1,1,1,19,13,51,-160,-1,11,0,0,66,98,4,0,0,0,9,28,14,27,7
1981285,1,"Liga Nacional","Liga Endesa",-402534000,NA,"https://www.acb.com/Documentos/Cabeceras/logo-competicion-1b.png","https://www.acb.com/Documentos/Cabeceras/logo-competicion-4a.png",87,2022,107,NA,NA,5566,103407,NA,NA,FALSE,4145,4157,2414,"Joventut Badalona","Joventut","JOV",4145,2419,"Real Betis Baloncesto","Betis","BET",1,81,12000,10,32,31,14,26,53,23,30,76,24,6,30,15,6,10,0,1,1,0,18,23,86,-60,-1,11,0,0,81,93,3,6,1,1,4,24,8,23,6
1981284,1,"Liga Nacional","Liga Endesa",-402534000,NA,"https://www.acb.com/Documentos/Cabeceras/logo-competicion-1b.png","https://www.acb.com/Documentos/Cabeceras/logo-competicion-4a.png",87,2022,107,NA,NA,5566,103407,NA,NA,TRUE,4157,4157,2414,"Joventut Badalona","Joventut","JOV",4145,2419,"Real Betis Baloncesto","Betis","BET",1,93,12000,9,25,36,24,43,55,18,21,85,31,12,43,24,6,10,2,2,1,1,24,16,111,60,-1,0,13,0,93,81,3,2349,1,19,7,48,13,36,8
1981145,1,"Liga Nacional","Liga Endesa",-402534000,NA,"https://www.acb.com/Documentos/Cabeceras/logo-competicion-1b.png","https://www.acb.com/Documentos/Cabeceras/logo-competicion-4a.png",87,2022,107,NA,NA,5566,103427,NA,NA,FALSE,4150,4152,2409,"Unicaja","Unicaja","UNI",4150,2407,"UCAM Murcia","UCAM Murcia","UCM",1,66,12000,7,33,21,17,36,47,11,16,68,28,7,35,18,10,12,2,2,2,3,21,21,67,-80,-1,13,0,0,66,82,5,438,1,5,5,32,2,39,8
1981144,1,"Liga Nacional","Liga Endesa",-402534000,NA,"https://www.acb.com/Documentos/Cabeceras/logo-competicion-1b.png","https://www.acb.com/Documentos/Cabeceras/logo-competicion-4a.png",87,2022,107,NA,NA,5566,103427,NA,NA,TRUE,4152,4152,2409,"Unicaja","Unicaja","UNI",4150,2407,"UCAM Murcia","UCAM Murcia","UCM",1,82,12000,5,21,23,29,48,60,9,15,60,39,9,48,17,8,16,6,2,2,1,23,20,95,80,-1,0,13,0,82,66,2,1881,2,19,8,48,12,34,12
1981005,1,"Liga Nacional","Liga Endesa",-402534000,NA,"https://www.acb.com/Documentos/Cabeceras/logo-competicion-1b.png","https://www.acb.com/Documentos/Cabeceras/logo-competicion-4a.png",87,2022,107,NA,NA,5566,103428,NA,NA,FALSE,4144,4147,2404,"Barça","Barça","BAR",4144,2400,"Casademont Zaragoza","Casademont Zgz","CAZ",1,63,12000,3,18,16,22,46,47,10,17,58,32,11,43,12,10,15,0,9,1,3,17,17,75,-25,-1,13,0,0,63,68,4,675,0,7,12,30,15,25,7
1981004,1,"Liga Nacional","Liga Endesa",-402534000,NA,"https://www.acb.com/Documentos/Cabeceras/logo-competicion-1b.png","https://www.acb.com/Documentos/Cabeceras/logo-competicion-4a.png",87,2022,107,NA,NA,5566,103428,NA,NA,TRUE,4147,4147,2404,"Barça","Barça","BAR",4144,2400,"Casademont Zaragoza","Casademont Zgz","CAZ",1,68,12000,8,30,26,17,38,44,10,15,66,28,9,37,21,11,13,2,1,9,3,17,17,68,25,-1,0,13,0,68,63,4,1651,1,14,13,22,7,42,13
1980809,1,"Liga Nacional","Liga Endesa",-402534000,NA,"https://www.acb.com/Documentos/Cabeceras/logo-competicion-1b.png","https://www.acb.com/Documentos/Cabeceras/logo-competicion-4a.png",87,2022,107,NA,NA,5566,103429,NA,NA,FALSE,4156,4159,2496,"Gran Canaria","Gran Canaria","GCA",4156,2413,"Valencia Basket","Valencia Basket","VBC",1,89,12000,15,28,53,15,26,57,14,17,82,21,4,25,18,9,13,4,2,2,1,20,20,101,-30,-1,13,0,0,89,95,4,1459,4,10,13,28,3,43,8
1980808,1,"Liga Nacional","Liga Endesa",-402534000,NA,"https://www.acb.com/Documentos/Cabeceras/logo-competicion-1b.png","https://www.acb.com/Documentos/Cabeceras/logo-competicion-4a.png",87,2022,107,NA,NA,5566,103429,NA,NA,TRUE,4159,4159,2496,"Gran Canaria","Gran Canaria","GCA",4156,2413,"Valencia Basket","Valencia Basket","VBC",1,95,12000,14,30,46,21,33,63,11,15,73,21,6,27,23,12,10,9,2,2,0,20,20,115,30,-1,0,13,0,95,89,3,773,4,9,14,34,6,51,10
1980725,1,"Liga Nacional","Liga Endesa",-402534000,NA,"https://www.acb.com/Documentos/Cabeceras/logo-competicion-1b.png","https://www.acb.com/Documentos/Cabeceras/logo-competicion-4a.png",87,2022,107,NA,NA,5566,103430,NA,NA,FALSE,4149,4148,2405,"Surne Bilbao Basket","Surne Bilbao","SBB",4149,2406,"Real Madrid","Real Madrid","RMB",1,85,12000,11,30,36,21,39,53,10,19,52,26,18,44,15,13,17,5,3,7,3,14,22,98,25,-1,0,13,0,85,80,3,2003,5,13,2,40,24,47,8
1980724,1,"Liga Nacional","Liga Endesa",-402534000,NA,"https://www.acb.com/Documentos/Cabeceras/logo-competicion-1b.png","https://www.acb.com/Documentos/Cabeceras/logo-competicion-4a.png",87,2022,107,NA,NA,5566,103430,NA,NA,TRUE,4148,4148,2405,"Surne Bilbao Basket","Surne Bilbao","SBB",4149,2406,"Real Madrid","Real Madrid","RMB",1,80,12000,10,25,40,22,43,51,6,7,85,23,11,34,10,11,14,2,8,3,2,22,13,80,-25,-1,13,0,0,80,85,4,194,5,3,11,34,6,21,7
1980583,1,"Liga Nacional","Liga Endesa",-402534000,NA,"https://www.acb.com/Documentos/Cabeceras/logo-competicion-1b.png","https://www.acb.com/Documentos/Cabeceras/logo-competicion-4a.png",87,2022,107,NA,NA,5566,103431,NA,NA,FALSE,4154,4153,2410,"Río Breogán","Río Breogán","BRE",4154,2364,"Cazoo Baskonia","Cazoo Baskonia","BKN",1,86,12000,12,31,38,17,29,58,16,20,80,28,8,36,17,5,11,0,2,2,3,19,20,99,45,-1,0,13,0,86,77,2,2321,1,16,2,26,6,41,8
1980582,1,"Liga Nacional","Liga Endesa",-402534000,NA,"https://www.acb.com/Documentos/Cabeceras/logo-competicion-1b.png","https://www.acb.com/Documentos/Cabeceras/logo-competicion-4a.png",87,2022,107,NA,NA,5566,103431,NA,NA,TRUE,4153,4153,2410,"Río Breogán","Río Breogán","BRE",4154,2364,"Cazoo Baskonia","Cazoo Baskonia","BKN",1,77,12000,10,30,33,18,36,50,11,13,84,20,10,30,15,9,6,4,2,2,1,21,16,80,-45,-1,13,0,0,77,86,4,13,1,1,10,28,6,38,8
1982999,1,"Liga Nacional","Liga Endesa",-402534000,NA,"https://www.acb.com/Documentos/Cabeceras/logo-competicion-1b.png","https://www.acb.com/Documentos/Cabeceras/logo-competicion-4a.png",87,2022,107,NA,NA,5567,103379,NA,NA,FALSE,4158,4150,2407,"UCAM Murcia","UCAM Murcia","UCM",4158,2415,"Lenovo Tenerife","Lenovo Tenerife","LNT",1,64,12000,3,19,15,18,38,47,19,25,76,30,7,37,13,9,15,2,1,3,3,27,26,63,-105,-1,13,0,0,64,85,3,708,3,8,3,32,2,43,6
1982998,1,"Liga Nacional","Liga Endesa",-402534000,NA,"https://www.acb.com/Documentos/Cabeceras/logo-competicion-1b.png","https://www.acb.com/Documentos/Cabeceras/logo-competicion-4a.png",87,2022,107,NA,NA,5567,103379,NA,NA,TRUE,4150,4150,2407,"UCAM Murcia","UCAM Murcia","UCM",4158,2415,"Lenovo Tenerife","Lenovo Tenerife","LNT",1,85,12000,5,23,21,23,53,43,24,27,88,30,20,50,15,8,9,2,3,1,2,27,25,98,105,-1,0,13,0,85,64,2,1587,3,21,11,44,8,57,11
1982774,1,"Liga Nacional","Liga Endesa",-402534000,NA,"https://www.acb.com/Documentos/Cabeceras/logo-competicion-1b.png","https://www.acb.com/Documentos/Cabeceras/logo-competicion-4a.png",87,2022,107,NA,NA,5567,103377,NA,NA,TRUE,4152,4152,2409,"Unicaja","Unicaja","UNI",4148,2405,"Surne Bilbao Basket","Surne Bilbao","SBB",1,92,12000,10,30,33,21,31,67,20,26,76,17,11,28,21,21,9,8,1,4,2,22,23,115,65,-1,0,13,0,92,79,1,2044,4,22,16,34,15,44,9
1982775,1,"Liga Nacional","Liga Endesa",-402534000,NA,"https://www.acb.com/Documentos/Cabeceras/logo-competicion-1b.png","https://www.acb.com/Documentos/Cabeceras/logo-competicion-4a.png",87,2022,107,NA,NA,5567,103377,NA,NA,FALSE,4148,4152,2409,"Unicaja","Unicaja","UNI",4148,2405,"Surne Bilbao Basket","Surne Bilbao","SBB",1,79,12000,8,23,34,21,34,61,13,19,68,20,12,32,15,9,20,0,4,1,2,24,22,82,-65,-1,13,0,0,79,92,4,126,4,2,7,36,16,33,6
1982632,1,"Liga Nacional","Liga Endesa",-402534000,NA,"https://www.acb.com/Documentos/Cabeceras/logo-competicion-1b.png","https://www.acb.com/Documentos/Cabeceras/logo-competicion-4a.png",87,2022,107,NA,NA,5567,103378,NA,NA,TRUE,4151,4151,2408,"Monbus Obradoiro","Monbus Obra","MOB",4155,2412,"BAXI Manresa","BAXI Manresa","BAX",1,104,13500,9,27,33,19,38,50,39,46,84,30,12,42,14,7,14,2,3,2,1,26,33,117,25,-1,0,13,0,104,99,2,763,5,7,12,28,4,56,9
1982633,1,"Liga Nacional","Liga Endesa",-402534000,NA,"https://www.acb.com/Documentos/Cabeceras/logo-competicion-1b.png","https://www.acb.com/Documentos/Cabeceras/logo-competicion-4a.png",87,2022,107,NA,NA,5567,103378,NA,NA,FALSE,4155,4151,2408,"Monbus Obradoiro","Monbus Obra","MOB",4155,2412,"BAXI Manresa","BAXI Manresa","BAX",1,99,13500,9,26,34,24,45,53,24,28,85,25,8,33,26,7,13,9,3,3,6,34,26,102,-25,-1,13,0,0,99,104,7,1473,4,9,12,44,11,37,6
1982521,1,"Liga Nacional","Liga Endesa",-402534000,NA,"https://www.acb.com/Documentos/Cabeceras/logo-competicion-1b.png","https://www.acb.com/Documentos/Cabeceras/logo-competicion-4a.png",87,2022,107,NA,NA,5567,103376,NA,NA,FALSE,4153,4144,2400,"Casademont Zaragoza","Casademont Zgz","CAZ",4153,2410,"Río Breogán","Río Breogán","BRE",1,90,13500,11,37,29,23,44,52,11,20,55,26,17,43,18,17,14,10,3,4,5,26,20,91,10,-1,0,13,0,90,88,6,1409,8,7,22,40,13,37,7
1982520,1,"Liga Nacional","Liga Endesa",-402534000,NA,"https://www.acb.com/Documentos/Cabeceras/logo-competicion-1b.png","https://www.acb.com/Documentos/Cabeceras/logo-competicion-4a.png",87,2022,107,NA,NA,5567,103376,NA,NA,TRUE,4144,4144,2400,"Casademont Zaragoza","Casademont Zgz","CAZ",4153,2410,"Río Breogán","Río Breogán","BRE",1,88,13500,6,25,24,25,41,60,20,23,86,32,10,42,18,8,21,6,4,3,4,20,25,103,-10,-1,13,0,0,88,90,5,807,7,7,8,42,8,37,11
1982353,1,"Liga Nacional","Liga Endesa",-402534000,NA,"https://www.acb.com/Documentos/Cabeceras/logo-competicion-1b.png","https://www.acb.com/Documentos/Cabeceras/logo-competicion-4a.png",87,2022,107,NA,NA,5567,103382,NA,NA,FALSE,4154,4160,2417,"Coviran Granada","Coviran Granada","COV",4154,2364,"Cazoo Baskonia","Cazoo Baskonia","BKN",1,95,12000,11,31,35,26,40,65,10,16,62,27,13,40,20,9,13,6,2,4,5,20,16,105,55,-1,0,13,0,95,84,4,1796,5,15,17,46,18,52,10
1982352,1,"Liga Nacional","Liga Endesa",-402534000,NA,"https://www.acb.com/Documentos/Cabeceras/logo-competicion-1b.png","https://www.acb.com/Documentos/Cabeceras/logo-competicion-4a.png",87,2022,107,NA,NA,5567,103382,NA,NA,TRUE,4160,4160,2417,"Coviran Granada","Coviran Granada","COV",4154,2364,"Cazoo Baskonia","Cazoo Baskonia","BKN",1,84,12000,9,27,33,21,40,52,15,24,62,19,15,34,15,9,11,2,4,1,2,16,20,92,-55,-1,13,0,0,84,95,4,202,5,3,2,36,13,22,9
1982159,1,"Liga Nacional","Liga Endesa",-402534000,NA,"https://www.acb.com/Documentos/Cabeceras/logo-competicion-1b.png","https://www.acb.com/Documentos/Cabeceras/logo-competicion-4a.png",87,2022,107,NA,NA,5567,103380,NA,NA,FALSE,4157,4143,2399,"Bàsquet Girona","Bàsquet Girona","GIR",4157,2414,"Joventut Badalona","Joventut","JOV",1,66,12000,8,33,24,18,39,46,6,8,75,21,13,34,15,10,11,9,1,2,2,22,15,58,-65,-1,13,0,0,66,79,3,120,1,2,10,34,5,35,9
1982158,1,"Liga Nacional","Liga Endesa",-402534000,NA,"https://www.acb.com/Documentos/Cabeceras/logo-competicion-1b.png","https://www.acb.com/Documentos/Cabeceras/logo-competicion-4a.png",87,2022,107,NA,NA,5567,103380,NA,NA,TRUE,4143,4143,2399,"Bàsquet Girona","Bàsquet Girona","GIR",4157,2414,"Joventut Badalona","Joventut","JOV",1,79,12000,6,20,30,23,35,65,15,24,62,32,7,39,21,10,16,8,2,1,6,16,22,105,65,-1,0,13,0,79,66,5,2130,2,20,11,40,4,33,14
1982053,1,"Liga Nacional","Liga Endesa",-402534000,NA,"https://www.acb.com/Documentos/Cabeceras/logo-competicion-1b.png","https://www.acb.com/Documentos/Cabeceras/logo-competicion-4a.png",87,2022,107,NA,NA,5567,103381,NA,NA,FALSE,4159,4145,2419,"Real Betis Baloncesto","Betis","BET",4159,2496,"Gran Canaria","Gran Canaria","GCA",1,82,12000,13,24,54,15,33,45,13,21,61,20,7,27,15,10,9,2,6,2,0,19,17,90,-30,-1,13,0,0,82,88,3,170,3,4,12,20,6,26,9
1982052,1,"Liga Nacional","Liga Endesa",-402534000,NA,"https://www.acb.com/Documentos/Cabeceras/logo-competicion-1b.png","https://www.acb.com/Documentos/Cabeceras/logo-competicion-4a.png",87,2022,107,NA,NA,5567,103381,NA,NA,TRUE,4145,4145,2419,"Real Betis Baloncesto","Betis","BET",4159,2496,"Gran Canaria","Gran Canaria","GCA",1,88,12000,15,30,50,15,33,45,13,17,76,25,14,39,18,6,12,0,2,6,1,17,17,98,30,-1,0,11,0,88,82,3,2019,3,12,12,20,4,25,8
1981969,1,"Liga Nacional","Liga Endesa",-402534000,NA,"https://www.acb.com/Documentos/Cabeceras/logo-competicion-1b.png","https://www.acb.com/Documentos/Cabeceras/logo-competicion-4a.png",87,2022,107,NA,NA,5567,103383,NA,NA,FALSE,4146,4156,2413,"Valencia Basket","Valencia Basket","VBC",4146,2403,"Carplus Fuenlabrada","Carplus Fuenla","FUE",1,86,12000,13,27,48,18,42,42,11,15,73,22,14,36,15,10,17,5,2,4,1,23,16,79,-30,-1,13,0,0,86,92,5,52,2,2,19,36,11,35,9
1981968,1,"Liga Nacional","Liga Endesa",-402534000,NA,"https://www.acb.com/Documentos/Cabeceras/logo-competicion-1b.png","https://www.acb.com/Documentos/Cabeceras/logo-competicion-4a.png",87,2022,107,NA,NA,5567,103383,NA,NA,TRUE,4156,4156,2413,"Valencia Basket","Valencia Basket","VBC",4146,2403,"Carplus Fuenlabrada","Carplus Fuenla","FUE",1,92,12000,12,36,33,20,30,66,16,22,72,23,11,34,21,11,16,10,4,2,0,16,22,110,30,-1,0,13,0,92,86,4,2179,2,17,11,38,0,56,10
1981826,1,"Liga Nacional","Liga Endesa",-402534000,NA,"https://www.acb.com/Documentos/Cabeceras/logo-competicion-1b.png","https://www.acb.com/Documentos/Cabeceras/logo-competicion-4a.png",87,2022,107,NA,NA,5567,103384,NA,NA,TRUE,4149,4149,2406,"Real Madrid","Real Madrid","RMB",4147,2404,"Barça","Barça","BAR",1,78,12000,5,14,35,23,46,50,17,25,68,20,12,32,16,4,11,4,5,0,4,18,25,91,-45,-1,13,0,0,78,87,5,334,5,5,2,42,10,18,7
1981827,1,"Liga Nacional","Liga Endesa",-402534000,NA,"https://www.acb.com/Documentos/Cabeceras/logo-competicion-1b.png","https://www.acb.com/Documentos/Cabeceras/logo-competicion-4a.png",87,2022,107,NA,NA,5567,103384,NA,NA,FALSE,4147,4149,2406,"Real Madrid","Real Madrid","RMB",4147,2404,"Barça","Barça","BAR",1,87,12000,9,27,33,24,43,55,12,17,70,23,16,39,19,8,9,11,0,5,2,25,18,90,45,-1,0,13,0,87,78,3,1838,5,9,15,42,21,32,10
1984109,1,"Liga Nacional","Liga Endesa",-402534000,NA,"https://www.acb.com/Documentos/Cabeceras/logo-competicion-1b.png","https://www.acb.com/Documentos/Cabeceras/logo-competicion-4a.png",87,2022,107,NA,NA,5568,103387,NA,NA,TRUE,4158,4158,2415,"Lenovo Tenerife","Lenovo Tenerife","LNT",4152,2409,"Unicaja","Unicaja","UNI",1,91,12000,8,17,47,21,40,52,25,26,96,23,10,33,17,11,13,3,3,3,2,20,23,113,35,-1,0,13,0,91,84,3,1744,3,10,11,26,11,36,8
1984110,1,"Liga Nacional","Liga Endesa",-402534000,NA,"https://www.acb.com/Documentos/Cabeceras/logo-competicion-1b.png","https://www.acb.com/Documentos/Cabeceras/logo-competicion-4a.png",87,2022,107,NA,NA,5568,103387,NA,NA,FALSE,4152,4158,2415,"Lenovo Tenerife","Lenovo Tenerife","LNT",4152,2409,"Unicaja","Unicaja","UNI",1,84,12000,11,29,37,18,35,51,15,17,88,17,12,29,18,10,12,11,3,3,1,23,20,89,-35,-1,13,0,0,84,91,5,563,3,9,10,30,8,38,10
1984081,1,"Liga Nacional","Liga Endesa",-402534000,NA,"https://www.acb.com/Documentos/Cabeceras/logo-competicion-1b.png","https://www.acb.com/Documentos/Cabeceras/logo-competicion-4a.png",87,2022,107,NA,NA,5568,103404,NA,NA,TRUE,4148,4148,2405,"Surne Bilbao Basket","Surne Bilbao","SBB",4150,2407,"UCAM Murcia","UCAM Murcia","UCM",1,99,12000,14,32,43,21,36,58,15,19,78,31,10,41,20,5,11,3,3,4,4,18,20,118,90,-1,0,13,0,99,81,2,2400,0,22,10,28,9,33,10
1984082,1,"Liga Nacional","Liga Endesa",-402534000,NA,"https://www.acb.com/Documentos/Cabeceras/logo-competicion-1b.png","https://www.acb.com/Documentos/Cabeceras/logo-competicion-4a.png",87,2022,107,NA,NA,5568,103404,NA,NA,FALSE,4150,4148,2405,"Surne Bilbao Basket","Surne Bilbao","SBB",4150,2407,"UCAM Murcia","UCAM Murcia","UCM",1,81,12000,8,29,27,22,42,52,13,16,81,20,11,31,16,7,10,0,4,3,4,21,18,79,-90,-1,13,0,0,81,99,5,0,0,0,6,36,13,57,7
1983969,1,"Liga Nacional","Liga Endesa",-402534000,NA,"https://www.acb.com/Documentos/Cabeceras/logo-competicion-1b.png","https://www.acb.com/Documentos/Cabeceras/logo-competicion-4a.png",87,2022,107,NA,NA,5568,103385,NA,NA,TRUE,4154,4154,2364,"Cazoo Baskonia","Cazoo Baskonia","BKN",4156,2413,"Valencia Basket","Valencia Basket","VBC",1,85,12000,12,30,40,17,36,47,15,25,60,25,11,36,19,13,13,13,5,2,4,22,21,95,30,-1,0,13,0,85,79,3,1312,9,6,14,34,12,27,6
1983970,1,"Liga Nacional","Liga Endesa",-402534000,NA,"https://www.acb.com/Documentos/Cabeceras/logo-competicion-1b.png","https://www.acb.com/Documentos/Cabeceras/logo-competicion-4a.png",87,2022,107,NA,NA,5568,103385,NA,NA,FALSE,4156,4154,2364,"Cazoo Baskonia","Cazoo Baskonia","BKN",4156,2413,"Valencia Basket","Valencia Basket","VBC",1,79,12000,8,27,29,19,38,50,17,18,94,32,12,44,17,6,18,4,2,5,1,21,22,87,-30,-1,13,0,0,79,85,4,607,8,5,4,36,6,40,10
1983830,1,"Liga Nacional","Liga Endesa",-402534000,NA,"https://www.acb.com/Documentos/Cabeceras/logo-competicion-1b.png","https://www.acb.com/Documentos/Cabeceras/logo-competicion-4a.png",87,2022,107,NA,NA,5568,103371,NA,NA,FALSE,4144,4155,2412,"BAXI Manresa","BAXI Manresa","BAX",4144,2400,"Casademont Zaragoza","Casademont Zgz","CAZ",1,72,12000,6,21,28,23,42,54,8,14,57,28,14,42,14,15,21,6,6,1,8,18,19,88,35,-1,0,13,0,72,65,3,633,1,10,9,34,6,31,12
1983829,1,"Liga Nacional","Liga Endesa",-402534000,NA,"https://www.acb.com/Documentos/Cabeceras/logo-competicion-1b.png","https://www.acb.com/Documentos/Cabeceras/logo-competicion-4a.png",87,2022,107,NA,NA,5568,103371,NA,NA,TRUE,4155,4155,2412,"BAXI Manresa","BAXI Manresa","BAX",4144,2400,"Casademont Zaragoza","Casademont Zgz","CAZ",1,65,12000,7,24,29,18,38,47,8,12,66,17,11,28,15,11,20,6,2,6,0,19,18,53,-35,-1,13,0,0,65,72,3,1752,0,15,12,22,12,36,8
1983689,1,"Liga Nacional","Liga Endesa",-402534000,NA,"https://www.acb.com/Documentos/Cabeceras/logo-competicion-1b.png","https://www.acb.com/Documentos/Cabeceras/logo-competicion-4a.png",87,2022,107,NA,NA,5568,103372,NA,NA,TRUE,4149,4149,2406,"Real Madrid","Real Madrid","RMB",4159,2496,"Gran Canaria","Gran Canaria","GCA",1,105,12000,12,27,44,24,38,63,21,26,80,23,12,35,30,7,12,2,6,4,6,19,22,136,100,-1,0,13,0,105,85,3,2309,0,27,5,44,10,66,9
1983690,1,"Liga Nacional","Liga Endesa",-402534000,NA,"https://www.acb.com/Documentos/Cabeceras/logo-competicion-1b.png","https://www.acb.com/Documentos/Cabeceras/logo-competicion-4a.png",87,2022,107,NA,NA,5568,103372,NA,NA,FALSE,4159,4149,2406,"Real Madrid","Real Madrid","RMB",4159,2496,"Gran Canaria","Gran Canaria","GCA",1,85,12000,9,28,32,23,42,54,12,16,75,19,14,33,19,7,11,4,4,6,6,23,16,82,-100,-1,13,0,0,85,105,5,0,0,0,5,40,12,55,8
1983424,1,"Liga Nacional","Liga Endesa",-402534000,NA,"https://www.acb.com/Documentos/Cabeceras/logo-competicion-1b.png","https://www.acb.com/Documentos/Cabeceras/logo-competicion-4a.png",87,2022,107,NA,NA,5568,103373,NA,NA,TRUE,4147,4147,2404,"Barça","Barça","BAR",4145,2419,"Real Betis Baloncesto","Betis","BET",1,104,12000,14,35,40,25,29,86,12,16,75,23,10,33,24,6,7,5,2,0,6,20,18,131,170,-1,0,13,0,104,70,2,2113,2,39,11,46,15,48,12
1983425,1,"Liga Nacional","Liga Endesa",-402534000,NA,"https://www.acb.com/Documentos/Cabeceras/logo-competicion-1b.png","https://www.acb.com/Documentos/Cabeceras/logo-competicion-4a.png",87,2022,107,NA,NA,5568,103373,NA,NA,FALSE,4145,4147,2404,"Barça","Barça","BAR",4145,2419,"Real Betis Baloncesto","Betis","BET",1,70,12000,9,30,30,13,23,56,17,24,70,18,9,27,14,6,14,7,0,2,2,18,20,65,-170,-1,11,0,0,70,104,4,119,2,3,4,24,6,10,6
1983503,1,"Liga Nacional","Liga Endesa",-402534000,NA,"https://www.acb.com/Documentos/Cabeceras/logo-competicion-1b.png","https://www.acb.com/Documentos/Cabeceras/logo-competicion-4a.png",87,2022,107,NA,NA,5568,103374,NA,NA,FALSE,4160,4157,2414,"Joventut Badalona","Joventut","JOV",4160,2417,"Coviran Granada","Coviran Granada","COV",1,72,12000,6,30,20,20,37,54,14,16,87,23,12,35,12,10,14,5,4,1,1,17,17,75,-90,-1,12,0,0,72,90,5,261,2,4,9,40,13,27,9
1983502,1,"Liga Nacional","Liga Endesa",-402534000,NA,"https://www.acb.com/Documentos/Cabeceras/logo-competicion-1b.png","https://www.acb.com/Documentos/Cabeceras/logo-competicion-4a.png",87,2022,107,NA,NA,5568,103374,NA,NA,TRUE,4157,4157,2414,"Joventut Badalona","Joventut","JOV",4160,2417,"Coviran Granada","Coviran Granada","COV",1,90,12000,12,27,44,22,45,48,10,13,76,26,14,40,22,11,12,6,1,4,2,17,17,107,90,-1,0,13,0,90,72,4,2139,3,23,11,42,12,53,12
1983138,1,"Liga Nacional","Liga Endesa",-402534000,NA,"https://www.acb.com/Documentos/Cabeceras/logo-competicion-1b.png","https://www.acb.com/Documentos/Cabeceras/logo-competicion-4a.png",87,2022,107,NA,NA,5568,103370,NA,NA,TRUE,4153,4153,2410,"Río Breogán","Río Breogán","BRE",4151,2408,"Monbus Obradoiro","Monbus Obra","MOB",1,64,12000,5,18,27,19,41,46,11,18,61,29,10,39,14,12,14,4,3,6,3,21,22,71,25,-1,0,13,0,64,59,4,1943,2,11,12,26,7,36,8
1983139,1,"Liga Nacional","Liga Endesa",-402534000,NA,"https://www.acb.com/Documentos/Cabeceras/logo-competicion-1b.png","https://www.acb.com/Documentos/Cabeceras/logo-competicion-4a.png",87,2022,107,NA,NA,5568,103370,NA,NA,FALSE,4151,4153,2410,"Río Breogán","Río Breogán","BRE",4151,2408,"Monbus Obradoiro","Monbus Obra","MOB",1,59,12000,5,29,17,18,35,51,8,9,88,28,9,37,6,9,16,2,6,3,0,22,21,55,-25,-1,13,0,0,59,64,3,446,1,5,6,30,4,28,7
1983171,1,"Liga Nacional","Liga Endesa",-402534000,NA,"https://www.acb.com/Documentos/Cabeceras/logo-competicion-1b.png","https://www.acb.com/Documentos/Cabeceras/logo-competicion-4a.png",87,2022,107,NA,NA,5568,103375,NA,NA,FALSE,4143,4146,2403,"Carplus Fuenlabrada","Carplus Fuenla","FUE",4143,2399,"Bàsquet Girona","Bàsquet Girona","GIR",1,83,12000,10,26,38,23,39,58,7,10,70,33,7,40,24,9,9,10,4,1,2,18,14,111,40,-1,0,13,0,83,75,3,2144,2,16,6,38,4,38,12
1983170,1,"Liga Nacional","Liga Endesa",-402534000,NA,"https://www.acb.com/Documentos/Cabeceras/logo-competicion-1b.png","https://www.acb.com/Documentos/Cabeceras/logo-competicion-4a.png",87,2022,107,NA,NA,5568,103375,NA,NA,TRUE,4146,4146,2403,"Carplus Fuenlabrada","Carplus Fuenla","FUE",4143,2399,"Bàsquet Girona","Bàsquet Girona","GIR",1,75,12000,6,26,23,21,43,48,15,23,65,28,14,42,14,8,9,2,1,4,0,14,18,81,-40,-1,13,0,0,75,83,4,131,1,3,8,36,7,21,9
1985290,1,"Liga Nacional","Liga Endesa",-402534000,NA,"https://www.acb.com/Documentos/Cabeceras/logo-competicion-1b.png","https://www.acb.com/Documentos/Cabeceras/logo-competicion-4a.png",87,2022,107,NA,NA,5554,103396,NA,NA,TRUE,4154,4154,2364,"Cazoo Baskonia","Cazoo Baskonia","BKN",4157,2414,"Joventut Badalona","Joventut","JOV",1,84,12000,12,31,38,18,35,51,12,14,85,23,9,32,22,8,5,6,2,2,3,21,21,103,5,-1,0,13,0,84,83,4,1945,4,10,8,36,11,29,11
1985291,1,"Liga Nacional","Liga Endesa",-402534000,NA,"https://www.acb.com/Documentos/Cabeceras/logo-competicion-1b.png","https://www.acb.com/Documentos/Cabeceras/logo-competicion-4a.png",87,2022,107,NA,NA,5554,103396,NA,NA,FALSE,4157,4154,2364,"Cazoo Baskonia","Cazoo Baskonia","BKN",4157,2414,"Joventut Badalona","Joventut","JOV",1,83,12000,7,20,35,25,43,58,12,16,75,28,10,38,18,3,9,2,2,2,1,21,20,97,-5,-1,13,0,0,83,84,5,297,3,5,4,48,4,33,7
1985348,1,"Liga Nacional","Liga Endesa",-402534000,NA,"https://www.acb.com/Documentos/Cabeceras/logo-competicion-1b.png","https://www.acb.com/Documentos/Cabeceras/logo-competicion-4a.png",87,2022,107,NA,NA,5554,103397,NA,NA,TRUE,4150,4150,2407,"UCAM Murcia","UCAM Murcia","UCM",4147,2404,"Barça","Barça","BAR",1,72,12000,7,22,31,18,45,40,15,20,75,15,15,30,15,9,7,0,3,3,2,27,21,66,-70,-1,13,0,0,72,86,5,72,1,2,9,28,11,29,5
1985349,1,"Liga Nacional","Liga Endesa",-402534000,NA,"https://www.acb.com/Documentos/Cabeceras/logo-competicion-1b.png","https://www.acb.com/Documentos/Cabeceras/logo-competicion-4a.png",87,2022,107,NA,NA,5554,103397,NA,NA,FALSE,4147,4150,2407,"UCAM Murcia","UCAM Murcia","UCM",4147,2404,"Barça","Barça","BAR",1,86,12000,7,17,41,23,47,48,19,25,76,26,18,44,15,5,11,2,3,3,0,21,25,103,70,-1,0,13,0,86,72,4,2016,2,15,2,38,14,42,6
1985321,1,"Liga Nacional","Liga Endesa",-402534000,NA,"https://www.acb.com/Documentos/Cabeceras/logo-competicion-1b.png","https://www.acb.com/Documentos/Cabeceras/logo-competicion-4a.png",87,2022,107,NA,NA,5554,103398,NA,NA,FALSE,4155,4156,2413,"Valencia Basket","Valencia Basket","VBC",4155,2412,"BAXI Manresa","BAXI Manresa","BAX",1,92,12000,8,24,33,29,43,67,10,12,83,16,6,22,24,14,14,11,1,2,2,23,18,100,-55,-1,13,0,0,92,103,3,840,2,12,11,50,4,35,9
1985320,1,"Liga Nacional","Liga Endesa",-402534000,NA,"https://www.acb.com/Documentos/Cabeceras/logo-competicion-1b.png","https://www.acb.com/Documentos/Cabeceras/logo-competicion-4a.png",87,2022,107,NA,NA,5554,103398,NA,NA,TRUE,4156,4156,2413,"Valencia Basket","Valencia Basket","VBC",4155,2412,"BAXI Manresa","BAXI Manresa","BAX",1,103,12000,10,33,30,29,41,70,15,20,75,23,18,41,22,9,17,6,2,1,4,18,23,124,55,-1,0,13,0,103,92,2,1445,2,12,14,58,11,54,8
1985021,1,"Liga Nacional","Liga Endesa",-402534000,NA,"https://www.acb.com/Documentos/Cabeceras/logo-competicion-1b.png","https://www.acb.com/Documentos/Cabeceras/logo-competicion-4a.png",87,2022,107,NA,NA,5554,103399,NA,NA,FALSE,4149,4160,2417,"Coviran Granada","Coviran Granada","COV",4149,2406,"Real Madrid","Real Madrid","RMB",1,82,12000,6,31,19,25,44,56,14,22,63,29,22,51,18,15,14,14,6,3,3,15,20,108,100,-1,0,13,0,82,62,1,2085,3,20,17,50,16,49,9
1985020,1,"Liga Nacional","Liga Endesa",-402534000,NA,"https://www.acb.com/Documentos/Cabeceras/logo-competicion-1b.png","https://www.acb.com/Documentos/Cabeceras/logo-competicion-4a.png",87,2022,107,NA,NA,5554,103399,NA,NA,TRUE,4160,4160,2417,"Coviran Granada","Coviran Granada","COV",4149,2406,"Real Madrid","Real Madrid","RMB",1,62,12000,3,19,15,22,46,47,9,14,64,26,13,39,8,11,16,6,3,6,1,20,15,51,-100,-1,13,0,0,62,82,5,203,2,3,5,40,8,15,7
1985048,1,"Liga Nacional","Liga Endesa",-402534000,NA,"https://www.acb.com/Documentos/Cabeceras/logo-competicion-1b.png","https://www.acb.com/Documentos/Cabeceras/logo-competicion-4a.png",87,2022,107,NA,NA,5554,103400,NA,NA,TRUE,4145,4145,2419,"Real Betis Baloncesto","Betis","BET",4151,2408,"Monbus Obradoiro","Monbus Obra","MOB",1,71,12000,6,28,21,21,35,60,11,19,57,22,17,39,11,10,12,8,3,1,1,15,16,78,-10,-1,11,0,0,71,73,3,72,3,2,11,34,13,14,8
1985049,1,"Liga Nacional","Liga Endesa",-402534000,NA,"https://www.acb.com/Documentos/Cabeceras/logo-competicion-1b.png","https://www.acb.com/Documentos/Cabeceras/logo-competicion-4a.png",87,2022,107,NA,NA,5554,103400,NA,NA,FALSE,4151,4145,2419,"Real Betis Baloncesto","Betis","BET",4151,2408,"Monbus Obradoiro","Monbus Obra","MOB",1,73,12000,12,28,42,16,36,44,5,12,41,23,16,39,17,7,13,2,1,3,1,16,15,77,10,-1,0,13,0,73,71,3,2138,4,12,10,26,10,29,10
1984737,1,"Liga Nacional","Liga Endesa",-402534000,NA,"https://www.acb.com/Documentos/Cabeceras/logo-competicion-1b.png","https://www.acb.com/Documentos/Cabeceras/logo-competicion-4a.png",87,2022,107,NA,NA,5554,103401,NA,NA,FALSE,4146,4159,2496,"Gran Canaria","Gran Canaria","GCA",4146,2403,"Carplus Fuenlabrada","Carplus Fuenla","FUE",1,65,12000,5,22,22,19,32,59,12,16,75,20,11,31,8,7,23,2,1,0,1,19,18,54,-225,-1,13,0,0,65,110,5,448,1,8,4,34,7,28,10
1984736,1,"Liga Nacional","Liga Endesa",-402534000,NA,"https://www.acb.com/Documentos/Cabeceras/logo-competicion-1b.png","https://www.acb.com/Documentos/Cabeceras/logo-competicion-4a.png",87,2022,107,NA,NA,5554,103401,NA,NA,TRUE,4159,4159,2496,"Gran Canaria","Gran Canaria","GCA",4146,2403,"Carplus Fuenlabrada","Carplus Fuenla","FUE",1,110,12000,16,31,51,23,36,63,16,19,84,18,7,25,23,17,7,13,0,1,2,18,19,137,225,-1,0,13,0,110,65,2,1884,2,47,19,44,7,55,19
1984705,1,"Liga Nacional","Liga Endesa",-402534000,NA,"https://www.acb.com/Documentos/Cabeceras/logo-competicion-1b.png","https://www.acb.com/Documentos/Cabeceras/logo-competicion-4a.png",87,2022,107,NA,NA,5554,103402,NA,NA,FALSE,4158,4144,2400,"Casademont Zaragoza","Casademont Zgz","CAZ",4158,2415,"Lenovo Tenerife","Lenovo Tenerife","LNT",1,87,13500,12,30,40,16,33,48,19,20,95,28,12,40,21,8,19,0,3,4,3,20,22,102,20,-1,0,13,0,87,83,4,2161,4,15,5,20,3,40,10
1984704,1,"Liga Nacional","Liga Endesa",-402534000,NA,"https://www.acb.com/Documentos/Cabeceras/logo-competicion-1b.png","https://www.acb.com/Documentos/Cabeceras/logo-competicion-4a.png",87,2022,107,NA,NA,5554,103402,NA,NA,TRUE,4144,4144,2400,"Casademont Zaragoza","Casademont Zgz","CAZ",4158,2415,"Lenovo Tenerife","Lenovo Tenerife","LNT",1,83,13500,5,19,26,29,53,54,10,16,62,23,10,33,18,9,13,2,4,3,4,23,20,84,-20,-1,13,0,0,83,87,5,107,4,2,18,50,12,22,13
1984506,1,"Liga Nacional","Liga Endesa",-402534000,NA,"https://www.acb.com/Documentos/Cabeceras/logo-competicion-1b.png","https://www.acb.com/Documentos/Cabeceras/logo-competicion-4a.png",87,2022,107,NA,NA,5554,103403,NA,NA,TRUE,4143,4143,2399,"Bàsquet Girona","Bàsquet Girona","GIR",4148,2405,"Surne Bilbao Basket","Surne Bilbao","SBB",1,84,12000,5,17,29,28,44,63,13,16,81,28,10,38,20,13,11,10,5,2,6,17,18,117,125,-1,0,13,0,84,59,2,2393,0,27,14,46,10,36,10
1984507,1,"Liga Nacional","Liga Endesa",-402534000,NA,"https://www.acb.com/Documentos/Cabeceras/logo-competicion-1b.png","https://www.acb.com/Documentos/Cabeceras/logo-competicion-4a.png",87,2022,107,NA,NA,5554,103403,NA,NA,FALSE,4148,4143,2399,"Bàsquet Girona","Bàsquet Girona","GIR",4148,2405,"Surne Bilbao Basket","Surne Bilbao","SBB",1,59,12000,9,34,26,13,27,48,6,8,75,20,10,30,10,10,16,2,2,5,2,19,17,47,-125,-1,13,0,0,59,84,4,0,0,0,8,16,8,29,6
1984423,1,"Liga Nacional","Liga Endesa",-402534000,NA,"https://www.acb.com/Documentos/Cabeceras/logo-competicion-1b.png","https://www.acb.com/Documentos/Cabeceras/logo-competicion-4a.png",87,2022,107,NA,NA,5554,103388,NA,NA,FALSE,4153,4152,2409,"Unicaja","Unicaja","UNI",4153,2410,"Río Breogán","Río Breogán","BRE",1,66,12000,6,19,31,20,43,46,8,17,47,26,4,30,14,7,9,0,2,2,1,25,22,60,-170,-1,13,0,0,66,100,5,74,2,2,4,36,2,27,5
1984422,1,"Liga Nacional","Liga Endesa",-402534000,NA,"https://www.acb.com/Documentos/Cabeceras/logo-competicion-1b.png","https://www.acb.com/Documentos/Cabeceras/logo-competicion-4a.png",87,2022,107,NA,NA,5554,103388,NA,NA,TRUE,4152,4152,2409,"Unicaja","Unicaja","UNI",4153,2410,"Río Breogán","Río Breogán","BRE",1,100,12000,12,27,44,23,35,65,18,33,54,35,7,42,21,9,6,5,2,1,2,22,25,128,170,-1,0,13,0,100,66,1,2247,2,35,9,34,6,58,9
1995529,1,"Liga Nacional","Liga Endesa",-402534000,NA,"https://www.acb.com/Documentos/Cabeceras/logo-competicion-1b.png","https://www.acb.com/Documentos/Cabeceras/logo-competicion-4a.png",87,2022,107,NA,NA,5553,103292,NA,NA,FALSE,4159,4157,2414,"Joventut Badalona","Joventut","JOV",4159,2496,"Gran Canaria","Gran Canaria","GCA",1,91,12000,10,36,27,24,41,58,13,20,65,26,20,46,16,8,12,17,0,2,2,22,21,96,80,-1,0,13,0,91,75,3,2383,0,18,10,42,14,35,12
1995528,1,"Liga Nacional","Liga Endesa",-402534000,NA,"https://www.acb.com/Documentos/Cabeceras/logo-competicion-1b.png","https://www.acb.com/Documentos/Cabeceras/logo-competicion-4a.png",87,2022,107,NA,NA,5553,103292,NA,NA,TRUE,4157,4157,2414,"Joventut Badalona","Joventut","JOV",4159,2496,"Gran Canaria","Gran Canaria","GCA",1,75,12000,3,16,18,24,44,54,18,22,81,23,8,31,9,4,14,10,2,0,0,21,22,71,-80,-1,13,0,0,75,91,4,0,0,0,12,46,4,37,9
1995387,1,"Liga Nacional","Liga Endesa",-402534000,NA,"https://www.acb.com/Documentos/Cabeceras/logo-competicion-1b.png","https://www.acb.com/Documentos/Cabeceras/logo-competicion-4a.png",87,2022,107,NA,NA,5553,103291,NA,NA,FALSE,4153,4149,2406,"Real Madrid","Real Madrid","RMB",4153,2410,"Río Breogán","Río Breogán","BRE",1,73,12000,6,21,28,25,50,50,5,8,62,22,15,37,17,13,16,10,2,6,2,23,15,69,-90,-1,13,0,0,73,91,5,0,0,0,19,38,11,21,10
1995386,1,"Liga Nacional","Liga Endesa",-402534000,NA,"https://www.acb.com/Documentos/Cabeceras/logo-competicion-1b.png","https://www.acb.com/Documentos/Cabeceras/logo-competicion-4a.png",87,2022,107,NA,NA,5553,103291,NA,NA,TRUE,4149,4149,2406,"Real Madrid","Real Madrid","RMB",4153,2410,"Río Breogán","Río Breogán","BRE",1,91,12000,11,23,47,21,38,55,16,22,72,25,8,33,17,12,15,10,6,2,1,16,23,114,90,-1,0,13,0,91,73,2,2400,0,30,12,40,8,27,18
1995330,1,"Liga Nacional","Liga Endesa",-402534000,NA,"https://www.acb.com/Documentos/Cabeceras/logo-competicion-1b.png","https://www.acb.com/Documentos/Cabeceras/logo-competicion-4a.png",87,2022,107,NA,NA,5553,103389,NA,NA,TRUE,4156,4156,2413,"Valencia Basket","Valencia Basket","VBC",4144,2400,"Casademont Zaragoza","Casademont Zgz","CAZ",1,88,12000,17,40,42,13,20,65,11,13,84,19,9,28,19,14,16,5,1,2,2,15,18,103,60,-1,0,13,0,88,76,1,2055,2,29,16,22,8,63,12
1995331,1,"Liga Nacional","Liga Endesa",-402534000,NA,"https://www.acb.com/Documentos/Cabeceras/logo-competicion-1b.png","https://www.acb.com/Documentos/Cabeceras/logo-competicion-4a.png",87,2022,107,NA,NA,5553,103389,NA,NA,FALSE,4144,4156,2413,"Valencia Basket","Valencia Basket","VBC",4144,2400,"Casademont Zaragoza","Casademont Zgz","CAZ",1,76,12000,7,15,46,25,40,62,5,10,50,20,7,27,20,10,22,2,2,1,8,19,15,80,-60,-1,13,0,0,76,88,4,345,1,3,8,48,8,44,13
1994966,1,"Liga Nacional","Liga Endesa",-402534000,NA,"https://www.acb.com/Documentos/Cabeceras/logo-competicion-1b.png","https://www.acb.com/Documentos/Cabeceras/logo-competicion-4a.png",87,2022,107,NA,NA,5553,103390,NA,NA,TRUE,4147,4147,2404,"Barça","Barça","BAR",4148,2405,"Surne Bilbao Basket","Surne Bilbao","SBB",1,88,12000,11,25,44,20,36,55,15,17,88,23,7,30,23,12,13,8,4,1,3,18,20,113,50,-1,0,13,0,88,78,4,2335,1,22,10,36,4,37,9
1994967,1,"Liga Nacional","Liga Endesa",-402534000,NA,"https://www.acb.com/Documentos/Cabeceras/logo-competicion-1b.png","https://www.acb.com/Documentos/Cabeceras/logo-competicion-4a.png",87,2022,107,NA,NA,5553,103390,NA,NA,FALSE,4148,4147,2404,"Barça","Barça","BAR",4148,2405,"Surne Bilbao Basket","Surne Bilbao","SBB",1,78,12000,12,23,52,16,36,44,10,14,71,24,10,34,17,7,18,4,1,4,3,20,17,77,-50,-1,13,0,0,78,88,4,35,1,1,14,26,7,37,12
1994907,1,"Liga Nacional","Liga Endesa",-402534000,NA,"https://www.acb.com/Documentos/Cabeceras/logo-competicion-1b.png","https://www.acb.com/Documentos/Cabeceras/logo-competicion-4a.png",87,2022,107,NA,NA,5553,103391,NA,NA,TRUE,4151,4151,2408,"Monbus Obradoiro","Monbus Obra","MOB",4154,2364,"Cazoo Baskonia","Cazoo Baskonia","BKN",1,91,12000,12,30,40,18,34,52,19,23,82,25,9,34,12,4,12,0,3,0,2,20,19,93,25,-1,0,13,0,91,86,4,1512,2,15,17,30,10,39,13
1994908,1,"Liga Nacional","Liga Endesa",-402534000,NA,"https://www.acb.com/Documentos/Cabeceras/logo-competicion-1b.png","https://www.acb.com/Documentos/Cabeceras/logo-competicion-4a.png",87,2022,107,NA,NA,5553,103391,NA,NA,FALSE,4154,4151,2408,"Monbus Obradoiro","Monbus Obra","MOB",4154,2364,"Cazoo Baskonia","Cazoo Baskonia","BKN",1,86,12000,9,24,37,24,42,57,11,17,64,25,10,35,19,10,17,8,1,3,6,20,20,92,-25,-1,12,0,0,86,91,4,827,2,10,15,42,7,13,9
1994936,1,"Liga Nacional","Liga Endesa",-402534000,NA,"https://www.acb.com/Documentos/Cabeceras/logo-competicion-1b.png","https://www.acb.com/Documentos/Cabeceras/logo-competicion-4a.png",87,2022,107,NA,NA,5553,103394,NA,NA,TRUE,4160,4160,2417,"Coviran Granada","Coviran Granada","COV",4143,2399,"Bàsquet Girona","Bàsquet Girona","GIR",1,78,12000,8,22,36,19,38,50,16,20,80,21,11,32,11,9,21,0,1,4,1,17,21,73,-70,-1,13,0,0,78,92,4,707,4,6,10,30,8,36,10
1994937,1,"Liga Nacional","Liga Endesa",-402534000,NA,"https://www.acb.com/Documentos/Cabeceras/logo-competicion-1b.png","https://www.acb.com/Documentos/Cabeceras/logo-competicion-4a.png",87,2022,107,NA,NA,5553,103394,NA,NA,FALSE,4143,4160,2417,"Coviran Granada","Coviran Granada","COV",4143,2399,"Bàsquet Girona","Bàsquet Girona","GIR",1,92,12000,7,23,30,27,45,60,17,21,80,22,11,33,25,14,14,15,4,1,6,21,17,111,70,-1,0,13,0,92,78,3,1406,5,14,20,46,11,43,7
1994580,1,"Liga Nacional","Liga Endesa",-402534000,NA,"https://www.acb.com/Documentos/Cabeceras/logo-competicion-1b.png","https://www.acb.com/Documentos/Cabeceras/logo-competicion-4a.png",87,2022,107,NA,NA,5553,103392,NA,NA,FALSE,4145,4158,2415,"Lenovo Tenerife","Lenovo Tenerife","LNT",4145,2419,"Real Betis Baloncesto","Betis","BET",1,64,12000,4,21,19,19,41,46,14,16,87,13,14,27,8,10,11,6,2,1,4,22,16,52,-120,-1,11,0,0,64,88,3,0,0,0,4,34,11,22,5
1994579,1,"Liga Nacional","Liga Endesa",-402534000,NA,"https://www.acb.com/Documentos/Cabeceras/logo-competicion-1b.png","https://www.acb.com/Documentos/Cabeceras/logo-competicion-4a.png",87,2022,107,NA,NA,5553,103392,NA,NA,TRUE,4158,4158,2415,"Lenovo Tenerife","Lenovo Tenerife","LNT",4145,2419,"Real Betis Baloncesto","Betis","BET",1,88,12000,8,17,47,25,34,73,14,24,58,22,6,28,24,8,11,2,1,2,1,16,21,113,120,-1,0,13,0,88,64,0,2375,0,26,11,42,7,50,11
1994632,1,"Liga Nacional","Liga Endesa",-402534000,NA,"https://www.acb.com/Documentos/Cabeceras/logo-competicion-1b.png","https://www.acb.com/Documentos/Cabeceras/logo-competicion-4a.png",87,2022,107,NA,NA,5553,103393,NA,NA,FALSE,4152,4155,2412,"BAXI Manresa","BAXI Manresa","BAX",4152,2409,"Unicaja","Unicaja","UNI",1,98,13500,13,37,35,21,42,50,17,22,77,26,12,38,16,15,15,5,4,4,1,23,22,101,20,-1,0,13,0,98,94,4,1055,5,8,24,40,6,73,13
1994631,1,"Liga Nacional","Liga Endesa",-402534000,NA,"https://www.acb.com/Documentos/Cabeceras/logo-competicion-1b.png","https://www.acb.com/Documentos/Cabeceras/logo-competicion-4a.png",87,2022,107,NA,NA,5553,103393,NA,NA,TRUE,4155,4155,2412,"BAXI Manresa","BAXI Manresa","BAX",4152,2409,"Unicaja","Unicaja","UNI",1,94,13500,8,20,40,26,46,56,18,25,72,36,7,43,22,8,20,11,5,4,1,23,23,109,-20,-1,13,0,0,94,98,4,1342,4,13,12,44,2,35,9
1994434,1,"Liga Nacional","Liga Endesa",-402534000,NA,"https://www.acb.com/Documentos/Cabeceras/logo-competicion-1b.png","https://www.acb.com/Documentos/Cabeceras/logo-competicion-4a.png",87,2022,107,NA,NA,5553,103395,NA,NA,FALSE,4150,4146,2403,"Carplus Fuenlabrada","Carplus Fuenla","FUE",4150,2407,"UCAM Murcia","UCAM Murcia","UCM",1,88,12000,10,31,32,24,48,50,10,15,66,24,13,37,18,13,8,13,6,3,1,19,17,99,80,-1,0,13,0,88,72,3,822,4,21,17,42,9,53,15
1994433,1,"Liga Nacional","Liga Endesa",-402534000,NA,"https://www.acb.com/Documentos/Cabeceras/logo-competicion-1b.png","https://www.acb.com/Documentos/Cabeceras/logo-competicion-4a.png",87,2022,107,NA,NA,5553,103395,NA,NA,TRUE,4146,4146,2403,"Carplus Fuenlabrada","Carplus Fuenla","FUE",4150,2407,"UCAM Murcia","UCAM Murcia","UCM",1,72,12000,7,18,38,19,47,40,13,22,59,31,16,47,13,9,21,10,4,6,2,18,19,71,-80,-1,13,0,0,72,88,4,1400,3,11,4,32,9,10,8
1996872,1,"Liga Nacional","Liga Endesa",-402534000,NA,"https://www.acb.com/Documentos/Cabeceras/logo-competicion-1b.png","https://www.acb.com/Documentos/Cabeceras/logo-competicion-4a.png",87,2022,107,NA,NA,5552,103186,NA,NA,FALSE,4145,4144,2400,"Casademont Zaragoza","Casademont Zgz","CAZ",4145,2419,"Real Betis Baloncesto","Betis","BET",1,82,13500,11,31,35,14,32,43,21,25,84,23,11,34,19,8,11,2,2,1,1,29,20,82,-35,-1,13,0,0,82,89,4,691,4,5,9,18,16,17,11
1996871,1,"Liga Nacional","Liga Endesa",-402534000,NA,"https://www.acb.com/Documentos/Cabeceras/logo-competicion-1b.png","https://www.acb.com/Documentos/Cabeceras/logo-competicion-4a.png",87,2022,107,NA,NA,5552,103186,NA,NA,TRUE,4144,4144,2400,"Casademont Zaragoza","Casademont Zgz","CAZ",4145,2419,"Real Betis Baloncesto","Betis","BET",1,89,13500,4,19,21,27,44,61,23,35,65,27,15,42,19,8,11,2,2,2,4,20,29,112,35,-1,0,13,0,89,82,2,1801,5,14,11,50,11,43,7
1996700,1,"Liga Nacional","Liga Endesa",-402534000,NA,"https://www.acb.com/Documentos/Cabeceras/logo-competicion-1b.png","https://www.acb.com/Documentos/Cabeceras/logo-competicion-4a.png",87,2022,107,NA,NA,5552,103189,NA,NA,FALSE,4151,4159,2496,"Gran Canaria","Gran Canaria","GCA",4151,2408,"Monbus Obradoiro","Monbus Obra","MOB",1,68,12000,5,24,20,21,35,60,11,16,68,19,9,28,16,13,12,3,1,2,2,20,16,70,-35,-1,13,0,0,68,75,5,584,2,7,15,40,13,25,13
1996699,1,"Liga Nacional","Liga Endesa",-402534000,NA,"https://www.acb.com/Documentos/Cabeceras/logo-competicion-1b.png","https://www.acb.com/Documentos/Cabeceras/logo-competicion-4a.png",87,2022,107,NA,NA,5552,103189,NA,NA,TRUE,4159,4159,2496,"Gran Canaria","Gran Canaria","GCA",4151,2408,"Monbus Obradoiro","Monbus Obra","MOB",1,75,12000,8,21,38,22,33,66,7,10,70,24,5,29,19,11,15,4,3,1,3,16,20,98,35,-1,0,13,0,75,68,2,1662,3,12,14,38,2,28,12
1996588,1,"Liga Nacional","Liga Endesa",-402534000,NA,"https://www.acb.com/Documentos/Cabeceras/logo-competicion-1b.png","https://www.acb.com/Documentos/Cabeceras/logo-competicion-4a.png",87,2022,107,NA,NA,5552,103188,NA,NA,FALSE,4154,4150,2407,"UCAM Murcia","UCAM Murcia","UCM",4154,2364,"Cazoo Baskonia","Cazoo Baskonia","BKN",1,87,12000,10,30,33,20,40,50,17,22,77,31,13,44,14,8,11,4,1,2,2,19,21,98,35,-1,0,13,0,87,80,3,2256,2,11,10,38,8,46,8
1996587,1,"Liga Nacional","Liga Endesa",-402534000,NA,"https://www.acb.com/Documentos/Cabeceras/logo-competicion-1b.png","https://www.acb.com/Documentos/Cabeceras/logo-competicion-4a.png",87,2022,107,NA,NA,5552,103188,NA,NA,TRUE,4150,4150,2407,"UCAM Murcia","UCAM Murcia","UCM",4154,2364,"Cazoo Baskonia","Cazoo Baskonia","BKN",1,80,12000,11,34,32,18,34,52,11,17,64,27,8,35,15,7,11,0,2,1,0,21,19,80,-35,-1,13,0,0,80,87,5,47,2,2,15,34,7,45,8
1996368,1,"Liga Nacional","Liga Endesa",-402534000,NA,"https://www.acb.com/Documentos/Cabeceras/logo-competicion-1b.png","https://www.acb.com/Documentos/Cabeceras/logo-competicion-4a.png",87,2022,107,NA,NA,5552,103187,NA,NA,TRUE,4152,4152,2409,"Unicaja","Unicaja","UNI",4156,2413,"Valencia Basket","Valencia Basket","VBC",1,102,12000,15,37,40,22,29,75,13,20,65,28,13,41,16,7,9,0,0,0,1,19,17,119,80,-1,0,12,0,102,86,3,2309,0,19,3,36,17,53,8
1996369,1,"Liga Nacional","Liga Endesa",-402534000,NA,"https://www.acb.com/Documentos/Cabeceras/logo-competicion-1b.png","https://www.acb.com/Documentos/Cabeceras/logo-competicion-4a.png",87,2022,107,NA,NA,5552,103187,NA,NA,FALSE,4156,4152,2409,"Unicaja","Unicaja","UNI",4156,2413,"Valencia Basket","Valencia Basket","VBC",1,86,12000,9,24,37,21,36,58,17,23,73,19,5,24,18,10,5,7,0,0,3,17,19,99,-80,-1,13,0,0,86,102,4,0,0,0,5,38,2,46,9
1996312,1,"Liga Nacional","Liga Endesa",-402534000,NA,"https://www.acb.com/Documentos/Cabeceras/logo-competicion-1b.png","https://www.acb.com/Documentos/Cabeceras/logo-competicion-4a.png",87,2022,107,NA,NA,5552,103190,NA,NA,TRUE,4155,4155,2412,"BAXI Manresa","BAXI Manresa","BAX",4149,2406,"Real Madrid","Real Madrid","RMB",1,69,12000,6,23,26,19,44,43,13,19,68,17,12,29,13,10,13,4,0,6,1,21,19,52,-125,-1,13,0,0,69,94,2,0,0,0,16,28,13,33,5
1996313,1,"Liga Nacional","Liga Endesa",-402534000,NA,"https://www.acb.com/Documentos/Cabeceras/logo-competicion-1b.png","https://www.acb.com/Documentos/Cabeceras/logo-competicion-4a.png",87,2022,107,NA,NA,5552,103190,NA,NA,FALSE,4149,4155,2412,"BAXI Manresa","BAXI Manresa","BAX",4149,2406,"Real Madrid","Real Madrid","RMB",1,94,12000,8,24,33,28,38,73,14,17,82,31,7,38,20,7,15,14,6,0,10,19,21,123,125,-1,0,13,0,94,69,1,2374,0,31,10,50,2,45,9
1996033,1,"Liga Nacional","Liga Endesa",-402534000,NA,"https://www.acb.com/Documentos/Cabeceras/logo-competicion-1b.png","https://www.acb.com/Documentos/Cabeceras/logo-competicion-4a.png",87,2022,107,NA,NA,5552,103191,NA,NA,FALSE,4147,4143,2399,"Bàsquet Girona","Bàsquet Girona","GIR",4147,2404,"Barça","Barça","BAR",1,84,12000,11,32,34,17,32,53,17,20,85,32,7,39,16,14,15,11,0,2,4,20,22,99,55,-1,0,13,0,84,73,2,2023,3,16,12,26,2,30,10
1996032,1,"Liga Nacional","Liga Endesa",-402534000,NA,"https://www.acb.com/Documentos/Cabeceras/logo-competicion-1b.png","https://www.acb.com/Documentos/Cabeceras/logo-competicion-4a.png",87,2022,107,NA,NA,5552,103191,NA,NA,TRUE,4143,4143,2399,"Bàsquet Girona","Bàsquet Girona","GIR",4147,2404,"Barça","Barça","BAR",1,73,12000,6,20,30,22,44,50,11,16,68,27,4,31,13,11,16,10,3,0,2,22,20,72,-55,-1,13,0,0,73,84,4,182,3,4,11,28,4,25,6
1996061,1,"Liga Nacional","Liga Endesa",-402534000,NA,"https://www.acb.com/Documentos/Cabeceras/logo-competicion-1b.png","https://www.acb.com/Documentos/Cabeceras/logo-competicion-4a.png",87,2022,107,NA,NA,5552,103192,NA,NA,FALSE,4157,4148,2405,"Surne Bilbao Basket","Surne Bilbao","SBB",4157,2414,"Joventut Badalona","Joventut","JOV",1,70,12000,3,19,15,24,44,54,13,15,86,31,9,40,14,7,12,2,2,5,4,23,17,72,95,-1,0,13,0,70,51,1,2216,1,25,12,48,10,36,9
1996060,1,"Liga Nacional","Liga Endesa",-402534000,NA,"https://www.acb.com/Documentos/Cabeceras/logo-competicion-1b.png","https://www.acb.com/Documentos/Cabeceras/logo-competicion-4a.png",87,2022,107,NA,NA,5552,103192,NA,NA,TRUE,4148,4148,2405,"Surne Bilbao Basket","Surne Bilbao","SBB",4157,2414,"Joventut Badalona","Joventut","JOV",1,51,12000,3,23,13,14,36,38,14,20,70,23,11,34,9,8,14,0,5,2,0,18,22,47,-95,-1,13,0,0,51,70,3,83,0,2,0,18,2,17,6
1995808,1,"Liga Nacional","Liga Endesa",-402534000,NA,"https://www.acb.com/Documentos/Cabeceras/logo-competicion-1b.png","https://www.acb.com/Documentos/Cabeceras/logo-competicion-4a.png",87,2022,107,NA,NA,5552,103290,NA,NA,TRUE,4153,4153,2410,"Río Breogán","Río Breogán","BRE",4160,2417,"Coviran Granada","Coviran Granada","COV",1,99,12000,8,26,30,34,49,69,7,9,77,22,9,31,27,17,6,10,2,0,4,20,11,126,160,-1,0,13,0,99,67,2,2239,1,44,25,54,8,38,20
1995809,1,"Liga Nacional","Liga Endesa",-402534000,NA,"https://www.acb.com/Documentos/Cabeceras/logo-competicion-1b.png","https://www.acb.com/Documentos/Cabeceras/logo-competicion-4a.png",87,2022,107,NA,NA,5552,103290,NA,NA,FALSE,4160,4153,2410,"Río Breogán","Río Breogán","BRE",4160,2417,"Coviran Granada","Coviran Granada","COV",1,67,12000,5,17,29,19,35,54,14,18,77,23,7,30,14,5,25,0,1,2,1,12,20,66,-160,-1,13,0,0,67,99,3,32,0,2,2,30,4,37,8
1995753,1,"Liga Nacional","Liga Endesa",-402534000,NA,"https://www.acb.com/Documentos/Cabeceras/logo-competicion-1b.png","https://www.acb.com/Documentos/Cabeceras/logo-competicion-4a.png",87,2022,107,NA,NA,5552,103280,NA,NA,FALSE,4158,4146,2403,"Carplus Fuenlabrada","Carplus Fuenla","FUE",4158,2415,"Lenovo Tenerife","Lenovo Tenerife","LNT",1,95,12000,13,35,37,23,34,67,10,16,62,25,11,36,21,9,5,4,2,3,3,16,21,121,140,-1,0,13,0,95,67,1,2381,1,28,6,40,16,32,10
1995752,1,"Liga Nacional","Liga Endesa",-402534000,NA,"https://www.acb.com/Documentos/Cabeceras/logo-competicion-1b.png","https://www.acb.com/Documentos/Cabeceras/logo-competicion-4a.png",87,2022,107,NA,NA,5552,103280,NA,NA,TRUE,4146,4146,2403,"Carplus Fuenlabrada","Carplus Fuenla","FUE",4158,2415,"Lenovo Tenerife","Lenovo Tenerife","LNT",1,67,12000,7,20,35,16,39,41,14,18,77,22,9,31,16,6,13,4,3,2,2,21,15,62,-140,-1,13,0,0,67,95,4,9,1,1,4,24,4,19,5
1998132,1,"Liga Nacional","Liga Endesa",-402534000,NA,"https://www.acb.com/Documentos/Cabeceras/logo-competicion-1b.png","https://www.acb.com/Documentos/Cabeceras/logo-competicion-4a.png",87,2022,107,NA,NA,5551,103193,NA,NA,TRUE,4160,4160,2417,"Coviran Granada","Coviran Granada","COV",4146,2403,"Carplus Fuenlabrada","Carplus Fuenla","FUE",1,83,12000,10,25,40,18,35,51,17,24,70,32,10,42,17,11,20,4,2,2,5,23,24,95,60,-1,0,13,0,83,71,4,2331,1,19,12,32,6,38,9
1998133,1,"Liga Nacional","Liga Endesa",-402534000,NA,"https://www.acb.com/Documentos/Cabeceras/logo-competicion-1b.png","https://www.acb.com/Documentos/Cabeceras/logo-competicion-4a.png",87,2022,107,NA,NA,5551,103193,NA,NA,FALSE,4146,4160,2417,"Coviran Granada","Coviran Granada","COV",4146,2403,"Carplus Fuenlabrada","Carplus Fuenla","FUE",1,71,12000,6,22,27,21,44,47,11,22,50,24,11,35,15,12,19,8,2,2,3,25,23,62,-60,-1,12,0,0,71,83,4,28,1,1,15,38,12,16,9
1998020,1,"Liga Nacional","Liga Endesa",-402534000,NA,"https://www.acb.com/Documentos/Cabeceras/logo-competicion-1b.png","https://www.acb.com/Documentos/Cabeceras/logo-competicion-4a.png",87,2022,107,NA,NA,5551,103178,NA,NA,TRUE,4149,4149,2406,"Real Madrid","Real Madrid","RMB",4158,2415,"Lenovo Tenerife","Lenovo Tenerife","LNT",1,88,12000,10,22,45,22,38,57,14,21,66,29,7,36,15,9,10,2,6,0,5,17,19,111,55,-1,0,13,0,88,77,1,2332,1,16,10,38,9,40,7
1998021,1,"Liga Nacional","Liga Endesa",-402534000,NA,"https://www.acb.com/Documentos/Cabeceras/logo-competicion-1b.png","https://www.acb.com/Documentos/Cabeceras/logo-competicion-4a.png",87,2022,107,NA,NA,5551,103178,NA,NA,FALSE,4158,4149,2406,"Real Madrid","Real Madrid","RMB",4158,2415,"Lenovo Tenerife","Lenovo Tenerife","LNT",1,77,12000,12,35,34,14,29,48,13,16,81,23,9,32,18,5,11,9,1,6,4,20,16,71,-55,-1,13,0,0,77,88,3,49,0,3,13,26,5,55,5
1997886,1,"Liga Nacional","Liga Endesa",-402534000,NA,"https://www.acb.com/Documentos/Cabeceras/logo-competicion-1b.png","https://www.acb.com/Documentos/Cabeceras/logo-competicion-4a.png",87,2022,107,NA,NA,5551,103179,NA,NA,FALSE,4144,4154,2364,"Cazoo Baskonia","Cazoo Baskonia","BKN",4144,2400,"Casademont Zaragoza","Casademont Zgz","CAZ",1,79,12000,7,21,33,22,46,47,14,19,73,31,12,43,16,6,10,6,3,2,5,18,20,94,-60,-1,12,0,0,79,91,2,743,2,15,4,38,0,23,10
1997885,1,"Liga Nacional","Liga Endesa",-402534000,NA,"https://www.acb.com/Documentos/Cabeceras/logo-competicion-1b.png","https://www.acb.com/Documentos/Cabeceras/logo-competicion-4a.png",87,2022,107,NA,NA,5551,103179,NA,NA,TRUE,4154,4154,2364,"Cazoo Baskonia","Cazoo Baskonia","BKN",4144,2400,"Casademont Zaragoza","Casademont Zgz","CAZ",1,91,12000,14,33,42,16,34,47,17,18,94,30,6,36,12,7,6,4,2,3,2,20,18,99,60,-1,0,13,0,91,79,3,1599,3,18,7,30,6,56,10
1997631,1,"Liga Nacional","Liga Endesa",-402534000,NA,"https://www.acb.com/Documentos/Cabeceras/logo-competicion-1b.png","https://www.acb.com/Documentos/Cabeceras/logo-competicion-4a.png",87,2022,107,NA,NA,5551,103180,NA,NA,TRUE,4147,4147,2404,"Barça","Barça","BAR",4156,2413,"Valencia Basket","Valencia Basket","VBC",1,81,12000,7,22,31,20,40,50,20,25,80,28,9,37,18,8,9,10,0,6,1,21,22,90,30,-1,0,13,0,81,75,4,429,3,6,11,40,15,28,7
1997632,1,"Liga Nacional","Liga Endesa",-402534000,NA,"https://www.acb.com/Documentos/Cabeceras/logo-competicion-1b.png","https://www.acb.com/Documentos/Cabeceras/logo-competicion-4a.png",87,2022,107,NA,NA,5551,103180,NA,NA,FALSE,4156,4147,2404,"Barça","Barça","BAR",4156,2413,"Valencia Basket","Valencia Basket","VBC",1,75,12000,8,23,34,15,32,46,21,26,80,26,5,31,17,9,11,2,6,0,1,22,21,89,-30,-1,13,0,0,75,81,4,1848,3,15,4,28,4,32,10
1997604,1,"Liga Nacional","Liga Endesa",-402534000,NA,"https://www.acb.com/Documentos/Cabeceras/logo-competicion-1b.png","https://www.acb.com/Documentos/Cabeceras/logo-competicion-4a.png",87,2022,107,NA,NA,5551,103181,NA,NA,FALSE,4143,4153,2410,"Río Breogán","Río Breogán","BRE",4143,2399,"Bàsquet Girona","Bàsquet Girona","GIR",1,70,12000,6,21,28,18,35,51,16,23,69,25,10,35,17,11,17,4,2,2,4,25,19,71,-110,-1,13,0,0,70,92,3,609,3,11,12,32,6,35,10
1997603,1,"Liga Nacional","Liga Endesa",-402534000,NA,"https://www.acb.com/Documentos/Cabeceras/logo-competicion-1b.png","https://www.acb.com/Documentos/Cabeceras/logo-competicion-4a.png",87,2022,107,NA,NA,5551,103181,NA,NA,TRUE,4153,4153,2410,"Río Breogán","Río Breogán","BRE",4143,2399,"Bàsquet Girona","Bàsquet Girona","GIR",1,92,12000,13,32,40,18,35,51,17,28,60,25,14,39,21,11,11,4,3,2,2,19,25,112,110,-1,0,13,0,92,70,4,1597,3,22,12,34,16,25,10
1997352,1,"Liga Nacional","Liga Endesa",-402534000,NA,"https://www.acb.com/Documentos/Cabeceras/logo-competicion-1b.png","https://www.acb.com/Documentos/Cabeceras/logo-competicion-4a.png",87,2022,107,NA,NA,5551,103183,NA,NA,FALSE,4152,4159,2496,"Gran Canaria","Gran Canaria","GCA",4152,2409,"Unicaja","Unicaja","UNI",1,70,12000,7,28,25,20,39,51,9,12,75,22,6,28,15,13,14,8,0,6,4,30,20,53,-90,-1,13,0,0,70,88,4,416,3,8,12,36,3,50,11
1997351,1,"Liga Nacional","Liga Endesa",-402534000,NA,"https://www.acb.com/Documentos/Cabeceras/logo-competicion-1b.png","https://www.acb.com/Documentos/Cabeceras/logo-competicion-4a.png",87,2022,107,NA,NA,5551,103183,NA,NA,TRUE,4159,4159,2496,"Gran Canaria","Gran Canaria","GCA",4152,2409,"Unicaja","Unicaja","UNI",1,88,12000,8,20,40,17,30,56,30,37,81,33,5,38,15,12,16,5,6,0,2,21,26,116,90,-1,0,13,0,88,70,1,1725,3,18,7,32,2,15,15
1997323,1,"Liga Nacional","Liga Endesa",-402534000,NA,"https://www.acb.com/Documentos/Cabeceras/logo-competicion-1b.png","https://www.acb.com/Documentos/Cabeceras/logo-competicion-4a.png",87,2022,107,NA,NA,5551,103185,NA,NA,TRUE,4151,4151,2408,"Monbus Obradoiro","Monbus Obra","MOB",4148,2405,"Surne Bilbao Basket","Surne Bilbao","SBB",1,77,12000,9,25,36,14,34,41,22,25,88,27,8,35,19,7,9,3,4,5,0,17,21,93,65,-1,0,13,0,77,64,2,2274,1,20,4,18,5,24,15
1997324,1,"Liga Nacional","Liga Endesa",-402534000,NA,"https://www.acb.com/Documentos/Cabeceras/logo-competicion-1b.png","https://www.acb.com/Documentos/Cabeceras/logo-competicion-4a.png",87,2022,107,NA,NA,5551,103185,NA,NA,FALSE,4148,4151,2408,"Monbus Obradoiro","Monbus Obra","MOB",4148,2405,"Surne Bilbao Basket","Surne Bilbao","SBB",1,64,12000,4,19,21,21,41,51,10,13,76,28,7,35,16,4,13,8,5,3,7,22,17,65,-65,-1,13,0,0,64,77,3,5,1,1,6,38,6,23,8
1997071,1,"Liga Nacional","Liga Endesa",-402534000,NA,"https://www.acb.com/Documentos/Cabeceras/logo-competicion-1b.png","https://www.acb.com/Documentos/Cabeceras/logo-competicion-4a.png",87,2022,107,NA,NA,5551,103182,NA,NA,TRUE,4145,4145,2419,"Real Betis Baloncesto","Betis","BET",4150,2407,"UCAM Murcia","UCAM Murcia","UCM",1,84,12000,9,29,31,16,35,45,25,33,75,34,12,46,15,12,12,6,1,3,0,20,23,99,65,-1,0,13,0,84,71,2,2338,1,22,8,24,5,38,9
1997072,1,"Liga Nacional","Liga Endesa",-402534000,NA,"https://www.acb.com/Documentos/Cabeceras/logo-competicion-1b.png","https://www.acb.com/Documentos/Cabeceras/logo-competicion-4a.png",87,2022,107,NA,NA,5551,103182,NA,NA,FALSE,4150,4145,2419,"Real Betis Baloncesto","Betis","BET",4150,2407,"UCAM Murcia","UCAM Murcia","UCM",1,71,12000,8,29,27,17,42,40,13,18,72,29,14,43,15,11,16,7,3,1,1,24,20,71,-65,-1,13,0,0,71,84,5,26,0,2,5,28,6,53,6
1997042,1,"Liga Nacional","Liga Endesa",-402534000,NA,"https://www.acb.com/Documentos/Cabeceras/logo-competicion-1b.png","https://www.acb.com/Documentos/Cabeceras/logo-competicion-4a.png",87,2022,107,NA,NA,5551,103184,NA,NA,FALSE,4155,4157,2414,"Joventut Badalona","Joventut","JOV",4155,2412,"BAXI Manresa","BAXI Manresa","BAX",1,65,12000,5,31,16,20,44,45,10,10,100,23,13,36,14,14,8,4,2,5,0,23,17,62,-40,-1,13,0,0,65,73,4,406,1,5,10,24,16,21,11
1997041,1,"Liga Nacional","Liga Endesa",-402534000,NA,"https://www.acb.com/Documentos/Cabeceras/logo-competicion-1b.png","https://www.acb.com/Documentos/Cabeceras/logo-competicion-4a.png",87,2022,107,NA,NA,5551,103184,NA,NA,TRUE,4157,4157,2414,"Joventut Badalona","Joventut","JOV",4155,2412,"BAXI Manresa","BAXI Manresa","BAX",1,73,12000,5,16,31,20,37,54,18,29,62,33,8,41,16,7,15,2,5,2,1,17,21,90,40,-1,0,13,0,73,65,1,1849,2,16,5,36,4,25,13
2008529,1,"Liga Nacional","Liga Endesa",-402534000,NA,"https://www.acb.com/Documentos/Cabeceras/logo-competicion-1b.png","https://www.acb.com/Documentos/Cabeceras/logo-competicion-4a.png",87,2022,107,NA,NA,5550,103206,NA,NA,FALSE,4155,4158,2415,"Lenovo Tenerife","Lenovo Tenerife","LNT",4155,2412,"BAXI Manresa","BAXI Manresa","BAX",1,87,12000,12,28,42,21,47,44,9,13,69,20,16,36,18,6,12,4,2,1,3,28,19,81,-65,-1,13,0,0,87,100,3,885,10,8,8,32,13,56,7
2008528,1,"Liga Nacional","Liga Endesa",-402534000,NA,"https://www.acb.com/Documentos/Cabeceras/logo-competicion-1b.png","https://www.acb.com/Documentos/Cabeceras/logo-competicion-4a.png",87,2022,107,NA,NA,5550,103206,NA,NA,TRUE,4158,4158,2415,"Lenovo Tenerife","Lenovo Tenerife","LNT",4155,2412,"BAXI Manresa","BAXI Manresa","BAX",1,100,12000,11,33,33,19,31,61,29,30,96,24,13,37,22,7,12,3,1,2,1,20,26,124,65,-1,0,13,0,100,87,2,1398,10,16,8,36,10,47,14
1999242,1,"Liga Nacional","Liga Endesa",-402534000,NA,"https://www.acb.com/Documentos/Cabeceras/logo-competicion-1b.png","https://www.acb.com/Documentos/Cabeceras/logo-competicion-4a.png",87,2022,107,NA,NA,5550,103207,NA,NA,FALSE,4154,4152,2409,"Unicaja","Unicaja","UNI",4154,2364,"Cazoo Baskonia","Cazoo Baskonia","BKN",1,89,13500,8,25,32,19,42,45,27,38,71,40,10,50,12,12,14,5,2,3,1,22,27,102,40,-1,0,13,0,89,81,4,1059,4,12,9,34,6,40,8
1999241,1,"Liga Nacional","Liga Endesa",-402534000,NA,"https://www.acb.com/Documentos/Cabeceras/logo-competicion-1b.png","https://www.acb.com/Documentos/Cabeceras/logo-competicion-4a.png",87,2022,107,NA,NA,5550,103207,NA,NA,TRUE,4152,4152,2409,"Unicaja","Unicaja","UNI",4154,2364,"Cazoo Baskonia","Cazoo Baskonia","BKN",1,81,13500,9,29,31,19,44,43,16,24,66,34,9,43,19,10,14,14,4,2,1,27,22,83,-40,-1,13,0,0,81,89,4,1385,4,14,8,34,4,58,14
1999102,1,"Liga Nacional","Liga Endesa",-402534000,NA,"https://www.acb.com/Documentos/Cabeceras/logo-competicion-1b.png","https://www.acb.com/Documentos/Cabeceras/logo-competicion-4a.png",87,2022,107,NA,NA,5550,103208,NA,NA,FALSE,4149,4150,2407,"UCAM Murcia","UCAM Murcia","UCM",4149,2406,"Real Madrid","Real Madrid","RMB",1,88,12000,4,16,25,25,50,50,26,33,78,33,16,49,10,7,14,6,7,4,3,21,24,102,40,-1,0,13,0,88,80,3,1877,5,21,4,42,15,26,17
1999101,1,"Liga Nacional","Liga Endesa",-402534000,NA,"https://www.acb.com/Documentos/Cabeceras/logo-competicion-1b.png","https://www.acb.com/Documentos/Cabeceras/logo-competicion-4a.png",87,2022,107,NA,NA,5550,103208,NA,NA,TRUE,4150,4150,2407,"UCAM Murcia","UCAM Murcia","UCM",4149,2406,"Real Madrid","Real Madrid","RMB",1,80,12000,9,31,29,22,47,46,9,12,75,23,13,36,14,8,11,10,4,7,4,25,20,69,-40,-1,13,0,0,80,88,5,139,5,2,6,30,9,44,10
1998989,1,"Liga Nacional","Liga Endesa",-402534000,NA,"https://www.acb.com/Documentos/Cabeceras/logo-competicion-1b.png","https://www.acb.com/Documentos/Cabeceras/logo-competicion-4a.png",87,2022,107,NA,NA,5550,103209,NA,NA,TRUE,4156,4156,2413,"Valencia Basket","Valencia Basket","VBC",4159,2496,"Gran Canaria","Gran Canaria","GCA",1,82,12000,10,20,50,22,37,59,8,14,57,19,6,25,14,16,15,6,0,4,1,16,20,91,30,-1,0,13,0,82,76,5,320,5,6,6,38,5,46,12
1998990,1,"Liga Nacional","Liga Endesa",-402534000,NA,"https://www.acb.com/Documentos/Cabeceras/logo-competicion-1b.png","https://www.acb.com/Documentos/Cabeceras/logo-competicion-4a.png",87,2022,107,NA,NA,5550,103209,NA,NA,FALSE,4159,4156,2413,"Valencia Basket","Valencia Basket","VBC",4159,2496,"Gran Canaria","Gran Canaria","GCA",1,76,12000,13,35,37,17,26,65,3,9,33,20,11,31,19,10,17,8,5,0,4,20,16,83,-30,-1,13,0,0,76,82,5,2028,4,11,16,32,15,39,12
1998860,1,"Liga Nacional","Liga Endesa",-402534000,NA,"https://www.acb.com/Documentos/Cabeceras/logo-competicion-1b.png","https://www.acb.com/Documentos/Cabeceras/logo-competicion-4a.png",87,2022,107,NA,NA,5550,103210,NA,NA,FALSE,4153,4147,2404,"Barça","Barça","BAR",4153,2410,"Río Breogán","Río Breogán","BRE",1,54,12000,5,20,25,17,45,37,5,6,83,20,7,27,10,8,8,10,1,4,0,18,11,37,-140,-1,11,0,0,54,82,5,0,0,0,2,34,2,29,7
1998859,1,"Liga Nacional","Liga Endesa",-402534000,NA,"https://www.acb.com/Documentos/Cabeceras/logo-competicion-1b.png","https://www.acb.com/Documentos/Cabeceras/logo-competicion-4a.png",87,2022,107,NA,NA,5550,103210,NA,NA,TRUE,4147,4147,2404,"Barça","Barça","BAR",4153,2410,"Río Breogán","Río Breogán","BRE",1,82,12000,11,30,36,20,37,54,9,10,90,33,15,48,19,9,13,7,4,1,2,11,18,118,140,-1,0,13,0,82,54,2,2323,0,28,2,32,13,39,12
1998580,1,"Liga Nacional","Liga Endesa",-402534000,NA,"https://www.acb.com/Documentos/Cabeceras/logo-competicion-1b.png","https://www.acb.com/Documentos/Cabeceras/logo-competicion-4a.png",87,2022,107,NA,NA,5550,103196,NA,NA,FALSE,4157,4145,2419,"Real Betis Baloncesto","Betis","BET",4157,2414,"Joventut Badalona","Joventut","JOV",1,71,12000,8,30,26,16,38,42,15,19,78,31,16,47,14,11,13,4,4,3,0,15,20,88,20,-1,0,13,0,71,67,5,1849,4,10,6,32,8,39,14
1998579,1,"Liga Nacional","Liga Endesa",-402534000,NA,"https://www.acb.com/Documentos/Cabeceras/logo-competicion-1b.png","https://www.acb.com/Documentos/Cabeceras/logo-competicion-4a.png",87,2022,107,NA,NA,5550,103196,NA,NA,TRUE,4145,4145,2419,"Real Betis Baloncesto","Betis","BET",4157,2414,"Joventut Badalona","Joventut","JOV",1,67,12000,5,27,18,23,44,52,6,7,85,28,11,39,15,9,12,10,3,4,2,20,14,67,-20,-1,13,0,0,67,71,4,384,4,4,16,38,4,24,13
1998607,1,"Liga Nacional","Liga Endesa",-402534000,NA,"https://www.acb.com/Documentos/Cabeceras/logo-competicion-1b.png","https://www.acb.com/Documentos/Cabeceras/logo-competicion-4a.png",87,2022,107,NA,NA,5550,103211,NA,NA,TRUE,4143,4143,2399,"Bàsquet Girona","Bàsquet Girona","GIR",4151,2408,"Monbus Obradoiro","Monbus Obra","MOB",1,93,12000,11,26,42,24,45,53,12,17,70,24,14,38,19,13,9,13,2,3,3,19,17,110,85,-1,0,13,0,93,76,1,1798,2,17,16,38,13,31,15
1998608,1,"Liga Nacional","Liga Endesa",-402534000,NA,"https://www.acb.com/Documentos/Cabeceras/logo-competicion-1b.png","https://www.acb.com/Documentos/Cabeceras/logo-competicion-4a.png",87,2022,107,NA,NA,5550,103211,NA,NA,FALSE,4151,4143,2399,"Bàsquet Girona","Bàsquet Girona","GIR",4151,2408,"Monbus Obradoiro","Monbus Obra","MOB",1,76,12000,11,32,34,14,33,42,15,19,78,25,14,39,13,9,17,0,3,2,0,18,19,78,-85,-1,13,0,0,76,93,4,503,2,8,3,24,9,27,6
1998325,1,"Liga Nacional","Liga Endesa",-402534000,NA,"https://www.acb.com/Documentos/Cabeceras/logo-competicion-1b.png","https://www.acb.com/Documentos/Cabeceras/logo-competicion-4a.png",87,2022,107,NA,NA,5550,103195,NA,NA,TRUE,4146,4146,2403,"Carplus Fuenlabrada","Carplus Fuenla","FUE",4144,2400,"Casademont Zaragoza","Casademont Zgz","CAZ",1,71,12000,7,27,25,16,44,36,18,22,81,23,17,40,10,10,10,2,1,8,3,16,18,64,-70,-1,13,0,0,71,85,3,117,0,5,11,26,4,36,7
1998326,1,"Liga Nacional","Liga Endesa",-402534000,NA,"https://www.acb.com/Documentos/Cabeceras/logo-competicion-1b.png","https://www.acb.com/Documentos/Cabeceras/logo-competicion-4a.png",87,2022,107,NA,NA,5550,103195,NA,NA,FALSE,4144,4146,2403,"Carplus Fuenlabrada","Carplus Fuenla","FUE",4144,2400,"Casademont Zaragoza","Casademont Zgz","CAZ",1,85,12000,12,26,46,21,37,56,7,11,63,31,7,38,18,7,14,7,8,1,7,18,16,105,70,-1,0,13,0,85,71,4,2283,1,23,8,40,7,22,10
1998296,1,"Liga Nacional","Liga Endesa",-402534000,NA,"https://www.acb.com/Documentos/Cabeceras/logo-competicion-1b.png","https://www.acb.com/Documentos/Cabeceras/logo-competicion-4a.png",87,2022,107,NA,NA,5550,103212,NA,NA,FALSE,4160,4148,2405,"Surne Bilbao Basket","Surne Bilbao","SBB",4160,2417,"Coviran Granada","Coviran Granada","COV",1,73,12000,8,20,40,18,42,42,13,16,81,21,14,35,9,11,12,2,3,3,2,16,18,79,-85,-1,13,0,0,73,90,5,200,3,2,7,34,16,21,6
1998295,1,"Liga Nacional","Liga Endesa",-402534000,NA,"https://www.acb.com/Documentos/Cabeceras/logo-competicion-1b.png","https://www.acb.com/Documentos/Cabeceras/logo-competicion-4a.png",87,2022,107,NA,NA,5550,103212,NA,NA,TRUE,4148,4148,2405,"Surne Bilbao Basket","Surne Bilbao","SBB",4160,2417,"Coviran Granada","Coviran Granada","COV",1,90,12000,13,31,41,19,37,51,13,20,65,22,18,40,17,10,9,9,3,2,3,18,16,104,85,-1,0,13,0,90,73,1,2029,4,19,14,28,10,50,9
2004627,1,"Liga Nacional","Liga Endesa",-402534000,NA,"https://www.acb.com/Documentos/Cabeceras/logo-competicion-1b.png","https://www.acb.com/Documentos/Cabeceras/logo-competicion-4a.png",87,2022,107,NA,NA,5549,103197,NA,NA,FALSE,4160,4154,2364,"Cazoo Baskonia","Cazoo Baskonia","BKN",4160,2417,"Coviran Granada","Coviran Granada","COV",1,81,12000,9,25,36,22,36,61,10,15,66,17,2,19,19,10,11,10,2,2,2,18,15,80,-120,-1,13,0,0,81,105,5,528,0,9,14,38,2,30,8
2004626,1,"Liga Nacional","Liga Endesa",-402534000,NA,"https://www.acb.com/Documentos/Cabeceras/logo-competicion-1b.png","https://www.acb.com/Documentos/Cabeceras/logo-competicion-4a.png",87,2022,107,NA,NA,5549,103197,NA,NA,TRUE,4154,4154,2364,"Cazoo Baskonia","Cazoo Baskonia","BKN",4160,2417,"Coviran Granada","Coviran Granada","COV",1,105,12000,13,30,43,28,40,70,10,12,83,30,11,41,30,9,13,4,2,2,3,16,17,142,120,-1,0,13,0,105,81,3,1820,1,25,9,50,12,57,15
2004513,1,"Liga Nacional","Liga Endesa",-402534000,NA,"https://www.acb.com/Documentos/Cabeceras/logo-competicion-1b.png","https://www.acb.com/Documentos/Cabeceras/logo-competicion-4a.png",87,2022,107,NA,NA,5549,103198,NA,NA,FALSE,4158,4156,2413,"Valencia Basket","Valencia Basket","VBC",4158,2415,"Lenovo Tenerife","Lenovo Tenerife","LNT",1,72,12000,7,26,26,19,24,79,13,16,81,22,6,28,17,8,22,0,2,1,5,20,19,76,-25,-1,13,0,0,72,77,4,1167,3,15,2,36,12,45,8
2004512,1,"Liga Nacional","Liga Endesa",-402534000,NA,"https://www.acb.com/Documentos/Cabeceras/logo-competicion-1b.png","https://www.acb.com/Documentos/Cabeceras/logo-competicion-4a.png",87,2022,107,NA,NA,5549,103198,NA,NA,TRUE,4156,4156,2413,"Valencia Basket","Valencia Basket","VBC",4158,2415,"Lenovo Tenerife","Lenovo Tenerife","LNT",1,77,12000,8,22,36,21,35,60,11,15,73,17,5,22,20,15,13,14,2,2,3,19,19,89,25,-1,0,13,0,77,72,3,1150,4,10,15,42,6,29,11
2004369,1,"Liga Nacional","Liga Endesa",-402534000,NA,"https://www.acb.com/Documentos/Cabeceras/logo-competicion-1b.png","https://www.acb.com/Documentos/Cabeceras/logo-competicion-4a.png",87,2022,107,NA,NA,5549,103199,NA,NA,FALSE,4149,4151,2408,"Monbus Obradoiro","Monbus Obra","MOB",4149,2406,"Real Madrid","Real Madrid","RMB",1,84,12000,10,20,50,20,39,51,14,19,73,28,6,34,18,4,9,2,4,1,2,17,21,104,30,-1,0,13,0,84,78,3,2328,0,19,5,40,4,25,11
2004368,1,"Liga Nacional","Liga Endesa",-402534000,NA,"https://www.acb.com/Documentos/Cabeceras/logo-competicion-1b.png","https://www.acb.com/Documentos/Cabeceras/logo-competicion-4a.png",87,2022,107,NA,NA,5549,103199,NA,NA,TRUE,4151,4151,2408,"Monbus Obradoiro","Monbus Obra","MOB",4149,2406,"Real Madrid","Real Madrid","RMB",1,78,12000,7,27,25,23,41,56,11,15,73,25,11,36,20,8,6,6,2,4,3,21,17,88,-30,-1,13,0,0,78,84,5,0,0,0,4,42,19,28,11
2004175,1,"Liga Nacional","Liga Endesa",-402534000,NA,"https://www.acb.com/Documentos/Cabeceras/logo-competicion-1b.png","https://www.acb.com/Documentos/Cabeceras/logo-competicion-4a.png",87,2022,107,NA,NA,5549,103200,NA,NA,TRUE,4159,4159,2496,"Gran Canaria","Gran Canaria","GCA",4148,2405,"Surne Bilbao Basket","Surne Bilbao","SBB",1,94,12000,10,21,47,25,36,69,14,20,70,27,6,33,22,12,12,7,2,1,6,19,21,124,115,-1,0,13,0,94,71,1,2347,0,28,16,44,4,46,11
2004176,1,"Liga Nacional","Liga Endesa",-402534000,NA,"https://www.acb.com/Documentos/Cabeceras/logo-competicion-1b.png","https://www.acb.com/Documentos/Cabeceras/logo-competicion-4a.png",87,2022,107,NA,NA,5549,103200,NA,NA,FALSE,4148,4159,2496,"Gran Canaria","Gran Canaria","GCA",4148,2405,"Surne Bilbao Basket","Surne Bilbao","SBB",1,71,12000,6,23,26,20,43,46,13,15,86,18,12,30,13,10,12,2,1,2,2,21,19,67,-115,-1,12,0,0,71,94,4,0,0,0,9,32,6,38,7
2004090,1,"Liga Nacional","Liga Endesa",-402534000,NA,"https://www.acb.com/Documentos/Cabeceras/logo-competicion-1b.png","https://www.acb.com/Documentos/Cabeceras/logo-competicion-4a.png",87,2022,107,NA,NA,5549,103201,NA,NA,FALSE,4150,4157,2414,"Joventut Badalona","Joventut","JOV",4150,2407,"UCAM Murcia","UCAM Murcia","UCM",1,68,12000,7,22,31,21,45,46,5,13,38,18,12,30,8,6,9,4,1,3,1,19,20,55,-130,-1,13,0,0,68,94,5,17,1,1,6,36,10,32,7
2004089,1,"Liga Nacional","Liga Endesa",-402534000,NA,"https://www.acb.com/Documentos/Cabeceras/logo-competicion-1b.png","https://www.acb.com/Documentos/Cabeceras/logo-competicion-4a.png",87,2022,107,NA,NA,5549,103201,NA,NA,TRUE,4157,4157,2414,"Joventut Badalona","Joventut","JOV",4150,2407,"UCAM Murcia","UCAM Murcia","UCM",1,94,12000,10,21,47,27,39,69,10,18,55,29,6,35,22,9,9,8,3,1,3,20,19,121,130,-1,0,13,0,94,68,2,2319,1,28,8,40,7,36,10
2003751,1,"Liga Nacional","Liga Endesa",-402534000,NA,"https://www.acb.com/Documentos/Cabeceras/logo-competicion-1b.png","https://www.acb.com/Documentos/Cabeceras/logo-competicion-4a.png",87,2022,107,NA,NA,5549,103202,NA,NA,TRUE,4153,4153,2410,"Río Breogán","Río Breogán","BRE",4145,2419,"Real Betis Baloncesto","Betis","BET",1,114,15000,14,28,50,28,45,62,16,24,66,24,6,30,26,13,14,10,2,4,4,20,23,131,-5,-1,13,0,0,114,115,5,2080,10,11,24,48,9,51,7
2003752,1,"Liga Nacional","Liga Endesa",-402534000,NA,"https://www.acb.com/Documentos/Cabeceras/logo-competicion-1b.png","https://www.acb.com/Documentos/Cabeceras/logo-competicion-4a.png",87,2022,107,NA,NA,5549,103202,NA,NA,FALSE,4145,4153,2410,"Río Breogán","Río Breogán","BRE",4145,2419,"Real Betis Baloncesto","Betis","BET",1,115,15000,11,27,40,34,54,62,14,20,70,24,15,39,24,10,16,2,4,2,1,23,19,128,5,-1,0,13,0,115,114,4,336,11,4,14,56,19,46,10
2003781,1,"Liga Nacional","Liga Endesa",-402534000,NA,"https://www.acb.com/Documentos/Cabeceras/logo-competicion-1b.png","https://www.acb.com/Documentos/Cabeceras/logo-competicion-4a.png",87,2022,107,NA,NA,5549,103203,NA,NA,TRUE,4144,4144,2400,"Casademont Zaragoza","Casademont Zgz","CAZ",4147,2404,"Barça","Barça","BAR",1,85,12000,5,18,27,25,40,62,20,29,68,28,5,33,17,13,14,6,7,0,2,21,27,110,10,-1,0,13,0,85,83,3,2211,1,25,15,48,7,31,10
2003782,1,"Liga Nacional","Liga Endesa",-402534000,NA,"https://www.acb.com/Documentos/Cabeceras/logo-competicion-1b.png","https://www.acb.com/Documentos/Cabeceras/logo-competicion-4a.png",87,2022,107,NA,NA,5549,103203,NA,NA,FALSE,4147,4144,2400,"Casademont Zaragoza","Casademont Zgz","CAZ",4147,2404,"Barça","Barça","BAR",1,83,12000,13,39,33,13,28,46,18,22,81,24,13,37,20,13,17,4,0,6,3,28,21,78,-10,-1,13,0,0,83,85,4,48,0,2,16,22,11,29,6
2003497,1,"Liga Nacional","Liga Endesa",-402534000,NA,"https://www.acb.com/Documentos/Cabeceras/logo-competicion-1b.png","https://www.acb.com/Documentos/Cabeceras/logo-competicion-4a.png",87,2022,107,NA,NA,5549,103204,NA,NA,TRUE,4155,4155,2412,"BAXI Manresa","BAXI Manresa","BAX",4146,2403,"Carplus Fuenlabrada","Carplus Fuenla","FUE",1,92,12000,4,14,28,33,56,58,14,21,66,25,11,36,19,8,14,6,4,1,4,23,24,105,70,-1,0,13,0,92,78,1,1977,2,19,18,56,15,50,11
2003498,1,"Liga Nacional","Liga Endesa",-402534000,NA,"https://www.acb.com/Documentos/Cabeceras/logo-competicion-1b.png","https://www.acb.com/Documentos/Cabeceras/logo-competicion-4a.png",87,2022,107,NA,NA,5549,103204,NA,NA,FALSE,4146,4155,2412,"BAXI Manresa","BAXI Manresa","BAX",4146,2403,"Carplus Fuenlabrada","Carplus Fuenla","FUE",1,78,12000,5,17,29,23,46,50,17,25,68,24,12,36,16,9,21,4,1,4,4,24,23,71,-70,-1,13,0,0,78,92,5,369,1,7,10,42,8,20,8
2003468,1,"Liga Nacional","Liga Endesa",-402534000,NA,"https://www.acb.com/Documentos/Cabeceras/logo-competicion-1b.png","https://www.acb.com/Documentos/Cabeceras/logo-competicion-4a.png",87,2022,107,NA,NA,5549,103205,NA,NA,FALSE,4143,4152,2409,"Unicaja","Unicaja","UNI",4143,2399,"Bàsquet Girona","Bàsquet Girona","GIR",1,70,12000,4,16,25,22,40,55,14,20,70,22,9,31,14,8,17,5,5,2,5,19,19,73,-120,-1,13,0,0,70,94,5,50,0,2,2,38,6,35,5
2003467,1,"Liga Nacional","Liga Endesa",-402534000,NA,"https://www.acb.com/Documentos/Cabeceras/logo-competicion-1b.png","https://www.acb.com/Documentos/Cabeceras/logo-competicion-4a.png",87,2022,107,NA,NA,5549,103205,NA,NA,TRUE,4152,4152,2409,"Unicaja","Unicaja","UNI",4143,2399,"Bàsquet Girona","Bàsquet Girona","GIR",1,94,12000,9,30,30,27,43,62,13,18,72,22,17,39,18,15,9,15,2,5,3,19,19,112,120,-1,0,13,0,94,70,2,2309,1,25,13,44,9,58,8
2005883,1,"Liga Nacional","Liga Endesa",-402534000,NA,"https://www.acb.com/Documentos/Cabeceras/logo-competicion-1b.png","https://www.acb.com/Documentos/Cabeceras/logo-competicion-4a.png",87,2022,107,NA,NA,5548,103150,NA,NA,FALSE,4153,4146,2403,"Carplus Fuenlabrada","Carplus Fuenla","FUE",4153,2410,"Río Breogán","Río Breogán","BRE",1,92,12000,10,19,52,23,47,48,16,22,72,30,12,42,22,8,13,12,2,3,6,15,19,115,95,-1,0,12,0,92,73,3,2002,7,25,11,42,12,24,13
2005882,1,"Liga Nacional","Liga Endesa",-402534000,NA,"https://www.acb.com/Documentos/Cabeceras/logo-competicion-1b.png","https://www.acb.com/Documentos/Cabeceras/logo-competicion-4a.png",87,2022,107,NA,NA,5548,103150,NA,NA,TRUE,4146,4146,2403,"Carplus Fuenlabrada","Carplus Fuenla","FUE",4153,2410,"Río Breogán","Río Breogán","BRE",1,73,12000,7,29,24,23,41,56,6,12,50,21,11,32,20,13,13,13,4,2,3,20,15,76,-95,-1,13,0,0,73,92,4,259,6,2,17,38,11,25,7
2005768,1,"Liga Nacional","Liga Endesa",-402534000,NA,"https://www.acb.com/Documentos/Cabeceras/logo-competicion-1b.png","https://www.acb.com/Documentos/Cabeceras/logo-competicion-4a.png",87,2022,107,NA,NA,5548,103151,NA,NA,TRUE,4147,4147,2404,"Barça","Barça","BAR",4155,2412,"BAXI Manresa","BAXI Manresa","BAX",1,93,12000,10,17,58,22,36,61,19,26,73,29,3,32,18,10,15,4,2,2,2,15,22,117,105,-1,0,13,0,93,72,1,2386,0,33,12,32,5,39,14
2005769,1,"Liga Nacional","Liga Endesa",-402534000,NA,"https://www.acb.com/Documentos/Cabeceras/logo-competicion-1b.png","https://www.acb.com/Documentos/Cabeceras/logo-competicion-4a.png",87,2022,107,NA,NA,5548,103151,NA,NA,FALSE,4155,4147,2404,"Barça","Barça","BAR",4155,2412,"BAXI Manresa","BAXI Manresa","BAX",1,72,12000,5,20,25,24,48,50,9,10,90,18,9,27,17,14,14,2,3,1,3,22,15,71,-105,-1,13,0,0,72,93,3,0,0,0,4,42,9,34,9
2005634,1,"Liga Nacional","Liga Endesa",-402534000,NA,"https://www.acb.com/Documentos/Cabeceras/logo-competicion-1b.png","https://www.acb.com/Documentos/Cabeceras/logo-competicion-4a.png",87,2022,107,NA,NA,5548,103152,NA,NA,FALSE,4154,4145,2419,"Real Betis Baloncesto","Betis","BET",4154,2364,"Cazoo Baskonia","Cazoo Baskonia","BKN",1,83,12000,15,31,48,13,23,56,12,16,75,25,9,34,20,7,12,2,5,2,0,17,16,104,60,-1,0,12,0,83,71,2,1820,1,17,4,24,7,43,11
2005633,1,"Liga Nacional","Liga Endesa",-402534000,NA,"https://www.acb.com/Documentos/Cabeceras/logo-competicion-1b.png","https://www.acb.com/Documentos/Cabeceras/logo-competicion-4a.png",87,2022,107,NA,NA,5548,103152,NA,NA,TRUE,4145,4145,2419,"Real Betis Baloncesto","Betis","BET",4154,2364,"Cazoo Baskonia","Cazoo Baskonia","BKN",1,71,12000,10,29,34,17,34,50,7,12,58,16,14,30,13,7,8,2,2,5,3,16,17,70,-60,-1,13,0,0,71,83,3,366,1,6,7,34,9,25,10
2005215,1,"Liga Nacional","Liga Endesa",-402534000,NA,"https://www.acb.com/Documentos/Cabeceras/logo-competicion-1b.png","https://www.acb.com/Documentos/Cabeceras/logo-competicion-4a.png",87,2022,107,NA,NA,5548,103153,NA,NA,FALSE,4148,4149,2406,"Real Madrid","Real Madrid","RMB",4148,2405,"Surne Bilbao Basket","Surne Bilbao","SBB",1,65,12000,6,22,27,20,40,50,7,7,100,21,9,30,15,11,17,8,3,3,3,18,17,67,-105,-1,12,0,0,65,86,3,694,0,6,10,34,11,24,6
2005214,1,"Liga Nacional","Liga Endesa",-402534000,NA,"https://www.acb.com/Documentos/Cabeceras/logo-competicion-1b.png","https://www.acb.com/Documentos/Cabeceras/logo-competicion-4a.png",87,2022,107,NA,NA,5548,103153,NA,NA,TRUE,4149,4149,2406,"Real Madrid","Real Madrid","RMB",4148,2405,"Surne Bilbao Basket","Surne Bilbao","SBB",1,86,12000,9,27,33,24,40,60,11,13,84,27,14,41,16,13,13,13,3,3,5,17,18,108,105,-1,0,13,0,86,65,2,1662,1,25,13,46,17,48,12
2005246,1,"Liga Nacional","Liga Endesa",-402534000,NA,"https://www.acb.com/Documentos/Cabeceras/logo-competicion-1b.png","https://www.acb.com/Documentos/Cabeceras/logo-competicion-4a.png",87,2022,107,NA,NA,5548,103154,NA,NA,FALSE,4156,4143,2399,"Bàsquet Girona","Bàsquet Girona","GIR",4156,2413,"Valencia Basket","Valencia Basket","VBC",1,79,12000,11,31,35,16,35,45,14,16,87,30,8,38,18,13,13,15,2,2,0,15,20,99,20,-1,0,13,0,79,75,4,2399,0,16,8,28,5,42,9
2005245,1,"Liga Nacional","Liga Endesa",-402534000,NA,"https://www.acb.com/Documentos/Cabeceras/logo-competicion-1b.png","https://www.acb.com/Documentos/Cabeceras/logo-competicion-4a.png",87,2022,107,NA,NA,5548,103154,NA,NA,TRUE,4143,4143,2399,"Bàsquet Girona","Bàsquet Girona","GIR",4156,2413,"Valencia Basket","Valencia Basket","VBC",1,75,12000,7,24,29,25,45,55,4,9,44,30,7,37,14,12,13,6,2,2,3,20,15,78,-20,-1,13,0,0,75,79,5,0,0,0,13,42,6,24,11
2005274,1,"Liga Nacional","Liga Endesa",-402534000,NA,"https://www.acb.com/Documentos/Cabeceras/logo-competicion-1b.png","https://www.acb.com/Documentos/Cabeceras/logo-competicion-4a.png",87,2022,107,NA,NA,5548,103177,NA,NA,FALSE,4152,4150,2407,"UCAM Murcia","UCAM Murcia","UCM",4152,2409,"Unicaja","Unicaja","UNI",1,80,12000,8,28,28,19,30,63,18,28,64,25,4,29,13,9,9,13,1,1,2,22,25,84,-25,-1,13,0,0,80,85,4,118,1,3,4,36,0,43,7
2005273,1,"Liga Nacional","Liga Endesa",-402534000,NA,"https://www.acb.com/Documentos/Cabeceras/logo-competicion-1b.png","https://www.acb.com/Documentos/Cabeceras/logo-competicion-4a.png",87,2022,107,NA,NA,5548,103177,NA,NA,TRUE,4150,4150,2407,"UCAM Murcia","UCAM Murcia","UCM",4152,2409,"Unicaja","Unicaja","UNI",1,85,12000,13,30,43,16,35,45,14,17,82,29,8,37,21,7,12,0,1,1,3,26,22,95,25,-1,0,13,0,85,80,4,2128,2,14,6,30,4,31,8
2004963,1,"Liga Nacional","Liga Endesa",-402534000,NA,"https://www.acb.com/Documentos/Cabeceras/logo-competicion-1b.png","https://www.acb.com/Documentos/Cabeceras/logo-competicion-4a.png",87,2022,107,NA,NA,5548,103156,NA,NA,FALSE,4157,4158,2415,"Lenovo Tenerife","Lenovo Tenerife","LNT",4157,2414,"Joventut Badalona","Joventut","JOV",1,68,12000,6,21,28,16,33,48,18,24,75,24,8,32,12,8,14,8,1,2,0,23,24,68,-85,-1,13,0,0,68,85,3,71,0,4,6,32,7,18,7
2004962,1,"Liga Nacional","Liga Endesa",-402534000,NA,"https://www.acb.com/Documentos/Cabeceras/logo-competicion-1b.png","https://www.acb.com/Documentos/Cabeceras/logo-competicion-4a.png",87,2022,107,NA,NA,5548,103156,NA,NA,TRUE,4158,4158,2415,"Lenovo Tenerife","Lenovo Tenerife","LNT",4157,2414,"Joventut Badalona","Joventut","JOV",1,85,12000,11,31,35,17,28,60,18,23,78,26,8,34,21,7,9,4,2,1,3,24,23,102,85,-1,0,13,0,85,68,1,2278,1,20,8,32,5,41,9
2004934,1,"Liga Nacional","Liga Endesa",-402534000,NA,"https://www.acb.com/Documentos/Cabeceras/logo-competicion-1b.png","https://www.acb.com/Documentos/Cabeceras/logo-competicion-4a.png",87,2022,107,NA,NA,5548,103176,NA,NA,TRUE,4144,4144,2400,"Casademont Zaragoza","Casademont Zgz","CAZ",4151,2408,"Monbus Obradoiro","Monbus Obra","MOB",1,78,12000,7,20,35,19,44,43,19,28,67,23,10,33,12,9,12,4,6,3,3,22,22,76,-5,-1,13,0,0,78,79,5,89,2,1,15,34,7,55,9
2004935,1,"Liga Nacional","Liga Endesa",-402534000,NA,"https://www.acb.com/Documentos/Cabeceras/logo-competicion-1b.png","https://www.acb.com/Documentos/Cabeceras/logo-competicion-4a.png",87,2022,107,NA,NA,5548,103176,NA,NA,FALSE,4151,4144,2400,"Casademont Zaragoza","Casademont Zgz","CAZ",4151,2408,"Monbus Obradoiro","Monbus Obra","MOB",1,79,12000,10,27,37,14,29,48,21,26,80,32,10,42,13,7,16,2,3,6,0,22,20,83,5,-1,0,13,0,79,78,3,2089,2,18,5,24,7,21,15
2004795,1,"Liga Nacional","Liga Endesa",-402534000,NA,"https://www.acb.com/Documentos/Cabeceras/logo-competicion-1b.png","https://www.acb.com/Documentos/Cabeceras/logo-competicion-4a.png",87,2022,107,NA,NA,5548,103194,NA,NA,FALSE,4159,4160,2417,"Coviran Granada","Coviran Granada","COV",4159,2496,"Gran Canaria","Gran Canaria","GCA",1,66,12000,8,39,20,13,31,41,16,18,88,27,17,44,15,13,20,2,4,2,2,28,24,65,-70,-1,13,0,0,66,80,5,193,0,5,6,22,14,34,7
2004794,1,"Liga Nacional","Liga Endesa",-402534000,NA,"https://www.acb.com/Documentos/Cabeceras/logo-competicion-1b.png","https://www.acb.com/Documentos/Cabeceras/logo-competicion-4a.png",87,2022,107,NA,NA,5548,103194,NA,NA,TRUE,4160,4160,2417,"Coviran Granada","Coviran Granada","COV",4159,2496,"Gran Canaria","Gran Canaria","GCA",1,80,12000,9,20,45,18,36,50,17,31,54,29,8,37,26,9,17,6,2,4,7,24,25,91,70,-1,0,13,0,80,66,3,2150,1,21,9,30,8,28,16
2007066,1,"Liga Nacional","Liga Endesa",-402534000,NA,"https://www.acb.com/Documentos/Cabeceras/logo-competicion-1b.png","https://www.acb.com/Documentos/Cabeceras/logo-competicion-4a.png",87,2022,107,NA,NA,5547,103142,NA,NA,FALSE,4154,4149,2406,"Real Madrid","Real Madrid","RMB",4154,2364,"Cazoo Baskonia","Cazoo Baskonia","BKN",1,95,12000,7,26,26,28,49,57,18,25,72,30,10,40,16,14,11,6,7,6,3,27,22,103,35,-1,0,12,0,95,88,3,929,4,8,12,52,8,41,10
2007065,1,"Liga Nacional","Liga Endesa",-402534000,NA,"https://www.acb.com/Documentos/Cabeceras/logo-competicion-1b.png","https://www.acb.com/Documentos/Cabeceras/logo-competicion-4a.png",87,2022,107,NA,NA,5547,103142,NA,NA,TRUE,4149,4149,2406,"Real Madrid","Real Madrid","RMB",4154,2364,"Cazoo Baskonia","Cazoo Baskonia","BKN",1,88,12000,8,27,29,21,40,52,22,28,78,33,9,42,16,9,17,8,6,7,4,23,26,96,-35,-1,13,0,0,88,95,4,1301,4,15,11,42,6,27,9
2006957,1,"Liga Nacional","Liga Endesa",-402534000,NA,"https://www.acb.com/Documentos/Cabeceras/logo-competicion-1b.png","https://www.acb.com/Documentos/Cabeceras/logo-competicion-4a.png",87,2022,107,NA,NA,5547,103141,NA,NA,FALSE,4160,4156,2413,"Valencia Basket","Valencia Basket","VBC",4160,2417,"Coviran Granada","Coviran Granada","COV",1,72,12000,4,26,15,22,34,64,16,20,80,27,10,37,16,7,20,8,2,1,1,16,20,79,-40,-1,12,0,0,72,80,4,0,0,0,11,40,4,37,9
2006956,1,"Liga Nacional","Liga Endesa",-402534000,NA,"https://www.acb.com/Documentos/Cabeceras/logo-competicion-1b.png","https://www.acb.com/Documentos/Cabeceras/logo-competicion-4a.png",87,2022,107,NA,NA,5547,103141,NA,NA,TRUE,4156,4156,2413,"Valencia Basket","Valencia Basket","VBC",4160,2417,"Coviran Granada","Coviran Granada","COV",1,80,12000,4,25,16,26,39,66,16,18,88,23,6,29,18,15,10,6,1,2,4,20,16,91,40,-1,0,13,0,80,72,2,2348,0,18,12,44,10,35,10
2006872,1,"Liga Nacional","Liga Endesa",-402534000,NA,"https://www.acb.com/Documentos/Cabeceras/logo-competicion-1b.png","https://www.acb.com/Documentos/Cabeceras/logo-competicion-4a.png",87,2022,107,NA,NA,5547,103143,NA,NA,TRUE,4152,4152,2409,"Unicaja","Unicaja","UNI",4147,2404,"Barça","Barça","BAR",1,81,12000,12,26,46,19,40,47,7,11,63,18,8,26,18,10,10,7,1,2,3,19,18,84,-25,-1,13,0,0,81,86,5,1051,2,11,14,26,7,29,6
2006873,1,"Liga Nacional","Liga Endesa",-402534000,NA,"https://www.acb.com/Documentos/Cabeceras/logo-competicion-1b.png","https://www.acb.com/Documentos/Cabeceras/logo-competicion-4a.png",87,2022,107,NA,NA,5547,103143,NA,NA,FALSE,4147,4152,2409,"Unicaja","Unicaja","UNI",4147,2404,"Barça","Barça","BAR",1,86,12000,10,23,43,22,35,62,12,14,85,26,8,34,20,5,17,2,2,1,2,18,19,102,25,-1,0,13,0,86,81,4,1304,2,9,5,28,5,30,12
2006597,1,"Liga Nacional","Liga Endesa",-402534000,NA,"https://www.acb.com/Documentos/Cabeceras/logo-competicion-1b.png","https://www.acb.com/Documentos/Cabeceras/logo-competicion-4a.png",87,2022,107,NA,NA,5547,103144,NA,NA,TRUE,4148,4148,2405,"Surne Bilbao Basket","Surne Bilbao","SBB",4143,2399,"Bàsquet Girona","Bàsquet Girona","GIR",1,84,12000,11,29,37,18,36,50,15,21,71,28,14,42,17,8,14,0,3,1,3,23,22,96,35,-1,0,13,0,84,77,2,1930,5,11,4,36,15,45,13
2006598,1,"Liga Nacional","Liga Endesa",-402534000,NA,"https://www.acb.com/Documentos/Cabeceras/logo-competicion-1b.png","https://www.acb.com/Documentos/Cabeceras/logo-competicion-4a.png",87,2022,107,NA,NA,5547,103144,NA,NA,FALSE,4143,4148,2405,"Surne Bilbao Basket","Surne Bilbao","SBB",4143,2399,"Bàsquet Girona","Bàsquet Girona","GIR",1,77,12000,3,17,17,23,53,43,22,29,75,23,19,42,12,10,9,4,1,3,2,22,23,80,-35,-1,13,0,0,77,84,5,92,5,2,14,42,8,29,6
2006625,1,"Liga Nacional","Liga Endesa",-402534000,NA,"https://www.acb.com/Documentos/Cabeceras/logo-competicion-1b.png","https://www.acb.com/Documentos/Cabeceras/logo-competicion-4a.png",87,2022,107,NA,NA,5547,103145,NA,NA,TRUE,4153,4153,2410,"Río Breogán","Río Breogán","BRE",4144,2400,"Casademont Zaragoza","Casademont Zgz","CAZ",1,71,12000,6,25,24,23,41,56,7,14,50,20,14,34,11,6,11,6,0,6,2,21,19,59,-80,-1,12,0,0,71,87,4,0,0,0,4,36,10,16,5
2006626,1,"Liga Nacional","Liga Endesa",-402534000,NA,"https://www.acb.com/Documentos/Cabeceras/logo-competicion-1b.png","https://www.acb.com/Documentos/Cabeceras/logo-competicion-4a.png",87,2022,107,NA,NA,5547,103145,NA,NA,FALSE,4144,4153,2410,"Río Breogán","Río Breogán","BRE",4144,2400,"Casademont Zaragoza","Casademont Zgz","CAZ",1,87,12000,8,25,32,26,34,76,11,18,61,26,6,32,17,12,7,7,6,0,4,19,20,116,80,-1,0,13,0,87,71,2,2349,0,19,18,40,2,28,8
2006401,1,"Liga Nacional","Liga Endesa",-402534000,NA,"https://www.acb.com/Documentos/Cabeceras/logo-competicion-1b.png","https://www.acb.com/Documentos/Cabeceras/logo-competicion-4a.png",87,2022,107,NA,NA,5547,103146,NA,NA,TRUE,4159,4159,2496,"Gran Canaria","Gran Canaria","GCA",4150,2407,"UCAM Murcia","UCAM Murcia","UCM",1,107,12000,12,25,48,25,43,58,21,29,72,25,12,37,18,4,8,0,4,3,4,21,27,126,90,-1,0,13,0,107,89,1,1813,2,23,10,42,9,45,11
2006402,1,"Liga Nacional","Liga Endesa",-402534000,NA,"https://www.acb.com/Documentos/Cabeceras/logo-competicion-1b.png","https://www.acb.com/Documentos/Cabeceras/logo-competicion-4a.png",87,2022,107,NA,NA,5547,103146,NA,NA,FALSE,4150,4159,2496,"Gran Canaria","Gran Canaria","GCA",4150,2407,"UCAM Murcia","UCAM Murcia","UCM",1,89,12000,15,37,40,14,34,41,16,21,76,22,15,37,16,8,10,7,3,4,1,29,21,84,-90,-1,13,0,0,89,107,5,518,1,8,7,24,9,33,8
2006316,1,"Liga Nacional","Liga Endesa",-402534000,NA,"https://www.acb.com/Documentos/Cabeceras/logo-competicion-1b.png","https://www.acb.com/Documentos/Cabeceras/logo-competicion-4a.png",87,2022,107,NA,NA,5547,103147,NA,NA,FALSE,4146,4157,2414,"Joventut Badalona","Joventut","JOV",4146,2403,"Carplus Fuenlabrada","Carplus Fuenla","FUE",1,86,12000,6,14,42,21,41,51,26,30,86,21,5,26,21,11,15,6,4,6,1,20,23,98,-85,-1,13,0,0,86,103,4,0,0,0,7,38,0,11,7
2006315,1,"Liga Nacional","Liga Endesa",-402534000,NA,"https://www.acb.com/Documentos/Cabeceras/logo-competicion-1b.png","https://www.acb.com/Documentos/Cabeceras/logo-competicion-4a.png",87,2022,107,NA,NA,5547,103147,NA,NA,TRUE,4157,4157,2414,"Joventut Badalona","Joventut","JOV",4146,2403,"Carplus Fuenlabrada","Carplus Fuenla","FUE",1,103,12000,10,25,40,29,52,55,15,21,71,24,21,45,24,9,13,8,6,4,3,23,20,123,85,-1,0,13,0,103,86,2,2320,0,20,11,52,26,33,7
2006074,1,"Liga Nacional","Liga Endesa",-402534000,NA,"https://www.acb.com/Documentos/Cabeceras/logo-competicion-1b.png","https://www.acb.com/Documentos/Cabeceras/logo-competicion-4a.png",87,2022,107,NA,NA,5547,103148,NA,NA,FALSE,4145,4155,2412,"BAXI Manresa","BAXI Manresa","BAX",4145,2419,"Real Betis Baloncesto","Betis","BET",1,84,12000,7,28,25,26,46,56,11,15,73,29,9,38,16,14,15,4,1,2,0,21,20,90,-35,-1,11,0,0,84,91,4,0,0,0,6,52,10,19,9
2006073,1,"Liga Nacional","Liga Endesa",-402534000,NA,"https://www.acb.com/Documentos/Cabeceras/logo-competicion-1b.png","https://www.acb.com/Documentos/Cabeceras/logo-competicion-4a.png",87,2022,107,NA,NA,5547,103148,NA,NA,TRUE,4155,4155,2412,"BAXI Manresa","BAXI Manresa","BAX",4145,2419,"Real Betis Baloncesto","Betis","BET",1,91,12000,12,34,35,20,37,54,15,19,78,33,10,43,18,8,16,8,2,1,2,20,21,103,35,-1,0,13,0,91,84,3,2341,0,15,8,32,9,22,7
2006046,1,"Liga Nacional","Liga Endesa",-402534000,NA,"https://www.acb.com/Documentos/Cabeceras/logo-competicion-1b.png","https://www.acb.com/Documentos/Cabeceras/logo-competicion-4a.png",87,2022,107,NA,NA,5547,103149,NA,NA,FALSE,4158,4151,2408,"Monbus Obradoiro","Monbus Obra","MOB",4158,2415,"Lenovo Tenerife","Lenovo Tenerife","LNT",1,78,12000,9,26,34,20,27,74,11,14,78,29,2,31,23,8,11,0,3,0,4,17,12,100,100,-1,0,13,0,78,58,2,2400,0,29,9,34,2,41,8
2006045,1,"Liga Nacional","Liga Endesa",-402534000,NA,"https://www.acb.com/Documentos/Cabeceras/logo-competicion-1b.png","https://www.acb.com/Documentos/Cabeceras/logo-competicion-4a.png",87,2022,107,NA,NA,5547,103149,NA,NA,TRUE,4151,4151,2408,"Monbus Obradoiro","Monbus Obra","MOB",4158,2415,"Lenovo Tenerife","Lenovo Tenerife","LNT",1,58,12000,8,29,27,15,35,42,4,6,66,21,11,32,13,7,12,4,0,3,0,12,17,57,-100,-1,13,0,0,58,78,5,0,0,0,5,28,4,25,9
2008389,1,"Liga Nacional","Liga Endesa",-402534000,NA,"https://www.acb.com/Documentos/Cabeceras/logo-competicion-1b.png","https://www.acb.com/Documentos/Cabeceras/logo-competicion-4a.png",87,2022,107,NA,NA,5546,103170,NA,NA,FALSE,4156,4144,2400,"Casademont Zaragoza","Casademont Zgz","CAZ",4156,2413,"Valencia Basket","Valencia Basket","VBC",1,75,12000,10,35,28,16,31,51,13,20,65,22,11,33,16,12,13,2,1,3,0,20,20,74,-55,-1,13,0,0,75,86,3,345,6,4,7,20,10,47,5
2008388,1,"Liga Nacional","Liga Endesa",-402534000,NA,"https://www.acb.com/Documentos/Cabeceras/logo-competicion-1b.png","https://www.acb.com/Documentos/Cabeceras/logo-competicion-4a.png",87,2022,107,NA,NA,5546,103170,NA,NA,TRUE,4144,4144,2400,"Casademont Zaragoza","Casademont Zgz","CAZ",4156,2413,"Valencia Basket","Valencia Basket","VBC",1,86,12000,9,21,42,24,39,61,11,16,68,31,8,39,21,8,15,7,3,1,3,21,19,107,55,-1,0,13,0,86,75,3,1710,7,12,8,40,6,39,10
2008222,1,"Liga Nacional","Liga Endesa",-402534000,NA,"https://www.acb.com/Documentos/Cabeceras/logo-competicion-1b.png","https://www.acb.com/Documentos/Cabeceras/logo-competicion-4a.png",87,2022,107,NA,NA,5546,103171,NA,NA,FALSE,4149,4146,2403,"Carplus Fuenlabrada","Carplus Fuenla","FUE",4149,2406,"Real Madrid","Real Madrid","RMB",1,102,12000,13,35,37,22,33,66,19,28,67,28,12,40,25,14,14,8,10,1,6,16,21,139,120,-1,0,13,0,102,78,1,2360,0,31,17,40,12,51,13
2008221,1,"Liga Nacional","Liga Endesa",-402534000,NA,"https://www.acb.com/Documentos/Cabeceras/logo-competicion-1b.png","https://www.acb.com/Documentos/Cabeceras/logo-competicion-4a.png",87,2022,107,NA,NA,5546,103171,NA,NA,TRUE,4146,4146,2403,"Carplus Fuenlabrada","Carplus Fuenla","FUE",4149,2406,"Real Madrid","Real Madrid","RMB",1,78,12000,5,23,21,26,49,53,11,15,73,23,14,37,17,9,17,6,1,10,9,22,16,64,-120,-1,13,0,0,78,102,4,0,0,0,17,50,8,22,7
2008113,1,"Liga Nacional","Liga Endesa",-402534000,NA,"https://www.acb.com/Documentos/Cabeceras/logo-competicion-1b.png","https://www.acb.com/Documentos/Cabeceras/logo-competicion-4a.png",87,2022,107,NA,NA,5546,103172,NA,NA,TRUE,4154,4154,2364,"Cazoo Baskonia","Cazoo Baskonia","BKN",4148,2405,"Surne Bilbao Basket","Surne Bilbao","SBB",1,100,12000,13,25,52,20,35,57,21,25,84,26,9,35,16,7,9,4,3,0,6,16,22,127,110,-1,0,12,0,100,78,3,2317,1,31,7,36,15,43,10
2008114,1,"Liga Nacional","Liga Endesa",-402534000,NA,"https://www.acb.com/Documentos/Cabeceras/logo-competicion-1b.png","https://www.acb.com/Documentos/Cabeceras/logo-competicion-4a.png",87,2022,107,NA,NA,5546,103172,NA,NA,FALSE,4148,4154,2364,"Cazoo Baskonia","Cazoo Baskonia","BKN",4148,2405,"Surne Bilbao Basket","Surne Bilbao","SBB",1,78,12000,8,26,30,22,37,59,10,14,71,17,9,26,14,7,7,5,1,2,2,22,16,74,-110,-1,13,0,0,78,100,3,83,0,4,7,30,10,45,11
2007895,1,"Liga Nacional","Liga Endesa",-402534000,NA,"https://www.acb.com/Documentos/Cabeceras/logo-competicion-1b.png","https://www.acb.com/Documentos/Cabeceras/logo-competicion-4a.png",87,2022,107,NA,NA,5546,103173,NA,NA,TRUE,4158,4158,2415,"Lenovo Tenerife","Lenovo Tenerife","LNT",4159,2496,"Gran Canaria","Gran Canaria","GCA",1,81,12000,8,23,34,17,35,48,23,30,76,23,9,32,12,10,9,2,2,3,2,22,24,87,20,-1,0,13,0,81,77,4,2153,3,9,6,18,5,43,7
2007896,1,"Liga Nacional","Liga Endesa",-402534000,NA,"https://www.acb.com/Documentos/Cabeceras/logo-competicion-1b.png","https://www.acb.com/Documentos/Cabeceras/logo-competicion-4a.png",87,2022,107,NA,NA,5546,103173,NA,NA,FALSE,4159,4158,2415,"Lenovo Tenerife","Lenovo Tenerife","LNT",4159,2496,"Gran Canaria","Gran Canaria","GCA",1,77,12000,8,27,29,19,34,55,15,18,83,24,10,34,17,5,14,4,3,2,7,26,21,78,-20,-1,13,0,0,77,81,5,152,3,3,0,32,4,22,8
2007844,1,"Liga Nacional","Liga Endesa",-402534000,NA,"https://www.acb.com/Documentos/Cabeceras/logo-competicion-1b.png","https://www.acb.com/Documentos/Cabeceras/logo-competicion-4a.png",87,2022,107,NA,NA,5546,103158,NA,NA,FALSE,4152,4145,2419,"Real Betis Baloncesto","Betis","BET",4152,2409,"Unicaja","Unicaja","UNI",1,79,12000,6,26,23,26,37,70,9,15,60,30,13,43,23,9,18,6,3,1,3,22,19,98,65,-1,0,13,0,79,66,3,2288,1,15,14,34,10,23,8
2007843,1,"Liga Nacional","Liga Endesa",-402534000,NA,"https://www.acb.com/Documentos/Cabeceras/logo-competicion-1b.png","https://www.acb.com/Documentos/Cabeceras/logo-competicion-4a.png",87,2022,107,NA,NA,5546,103158,NA,NA,TRUE,4145,4145,2419,"Real Betis Baloncesto","Betis","BET",4152,2409,"Unicaja","Unicaja","UNI",1,66,12000,7,24,29,14,38,36,17,26,65,17,14,31,5,11,14,0,1,3,2,19,21,49,-65,-1,11,0,0,66,79,4,3,0,2,14,28,8,6,8
2007564,1,"Liga Nacional","Liga Endesa",-402534000,NA,"https://www.acb.com/Documentos/Cabeceras/logo-competicion-1b.png","https://www.acb.com/Documentos/Cabeceras/logo-competicion-4a.png",87,2022,107,NA,NA,5546,103157,NA,NA,FALSE,4150,4160,2417,"Coviran Granada","Coviran Granada","COV",4150,2407,"UCAM Murcia","UCAM Murcia","UCM",1,67,12000,8,29,27,15,29,51,13,19,68,28,3,31,12,10,18,4,3,2,0,20,18,60,-105,-1,13,0,0,67,88,4,0,0,0,4,24,3,18,8
2007563,1,"Liga Nacional","Liga Endesa",-402534000,NA,"https://www.acb.com/Documentos/Cabeceras/logo-competicion-1b.png","https://www.acb.com/Documentos/Cabeceras/logo-competicion-4a.png",87,2022,107,NA,NA,5546,103157,NA,NA,TRUE,4160,4160,2417,"Coviran Granada","Coviran Granada","COV",4150,2407,"UCAM Murcia","UCAM Murcia","UCM",1,88,12000,9,23,39,24,49,48,13,19,68,32,12,44,18,12,12,2,2,3,4,18,19,105,105,-1,0,13,0,88,67,3,2312,0,25,17,30,14,30,12
2007591,1,"Liga Nacional","Liga Endesa",-402534000,NA,"https://www.acb.com/Documentos/Cabeceras/logo-competicion-1b.png","https://www.acb.com/Documentos/Cabeceras/logo-competicion-4a.png",87,2022,107,NA,NA,5546,103174,NA,NA,TRUE,4147,4147,2404,"Barça","Barça","BAR",4157,2414,"Joventut Badalona","Joventut","JOV",1,87,12000,11,31,35,20,26,76,14,15,93,26,8,34,19,5,15,2,2,4,2,19,21,103,80,-1,0,13,0,87,71,3,1994,1,19,4,30,8,30,9
2007592,1,"Liga Nacional","Liga Endesa",-402534000,NA,"https://www.acb.com/Documentos/Cabeceras/logo-competicion-1b.png","https://www.acb.com/Documentos/Cabeceras/logo-competicion-4a.png",87,2022,107,NA,NA,5546,103174,NA,NA,FALSE,4157,4147,2404,"Barça","Barça","BAR",4157,2414,"Joventut Badalona","Joventut","JOV",1,71,12000,3,16,18,22,56,39,18,20,90,19,18,37,12,11,10,6,4,2,2,22,18,70,-80,-1,13,0,0,71,87,4,168,0,4,13,42,6,29,7
2007288,1,"Liga Nacional","Liga Endesa",-402534000,NA,"https://www.acb.com/Documentos/Cabeceras/logo-competicion-1b.png","https://www.acb.com/Documentos/Cabeceras/logo-competicion-4a.png",87,2022,107,NA,NA,5546,103140,NA,NA,TRUE,4151,4151,2408,"Monbus Obradoiro","Monbus Obra","MOB",4153,2410,"Río Breogán","Río Breogán","BRE",1,67,12000,14,35,40,8,19,42,9,14,64,27,7,34,14,4,13,0,3,0,1,18,17,71,-35,-1,13,0,0,67,74,4,1150,2,13,3,12,3,12,10
2007289,1,"Liga Nacional","Liga Endesa",-402534000,NA,"https://www.acb.com/Documentos/Cabeceras/logo-competicion-1b.png","https://www.acb.com/Documentos/Cabeceras/logo-competicion-4a.png",87,2022,107,NA,NA,5546,103140,NA,NA,FALSE,4153,4151,2408,"Monbus Obradoiro","Monbus Obra","MOB",4153,2410,"Río Breogán","Río Breogán","BRE",1,74,12000,11,29,37,16,34,47,9,14,64,26,9,35,17,10,8,8,0,3,2,18,18,84,35,-1,0,12,0,74,67,3,1183,2,8,13,30,2,23,8
2007315,1,"Liga Nacional","Liga Endesa",-402534000,NA,"https://www.acb.com/Documentos/Cabeceras/logo-competicion-1b.png","https://www.acb.com/Documentos/Cabeceras/logo-competicion-4a.png",87,2022,107,NA,NA,5546,103155,NA,NA,TRUE,4143,4143,2399,"Bàsquet Girona","Bàsquet Girona","GIR",4155,2412,"BAXI Manresa","BAXI Manresa","BAX",1,79,12000,6,28,21,21,44,47,19,28,67,24,16,40,19,9,12,4,4,1,1,18,26,92,-35,-1,13,0,0,79,86,5,63,1,2,6,42,16,20,7
2007316,1,"Liga Nacional","Liga Endesa",-402534000,NA,"https://www.acb.com/Documentos/Cabeceras/logo-competicion-1b.png","https://www.acb.com/Documentos/Cabeceras/logo-competicion-4a.png",87,2022,107,NA,NA,5546,103155,NA,NA,FALSE,4155,4143,2399,"Bàsquet Girona","Bàsquet Girona","GIR",4155,2412,"BAXI Manresa","BAXI Manresa","BAX",1,86,12000,8,28,28,25,39,64,12,19,63,29,12,41,15,8,13,11,1,4,4,27,18,84,35,-1,0,13,0,86,79,1,2083,1,17,11,34,11,39,9
2009790,1,"Liga Nacional","Liga Endesa",-402534000,NA,"https://www.acb.com/Documentos/Cabeceras/logo-competicion-1b.png","https://www.acb.com/Documentos/Cabeceras/logo-competicion-4a.png",87,2022,107,NA,NA,5545,103162,NA,NA,FALSE,4154,4156,2413,"Valencia Basket","Valencia Basket","VBC",4154,2364,"Cazoo Baskonia","Cazoo Baskonia","BKN",1,85,12000,14,36,38,13,24,54,17,19,89,29,8,37,18,7,20,9,2,2,2,21,15,86,20,-1,0,12,0,85,81,5,1242,7,9,9,22,4,63,11
2009789,1,"Liga Nacional","Liga Endesa",-402534000,NA,"https://www.acb.com/Documentos/Cabeceras/logo-competicion-1b.png","https://www.acb.com/Documentos/Cabeceras/logo-competicion-4a.png",87,2022,107,NA,NA,5545,103162,NA,NA,TRUE,4156,4156,2413,"Valencia Basket","Valencia Basket","VBC",4154,2364,"Cazoo Baskonia","Cazoo Baskonia","BKN",1,81,12000,6,22,27,25,39,64,13,19,68,25,3,28,21,13,15,18,3,2,3,16,21,98,-20,-1,13,0,0,81,85,4,928,7,6,17,50,0,23,11
2009649,1,"Liga Nacional","Liga Endesa",-402534000,NA,"https://www.acb.com/Documentos/Cabeceras/logo-competicion-1b.png","https://www.acb.com/Documentos/Cabeceras/logo-competicion-4a.png",87,2022,107,NA,NA,5545,103161,NA,NA,TRUE,4155,4155,2412,"BAXI Manresa","BAXI Manresa","BAX",4151,2408,"Monbus Obradoiro","Monbus Obra","MOB",1,80,12000,5,21,23,22,40,55,21,26,80,30,7,37,21,12,16,14,3,2,5,26,27,97,75,-1,0,13,0,80,65,3,2113,0,34,13,42,6,44,14
2009650,1,"Liga Nacional","Liga Endesa",-402534000,NA,"https://www.acb.com/Documentos/Cabeceras/logo-competicion-1b.png","https://www.acb.com/Documentos/Cabeceras/logo-competicion-4a.png",87,2022,107,NA,NA,5545,103161,NA,NA,FALSE,4151,4155,2412,"BAXI Manresa","BAXI Manresa","BAX",4151,2408,"Monbus Obradoiro","Monbus Obra","MOB",1,65,12000,6,30,20,16,33,48,15,21,71,29,10,39,12,6,20,8,2,3,1,27,26,53,-75,-1,13,0,0,65,80,4,0,0,0,4,32,4,42,13
2009369,1,"Liga Nacional","Liga Endesa",-402534000,NA,"https://www.acb.com/Documentos/Cabeceras/logo-competicion-1b.png","https://www.acb.com/Documentos/Cabeceras/logo-competicion-4a.png",87,2022,107,NA,NA,5545,103164,NA,NA,TRUE,4158,4158,2415,"Lenovo Tenerife","Lenovo Tenerife","LNT",4147,2404,"Barça","Barça","BAR",1,76,12000,5,20,25,23,42,54,15,18,83,21,9,30,16,8,8,0,2,3,4,18,20,86,-15,-1,13,0,0,76,79,3,369,3,6,7,36,8,48,8
2009370,1,"Liga Nacional","Liga Endesa",-402534000,NA,"https://www.acb.com/Documentos/Cabeceras/logo-competicion-1b.png","https://www.acb.com/Documentos/Cabeceras/logo-competicion-4a.png",87,2022,107,NA,NA,5545,103164,NA,NA,FALSE,4147,4158,2415,"Lenovo Tenerife","Lenovo Tenerife","LNT",4147,2404,"Barça","Barça","BAR",1,79,12000,9,24,37,21,36,58,10,14,71,23,11,34,16,7,9,4,3,2,2,20,18,92,15,-1,0,13,0,79,76,5,1869,3,12,2,36,17,23,8
2009284,1,"Liga Nacional","Liga Endesa",-402534000,NA,"https://www.acb.com/Documentos/Cabeceras/logo-competicion-1b.png","https://www.acb.com/Documentos/Cabeceras/logo-competicion-4a.png",87,2022,107,NA,NA,5545,103165,NA,NA,FALSE,4143,4150,2407,"UCAM Murcia","UCAM Murcia","UCM",4143,2399,"Bàsquet Girona","Bàsquet Girona","GIR",1,79,12000,6,26,23,21,40,52,19,30,63,23,10,33,14,11,12,6,3,0,5,21,25,82,-115,-1,13,0,0,79,102,4,63,3,2,4,38,11,33,6
2009283,1,"Liga Nacional","Liga Endesa",-402534000,NA,"https://www.acb.com/Documentos/Cabeceras/logo-competicion-1b.png","https://www.acb.com/Documentos/Cabeceras/logo-competicion-4a.png",87,2022,107,NA,NA,5545,103165,NA,NA,TRUE,4150,4150,2407,"UCAM Murcia","UCAM Murcia","UCM",4143,2399,"Bàsquet Girona","Bàsquet Girona","GIR",1,102,12000,13,31,41,23,43,53,17,22,77,31,15,46,26,6,10,2,0,3,2,25,21,120,115,-1,0,13,0,102,79,3,2147,3,23,8,40,9,42,13
2009228,1,"Liga Nacional","Liga Endesa",-402534000,NA,"https://www.acb.com/Documentos/Cabeceras/logo-competicion-1b.png","https://www.acb.com/Documentos/Cabeceras/logo-competicion-4a.png",87,2022,107,NA,NA,5545,103163,NA,NA,FALSE,4160,4149,2406,"Real Madrid","Real Madrid","RMB",4160,2417,"Coviran Granada","Coviran Granada","COV",1,75,12000,10,31,32,20,40,50,5,7,71,20,9,29,17,8,11,5,4,1,2,18,16,76,-165,-1,13,0,0,75,108,3,95,0,2,3,34,9,45,6
2009227,1,"Liga Nacional","Liga Endesa",-402534000,NA,"https://www.acb.com/Documentos/Cabeceras/logo-competicion-1b.png","https://www.acb.com/Documentos/Cabeceras/logo-competicion-4a.png",87,2022,107,NA,NA,5545,103163,NA,NA,TRUE,4149,4149,2406,"Real Madrid","Real Madrid","RMB",4160,2417,"Coviran Granada","Coviran Granada","COV",1,108,12000,14,29,48,27,41,65,12,19,63,31,13,44,25,9,11,6,1,3,9,17,18,138,165,-1,0,13,0,108,75,1,2264,1,35,18,48,13,67,10
2008974,1,"Liga Nacional","Liga Endesa",-402534000,NA,"https://www.acb.com/Documentos/Cabeceras/logo-competicion-1b.png","https://www.acb.com/Documentos/Cabeceras/logo-competicion-4a.png",87,2022,107,NA,NA,5545,103166,NA,NA,FALSE,4145,4159,2496,"Gran Canaria","Gran Canaria","GCA",4145,2419,"Real Betis Baloncesto","Betis","BET",1,71,12000,5,24,20,20,35,57,16,21,76,25,10,35,15,8,17,8,1,2,2,22,21,71,-80,-1,13,0,0,71,87,5,1058,2,16,8,34,6,22,10
2008973,1,"Liga Nacional","Liga Endesa",-402534000,NA,"https://www.acb.com/Documentos/Cabeceras/logo-competicion-1b.png","https://www.acb.com/Documentos/Cabeceras/logo-competicion-4a.png",87,2022,107,NA,NA,5545,103166,NA,NA,TRUE,4159,4159,2496,"Gran Canaria","Gran Canaria","GCA",4145,2419,"Real Betis Baloncesto","Betis","BET",1,87,12000,9,29,31,24,33,72,12,18,66,24,7,31,24,12,12,8,2,1,6,21,22,109,80,-1,0,13,0,87,71,3,1089,3,16,13,46,4,35,17
2008946,1,"Liga Nacional","Liga Endesa",-402534000,NA,"https://www.acb.com/Documentos/Cabeceras/logo-competicion-1b.png","https://www.acb.com/Documentos/Cabeceras/logo-competicion-4a.png",87,2022,107,NA,NA,5545,103169,NA,NA,FALSE,4144,4148,2405,"Surne Bilbao Basket","Surne Bilbao","SBB",4144,2400,"Casademont Zaragoza","Casademont Zgz","CAZ",1,68,12000,5,20,25,19,37,51,15,19,78,26,10,36,17,12,17,8,2,2,3,17,21,83,-65,-1,13,0,0,68,81,4,289,2,6,13,34,8,18,10
2008945,1,"Liga Nacional","Liga Endesa",-402534000,NA,"https://www.acb.com/Documentos/Cabeceras/logo-competicion-1b.png","https://www.acb.com/Documentos/Cabeceras/logo-competicion-4a.png",87,2022,107,NA,NA,5545,103169,NA,NA,TRUE,4148,4148,2405,"Surne Bilbao Basket","Surne Bilbao","SBB",4144,2400,"Casademont Zaragoza","Casademont Zgz","CAZ",1,81,12000,12,27,44,17,39,43,11,17,64,24,13,37,12,10,11,6,2,2,1,21,17,82,65,-1,0,13,0,81,68,2,1906,2,16,7,26,10,46,11
2008698,1,"Liga Nacional","Liga Endesa",-402534000,NA,"https://www.acb.com/Documentos/Cabeceras/logo-competicion-1b.png","https://www.acb.com/Documentos/Cabeceras/logo-competicion-4a.png",87,2022,107,NA,NA,5545,103167,NA,NA,TRUE,4153,4153,2410,"Río Breogán","Río Breogán","BRE",4157,2414,"Joventut Badalona","Joventut","JOV",1,65,12000,5,26,19,21,47,44,8,13,61,16,17,33,7,15,8,12,2,2,1,16,17,61,-100,-1,13,0,0,65,85,3,19,2,1,11,38,19,26,8
2008699,1,"Liga Nacional","Liga Endesa",-402534000,NA,"https://www.acb.com/Documentos/Cabeceras/logo-competicion-1b.png","https://www.acb.com/Documentos/Cabeceras/logo-competicion-4a.png",87,2022,107,NA,NA,5545,103167,NA,NA,FALSE,4157,4153,2410,"Río Breogán","Río Breogán","BRE",4157,2414,"Joventut Badalona","Joventut","JOV",1,85,12000,12,22,54,20,31,64,9,12,75,32,5,37,21,7,16,0,2,2,0,17,16,109,100,-1,0,12,0,85,65,2,2272,2,25,3,34,7,49,12
2008668,1,"Liga Nacional","Liga Endesa",-402534000,NA,"https://www.acb.com/Documentos/Cabeceras/logo-competicion-1b.png","https://www.acb.com/Documentos/Cabeceras/logo-competicion-4a.png",87,2022,107,NA,NA,5545,103168,NA,NA,TRUE,4152,4152,2409,"Unicaja","Unicaja","UNI",4146,2403,"Carplus Fuenlabrada","Carplus Fuenla","FUE",1,100,12000,11,27,40,27,45,60,13,24,54,28,6,34,23,20,11,24,3,1,6,20,20,123,125,-1,0,13,0,100,75,2,2321,1,27,20,48,8,39,10
2008669,1,"Liga Nacional","Liga Endesa",-402534000,NA,"https://www.acb.com/Documentos/Cabeceras/logo-competicion-1b.png","https://www.acb.com/Documentos/Cabeceras/logo-competicion-4a.png",87,2022,107,NA,NA,5545,103168,NA,NA,FALSE,4146,4152,2409,"Unicaja","Unicaja","UNI",4146,2403,"Carplus Fuenlabrada","Carplus Fuenla","FUE",1,75,12000,5,18,27,18,38,47,24,28,85,32,8,40,13,11,27,7,1,3,0,21,20,72,-125,-1,13,0,0,75,100,5,8,0,2,6,36,12,24,9
2011179,1,"Liga Nacional","Liga Endesa",-402534000,NA,"https://www.acb.com/Documentos/Cabeceras/logo-competicion-1b.png","https://www.acb.com/Documentos/Cabeceras/logo-competicion-4a.png",87,2022,107,NA,NA,5544,103266,NA,NA,FALSE,4155,4154,2364,"Cazoo Baskonia","Cazoo Baskonia","BKN",4155,2412,"BAXI Manresa","BAXI Manresa","BAX",1,92,12000,5,16,31,31,48,64,15,20,75,25,5,30,14,7,15,6,2,3,4,24,17,87,-75,-1,13,0,0,92,107,4,356,2,6,9,52,6,32,6
2011178,1,"Liga Nacional","Liga Endesa",-402534000,NA,"https://www.acb.com/Documentos/Cabeceras/logo-competicion-1b.png","https://www.acb.com/Documentos/Cabeceras/logo-competicion-4a.png",87,2022,107,NA,NA,5544,103266,NA,NA,TRUE,4154,4154,2364,"Cazoo Baskonia","Cazoo Baskonia","BKN",4155,2412,"BAXI Manresa","BAXI Manresa","BAX",1,107,12000,17,42,40,19,25,76,18,24,75,21,9,30,24,10,14,2,3,2,4,18,24,127,75,-1,0,12,0,107,92,3,1999,3,18,8,32,6,52,9
2011067,1,"Liga Nacional","Liga Endesa",-402534000,NA,"https://www.acb.com/Documentos/Cabeceras/logo-competicion-1b.png","https://www.acb.com/Documentos/Cabeceras/logo-competicion-4a.png",87,2022,107,NA,NA,5544,103267,NA,NA,FALSE,4156,4157,2414,"Joventut Badalona","Joventut","JOV",4156,2413,"Valencia Basket","Valencia Basket","VBC",1,70,12000,9,30,30,15,32,46,13,18,72,26,7,33,10,5,10,4,4,0,0,19,17,67,-75,-1,13,0,0,70,85,4,275,8,2,6,24,2,46,7
2011066,1,"Liga Nacional","Liga Endesa",-402534000,NA,"https://www.acb.com/Documentos/Cabeceras/logo-competicion-1b.png","https://www.acb.com/Documentos/Cabeceras/logo-competicion-4a.png",87,2022,107,NA,NA,5544,103267,NA,NA,TRUE,4157,4157,2414,"Joventut Badalona","Joventut","JOV",4156,2413,"Valencia Basket","Valencia Basket","VBC",1,85,12000,7,21,33,24,43,55,16,18,88,32,8,40,15,9,10,10,0,4,3,18,19,101,75,-1,0,13,0,85,70,2,1842,8,15,17,48,4,52,13
2010927,1,"Liga Nacional","Liga Endesa",-402534000,NA,"https://www.acb.com/Documentos/Cabeceras/logo-competicion-1b.png","https://www.acb.com/Documentos/Cabeceras/logo-competicion-4a.png",87,2022,107,NA,NA,5544,103268,NA,NA,FALSE,4147,4148,2405,"Surne Bilbao Basket","Surne Bilbao","SBB",4147,2404,"Barça","Barça","BAR",1,80,12000,13,28,46,13,31,41,15,19,78,20,13,33,20,7,15,2,0,4,1,23,19,80,-10,-1,13,0,0,80,82,4,1923,5,8,10,16,9,33,8
2010926,1,"Liga Nacional","Liga Endesa",-402534000,NA,"https://www.acb.com/Documentos/Cabeceras/logo-competicion-1b.png","https://www.acb.com/Documentos/Cabeceras/logo-competicion-4a.png",87,2022,107,NA,NA,5544,103268,NA,NA,TRUE,4148,4148,2405,"Surne Bilbao Basket","Surne Bilbao","SBB",4147,2404,"Barça","Barça","BAR",1,82,12000,9,22,40,18,35,51,19,27,70,19,11,30,12,8,13,4,4,0,1,19,23,89,10,-1,0,13,0,82,80,4,261,6,3,7,30,6,27,7
2010654,1,"Liga Nacional","Liga Endesa",-402534000,NA,"https://www.acb.com/Documentos/Cabeceras/logo-competicion-1b.png","https://www.acb.com/Documentos/Cabeceras/logo-competicion-4a.png",87,2022,107,NA,NA,5544,103214,NA,NA,TRUE,4143,4143,2399,"Bàsquet Girona","Bàsquet Girona","GIR",4146,2403,"Carplus Fuenlabrada","Carplus Fuenla","FUE",1,85,12000,11,29,37,19,36,52,14,19,73,35,15,50,16,12,19,13,7,3,5,16,20,112,125,-1,0,13,0,85,60,3,2340,2,25,8,34,9,18,13
2010655,1,"Liga Nacional","Liga Endesa",-402534000,NA,"https://www.acb.com/Documentos/Cabeceras/logo-competicion-1b.png","https://www.acb.com/Documentos/Cabeceras/logo-competicion-4a.png",87,2022,107,NA,NA,5544,103214,NA,NA,FALSE,4146,4143,2399,"Bàsquet Girona","Bàsquet Girona","GIR",4146,2403,"Carplus Fuenlabrada","Carplus Fuenla","FUE",1,60,12000,8,35,22,13,33,39,10,14,71,21,13,34,10,15,16,9,3,7,2,21,16,43,-125,-1,13,0,0,60,85,5,33,2,2,18,20,2,21,13
2010624,1,"Liga Nacional","Liga Endesa",-402534000,NA,"https://www.acb.com/Documentos/Cabeceras/logo-competicion-1b.png","https://www.acb.com/Documentos/Cabeceras/logo-competicion-4a.png",87,2022,107,NA,NA,5544,103215,NA,NA,TRUE,4145,4145,2419,"Real Betis Baloncesto","Betis","BET",4158,2415,"Lenovo Tenerife","Lenovo Tenerife","LNT",1,80,13500,7,23,30,20,42,47,19,29,65,25,13,38,16,12,12,4,3,3,2,23,23,86,20,-1,0,13,0,80,76,2,1597,5,13,15,34,10,38,10
2010625,1,"Liga Nacional","Liga Endesa",-402534000,NA,"https://www.acb.com/Documentos/Cabeceras/logo-competicion-1b.png","https://www.acb.com/Documentos/Cabeceras/logo-competicion-4a.png",87,2022,107,NA,NA,5544,103215,NA,NA,FALSE,4158,4145,2419,"Real Betis Baloncesto","Betis","BET",4158,2415,"Lenovo Tenerife","Lenovo Tenerife","LNT",1,76,13500,10,27,37,12,29,41,22,27,81,29,7,36,15,11,17,2,3,3,1,24,23,81,-20,-1,11,0,0,76,80,3,892,5,6,6,20,4,25,10
2010485,1,"Liga Nacional","Liga Endesa",-402534000,NA,"https://www.acb.com/Documentos/Cabeceras/logo-competicion-1b.png","https://www.acb.com/Documentos/Cabeceras/logo-competicion-4a.png",87,2022,107,NA,NA,5544,103175,NA,NA,FALSE,4159,4144,2400,"Casademont Zaragoza","Casademont Zgz","CAZ",4159,2496,"Gran Canaria","Gran Canaria","GCA",1,73,12000,12,30,40,12,33,36,13,19,68,25,10,35,17,9,9,0,5,8,3,17,15,75,-15,-1,13,0,0,73,76,3,1450,7,8,5,22,7,19,9
2010484,1,"Liga Nacional","Liga Endesa",-402534000,NA,"https://www.acb.com/Documentos/Cabeceras/logo-competicion-1b.png","https://www.acb.com/Documentos/Cabeceras/logo-competicion-4a.png",87,2022,107,NA,NA,5544,103175,NA,NA,TRUE,4144,4144,2400,"Casademont Zaragoza","Casademont Zgz","CAZ",4159,2496,"Gran Canaria","Gran Canaria","GCA",1,76,12000,6,22,27,23,43,53,12,15,80,31,11,42,13,9,11,4,9,5,5,15,17,96,15,-1,0,13,0,76,73,1,698,7,5,7,42,6,24,9
2010289,1,"Liga Nacional","Liga Endesa",-402534000,NA,"https://www.acb.com/Documentos/Cabeceras/logo-competicion-1b.png","https://www.acb.com/Documentos/Cabeceras/logo-competicion-4a.png",87,2022,107,NA,NA,5544,103213,NA,NA,FALSE,4149,4153,2410,"Río Breogán","Río Breogán","BRE",4149,2406,"Real Madrid","Real Madrid","RMB",1,72,12000,8,22,36,18,29,62,12,19,63,22,6,28,15,8,22,5,2,2,2,21,19,67,-120,-1,13,0,0,72,96,5,65,0,3,4,32,0,39,5
2010288,1,"Liga Nacional","Liga Endesa",-402534000,NA,"https://www.acb.com/Documentos/Cabeceras/logo-competicion-1b.png","https://www.acb.com/Documentos/Cabeceras/logo-competicion-4a.png",87,2022,107,NA,NA,5544,103213,NA,NA,TRUE,4153,4153,2410,"Río Breogán","Río Breogán","BRE",4149,2406,"Real Madrid","Real Madrid","RMB",1,96,12000,11,22,50,26,44,59,11,19,57,20,9,29,15,11,7,4,2,2,2,19,19,107,120,-1,0,13,0,96,72,4,2226,1,26,27,48,4,28,12
2010065,1,"Liga Nacional","Liga Endesa",-402534000,NA,"https://www.acb.com/Documentos/Cabeceras/logo-competicion-1b.png","https://www.acb.com/Documentos/Cabeceras/logo-competicion-4a.png",87,2022,107,NA,NA,5544,103159,NA,NA,FALSE,4150,4151,2408,"Monbus Obradoiro","Monbus Obra","MOB",4150,2407,"UCAM Murcia","UCAM Murcia","UCM",1,79,12000,6,28,21,23,45,51,15,17,88,24,15,39,15,11,11,2,0,4,1,25,18,76,-10,-1,13,0,0,79,81,5,607,5,6,12,28,11,38,9
2010064,1,"Liga Nacional","Liga Endesa",-402534000,NA,"https://www.acb.com/Documentos/Cabeceras/logo-competicion-1b.png","https://www.acb.com/Documentos/Cabeceras/logo-competicion-4a.png",87,2022,107,NA,NA,5544,103159,NA,NA,TRUE,4151,4151,2408,"Monbus Obradoiro","Monbus Obra","MOB",4150,2407,"UCAM Murcia","UCAM Murcia","UCM",1,81,12000,7,24,29,22,32,68,16,25,64,27,6,33,20,8,14,2,4,0,3,19,24,101,10,-1,0,13,0,81,79,1,1563,5,12,7,40,2,25,10
2010093,1,"Liga Nacional","Liga Endesa",-402534000,NA,"https://www.acb.com/Documentos/Cabeceras/logo-competicion-1b.png","https://www.acb.com/Documentos/Cabeceras/logo-competicion-4a.png",87,2022,107,NA,NA,5544,103160,NA,NA,FALSE,4152,4160,2417,"Coviran Granada","Coviran Granada","COV",4152,2409,"Unicaja","Unicaja","UNI",1,101,12000,15,29,51,23,40,57,10,18,55,31,9,40,28,13,11,6,1,3,3,28,16,118,160,-1,0,13,0,101,69,1,2399,0,41,12,38,12,63,10
2010092,1,"Liga Nacional","Liga Endesa",-402534000,NA,"https://www.acb.com/Documentos/Cabeceras/logo-competicion-1b.png","https://www.acb.com/Documentos/Cabeceras/logo-competicion-4a.png",87,2022,107,NA,NA,5544,103160,NA,NA,TRUE,4160,4160,2417,"Coviran Granada","Coviran Granada","COV",4152,2409,"Unicaja","Unicaja","UNI",1,69,12000,4,23,17,18,38,47,21,34,61,23,15,38,10,6,16,4,3,0,4,17,28,69,-160,-1,13,0,0,69,101,5,0,0,0,6,36,6,27,6
2012436,1,"Liga Nacional","Liga Endesa",-402534000,NA,"https://www.acb.com/Documentos/Cabeceras/logo-competicion-1b.png","https://www.acb.com/Documentos/Cabeceras/logo-competicion-4a.png",87,2022,107,NA,NA,5543,103257,NA,NA,TRUE,4156,4156,2413,"Valencia Basket","Valencia Basket","VBC",4145,2419,"Real Betis Baloncesto","Betis","BET",1,87,12000,14,33,42,13,34,38,19,27,70,19,15,34,15,13,10,9,3,1,2,19,24,98,30,-1,0,13,0,87,81,4,1130,3,15,12,24,6,29,11
2012437,1,"Liga Nacional","Liga Endesa",-402534000,NA,"https://www.acb.com/Documentos/Cabeceras/logo-competicion-1b.png","https://www.acb.com/Documentos/Cabeceras/logo-competicion-4a.png",87,2022,107,NA,NA,5543,103257,NA,NA,FALSE,4145,4156,2413,"Valencia Basket","Valencia Basket","VBC",4145,2419,"Real Betis Baloncesto","Betis","BET",1,81,12000,9,31,29,21,32,65,12,12,100,27,11,38,16,8,18,11,1,3,2,24,19,85,-30,-1,12,0,0,81,87,3,1085,2,11,14,38,7,45,12
2012295,1,"Liga Nacional","Liga Endesa",-402534000,NA,"https://www.acb.com/Documentos/Cabeceras/logo-competicion-1b.png","https://www.acb.com/Documentos/Cabeceras/logo-competicion-4a.png",87,2022,107,NA,NA,5543,103258,NA,NA,FALSE,4149,4147,2404,"Barça","Barça","BAR",4149,2406,"Real Madrid","Real Madrid","RMB",1,82,12000,4,17,23,26,43,60,18,24,75,18,7,25,9,10,10,2,2,3,4,28,21,72,-75,-1,13,0,0,82,97,4,571,2,7,12,46,7,33,12
2012294,1,"Liga Nacional","Liga Endesa",-402534000,NA,"https://www.acb.com/Documentos/Cabeceras/logo-competicion-1b.png","https://www.acb.com/Documentos/Cabeceras/logo-competicion-4a.png",87,2022,107,NA,NA,5543,103258,NA,NA,TRUE,4147,4147,2404,"Barça","Barça","BAR",4149,2406,"Real Madrid","Real Madrid","RMB",1,97,12000,9,26,34,25,38,65,20,26,76,26,16,42,21,7,13,4,4,2,5,21,27,126,75,-1,0,13,0,97,82,4,1649,2,17,11,46,22,40,8
2012182,1,"Liga Nacional","Liga Endesa",-402534000,NA,"https://www.acb.com/Documentos/Cabeceras/logo-competicion-1b.png","https://www.acb.com/Documentos/Cabeceras/logo-competicion-4a.png",87,2022,107,NA,NA,5543,103259,NA,NA,TRUE,4155,4155,2412,"BAXI Manresa","BAXI Manresa","BAX",4160,2417,"Coviran Granada","Coviran Granada","COV",1,86,12000,8,24,33,21,40,52,20,29,68,26,11,37,21,7,16,7,4,2,5,23,26,96,45,-1,0,13,0,86,77,3,2134,2,18,12,34,9,31,13
2012183,1,"Liga Nacional","Liga Endesa",-402534000,NA,"https://www.acb.com/Documentos/Cabeceras/logo-competicion-1b.png","https://www.acb.com/Documentos/Cabeceras/logo-competicion-4a.png",87,2022,107,NA,NA,5543,103259,NA,NA,FALSE,4160,4155,2412,"BAXI Manresa","BAXI Manresa","BAX",4160,2417,"Coviran Granada","Coviran Granada","COV",1,77,12000,6,28,21,20,40,50,19,30,63,24,17,41,14,11,17,6,2,4,0,26,23,68,-45,-1,13,0,0,77,86,5,146,2,4,12,36,12,43,7
2011964,1,"Liga Nacional","Liga Endesa",-402534000,NA,"https://www.acb.com/Documentos/Cabeceras/logo-competicion-1b.png","https://www.acb.com/Documentos/Cabeceras/logo-competicion-4a.png",87,2022,107,NA,NA,5543,103260,NA,NA,FALSE,4154,4158,2415,"Lenovo Tenerife","Lenovo Tenerife","LNT",4154,2364,"Cazoo Baskonia","Cazoo Baskonia","BKN",1,81,12000,8,33,24,19,31,61,19,25,76,22,13,35,19,7,9,6,5,0,0,16,21,100,-10,-1,12,0,0,81,83,5,66,1,1,9,30,4,18,5
2011963,1,"Liga Nacional","Liga Endesa",-402534000,NA,"https://www.acb.com/Documentos/Cabeceras/logo-competicion-1b.png","https://www.acb.com/Documentos/Cabeceras/logo-competicion-4a.png",87,2022,107,NA,NA,5543,103260,NA,NA,TRUE,4158,4158,2415,"Lenovo Tenerife","Lenovo Tenerife","LNT",4154,2364,"Cazoo Baskonia","Cazoo Baskonia","BKN",1,83,12000,6,19,31,27,51,52,11,15,73,25,16,41,16,6,11,8,0,5,3,21,16,84,10,-1,0,13,0,83,81,4,2266,1,10,8,46,14,43,8
2011905,1,"Liga Nacional","Liga Endesa",-402534000,NA,"https://www.acb.com/Documentos/Cabeceras/logo-competicion-1b.png","https://www.acb.com/Documentos/Cabeceras/logo-competicion-4a.png",87,2022,107,NA,NA,5543,103261,NA,NA,TRUE,4150,4150,2407,"UCAM Murcia","UCAM Murcia","UCM",4144,2400,"Casademont Zaragoza","Casademont Zgz","CAZ",1,79,12000,13,34,38,16,38,42,8,9,88,22,12,34,18,10,12,2,5,3,2,27,18,78,25,-1,0,13,0,79,74,4,1831,5,16,14,24,9,38,11
2011906,1,"Liga Nacional","Liga Endesa",-402534000,NA,"https://www.acb.com/Documentos/Cabeceras/logo-competicion-1b.png","https://www.acb.com/Documentos/Cabeceras/logo-competicion-4a.png",87,2022,107,NA,NA,5543,103261,NA,NA,FALSE,4144,4150,2407,"UCAM Murcia","UCAM Murcia","UCM",4144,2400,"Casademont Zaragoza","Casademont Zgz","CAZ",1,74,12000,5,19,26,20,41,48,19,26,73,29,10,39,12,7,15,9,3,4,2,20,26,80,-25,-1,13,0,0,74,79,5,294,4,4,4,30,6,21,9
2011622,1,"Liga Nacional","Liga Endesa",-402534000,NA,"https://www.acb.com/Documentos/Cabeceras/logo-competicion-1b.png","https://www.acb.com/Documentos/Cabeceras/logo-competicion-4a.png",87,2022,107,NA,NA,5543,103262,NA,NA,FALSE,4153,4159,2496,"Gran Canaria","Gran Canaria","GCA",4153,2410,"Río Breogán","Río Breogán","BRE",1,66,12000,8,22,36,16,38,42,10,15,66,16,11,27,15,15,14,6,3,4,3,18,21,70,-55,-1,13,0,0,66,77,5,314,3,3,15,28,10,26,7
2011621,1,"Liga Nacional","Liga Endesa",-402534000,NA,"https://www.acb.com/Documentos/Cabeceras/logo-competicion-1b.png","https://www.acb.com/Documentos/Cabeceras/logo-competicion-4a.png",87,2022,107,NA,NA,5543,103262,NA,NA,TRUE,4159,4159,2496,"Gran Canaria","Gran Canaria","GCA",4153,2410,"Río Breogán","Río Breogán","BRE",1,77,12000,11,29,37,18,29,62,8,10,80,24,12,36,17,5,20,3,4,3,2,22,18,81,55,-1,0,13,0,77,66,2,2012,3,18,14,32,14,29,10
2011650,1,"Liga Nacional","Liga Endesa",-402534000,NA,"https://www.acb.com/Documentos/Cabeceras/logo-competicion-1b.png","https://www.acb.com/Documentos/Cabeceras/logo-competicion-4a.png",87,2022,107,NA,NA,5543,103263,NA,NA,FALSE,4143,4157,2414,"Joventut Badalona","Joventut","JOV",4143,2399,"Bàsquet Girona","Bàsquet Girona","GIR",1,64,12000,6,36,16,21,36,58,4,7,57,21,8,29,13,12,9,6,1,2,3,25,14,49,-140,-1,13,0,0,64,92,3,0,0,0,14,38,9,23,6
2011649,1,"Liga Nacional","Liga Endesa",-402534000,NA,"https://www.acb.com/Documentos/Cabeceras/logo-competicion-1b.png","https://www.acb.com/Documentos/Cabeceras/logo-competicion-4a.png",87,2022,107,NA,NA,5543,103263,NA,NA,TRUE,4157,4157,2414,"Joventut Badalona","Joventut","JOV",4143,2399,"Bàsquet Girona","Bàsquet Girona","GIR",1,92,12000,10,27,37,18,26,69,26,29,89,38,6,44,20,8,14,5,2,1,5,14,24,133,140,-1,0,13,0,92,64,3,2356,0,31,6,34,2,59,8
2011369,1,"Liga Nacional","Liga Endesa",-402534000,NA,"https://www.acb.com/Documentos/Cabeceras/logo-competicion-1b.png","https://www.acb.com/Documentos/Cabeceras/logo-competicion-4a.png",87,2022,107,NA,NA,5543,103264,NA,NA,TRUE,4146,4146,2403,"Carplus Fuenlabrada","Carplus Fuenla","FUE",4148,2405,"Surne Bilbao Basket","Surne Bilbao","SBB",1,77,12000,7,26,26,19,36,52,18,23,78,29,7,36,16,14,16,8,0,2,2,21,21,84,30,-1,0,13,0,77,71,5,1304,3,18,13,38,7,27,11
2011370,1,"Liga Nacional","Liga Endesa",-402534000,NA,"https://www.acb.com/Documentos/Cabeceras/logo-competicion-1b.png","https://www.acb.com/Documentos/Cabeceras/logo-competicion-4a.png",87,2022,107,NA,NA,5543,103264,NA,NA,FALSE,4148,4146,2403,"Carplus Fuenlabrada","Carplus Fuenla","FUE",4148,2405,"Surne Bilbao Basket","Surne Bilbao","SBB",1,71,12000,9,31,29,19,34,55,6,16,37,29,13,42,18,10,18,4,2,0,3,21,20,77,-30,-1,13,0,0,71,77,4,972,3,7,8,32,10,30,8
2011342,1,"Liga Nacional","Liga Endesa",-402534000,NA,"https://www.acb.com/Documentos/Cabeceras/logo-competicion-1b.png","https://www.acb.com/Documentos/Cabeceras/logo-competicion-4a.png",87,2022,107,NA,NA,5543,103265,NA,NA,FALSE,4151,4152,2409,"Unicaja","Unicaja","UNI",4151,2408,"Monbus Obradoiro","Monbus Obra","MOB",1,89,12000,13,26,50,18,32,56,14,18,77,18,6,24,15,10,14,2,6,5,1,18,20,96,-50,-1,13,0,0,89,99,5,95,4,2,15,32,5,40,11
2011341,1,"Liga Nacional","Liga Endesa",-402534000,NA,"https://www.acb.com/Documentos/Cabeceras/logo-competicion-1b.png","https://www.acb.com/Documentos/Cabeceras/logo-competicion-4a.png",87,2022,107,NA,NA,5543,103265,NA,NA,TRUE,4152,4152,2409,"Unicaja","Unicaja","UNI",4151,2408,"Monbus Obradoiro","Monbus Obra","MOB",1,99,12000,13,27,48,21,37,56,18,22,81,22,12,34,20,11,12,17,5,6,5,21,18,114,50,-1,0,13,0,99,89,1,2096,4,15,11,38,12,46,7
2014826,1,"Liga Nacional","Liga Endesa",-402534000,NA,"https://www.acb.com/Documentos/Cabeceras/logo-competicion-1b.png","https://www.acb.com/Documentos/Cabeceras/logo-competicion-4a.png",87,2022,107,NA,NA,5542,103287,NA,NA,TRUE,4144,4144,2400,"Casademont Zaragoza","Casademont Zgz","CAZ",4155,2412,"BAXI Manresa","BAXI Manresa","BAX",1,99,12000,8,18,44,29,47,61,17,30,56,32,4,36,23,10,12,4,0,3,4,17,26,121,55,-1,0,13,0,99,88,3,1758,2,28,14,56,5,45,15
2014827,1,"Liga Nacional","Liga Endesa",-402534000,NA,"https://www.acb.com/Documentos/Cabeceras/logo-competicion-1b.png","https://www.acb.com/Documentos/Cabeceras/logo-competicion-4a.png",87,2022,107,NA,NA,5542,103287,NA,NA,FALSE,4155,4144,2400,"Casademont Zaragoza","Casademont Zgz","CAZ",4155,2412,"BAXI Manresa","BAXI Manresa","BAX",1,88,12000,11,33,33,24,43,55,7,9,77,27,10,37,16,9,18,2,3,0,3,26,17,83,-55,-1,13,0,0,88,99,3,454,2,10,11,36,14,55,11
2014687,1,"Liga Nacional","Liga Endesa",-402534000,NA,"https://www.acb.com/Documentos/Cabeceras/logo-competicion-1b.png","https://www.acb.com/Documentos/Cabeceras/logo-competicion-4a.png",87,2022,107,NA,NA,5542,103269,NA,NA,FALSE,4158,4148,2405,"Surne Bilbao Basket","Surne Bilbao","SBB",4158,2415,"Lenovo Tenerife","Lenovo Tenerife","LNT",1,83,12000,4,21,19,27,37,72,17,21,80,32,10,42,20,11,16,10,4,0,6,20,18,111,115,-1,0,13,0,83,60,1,2357,0,38,21,50,5,40,15
2014686,1,"Liga Nacional","Liga Endesa",-402534000,NA,"https://www.acb.com/Documentos/Cabeceras/logo-competicion-1b.png","https://www.acb.com/Documentos/Cabeceras/logo-competicion-4a.png",87,2022,107,NA,NA,5542,103269,NA,NA,TRUE,4148,4148,2405,"Surne Bilbao Basket","Surne Bilbao","SBB",4158,2415,"Lenovo Tenerife","Lenovo Tenerife","LNT",1,60,12000,7,24,29,13,30,43,13,17,76,18,2,20,12,10,14,3,0,4,1,18,20,48,-115,-1,13,0,0,60,83,5,0,0,0,14,24,2,19,11
2013245,1,"Liga Nacional","Liga Endesa",-402534000,NA,"https://www.acb.com/Documentos/Cabeceras/logo-competicion-1b.png","https://www.acb.com/Documentos/Cabeceras/logo-competicion-4a.png",87,2022,107,NA,NA,5542,103288,NA,NA,TRUE,4153,4153,2410,"Río Breogán","Río Breogán","BRE",4152,2409,"Unicaja","Unicaja","UNI",1,74,12000,6,23,26,22,37,59,12,18,66,20,13,33,11,9,16,2,1,2,1,18,19,73,-80,-1,13,0,0,74,90,5,83,3,2,6,36,8,35,7
2013246,1,"Liga Nacional","Liga Endesa",-402534000,NA,"https://www.acb.com/Documentos/Cabeceras/logo-competicion-1b.png","https://www.acb.com/Documentos/Cabeceras/logo-competicion-4a.png",87,2022,107,NA,NA,5542,103288,NA,NA,FALSE,4152,4153,2410,"Río Breogán","Río Breogán","BRE",4152,2409,"Unicaja","Unicaja","UNI",1,90,12000,10,22,45,26,47,55,8,13,61,24,13,37,18,17,9,6,2,1,2,19,18,115,80,-1,0,13,0,90,74,2,2139,3,19,15,40,9,45,8
2013162,1,"Liga Nacional","Liga Endesa",-402534000,NA,"https://www.acb.com/Documentos/Cabeceras/logo-competicion-1b.png","https://www.acb.com/Documentos/Cabeceras/logo-competicion-4a.png",87,2022,107,NA,NA,5542,103272,NA,NA,FALSE,4146,4145,2419,"Real Betis Baloncesto","Betis","BET",4146,2403,"Carplus Fuenlabrada","Carplus Fuenla","FUE",1,77,12000,7,24,29,23,36,63,10,13,76,24,8,32,16,12,19,14,3,0,3,24,17,81,-50,-1,13,0,0,77,87,5,0,0,0,18,42,8,16,10
2013161,1,"Liga Nacional","Liga Endesa",-402534000,NA,"https://www.acb.com/Documentos/Cabeceras/logo-competicion-1b.png","https://www.acb.com/Documentos/Cabeceras/logo-competicion-4a.png",87,2022,107,NA,NA,5542,103272,NA,NA,TRUE,4145,4145,2419,"Real Betis Baloncesto","Betis","BET",4146,2403,"Carplus Fuenlabrada","Carplus Fuenla","FUE",1,87,12000,7,21,33,27,53,50,12,22,54,22,21,43,15,16,16,13,0,3,1,17,23,98,50,-1,0,13,0,87,77,3,2374,0,20,21,54,17,38,15
2012966,1,"Liga Nacional","Liga Endesa",-402534000,NA,"https://www.acb.com/Documentos/Cabeceras/logo-competicion-1b.png","https://www.acb.com/Documentos/Cabeceras/logo-competicion-4a.png",87,2022,107,NA,NA,5542,103270,NA,NA,FALSE,4147,4160,2417,"Coviran Granada","Coviran Granada","COV",4147,2404,"Barça","Barça","BAR",1,70,12000,7,30,23,21,33,63,7,13,53,34,12,46,19,9,18,4,2,3,4,22,17,79,75,-1,0,13,0,70,55,3,2354,1,15,4,40,5,23,18
2012965,1,"Liga Nacional","Liga Endesa",-402534000,NA,"https://www.acb.com/Documentos/Cabeceras/logo-competicion-1b.png","https://www.acb.com/Documentos/Cabeceras/logo-competicion-4a.png",87,2022,107,NA,NA,5542,103270,NA,NA,TRUE,4160,4160,2417,"Coviran Granada","Coviran Granada","COV",4147,2404,"Barça","Barça","BAR",1,55,12000,5,22,22,14,39,35,12,20,60,20,10,30,6,13,12,6,3,2,3,18,21,46,-75,-1,13,0,0,55,70,5,9,0,3,6,22,2,34,10
2012795,1,"Liga Nacional","Liga Endesa",-402534000,NA,"https://www.acb.com/Documentos/Cabeceras/logo-competicion-1b.png","https://www.acb.com/Documentos/Cabeceras/logo-competicion-4a.png",87,2022,107,NA,NA,5542,103271,NA,NA,TRUE,4150,4150,2407,"UCAM Murcia","UCAM Murcia","UCM",4156,2413,"Valencia Basket","Valencia Basket","VBC",1,90,12000,14,36,38,19,30,63,10,16,62,27,8,35,20,5,7,7,4,0,1,20,20,108,40,-1,0,13,0,90,82,3,1959,2,10,5,30,5,41,7
2012796,1,"Liga Nacional","Liga Endesa",-402534000,NA,"https://www.acb.com/Documentos/Cabeceras/logo-competicion-1b.png","https://www.acb.com/Documentos/Cabeceras/logo-competicion-4a.png",87,2022,107,NA,NA,5542,103271,NA,NA,FALSE,4156,4150,2407,"UCAM Murcia","UCAM Murcia","UCM",4156,2413,"Valencia Basket","Valencia Basket","VBC",1,82,12000,11,38,28,16,35,45,17,17,100,24,18,42,14,7,11,4,0,4,0,20,20,84,-40,-1,13,0,0,82,90,3,250,2,4,8,28,10,44,6
2012712,1,"Liga Nacional","Liga Endesa",-402534000,NA,"https://www.acb.com/Documentos/Cabeceras/logo-competicion-1b.png","https://www.acb.com/Documentos/Cabeceras/logo-competicion-4a.png",87,2022,107,NA,NA,5542,103256,NA,NA,FALSE,4143,4149,2406,"Real Madrid","Real Madrid","RMB",4143,2399,"Bàsquet Girona","Bàsquet Girona","GIR",1,70,12000,5,22,22,23,46,50,9,15,60,21,9,30,20,12,9,4,3,4,5,16,18,78,-95,-1,13,0,0,70,89,3,14,0,2,12,34,4,26,8
2012711,1,"Liga Nacional","Liga Endesa",-402534000,NA,"https://www.acb.com/Documentos/Cabeceras/logo-competicion-1b.png","https://www.acb.com/Documentos/Cabeceras/logo-competicion-4a.png",87,2022,107,NA,NA,5542,103256,NA,NA,TRUE,4149,4149,2406,"Real Madrid","Real Madrid","RMB",4143,2399,"Bàsquet Girona","Bàsquet Girona","GIR",1,89,12000,16,34,47,15,26,57,11,12,91,32,7,39,24,8,15,2,4,3,3,18,16,114,95,-1,0,13,0,89,70,2,2354,1,27,7,28,8,56,8
2012600,1,"Liga Nacional","Liga Endesa",-402534000,NA,"https://www.acb.com/Documentos/Cabeceras/logo-competicion-1b.png","https://www.acb.com/Documentos/Cabeceras/logo-competicion-4a.png",87,2022,107,NA,NA,5542,103254,NA,NA,FALSE,4151,4154,2364,"Cazoo Baskonia","Cazoo Baskonia","BKN",4151,2408,"Monbus Obradoiro","Monbus Obra","MOB",1,94,12000,15,33,45,16,27,59,17,24,70,21,11,32,16,6,13,3,4,4,1,21,23,101,-80,-1,13,0,0,94,110,5,0,0,0,8,28,10,33,7
2012599,1,"Liga Nacional","Liga Endesa",-402534000,NA,"https://www.acb.com/Documentos/Cabeceras/logo-competicion-1b.png","https://www.acb.com/Documentos/Cabeceras/logo-competicion-4a.png",87,2022,107,NA,NA,5542,103254,NA,NA,TRUE,4154,4154,2364,"Cazoo Baskonia","Cazoo Baskonia","BKN",4151,2408,"Monbus Obradoiro","Monbus Obra","MOB",1,110,12000,17,34,50,21,32,65,17,21,80,22,8,30,25,9,7,12,4,4,9,24,20,131,80,-1,0,13,0,110,94,3,2364,0,25,15,42,8,53,13
2009925,1,"Liga Nacional","Liga Endesa",-402534000,NA,"https://www.acb.com/Documentos/Cabeceras/logo-competicion-1b.png","https://www.acb.com/Documentos/Cabeceras/logo-competicion-4a.png",87,2022,107,NA,NA,5542,103255,NA,NA,FALSE,4157,4159,2496,"Gran Canaria","Gran Canaria","GCA",4157,2414,"Joventut Badalona","Joventut","JOV",1,88,12000,10,23,43,21,44,47,16,21,76,26,12,38,15,9,13,0,2,4,1,29,21,86,-60,-1,13,0,0,88,100,5,723,1,11,7,42,14,53,8
2009924,1,"Liga Nacional","Liga Endesa",-402534000,NA,"https://www.acb.com/Documentos/Cabeceras/logo-competicion-1b.png","https://www.acb.com/Documentos/Cabeceras/logo-competicion-4a.png",87,2022,107,NA,NA,5542,103255,NA,NA,TRUE,4159,4159,2496,"Gran Canaria","Gran Canaria","GCA",4157,2414,"Joventut Badalona","Joventut","JOV",1,100,12000,14,25,56,20,43,46,18,29,62,25,13,38,18,10,10,9,4,2,3,23,25,115,60,-1,0,13,0,100,88,1,1601,1,17,12,36,11,30,15
2014546,1,"Liga Nacional","Liga Endesa",-402534000,NA,"https://www.acb.com/Documentos/Cabeceras/logo-competicion-1b.png","https://www.acb.com/Documentos/Cabeceras/logo-competicion-4a.png",87,2022,107,NA,NA,5541,103278,NA,NA,TRUE,4146,4146,2403,"Carplus Fuenlabrada","Carplus Fuenla","FUE",4154,2364,"Cazoo Baskonia","Cazoo Baskonia","BKN",1,93,12000,8,17,47,27,44,61,15,24,62,20,8,28,17,9,16,6,6,1,3,22,23,102,-95,-1,13,0,0,93,112,5,0,0,0,8,46,4,28,8
2014547,1,"Liga Nacional","Liga Endesa",-402534000,NA,"https://www.acb.com/Documentos/Cabeceras/logo-competicion-1b.png","https://www.acb.com/Documentos/Cabeceras/logo-competicion-4a.png",87,2022,107,NA,NA,5541,103278,NA,NA,FALSE,4154,4146,2403,"Carplus Fuenlabrada","Carplus Fuenla","FUE",4154,2364,"Cazoo Baskonia","Cazoo Baskonia","BKN",1,112,12000,19,35,54,20,35,57,15,20,75,23,12,35,26,10,12,4,1,6,2,23,22,129,95,-1,0,13,0,112,93,3,2363,0,25,19,36,16,71,12
2014355,1,"Liga Nacional","Liga Endesa",-402534000,NA,"https://www.acb.com/Documentos/Cabeceras/logo-competicion-1b.png","https://www.acb.com/Documentos/Cabeceras/logo-competicion-4a.png",87,2022,107,NA,NA,5541,103279,NA,NA,TRUE,4157,4157,2414,"Joventut Badalona","Joventut","JOV",4149,2406,"Real Madrid","Real Madrid","RMB",1,76,12000,7,17,41,18,43,41,19,25,76,29,8,37,16,10,15,4,1,0,4,21,22,85,-50,-1,12,0,0,76,86,3,0,0,0,4,30,5,43,8
2014356,1,"Liga Nacional","Liga Endesa",-402534000,NA,"https://www.acb.com/Documentos/Cabeceras/logo-competicion-1b.png","https://www.acb.com/Documentos/Cabeceras/logo-competicion-4a.png",87,2022,107,NA,NA,5541,103279,NA,NA,FALSE,4149,4157,2414,"Joventut Badalona","Joventut","JOV",4149,2406,"Real Madrid","Real Madrid","RMB",1,86,12000,8,25,32,23,40,57,16,18,88,28,5,33,14,12,11,16,0,1,1,24,20,93,50,-1,0,13,0,86,76,1,2400,0,20,17,38,3,37,8
2014132,1,"Liga Nacional","Liga Endesa",-402534000,NA,"https://www.acb.com/Documentos/Cabeceras/logo-competicion-1b.png","https://www.acb.com/Documentos/Cabeceras/logo-competicion-4a.png",87,2022,107,NA,NA,5541,103281,NA,NA,FALSE,4145,4151,2408,"Monbus Obradoiro","Monbus Obra","MOB",4145,2419,"Real Betis Baloncesto","Betis","BET",1,82,12000,10,26,38,14,33,42,24,31,77,25,11,36,16,11,8,2,3,2,0,16,25,105,75,-1,0,13,0,82,67,1,1617,2,15,16,22,8,28,10
2014131,1,"Liga Nacional","Liga Endesa",-402534000,NA,"https://www.acb.com/Documentos/Cabeceras/logo-competicion-1b.png","https://www.acb.com/Documentos/Cabeceras/logo-competicion-4a.png",87,2022,107,NA,NA,5541,103281,NA,NA,TRUE,4151,4151,2408,"Monbus Obradoiro","Monbus Obra","MOB",4145,2419,"Real Betis Baloncesto","Betis","BET",1,67,12000,9,34,26,15,31,48,10,15,66,27,16,43,12,5,14,6,2,3,1,25,16,57,-75,-1,13,0,0,67,82,5,692,2,10,11,28,14,18,10
2014159,1,"Liga Nacional","Liga Endesa",-402534000,NA,"https://www.acb.com/Documentos/Cabeceras/logo-competicion-1b.png","https://www.acb.com/Documentos/Cabeceras/logo-competicion-4a.png",87,2022,107,NA,NA,5541,103289,NA,NA,TRUE,4144,4144,2400,"Casademont Zaragoza","Casademont Zgz","CAZ",4152,2409,"Unicaja","Unicaja","UNI",1,70,12000,6,17,35,19,38,50,14,22,63,26,6,32,19,10,15,8,3,2,4,15,21,85,-20,-1,13,0,0,70,74,4,1055,5,12,9,32,0,26,9
2014160,1,"Liga Nacional","Liga Endesa",-402534000,NA,"https://www.acb.com/Documentos/Cabeceras/logo-competicion-1b.png","https://www.acb.com/Documentos/Cabeceras/logo-competicion-4a.png",87,2022,107,NA,NA,5541,103289,NA,NA,FALSE,4152,4144,2400,"Casademont Zaragoza","Casademont Zgz","CAZ",4152,2409,"Unicaja","Unicaja","UNI",1,74,12000,7,30,23,21,37,56,11,13,84,26,12,38,12,14,14,2,2,3,3,21,15,76,20,-1,0,13,0,74,70,2,1003,6,7,11,30,6,37,8
2013941,1,"Liga Nacional","Liga Endesa",-402534000,NA,"https://www.acb.com/Documentos/Cabeceras/logo-competicion-1b.png","https://www.acb.com/Documentos/Cabeceras/logo-competicion-4a.png",87,2022,107,NA,NA,5541,103282,NA,NA,FALSE,4153,4158,2415,"Lenovo Tenerife","Lenovo Tenerife","LNT",4153,2410,"Río Breogán","Río Breogán","BRE",1,67,12000,6,13,46,20,57,35,9,15,60,16,17,33,15,10,9,2,2,3,1,16,19,68,-90,-1,12,0,0,67,85,5,66,2,2,5,24,4,27,10
2013940,1,"Liga Nacional","Liga Endesa",-402534000,NA,"https://www.acb.com/Documentos/Cabeceras/logo-competicion-1b.png","https://www.acb.com/Documentos/Cabeceras/logo-competicion-4a.png",87,2022,107,NA,NA,5541,103282,NA,NA,TRUE,4158,4158,2415,"Lenovo Tenerife","Lenovo Tenerife","LNT",4153,2410,"Río Breogán","Río Breogán","BRE",1,85,12000,9,26,34,27,37,72,4,6,66,28,10,38,22,9,14,6,3,2,6,20,16,108,90,-1,0,13,0,85,67,1,2117,3,21,8,46,12,38,7
2013857,1,"Liga Nacional","Liga Endesa",-402534000,NA,"https://www.acb.com/Documentos/Cabeceras/logo-competicion-1b.png","https://www.acb.com/Documentos/Cabeceras/logo-competicion-4a.png",87,2022,107,NA,NA,5541,103283,NA,NA,FALSE,4150,4155,2412,"BAXI Manresa","BAXI Manresa","BAX",4150,2407,"UCAM Murcia","UCAM Murcia","UCM",1,83,12000,10,36,27,21,38,55,11,14,78,31,9,40,18,5,11,0,4,1,4,22,19,89,-50,-1,13,0,0,83,93,5,643,3,6,0,38,9,33,10
2013856,1,"Liga Nacional","Liga Endesa",-402534000,NA,"https://www.acb.com/Documentos/Cabeceras/logo-competicion-1b.png","https://www.acb.com/Documentos/Cabeceras/logo-competicion-4a.png",87,2022,107,NA,NA,5541,103283,NA,NA,TRUE,4155,4155,2412,"BAXI Manresa","BAXI Manresa","BAX",4150,2407,"UCAM Murcia","UCAM Murcia","UCM",1,93,12000,9,31,29,24,42,57,18,24,75,31,11,42,22,4,6,9,1,4,3,19,20,107,50,-1,0,13,0,93,83,1,1508,3,10,9,40,11,46,11
2013609,1,"Liga Nacional","Liga Endesa",-402534000,NA,"https://www.acb.com/Documentos/Cabeceras/logo-competicion-1b.png","https://www.acb.com/Documentos/Cabeceras/logo-competicion-4a.png",87,2022,107,NA,NA,5541,103284,NA,NA,FALSE,4159,4147,2404,"Barça","Barça","BAR",4159,2496,"Gran Canaria","Gran Canaria","GCA",1,79,12000,12,23,52,15,33,45,13,20,65,18,8,26,15,12,9,3,2,1,0,22,19,85,-40,-1,13,0,0,79,87,3,0,0,0,5,26,7,30,8
2013608,1,"Liga Nacional","Liga Endesa",-402534000,NA,"https://www.acb.com/Documentos/Cabeceras/logo-competicion-1b.png","https://www.acb.com/Documentos/Cabeceras/logo-competicion-4a.png",87,2022,107,NA,NA,5541,103284,NA,NA,TRUE,4147,4147,2404,"Barça","Barça","BAR",4159,2496,"Gran Canaria","Gran Canaria","GCA",1,87,12000,10,27,37,19,33,57,19,20,95,24,12,36,20,7,12,4,1,2,1,19,22,108,40,-1,0,13,0,87,79,3,2383,0,17,8,24,9,48,8
2013582,1,"Liga Nacional","Liga Endesa",-402534000,NA,"https://www.acb.com/Documentos/Cabeceras/logo-competicion-1b.png","https://www.acb.com/Documentos/Cabeceras/logo-competicion-4a.png",87,2022,107,NA,NA,5541,103285,NA,NA,FALSE,4148,4156,2413,"Valencia Basket","Valencia Basket","VBC",4148,2405,"Surne Bilbao Basket","Surne Bilbao","SBB",1,88,12000,12,23,52,21,42,50,10,15,66,20,8,28,19,9,9,11,2,3,5,18,17,96,-35,-1,12,0,0,88,95,2,8,0,2,10,40,6,30,7
2013581,1,"Liga Nacional","Liga Endesa",-402534000,NA,"https://www.acb.com/Documentos/Cabeceras/logo-competicion-1b.png","https://www.acb.com/Documentos/Cabeceras/logo-competicion-4a.png",87,2022,107,NA,NA,5541,103285,NA,NA,TRUE,4156,4156,2413,"Valencia Basket","Valencia Basket","VBC",4148,2405,"Surne Bilbao Basket","Surne Bilbao","SBB",1,95,12000,13,30,43,20,35,57,16,17,94,26,12,38,17,9,12,6,3,2,3,17,17,115,35,-1,0,13,0,95,88,3,2079,1,13,4,38,11,46,8
2013441,1,"Liga Nacional","Liga Endesa",-402534000,NA,"https://www.acb.com/Documentos/Cabeceras/logo-competicion-1b.png","https://www.acb.com/Documentos/Cabeceras/logo-competicion-4a.png",87,2022,107,NA,NA,5541,103286,NA,NA,TRUE,4143,4143,2399,"Bàsquet Girona","Bàsquet Girona","GIR",4160,2417,"Coviran Granada","Coviran Granada","COV",1,88,12000,12,33,36,23,33,69,6,11,54,33,11,44,19,10,16,10,7,0,4,19,17,114,75,-1,0,13,0,88,73,4,2198,1,25,11,40,9,41,10
2013442,1,"Liga Nacional","Liga Endesa",-402534000,NA,"https://www.acb.com/Documentos/Cabeceras/logo-competicion-1b.png","https://www.acb.com/Documentos/Cabeceras/logo-competicion-4a.png",87,2022,107,NA,NA,5541,103286,NA,NA,FALSE,4160,4143,2399,"Bàsquet Girona","Bàsquet Girona","GIR",4160,2417,"Coviran Granada","Coviran Granada","COV",1,73,12000,9,32,28,13,32,40,20,28,71,22,11,33,18,10,12,6,0,7,2,17,19,67,-75,-1,13,0,0,73,88,4,0,1,2,8,24,2,37,6
2016054,1,"Liga Nacional","Liga Endesa",-402534000,NA,"https://www.acb.com/Documentos/Cabeceras/logo-competicion-1b.png","https://www.acb.com/Documentos/Cabeceras/logo-competicion-4a.png",87,2022,107,NA,NA,5540,103232,NA,NA,TRUE,4154,4154,2364,"Cazoo Baskonia","Cazoo Baskonia","BKN",4153,2410,"Río Breogán","Río Breogán","BRE",1,97,12000,16,38,42,20,29,68,9,11,81,26,6,32,20,12,9,12,5,1,1,18,17,122,105,-1,0,13,0,97,76,3,2280,1,23,8,32,6,46,7
2016055,1,"Liga Nacional","Liga Endesa",-402534000,NA,"https://www.acb.com/Documentos/Cabeceras/logo-competicion-1b.png","https://www.acb.com/Documentos/Cabeceras/logo-competicion-4a.png",87,2022,107,NA,NA,5540,103232,NA,NA,FALSE,4153,4154,2364,"Cazoo Baskonia","Cazoo Baskonia","BKN",4153,2410,"Río Breogán","Río Breogán","BRE",1,76,12000,4,18,22,28,55,50,8,15,53,24,17,41,13,6,13,4,1,5,3,18,18,71,-105,-1,12,0,0,76,97,5,82,1,3,10,36,9,26,8
2015947,1,"Liga Nacional","Liga Endesa",-402534000,NA,"https://www.acb.com/Documentos/Cabeceras/logo-competicion-1b.png","https://www.acb.com/Documentos/Cabeceras/logo-competicion-4a.png",87,2022,107,NA,NA,5540,103251,NA,NA,FALSE,4157,4152,2409,"Unicaja","Unicaja","UNI",4157,2414,"Joventut Badalona","Joventut","JOV",1,69,12000,2,14,14,23,44,52,17,20,85,31,8,39,10,7,15,4,2,3,1,20,21,74,-45,-1,12,0,0,69,78,3,298,1,5,2,36,4,23,7
2015946,1,"Liga Nacional","Liga Endesa",-402534000,NA,"https://www.acb.com/Documentos/Cabeceras/logo-competicion-1b.png","https://www.acb.com/Documentos/Cabeceras/logo-competicion-4a.png",87,2022,107,NA,NA,5540,103251,NA,NA,TRUE,4152,4152,2409,"Unicaja","Unicaja","UNI",4157,2414,"Joventut Badalona","Joventut","JOV",1,78,12000,7,23,30,22,47,46,13,16,81,23,9,32,19,10,7,11,3,2,5,21,20,88,45,-1,0,13,0,78,69,4,2062,2,18,11,34,0,34,13
2015807,1,"Liga Nacional","Liga Endesa",-402534000,NA,"https://www.acb.com/Documentos/Cabeceras/logo-competicion-1b.png","https://www.acb.com/Documentos/Cabeceras/logo-competicion-4a.png",87,2022,107,NA,NA,5540,103252,NA,NA,FALSE,4147,4145,2419,"Real Betis Baloncesto","Betis","BET",4147,2404,"Barça","Barça","BAR",1,85,12000,14,33,42,18,36,50,7,9,77,25,10,35,21,8,8,0,2,2,4,17,13,98,40,-1,0,13,0,85,77,2,2387,0,21,4,30,8,39,8
2015806,1,"Liga Nacional","Liga Endesa",-402534000,NA,"https://www.acb.com/Documentos/Cabeceras/logo-competicion-1b.png","https://www.acb.com/Documentos/Cabeceras/logo-competicion-4a.png",87,2022,107,NA,NA,5540,103252,NA,NA,TRUE,4145,4145,2419,"Real Betis Baloncesto","Betis","BET",4147,2404,"Barça","Barça","BAR",1,77,12000,5,18,27,25,50,50,12,17,70,26,15,41,14,8,9,6,2,2,2,13,17,92,-40,-1,13,0,0,77,85,4,0,0,0,7,42,10,23,6
2015611,1,"Liga Nacional","Liga Endesa",-402534000,NA,"https://www.acb.com/Documentos/Cabeceras/logo-competicion-1b.png","https://www.acb.com/Documentos/Cabeceras/logo-competicion-4a.png",87,2022,107,NA,NA,5540,103253,NA,NA,FALSE,4143,4159,2496,"Gran Canaria","Gran Canaria","GCA",4143,2399,"Bàsquet Girona","Bàsquet Girona","GIR",1,73,12000,9,25,36,20,38,52,6,10,60,28,9,37,15,10,14,10,3,2,6,21,14,77,-25,-1,13,0,0,73,78,5,2108,1,11,15,36,12,21,10
2015610,1,"Liga Nacional","Liga Endesa",-402534000,NA,"https://www.acb.com/Documentos/Cabeceras/logo-competicion-1b.png","https://www.acb.com/Documentos/Cabeceras/logo-competicion-4a.png",87,2022,107,NA,NA,5540,103253,NA,NA,TRUE,4159,4159,2496,"Gran Canaria","Gran Canaria","GCA",4143,2399,"Bàsquet Girona","Bàsquet Girona","GIR",1,78,12000,11,32,34,16,35,45,13,18,72,26,13,39,15,10,12,2,2,2,3,14,21,92,25,-1,0,13,0,78,73,2,259,2,8,10,30,6,54,7
2015527,1,"Liga Nacional","Liga Endesa",-402534000,NA,"https://www.acb.com/Documentos/Cabeceras/logo-competicion-1b.png","https://www.acb.com/Documentos/Cabeceras/logo-competicion-4a.png",87,2022,107,NA,NA,5540,103273,NA,NA,FALSE,4144,4149,2406,"Real Madrid","Real Madrid","RMB",4144,2400,"Casademont Zaragoza","Casademont Zgz","CAZ",1,86,12000,11,26,42,22,37,59,9,10,90,28,5,33,17,7,17,8,3,2,7,22,15,89,-35,-1,13,0,0,86,93,4,970,4,14,13,38,2,40,15
2015526,1,"Liga Nacional","Liga Endesa",-402534000,NA,"https://www.acb.com/Documentos/Cabeceras/logo-competicion-1b.png","https://www.acb.com/Documentos/Cabeceras/logo-competicion-4a.png",87,2022,107,NA,NA,5540,103273,NA,NA,TRUE,4149,4149,2406,"Real Madrid","Real Madrid","RMB",4144,2400,"Casademont Zaragoza","Casademont Zgz","CAZ",1,93,12000,11,28,39,21,43,48,18,27,66,25,13,38,15,13,12,6,3,3,2,15,22,106,35,-1,0,13,0,93,86,4,1297,4,9,12,34,9,47,9
2015303,1,"Liga Nacional","Liga Endesa",-402534000,NA,"https://www.acb.com/Documentos/Cabeceras/logo-competicion-1b.png","https://www.acb.com/Documentos/Cabeceras/logo-competicion-4a.png",87,2022,107,NA,NA,5540,103274,NA,NA,FALSE,4155,4148,2405,"Surne Bilbao Basket","Surne Bilbao","SBB",4155,2412,"BAXI Manresa","BAXI Manresa","BAX",1,76,12000,2,16,12,27,53,50,16,20,80,24,11,35,16,14,11,8,1,3,5,20,18,82,-20,-1,13,0,0,76,80,2,191,1,4,12,48,10,29,8
2015302,1,"Liga Nacional","Liga Endesa",-402534000,NA,"https://www.acb.com/Documentos/Cabeceras/logo-competicion-1b.png","https://www.acb.com/Documentos/Cabeceras/logo-competicion-4a.png",87,2022,107,NA,NA,5540,103274,NA,NA,TRUE,4148,4148,2405,"Surne Bilbao Basket","Surne Bilbao","SBB",4155,2412,"BAXI Manresa","BAXI Manresa","BAX",1,80,12000,11,32,34,16,30,53,15,17,88,30,12,42,9,9,21,2,3,0,1,20,20,85,20,-1,0,13,0,80,76,4,2107,2,14,3,26,8,29,7
2015246,1,"Liga Nacional","Liga Endesa",-402534000,NA,"https://www.acb.com/Documentos/Cabeceras/logo-competicion-1b.png","https://www.acb.com/Documentos/Cabeceras/logo-competicion-4a.png",87,2022,107,NA,NA,5540,103275,NA,NA,TRUE,4156,4156,2413,"Valencia Basket","Valencia Basket","VBC",4151,2408,"Monbus Obradoiro","Monbus Obra","MOB",1,87,12000,8,27,29,22,34,64,19,20,95,23,10,33,14,16,14,12,3,2,2,17,19,107,45,-1,0,13,0,87,78,3,2045,9,11,15,36,9,38,8
2015247,1,"Liga Nacional","Liga Endesa",-402534000,NA,"https://www.acb.com/Documentos/Cabeceras/logo-competicion-1b.png","https://www.acb.com/Documentos/Cabeceras/logo-competicion-4a.png",87,2022,107,NA,NA,5540,103275,NA,NA,FALSE,4151,4156,2413,"Valencia Basket","Valencia Basket","VBC",4151,2408,"Monbus Obradoiro","Monbus Obra","MOB",1,78,12000,11,32,34,18,30,60,9,10,90,20,8,28,17,9,17,3,2,3,0,19,17,78,-45,-1,13,0,0,78,87,5,288,8,2,13,32,10,22,7
2014967,1,"Liga Nacional","Liga Endesa",-402534000,NA,"https://www.acb.com/Documentos/Cabeceras/logo-competicion-1b.png","https://www.acb.com/Documentos/Cabeceras/logo-competicion-4a.png",87,2022,107,NA,NA,5540,103276,NA,NA,FALSE,4158,4160,2417,"Coviran Granada","Coviran Granada","COV",4158,2415,"Lenovo Tenerife","Lenovo Tenerife","LNT",1,82,12000,11,31,35,16,29,55,17,24,70,25,7,32,20,10,10,4,2,3,2,13,22,102,45,-1,0,13,0,82,73,4,2321,1,15,6,30,6,43,9
2014966,1,"Liga Nacional","Liga Endesa",-402534000,NA,"https://www.acb.com/Documentos/Cabeceras/logo-competicion-1b.png","https://www.acb.com/Documentos/Cabeceras/logo-competicion-4a.png",87,2022,107,NA,NA,5540,103276,NA,NA,TRUE,4160,4160,2417,"Coviran Granada","Coviran Granada","COV",4158,2415,"Lenovo Tenerife","Lenovo Tenerife","LNT",1,73,12000,4,21,19,27,46,58,7,8,87,28,10,38,14,9,13,10,3,2,5,22,13,76,-45,-1,13,0,0,73,82,5,16,0,2,10,48,6,30,10
2014994,1,"Liga Nacional","Liga Endesa",-402534000,NA,"https://www.acb.com/Documentos/Cabeceras/logo-competicion-1b.png","https://www.acb.com/Documentos/Cabeceras/logo-competicion-4a.png",87,2022,107,NA,NA,5540,103277,NA,NA,TRUE,4150,4150,2407,"UCAM Murcia","UCAM Murcia","UCM",4146,2403,"Carplus Fuenlabrada","Carplus Fuenla","FUE",1,83,12000,9,35,25,23,43,53,10,16,62,32,17,49,11,12,18,4,2,2,4,30,19,74,95,-1,0,13,0,83,64,2,724,3,24,10,40,8,41,15
2014995,1,"Liga Nacional","Liga Endesa",-402534000,NA,"https://www.acb.com/Documentos/Cabeceras/logo-competicion-1b.png","https://www.acb.com/Documentos/Cabeceras/logo-competicion-4a.png",87,2022,107,NA,NA,5540,103277,NA,NA,FALSE,4146,4150,2407,"UCAM Murcia","UCAM Murcia","UCM",4146,2403,"Carplus Fuenlabrada","Carplus Fuenla","FUE",1,64,12000,3,12,25,16,41,39,23,37,62,30,6,36,15,12,19,6,2,2,3,21,29,68,-95,-1,13,0,0,64,83,5,1595,2,14,8,28,2,21,8
2017641,1,"Liga Nacional","Liga Endesa",-402534000,NA,"https://www.acb.com/Documentos/Cabeceras/logo-competicion-1b.png","https://www.acb.com/Documentos/Cabeceras/logo-competicion-4a.png",87,2022,107,NA,NA,5539,103222,NA,NA,FALSE,4156,4155,2412,"BAXI Manresa","BAXI Manresa","BAX",4156,2413,"Valencia Basket","Valencia Basket","VBC",1,82,12000,8,35,22,23,39,58,12,18,66,26,13,39,15,10,13,6,1,5,2,24,18,74,-25,-1,13,0,0,82,87,5,206,3,3,17,40,11,27,12
2017640,1,"Liga Nacional","Liga Endesa",-402534000,NA,"https://www.acb.com/Documentos/Cabeceras/logo-competicion-1b.png","https://www.acb.com/Documentos/Cabeceras/logo-competicion-4a.png",87,2022,107,NA,NA,5539,103222,NA,NA,TRUE,4155,4155,2412,"BAXI Manresa","BAXI Manresa","BAX",4156,2413,"Valencia Basket","Valencia Basket","VBC",1,87,12000,7,26,26,22,38,57,22,26,84,29,11,40,16,4,15,6,6,1,3,18,23,103,25,-1,0,13,0,87,82,3,2121,3,12,10,36,6,21,7
2017500,1,"Liga Nacional","Liga Endesa",-402534000,NA,"https://www.acb.com/Documentos/Cabeceras/logo-competicion-1b.png","https://www.acb.com/Documentos/Cabeceras/logo-competicion-4a.png",87,2022,107,NA,NA,5539,103223,NA,NA,TRUE,4154,4154,2364,"Cazoo Baskonia","Cazoo Baskonia","BKN",4159,2496,"Gran Canaria","Gran Canaria","GCA",1,101,13500,11,30,36,25,40,62,18,23,78,32,7,39,20,9,10,11,1,5,3,21,22,117,20,-1,0,13,0,101,97,4,800,11,6,13,44,6,35,10
2017501,1,"Liga Nacional","Liga Endesa",-402534000,NA,"https://www.acb.com/Documentos/Cabeceras/logo-competicion-1b.png","https://www.acb.com/Documentos/Cabeceras/logo-competicion-4a.png",87,2022,107,NA,NA,5539,103223,NA,NA,FALSE,4159,4154,2364,"Cazoo Baskonia","Cazoo Baskonia","BKN",4159,2496,"Gran Canaria","Gran Canaria","GCA",1,97,13500,13,35,37,23,42,54,12,18,66,28,12,40,16,10,10,6,5,1,1,22,21,109,-20,-1,13,0,0,97,101,4,1424,10,7,12,34,10,42,9
2017360,1,"Liga Nacional","Liga Endesa",-402534000,NA,"https://www.acb.com/Documentos/Cabeceras/logo-competicion-1b.png","https://www.acb.com/Documentos/Cabeceras/logo-competicion-4a.png",87,2022,107,NA,NA,5539,103224,NA,NA,TRUE,4147,4147,2404,"Barça","Barça","BAR",4146,2403,"Carplus Fuenlabrada","Carplus Fuenla","FUE",1,101,12000,12,26,46,28,42,66,9,14,64,25,11,36,22,16,16,6,9,6,7,16,21,134,185,-1,0,13,0,101,64,1,2293,1,41,14,50,11,63,17
2017361,1,"Liga Nacional","Liga Endesa",-402534000,NA,"https://www.acb.com/Documentos/Cabeceras/logo-competicion-1b.png","https://www.acb.com/Documentos/Cabeceras/logo-competicion-4a.png",87,2022,107,NA,NA,5539,103224,NA,NA,FALSE,4146,4147,2404,"Barça","Barça","BAR",4146,2403,"Carplus Fuenlabrada","Carplus Fuenla","FUE",1,64,12000,2,8,25,24,52,46,10,15,66,20,9,29,12,12,20,12,6,7,5,21,16,52,-185,-1,13,0,0,64,101,5,22,1,1,8,44,4,19,6
2017082,1,"Liga Nacional","Liga Endesa",-402534000,NA,"https://www.acb.com/Documentos/Cabeceras/logo-competicion-1b.png","https://www.acb.com/Documentos/Cabeceras/logo-competicion-4a.png",87,2022,107,NA,NA,5539,103225,NA,NA,FALSE,4150,4153,2410,"Río Breogán","Río Breogán","BRE",4150,2407,"UCAM Murcia","UCAM Murcia","UCM",1,65,12000,6,27,22,17,40,42,13,18,72,32,16,48,14,6,12,4,5,2,2,17,21,79,25,-1,0,13,0,65,60,4,1847,3,19,9,28,8,27,11
2017081,1,"Liga Nacional","Liga Endesa",-402534000,NA,"https://www.acb.com/Documentos/Cabeceras/logo-competicion-1b.png","https://www.acb.com/Documentos/Cabeceras/logo-competicion-4a.png",87,2022,107,NA,NA,5539,103225,NA,NA,TRUE,4153,4153,2410,"Río Breogán","Río Breogán","BRE",4150,2407,"UCAM Murcia","UCAM Murcia","UCM",1,60,12000,4,22,18,20,46,43,8,13,61,28,10,38,12,11,7,8,2,5,3,21,17,58,-25,-1,12,0,0,60,65,5,405,2,6,6,38,4,13,18
2017113,1,"Liga Nacional","Liga Endesa",-402534000,NA,"https://www.acb.com/Documentos/Cabeceras/logo-competicion-1b.png","https://www.acb.com/Documentos/Cabeceras/logo-competicion-4a.png",87,2022,107,NA,NA,5539,103226,NA,NA,FALSE,4152,4149,2406,"Real Madrid","Real Madrid","RMB",4152,2409,"Unicaja","Unicaja","UNI",1,90,12000,9,30,30,24,43,55,15,17,88,26,13,39,23,7,9,10,5,4,1,25,18,102,-60,-1,13,0,0,90,102,2,434,1,6,12,48,14,48,6
2017112,1,"Liga Nacional","Liga Endesa",-402534000,NA,"https://www.acb.com/Documentos/Cabeceras/logo-competicion-1b.png","https://www.acb.com/Documentos/Cabeceras/logo-competicion-4a.png",87,2022,107,NA,NA,5539,103226,NA,NA,TRUE,4149,4149,2406,"Real Madrid","Real Madrid","RMB",4152,2409,"Unicaja","Unicaja","UNI",1,102,12000,14,31,45,19,33,57,22,27,81,26,6,32,14,5,7,4,4,5,1,18,25,116,60,-1,0,13,0,102,90,2,1787,2,14,10,32,4,44,10
2016915,1,"Liga Nacional","Liga Endesa",-402534000,NA,"https://www.acb.com/Documentos/Cabeceras/logo-competicion-1b.png","https://www.acb.com/Documentos/Cabeceras/logo-competicion-4a.png",87,2022,107,NA,NA,5539,103228,NA,NA,FALSE,4158,4143,2399,"Bàsquet Girona","Bàsquet Girona","GIR",4158,2415,"Lenovo Tenerife","Lenovo Tenerife","LNT",1,88,12000,10,27,37,21,34,61,16,23,69,28,5,33,24,10,10,2,2,2,4,18,21,111,80,-1,0,13,0,88,72,1,2300,1,23,14,36,2,43,15
2016914,1,"Liga Nacional","Liga Endesa",-402534000,NA,"https://www.acb.com/Documentos/Cabeceras/logo-competicion-1b.png","https://www.acb.com/Documentos/Cabeceras/logo-competicion-4a.png",87,2022,107,NA,NA,5539,103228,NA,NA,TRUE,4143,4143,2399,"Bàsquet Girona","Bàsquet Girona","GIR",4158,2415,"Lenovo Tenerife","Lenovo Tenerife","LNT",1,72,12000,5,22,22,25,48,52,7,9,77,25,12,37,15,10,13,11,2,2,7,21,18,76,-80,-1,13,0,0,72,88,3,15,0,2,6,40,8,30,6
2016637,1,"Liga Nacional","Liga Endesa",-402534000,NA,"https://www.acb.com/Documentos/Cabeceras/logo-competicion-1b.png","https://www.acb.com/Documentos/Cabeceras/logo-competicion-4a.png",87,2022,107,NA,NA,5539,103227,NA,NA,TRUE,4145,4145,2419,"Real Betis Baloncesto","Betis","BET",4148,2405,"Surne Bilbao Basket","Surne Bilbao","SBB",1,86,12000,11,28,39,17,42,40,19,22,86,26,20,46,12,8,11,2,2,3,2,20,18,93,40,-1,0,13,0,86,78,2,1577,8,12,6,30,6,36,11
2016638,1,"Liga Nacional","Liga Endesa",-402534000,NA,"https://www.acb.com/Documentos/Cabeceras/logo-competicion-1b.png","https://www.acb.com/Documentos/Cabeceras/logo-competicion-4a.png",87,2022,107,NA,NA,5539,103227,NA,NA,FALSE,4148,4145,2419,"Real Betis Baloncesto","Betis","BET",4148,2405,"Surne Bilbao Basket","Surne Bilbao","SBB",1,78,12000,11,33,33,16,32,50,13,17,76,19,11,30,18,10,11,2,4,2,3,18,20,87,-40,-1,13,0,0,78,86,3,570,8,5,9,28,7,34,9
2016611,1,"Liga Nacional","Liga Endesa",-402534000,NA,"https://www.acb.com/Documentos/Cabeceras/logo-competicion-1b.png","https://www.acb.com/Documentos/Cabeceras/logo-competicion-4a.png",87,2022,107,NA,NA,5539,103229,NA,NA,FALSE,4157,4144,2400,"Casademont Zaragoza","Casademont Zgz","CAZ",4157,2414,"Joventut Badalona","Joventut","JOV",1,77,12000,9,29,31,17,36,47,16,18,88,28,13,41,16,6,13,10,4,4,1,19,17,84,-50,-1,12,0,0,77,87,4,130,3,2,14,32,8,52,9
2016610,1,"Liga Nacional","Liga Endesa",-402534000,NA,"https://www.acb.com/Documentos/Cabeceras/logo-competicion-1b.png","https://www.acb.com/Documentos/Cabeceras/logo-competicion-4a.png",87,2022,107,NA,NA,5539,103229,NA,NA,TRUE,4144,4144,2400,"Casademont Zaragoza","Casademont Zgz","CAZ",4157,2414,"Joventut Badalona","Joventut","JOV",1,87,12000,11,20,55,18,42,42,18,23,78,24,7,31,14,10,8,5,4,4,1,17,19,98,50,-1,0,13,0,87,77,4,2033,3,17,4,26,6,19,13
2016527,1,"Liga Nacional","Liga Endesa",-402534000,NA,"https://www.acb.com/Documentos/Cabeceras/logo-competicion-1b.png","https://www.acb.com/Documentos/Cabeceras/logo-competicion-4a.png",87,2022,107,NA,NA,5539,103230,NA,NA,FALSE,4160,4151,2408,"Monbus Obradoiro","Monbus Obra","MOB",4160,2417,"Coviran Granada","Coviran Granada","COV",1,83,12000,11,27,40,19,37,51,12,19,63,25,7,32,16,10,14,6,4,2,4,24,19,83,-25,-1,13,0,0,83,88,5,0,0,0,13,30,4,15,8
2016526,1,"Liga Nacional","Liga Endesa",-402534000,NA,"https://www.acb.com/Documentos/Cabeceras/logo-competicion-1b.png","https://www.acb.com/Documentos/Cabeceras/logo-competicion-4a.png",87,2022,107,NA,NA,5539,103230,NA,NA,TRUE,4151,4151,2408,"Monbus Obradoiro","Monbus Obra","MOB",4160,2417,"Coviran Granada","Coviran Granada","COV",1,88,12000,14,21,66,16,35,45,14,22,63,29,5,34,21,6,15,6,2,4,0,19,22,101,25,-1,0,13,0,88,83,3,2335,0,15,16,28,4,26,8
2018647,1,"Liga Nacional","Liga Endesa",-402534000,NA,"https://www.acb.com/Documentos/Cabeceras/logo-competicion-1b.png","https://www.acb.com/Documentos/Cabeceras/logo-competicion-4a.png",87,2022,107,NA,NA,5538,103250,NA,NA,TRUE,4156,4156,2413,"Valencia Basket","Valencia Basket","VBC",4149,2406,"Real Madrid","Real Madrid","RMB",1,68,12000,6,28,21,21,39,53,8,14,57,25,9,34,13,9,8,11,3,5,3,20,17,65,-55,-1,13,0,0,68,79,4,78,3,1,7,38,9,33,8
2018648,1,"Liga Nacional","Liga Endesa",-402534000,NA,"https://www.acb.com/Documentos/Cabeceras/logo-competicion-1b.png","https://www.acb.com/Documentos/Cabeceras/logo-competicion-4a.png",87,2022,107,NA,NA,5538,103250,NA,NA,FALSE,4149,4156,2413,"Valencia Basket","Valencia Basket","VBC",4149,2406,"Real Madrid","Real Madrid","RMB",1,79,12000,10,27,37,20,35,57,9,13,69,30,9,39,21,7,12,12,5,3,3,18,20,102,55,-1,0,13,0,79,68,1,2295,3,13,10,38,6,32,7
2018508,1,"Liga Nacional","Liga Endesa",-402534000,NA,"https://www.acb.com/Documentos/Cabeceras/logo-competicion-1b.png","https://www.acb.com/Documentos/Cabeceras/logo-competicion-4a.png",87,2022,107,NA,NA,5538,103233,NA,NA,FALSE,4151,4147,2404,"Barça","Barça","BAR",4151,2408,"Monbus Obradoiro","Monbus Obra","MOB",1,77,12000,9,17,52,19,40,47,12,16,75,25,5,30,13,7,14,2,1,4,0,25,20,72,-85,-1,13,0,0,77,94,5,816,2,6,9,38,3,21,9
2018507,1,"Liga Nacional","Liga Endesa",-402534000,NA,"https://www.acb.com/Documentos/Cabeceras/logo-competicion-1b.png","https://www.acb.com/Documentos/Cabeceras/logo-competicion-4a.png",87,2022,107,NA,NA,5538,103233,NA,NA,TRUE,4147,4147,2404,"Barça","Barça","BAR",4151,2408,"Monbus Obradoiro","Monbus Obra","MOB",1,94,12000,10,33,30,22,36,61,20,24,83,25,13,38,18,10,10,4,4,0,1,21,25,117,85,-1,0,13,0,94,77,3,1472,2,20,9,38,12,40,10
2018367,1,"Liga Nacional","Liga Endesa",-402534000,NA,"https://www.acb.com/Documentos/Cabeceras/logo-competicion-1b.png","https://www.acb.com/Documentos/Cabeceras/logo-competicion-4a.png",87,2022,107,NA,NA,5538,103216,NA,NA,TRUE,4146,4146,2403,"Carplus Fuenlabrada","Carplus Fuenla","FUE",4159,2496,"Gran Canaria","Gran Canaria","GCA",1,81,12000,12,21,57,15,34,44,15,22,68,20,2,22,19,5,13,6,4,4,3,22,20,77,-80,-1,13,0,0,81,97,4,384,5,4,7,28,2,13,6
2018368,1,"Liga Nacional","Liga Endesa",-402534000,NA,"https://www.acb.com/Documentos/Cabeceras/logo-competicion-1b.png","https://www.acb.com/Documentos/Cabeceras/logo-competicion-4a.png",87,2022,107,NA,NA,5538,103216,NA,NA,FALSE,4159,4146,2403,"Carplus Fuenlabrada","Carplus Fuenla","FUE",4159,2496,"Gran Canaria","Gran Canaria","GCA",1,97,12000,9,21,42,26,44,59,18,26,69,27,11,38,22,7,10,8,4,4,5,20,21,117,80,-1,0,13,0,97,81,2,1907,5,23,18,48,14,52,10
2018225,1,"Liga Nacional","Liga Endesa",-402534000,NA,"https://www.acb.com/Documentos/Cabeceras/logo-competicion-1b.png","https://www.acb.com/Documentos/Cabeceras/logo-competicion-4a.png",87,2022,107,NA,NA,5538,103231,NA,NA,TRUE,4157,4157,2414,"Joventut Badalona","Joventut","JOV",4154,2364,"Cazoo Baskonia","Cazoo Baskonia","BKN",1,77,12000,8,23,34,19,41,46,15,19,78,30,11,41,12,3,12,2,1,7,1,20,20,74,-45,-1,13,0,0,77,86,3,1616,1,12,7,38,2,30,7
2018226,1,"Liga Nacional","Liga Endesa",-402534000,NA,"https://www.acb.com/Documentos/Cabeceras/logo-competicion-1b.png","https://www.acb.com/Documentos/Cabeceras/logo-competicion-4a.png",87,2022,107,NA,NA,5538,103231,NA,NA,FALSE,4154,4157,2414,"Joventut Badalona","Joventut","JOV",4154,2364,"Cazoo Baskonia","Cazoo Baskonia","BKN",1,86,12000,9,35,25,22,33,66,15,21,71,28,9,37,15,9,5,7,7,1,4,20,20,105,45,-1,0,13,0,86,77,3,630,2,10,14,34,10,41,7
2018090,1,"Liga Nacional","Liga Endesa",-402534000,NA,"https://www.acb.com/Documentos/Cabeceras/logo-competicion-1b.png","https://www.acb.com/Documentos/Cabeceras/logo-competicion-4a.png",87,2022,107,NA,NA,5538,103219,NA,NA,TRUE,4148,4148,2405,"Surne Bilbao Basket","Surne Bilbao","SBB",4153,2410,"Río Breogán","Río Breogán","BRE",1,83,12000,8,27,29,20,35,57,19,26,73,27,9,36,20,14,13,8,4,1,3,21,20,101,85,-1,0,13,0,83,66,4,1922,2,20,23,30,7,36,14
2018091,1,"Liga Nacional","Liga Endesa",-402534000,NA,"https://www.acb.com/Documentos/Cabeceras/logo-competicion-1b.png","https://www.acb.com/Documentos/Cabeceras/logo-competicion-4a.png",87,2022,107,NA,NA,5538,103219,NA,NA,FALSE,4153,4148,2405,"Surne Bilbao Basket","Surne Bilbao","SBB",4153,2410,"Río Breogán","Río Breogán","BRE",1,66,12000,5,21,23,20,39,51,11,18,61,25,10,35,12,11,18,12,1,4,1,20,21,62,-85,-1,12,0,0,66,83,5,274,2,5,11,38,8,30,11
2017949,1,"Liga Nacional","Liga Endesa",-402534000,NA,"https://www.acb.com/Documentos/Cabeceras/logo-competicion-1b.png","https://www.acb.com/Documentos/Cabeceras/logo-competicion-4a.png",87,2022,107,NA,NA,5538,103220,NA,NA,FALSE,4144,4160,2417,"Coviran Granada","Coviran Granada","COV",4144,2400,"Casademont Zaragoza","Casademont Zgz","CAZ",1,68,12000,7,23,30,18,36,50,11,18,61,34,9,43,16,8,15,4,4,4,3,15,21,85,-15,-1,13,0,0,68,71,3,1891,0,18,2,26,7,24,7
2017948,1,"Liga Nacional","Liga Endesa",-402534000,NA,"https://www.acb.com/Documentos/Cabeceras/logo-competicion-1b.png","https://www.acb.com/Documentos/Cabeceras/logo-competicion-4a.png",87,2022,107,NA,NA,5538,103220,NA,NA,TRUE,4160,4160,2417,"Coviran Granada","Coviran Granada","COV",4144,2400,"Casademont Zaragoza","Casademont Zgz","CAZ",1,71,12000,7,32,21,21,50,42,8,12,66,27,19,46,16,13,7,13,4,4,2,21,15,75,15,-1,0,13,0,71,68,2,444,1,6,15,38,17,23,8
2017809,1,"Liga Nacional","Liga Endesa",-402534000,NA,"https://www.acb.com/Documentos/Cabeceras/logo-competicion-1b.png","https://www.acb.com/Documentos/Cabeceras/logo-competicion-4a.png",87,2022,107,NA,NA,5538,103221,NA,NA,FALSE,4145,4143,2399,"Bàsquet Girona","Bàsquet Girona","GIR",4145,2419,"Real Betis Baloncesto","Betis","BET",1,90,12000,12,26,46,17,34,50,20,31,64,24,10,34,19,13,16,2,3,0,2,16,21,106,55,-1,0,13,0,90,79,2,228,2,11,16,26,9,43,24
2017808,1,"Liga Nacional","Liga Endesa",-402534000,NA,"https://www.acb.com/Documentos/Cabeceras/logo-competicion-1b.png","https://www.acb.com/Documentos/Cabeceras/logo-competicion-4a.png",87,2022,107,NA,NA,5538,103221,NA,NA,TRUE,4143,4143,2399,"Bàsquet Girona","Bàsquet Girona","GIR",4145,2419,"Real Betis Baloncesto","Betis","BET",1,79,12000,10,25,40,19,34,55,11,17,64,23,7,30,21,11,19,10,0,2,5,21,16,79,-55,-1,13,0,0,79,90,4,1966,1,19,18,32,5,28,14
2016357,1,"Liga Nacional","Liga Endesa",-402534000,NA,"https://www.acb.com/Documentos/Cabeceras/logo-competicion-1b.png","https://www.acb.com/Documentos/Cabeceras/logo-competicion-4a.png",87,2022,107,NA,NA,5538,103217,NA,NA,FALSE,4150,4158,2415,"Lenovo Tenerife","Lenovo Tenerife","LNT",4150,2407,"UCAM Murcia","UCAM Murcia","UCM",1,111,13500,14,31,45,22,35,62,25,31,80,25,8,33,7,10,10,4,2,0,1,27,27,117,10,-1,0,13,0,111,109,6,1097,7,12,8,38,7,36,11
2016356,1,"Liga Nacional","Liga Endesa",-402534000,NA,"https://www.acb.com/Documentos/Cabeceras/logo-competicion-1b.png","https://www.acb.com/Documentos/Cabeceras/logo-competicion-4a.png",87,2022,107,NA,NA,5538,103217,NA,NA,TRUE,4158,4158,2415,"Lenovo Tenerife","Lenovo Tenerife","LNT",4150,2407,"UCAM Murcia","UCAM Murcia","UCM",1,109,13500,13,27,48,24,44,54,22,29,75,21,12,33,20,7,12,4,0,2,2,28,26,112,-10,-1,13,0,0,109,111,4,1401,6,9,13,34,4,63,9
2016216,1,"Liga Nacional","Liga Endesa",-402534000,NA,"https://www.acb.com/Documentos/Cabeceras/logo-competicion-1b.png","https://www.acb.com/Documentos/Cabeceras/logo-competicion-4a.png",87,2022,107,NA,NA,5538,103218,NA,NA,TRUE,4152,4152,2409,"Unicaja","Unicaja","UNI",4155,2412,"BAXI Manresa","BAXI Manresa","BAX",1,97,12000,14,30,46,25,43,58,5,9,55,29,6,35,25,11,13,11,5,2,4,17,15,118,45,-1,0,13,0,97,88,1,812,4,11,4,48,7,52,8
2016217,1,"Liga Nacional","Liga Endesa",-402534000,NA,"https://www.acb.com/Documentos/Cabeceras/logo-competicion-1b.png","https://www.acb.com/Documentos/Cabeceras/logo-competicion-4a.png",87,2022,107,NA,NA,5538,103218,NA,NA,FALSE,4155,4152,2409,"Unicaja","Unicaja","UNI",4155,2412,"BAXI Manresa","BAXI Manresa","BAX",1,88,12000,9,22,40,23,51,45,15,16,93,28,10,38,13,8,13,2,2,5,2,15,15,89,-45,-1,13,0,0,88,97,3,1290,4,8,4,36,13,37,7
2019955,1,"Liga Nacional","Liga Endesa",-402534000,NA,"https://www.acb.com/Documentos/Cabeceras/logo-competicion-1b.png","https://www.acb.com/Documentos/Cabeceras/logo-competicion-4a.png",87,2022,107,NA,NA,5561,103247,NA,NA,TRUE,4152,4152,2409,"Unicaja","Unicaja","UNI",4158,2415,"Lenovo Tenerife","Lenovo Tenerife","LNT",1,75,12000,10,23,43,17,36,47,11,13,84,15,9,24,17,16,16,4,0,3,2,22,17,74,20,-1,0,13,0,75,71,4,2083,1,13,12,24,6,41,6
2019956,1,"Liga Nacional","Liga Endesa",-402534000,NA,"https://www.acb.com/Documentos/Cabeceras/logo-competicion-1b.png","https://www.acb.com/Documentos/Cabeceras/logo-competicion-4a.png",87,2022,107,NA,NA,5561,103247,NA,NA,FALSE,4158,4152,2409,"Unicaja","Unicaja","UNI",4158,2415,"Lenovo Tenerife","Lenovo Tenerife","LNT",1,71,12000,7,22,31,18,27,66,14,20,70,24,10,34,15,7,23,0,3,0,0,17,20,80,-20,-1,13,0,0,71,75,4,200,1,7,14,30,7,43,13
2019788,1,"Liga Nacional","Liga Endesa",-402534000,NA,"https://www.acb.com/Documentos/Cabeceras/logo-competicion-1b.png","https://www.acb.com/Documentos/Cabeceras/logo-competicion-4a.png",87,2022,107,NA,NA,5561,103242,NA,NA,FALSE,4156,4146,2403,"Carplus Fuenlabrada","Carplus Fuenla","FUE",4156,2413,"Valencia Basket","Valencia Basket","VBC",1,93,12000,8,23,34,27,47,57,15,22,68,18,14,32,22,18,12,11,3,4,6,17,21,114,90,-1,0,13,0,93,75,0,2145,1,21,23,54,8,40,11
2019787,1,"Liga Nacional","Liga Endesa",-402534000,NA,"https://www.acb.com/Documentos/Cabeceras/logo-competicion-1b.png","https://www.acb.com/Documentos/Cabeceras/logo-competicion-4a.png",87,2022,107,NA,NA,5561,103242,NA,NA,TRUE,4146,4146,2403,"Carplus Fuenlabrada","Carplus Fuenla","FUE",4156,2413,"Valencia Basket","Valencia Basket","VBC",1,75,12000,11,23,47,17,31,54,8,14,57,20,8,28,17,4,24,4,4,1,1,21,17,67,-90,-1,13,0,0,75,93,5,214,1,7,8,28,8,27,8
2019648,1,"Liga Nacional","Liga Endesa",-402534000,NA,"https://www.acb.com/Documentos/Cabeceras/logo-competicion-1b.png","https://www.acb.com/Documentos/Cabeceras/logo-competicion-4a.png",87,2022,107,NA,NA,5561,103244,NA,NA,TRUE,4154,4154,2364,"Cazoo Baskonia","Cazoo Baskonia","BKN",4147,2404,"Barça","Barça","BAR",1,84,12000,8,26,30,21,34,61,18,23,78,19,8,27,16,8,7,4,3,3,5,22,23,93,-35,-1,13,0,0,84,91,4,569,9,6,4,36,2,25,11
2019649,1,"Liga Nacional","Liga Endesa",-402534000,NA,"https://www.acb.com/Documentos/Cabeceras/logo-competicion-1b.png","https://www.acb.com/Documentos/Cabeceras/logo-competicion-4a.png",87,2022,107,NA,NA,5561,103244,NA,NA,FALSE,4147,4154,2364,"Cazoo Baskonia","Cazoo Baskonia","BKN",4147,2404,"Barça","Barça","BAR",1,91,12000,13,28,46,19,32,59,14,19,73,23,11,34,21,5,11,0,3,3,1,23,21,105,35,-1,0,13,0,91,84,4,1757,9,11,6,30,2,28,9
2019541,1,"Liga Nacional","Liga Endesa",-402534000,NA,"https://www.acb.com/Documentos/Cabeceras/logo-competicion-1b.png","https://www.acb.com/Documentos/Cabeceras/logo-competicion-4a.png",87,2022,107,NA,NA,5561,103245,NA,NA,FALSE,4151,4157,2414,"Joventut Badalona","Joventut","JOV",4151,2408,"Monbus Obradoiro","Monbus Obra","MOB",1,85,12000,12,30,40,16,36,44,17,21,80,19,12,31,15,4,11,0,2,4,2,28,21,73,-55,-1,13,0,0,85,96,4,642,5,4,11,32,6,34,10
2019540,1,"Liga Nacional","Liga Endesa",-402534000,NA,"https://www.acb.com/Documentos/Cabeceras/logo-competicion-1b.png","https://www.acb.com/Documentos/Cabeceras/logo-competicion-4a.png",87,2022,107,NA,NA,5561,103245,NA,NA,TRUE,4157,4157,2414,"Joventut Badalona","Joventut","JOV",4151,2408,"Monbus Obradoiro","Monbus Obra","MOB",1,96,12000,8,26,30,27,40,67,18,24,75,27,11,38,16,6,9,6,4,2,1,22,25,115,55,-1,0,12,0,96,85,3,1606,6,11,9,50,12,32,9
2019346,1,"Liga Nacional","Liga Endesa",-402534000,NA,"https://www.acb.com/Documentos/Cabeceras/logo-competicion-1b.png","https://www.acb.com/Documentos/Cabeceras/logo-competicion-4a.png",87,2022,107,NA,NA,5561,103243,NA,NA,FALSE,4149,4159,2496,"Gran Canaria","Gran Canaria","GCA",4149,2406,"Real Madrid","Real Madrid","RMB",1,95,12000,14,30,46,20,28,71,13,14,92,23,6,29,25,14,15,10,2,1,4,19,18,123,140,-1,0,13,0,95,67,1,2271,3,28,9,38,9,38,9
2019345,1,"Liga Nacional","Liga Endesa",-402534000,NA,"https://www.acb.com/Documentos/Cabeceras/logo-competicion-1b.png","https://www.acb.com/Documentos/Cabeceras/logo-competicion-4a.png",87,2022,107,NA,NA,5561,103243,NA,NA,TRUE,4159,4159,2496,"Gran Canaria","Gran Canaria","GCA",4149,2406,"Real Madrid","Real Madrid","RMB",1,67,12000,9,28,32,13,30,43,14,16,87,19,11,30,11,12,18,5,1,2,2,18,17,62,-140,-1,13,0,0,67,95,3,24,2,2,15,20,6,22,6
2019208,1,"Liga Nacional","Liga Endesa",-402534000,NA,"https://www.acb.com/Documentos/Cabeceras/logo-competicion-1b.png","https://www.acb.com/Documentos/Cabeceras/logo-competicion-4a.png",87,2022,107,NA,NA,5561,103246,NA,NA,FALSE,4155,4153,2410,"Río Breogán","Río Breogán","BRE",4155,2412,"BAXI Manresa","BAXI Manresa","BAX",1,82,12000,8,19,42,25,50,50,8,16,50,27,16,43,16,8,16,4,4,2,4,20,19,90,5,-1,0,12,0,82,81,4,545,6,10,9,40,19,31,14
2019207,1,"Liga Nacional","Liga Endesa",-402534000,NA,"https://www.acb.com/Documentos/Cabeceras/logo-competicion-1b.png","https://www.acb.com/Documentos/Cabeceras/logo-competicion-4a.png",87,2022,107,NA,NA,5561,103246,NA,NA,TRUE,4153,4153,2410,"Río Breogán","Río Breogán","BRE",4155,2412,"BAXI Manresa","BAXI Manresa","BAX",1,81,12000,10,25,40,22,43,51,7,17,41,22,13,35,16,11,13,8,2,4,2,19,20,83,-5,-1,13,0,0,81,82,3,1544,6,9,25,36,6,26,12
2019123,1,"Liga Nacional","Liga Endesa",-402534000,NA,"https://www.acb.com/Documentos/Cabeceras/logo-competicion-1b.png","https://www.acb.com/Documentos/Cabeceras/logo-competicion-4a.png",87,2022,107,NA,NA,5561,103248,NA,NA,TRUE,4150,4150,2407,"UCAM Murcia","UCAM Murcia","UCM",4148,2405,"Surne Bilbao Basket","Surne Bilbao","SBB",1,67,12000,10,32,31,12,29,41,13,16,81,33,6,39,18,11,11,10,3,5,2,21,21,80,60,-1,0,13,0,67,55,4,2373,0,18,9,22,7,31,10
2019124,1,"Liga Nacional","Liga Endesa",-402534000,NA,"https://www.acb.com/Documentos/Cabeceras/logo-competicion-1b.png","https://www.acb.com/Documentos/Cabeceras/logo-competicion-4a.png",87,2022,107,NA,NA,5561,103248,NA,NA,FALSE,4148,4150,2407,"UCAM Murcia","UCAM Murcia","UCM",4148,2405,"Surne Bilbao Basket","Surne Bilbao","SBB",1,55,12000,4,22,18,17,38,44,9,16,56,35,7,42,11,10,15,0,5,3,0,21,21,59,-60,-1,13,0,0,55,67,4,0,0,0,2,32,4,18,9
2018984,1,"Liga Nacional","Liga Endesa",-402534000,NA,"https://www.acb.com/Documentos/Cabeceras/logo-competicion-1b.png","https://www.acb.com/Documentos/Cabeceras/logo-competicion-4a.png",87,2022,107,NA,NA,5561,103234,NA,NA,FALSE,4160,4145,2419,"Real Betis Baloncesto","Betis","BET",4160,2417,"Coviran Granada","Coviran Granada","COV",1,91,12000,11,27,40,22,37,59,14,19,73,28,13,41,15,9,16,6,5,1,2,22,20,106,30,-1,0,13,0,91,85,4,571,2,9,12,32,13,32,14
2018983,1,"Liga Nacional","Liga Endesa",-402534000,NA,"https://www.acb.com/Documentos/Cabeceras/logo-competicion-1b.png","https://www.acb.com/Documentos/Cabeceras/logo-competicion-4a.png",87,2022,107,NA,NA,5561,103234,NA,NA,TRUE,4145,4145,2419,"Real Betis Baloncesto","Betis","BET",4160,2417,"Coviran Granada","Coviran Granada","COV",1,85,12000,7,27,25,25,49,51,14,17,82,19,19,38,14,13,10,4,1,5,2,20,22,91,-30,-1,13,0,0,85,91,4,1486,1,9,9,40,18,40,9
2018787,1,"Liga Nacional","Liga Endesa",-402534000,NA,"https://www.acb.com/Documentos/Cabeceras/logo-competicion-1b.png","https://www.acb.com/Documentos/Cabeceras/logo-competicion-4a.png",87,2022,107,NA,NA,5561,103249,NA,NA,TRUE,4144,4144,2400,"Casademont Zaragoza","Casademont Zgz","CAZ",4143,2399,"Bàsquet Girona","Bàsquet Girona","GIR",1,88,15000,8,39,20,26,48,54,12,17,70,32,18,50,16,12,14,6,7,4,5,20,19,96,-35,-1,13,0,0,88,95,5,1610,6,8,12,46,10,32,8
2018788,1,"Liga Nacional","Liga Endesa",-402534000,NA,"https://www.acb.com/Documentos/Cabeceras/logo-competicion-1b.png","https://www.acb.com/Documentos/Cabeceras/logo-competicion-4a.png",87,2022,107,NA,NA,5561,103249,NA,NA,FALSE,4143,4144,2400,"Casademont Zaragoza","Casademont Zgz","CAZ",4143,2399,"Bàsquet Girona","Bàsquet Girona","GIR",1,95,15000,11,37,29,19,39,48,24,26,92,35,11,46,19,9,16,2,4,7,2,20,20,102,35,-1,0,13,0,95,88,5,1143,7,10,11,36,11,47,10
2020655,1,"Liga Nacional","Liga Endesa",-402534000,NA,"https://www.acb.com/Documentos/Cabeceras/logo-competicion-1b.png","https://www.acb.com/Documentos/Cabeceras/logo-competicion-4a.png",87,2022,107,NA,NA,5570,103235,NA,NA,TRUE,4155,4155,2412,"BAXI Manresa","BAXI Manresa","BAX",4159,2496,"Dreamland Gran Canaria","Dreamland GC","DGC",1,105,12000,14,28,50,24,41,58,15,18,83,30,12,42,23,8,17,13,1,3,4,24,19,120,150,-1,0,12,0,105,75,0,2322,1,32,17,40,16,63,10
2020656,1,"Liga Nacional","Liga Endesa",-402534000,NA,"https://www.acb.com/Documentos/Cabeceras/logo-competicion-1b.png","https://www.acb.com/Documentos/Cabeceras/logo-competicion-4a.png",87,2022,107,NA,NA,5570,103235,NA,NA,FALSE,4159,4155,2412,"BAXI Manresa","BAXI Manresa","BAX",4159,2496,"Dreamland Gran Canaria","Dreamland GC","DGC",1,75,12000,6,28,21,17,32,53,23,27,85,19,5,24,18,12,13,4,3,1,1,20,24,81,-150,-1,13,0,0,75,105,4,33,1,1,7,24,4,47,8
2020627,1,"Liga Nacional","Liga Endesa",-402534000,NA,"https://www.acb.com/Documentos/Cabeceras/logo-competicion-1b.png","https://www.acb.com/Documentos/Cabeceras/logo-competicion-4a.png",87,2022,107,NA,NA,5570,103236,NA,NA,TRUE,4143,4143,2399,"Bàsquet Girona","Bàsquet Girona","GIR",4154,2364,"Cazoo Baskonia","Cazoo Baskonia","BKN",1,70,12000,6,27,22,19,40,47,14,23,60,21,10,31,10,12,6,4,3,3,3,19,18,65,-25,-1,13,0,0,70,75,2,0,0,0,13,32,6,33,10
2020628,1,"Liga Nacional","Liga Endesa",-402534000,NA,"https://www.acb.com/Documentos/Cabeceras/logo-competicion-1b.png","https://www.acb.com/Documentos/Cabeceras/logo-competicion-4a.png",87,2022,107,NA,NA,5570,103236,NA,NA,FALSE,4154,4143,2399,"Bàsquet Girona","Bàsquet Girona","GIR",4154,2364,"Cazoo Baskonia","Cazoo Baskonia","BKN",1,75,12000,7,26,26,19,36,52,16,19,84,32,15,47,19,3,19,2,3,2,4,19,19,87,25,-1,0,13,0,75,70,4,2359,0,14,4,36,4,31,6
2020573,1,"Liga Nacional","Liga Endesa",-402534000,NA,"https://www.acb.com/Documentos/Cabeceras/logo-competicion-1b.png","https://www.acb.com/Documentos/Cabeceras/logo-competicion-4a.png",87,2022,107,NA,NA,5570,103237,NA,NA,FALSE,4157,4160,2417,"Coviran Granada","Coviran Granada","COV",4157,2414,"Joventut Badalona","Joventut","JOV",1,62,12000,7,30,23,15,34,44,11,16,68,30,10,40,10,12,15,4,4,2,0,21,17,60,-55,-1,12,0,0,62,73,5,1501,5,9,4,26,8,11,9
2020572,1,"Liga Nacional","Liga Endesa",-402534000,NA,"https://www.acb.com/Documentos/Cabeceras/logo-competicion-1b.png","https://www.acb.com/Documentos/Cabeceras/logo-competicion-4a.png",87,2022,107,NA,NA,5570,103237,NA,NA,TRUE,4160,4160,2417,"Coviran Granada","Coviran Granada","COV",4157,2414,"Joventut Badalona","Joventut","JOV",1,73,12000,7,24,29,19,40,47,14,18,77,32,8,40,11,12,11,6,2,4,5,17,21,85,55,-1,0,13,0,73,62,2,658,5,12,9,34,4,18,9
2020599,1,"Liga Nacional","Liga Endesa",-402534000,NA,"https://www.acb.com/Documentos/Cabeceras/logo-competicion-1b.png","https://www.acb.com/Documentos/Cabeceras/logo-competicion-4a.png",87,2022,107,NA,NA,5570,103240,NA,NA,TRUE,4149,4149,2406,"Real Madrid","Real Madrid","RMB",4145,2419,"Real Betis Baloncesto","Betis","BET",1,79,12000,6,35,17,19,33,57,23,28,82,33,15,48,16,5,10,2,7,2,4,19,25,101,10,-1,0,13,0,79,77,1,1281,2,8,4,32,4,29,9
2020600,1,"Liga Nacional","Liga Endesa",-402534000,NA,"https://www.acb.com/Documentos/Cabeceras/logo-competicion-1b.png","https://www.acb.com/Documentos/Cabeceras/logo-competicion-4a.png",87,2022,107,NA,NA,5570,103240,NA,NA,FALSE,4145,4149,2406,"Real Madrid","Real Madrid","RMB",4145,2419,"Real Betis Baloncesto","Betis","BET",1,77,12000,8,32,25,19,42,45,15,17,88,27,12,39,17,9,5,0,2,7,3,25,18,76,-10,-1,13,0,0,77,79,3,944,2,7,7,32,8,28,6
2020545,1,"Liga Nacional","Liga Endesa",-402534000,NA,"https://www.acb.com/Documentos/Cabeceras/logo-competicion-1b.png","https://www.acb.com/Documentos/Cabeceras/logo-competicion-4a.png",87,2022,107,NA,NA,5570,103241,NA,NA,FALSE,4150,4147,2404,"Barça","Barça","BAR",4150,2407,"UCAM Murcia","UCAM Murcia","UCM",1,57,12000,7,30,23,14,37,37,8,10,80,21,12,33,7,5,11,0,1,3,2,29,17,29,-145,-1,13,0,0,57,86,5,99,1,2,10,24,8,27,7
2020544,1,"Liga Nacional","Liga Endesa",-402534000,NA,"https://www.acb.com/Documentos/Cabeceras/logo-competicion-1b.png","https://www.acb.com/Documentos/Cabeceras/logo-competicion-4a.png",87,2022,107,NA,NA,5570,103241,NA,NA,TRUE,4147,4147,2404,"Barça","Barça","BAR",4150,2407,"UCAM Murcia","UCAM Murcia","UCM",1,86,12000,7,22,31,22,34,64,21,27,77,32,8,40,24,5,11,0,3,1,1,19,27,121,145,-1,0,13,0,86,57,1,2263,2,31,10,32,5,49,9
2020517,1,"Liga Nacional","Liga Endesa",-402534000,NA,"https://www.acb.com/Documentos/Cabeceras/logo-competicion-1b.png","https://www.acb.com/Documentos/Cabeceras/logo-competicion-4a.png",87,2022,107,NA,NA,5570,103367,NA,NA,FALSE,4153,4156,2413,"Valencia Basket","Valencia Basket","VBC",4153,2410,"Río Breogán","Río Breogán","BRE",1,80,12000,10,28,35,19,37,51,12,15,80,22,15,37,8,6,10,2,1,3,0,19,18,79,15,-1,0,13,0,80,77,5,980,7,6,6,36,13,30,8
2020516,1,"Liga Nacional","Liga Endesa",-402534000,NA,"https://www.acb.com/Documentos/Cabeceras/logo-competicion-1b.png","https://www.acb.com/Documentos/Cabeceras/logo-competicion-4a.png",87,2022,107,NA,NA,5570,103367,NA,NA,TRUE,4156,4156,2413,"Valencia Basket","Valencia Basket","VBC",4153,2410,"Río Breogán","Río Breogán","BRE",1,77,12000,9,31,29,19,31,61,12,12,100,22,10,32,15,7,11,6,3,1,3,18,19,89,-15,-1,13,0,0,77,80,5,919,7,8,7,36,13,31,7
2020184,1,"Liga Nacional","Liga Endesa",-402534000,NA,"https://www.acb.com/Documentos/Cabeceras/logo-competicion-1b.png","https://www.acb.com/Documentos/Cabeceras/logo-competicion-4a.png",87,2022,107,NA,NA,5570,103238,NA,NA,FALSE,4152,4148,2405,"Surne Bilbao Basket","Surne Bilbao","SBB",4152,2409,"Unicaja","Unicaja","UNI",1,103,12000,16,35,45,20,33,60,15,21,71,35,9,44,23,11,8,8,1,2,2,20,18,132,160,-1,0,12,0,103,71,1,1892,2,34,17,40,15,67,9
2020183,1,"Liga Nacional","Liga Endesa",-402534000,NA,"https://www.acb.com/Documentos/Cabeceras/logo-competicion-1b.png","https://www.acb.com/Documentos/Cabeceras/logo-competicion-4a.png",87,2022,107,NA,NA,5570,103238,NA,NA,TRUE,4148,4148,2405,"Surne Bilbao Basket","Surne Bilbao","SBB",4152,2409,"Unicaja","Unicaja","UNI",1,71,12000,6,25,24,18,37,48,17,21,80,26,6,32,13,5,13,0,2,1,1,19,19,67,-160,-1,13,0,0,71,103,5,397,1,4,4,34,4,35,6
2020153,1,"Liga Nacional","Liga Endesa",-402534000,NA,"https://www.acb.com/Documentos/Cabeceras/logo-competicion-1b.png","https://www.acb.com/Documentos/Cabeceras/logo-competicion-4a.png",87,2022,107,NA,NA,5570,103239,NA,NA,TRUE,4158,4158,2415,"Lenovo Tenerife","Lenovo Tenerife","LNT",4144,2400,"Casademont Zaragoza","Casademont Zgz","CAZ",1,92,12000,14,34,41,20,30,66,10,14,71,25,8,33,25,10,6,4,0,7,3,17,16,112,115,-1,0,13,0,92,69,1,1475,1,25,17,30,10,49,9
2020154,1,"Liga Nacional","Liga Endesa",-402534000,NA,"https://www.acb.com/Documentos/Cabeceras/logo-competicion-1b.png","https://www.acb.com/Documentos/Cabeceras/logo-competicion-4a.png",87,2022,107,NA,NA,5570,103239,NA,NA,FALSE,4144,4158,2415,"Lenovo Tenerife","Lenovo Tenerife","LNT",4144,2400,"Casademont Zaragoza","Casademont Zgz","CAZ",1,69,12000,8,20,40,18,39,46,9,10,90,24,7,31,21,5,11,5,7,0,4,16,17,89,-115,-1,13,0,0,69,92,2,743,0,10,7,28,6,25,7
2020097,1,"Liga Nacional","Liga Endesa",-402534000,NA,"https://www.acb.com/Documentos/Cabeceras/logo-competicion-1b.png","https://www.acb.com/Documentos/Cabeceras/logo-competicion-4a.png",87,2022,107,NA,NA,5570,103444,NA,NA,TRUE,4151,4151,2408,"Monbus Obradoiro","Monbus Obra","MOB",4146,2403,"Carplus Fuenlabrada","Carplus Fuenla","FUE",1,102,12000,18,37,48,15,32,46,18,22,81,25,13,38,28,12,15,5,5,3,1,20,19,126,150,-1,0,13,0,102,72,1,2378,0,38,25,28,4,49,13
2020098,1,"Liga Nacional","Liga Endesa",-402534000,NA,"https://www.acb.com/Documentos/Cabeceras/logo-competicion-1b.png","https://www.acb.com/Documentos/Cabeceras/logo-competicion-4a.png",87,2022,107,NA,NA,5570,103444,NA,NA,FALSE,4146,4151,2408,"Monbus Obradoiro","Monbus Obra","MOB",4146,2403,"Carplus Fuenlabrada","Carplus Fuenla","FUE",1,72,12000,4,15,26,20,44,45,20,24,83,24,11,35,14,14,24,8,3,5,2,21,20,69,-150,-1,13,0,0,72,102,4,0,0,0,11,38,8,16,6
2021868,1,"Liga Nacional","Liga Endesa",-402534000,NA,"https://www.acb.com/Documentos/Cabeceras/logo-competicion-1b.png","https://www.acb.com/Documentos/Cabeceras/logo-competicion-4a.png",87,2022,111,293,351,5637,103556,NA,NA,TRUE,4147,4147,2404,"Barça","Barça","BAR",4156,2413,"Valencia Basket","Valencia Basket","VBC",1,84,12000,12,28,42,22,32,68,4,5,80,22,6,28,19,12,14,14,2,1,2,18,16,101,50,-1,0,13,0,84,74,4,2006,4,16,14,36,6,21,8
2021869,1,"Liga Nacional","Liga Endesa",-402534000,NA,"https://www.acb.com/Documentos/Cabeceras/logo-competicion-1b.png","https://www.acb.com/Documentos/Cabeceras/logo-competicion-4a.png",87,2022,111,293,351,5637,103556,NA,NA,FALSE,4156,4147,2404,"Barça","Barça","BAR",4156,2413,"Valencia Basket","Valencia Basket","VBC",1,74,12000,9,23,39,17,31,54,13,18,72,20,9,29,16,11,18,4,1,2,3,16,18,80,-50,-1,13,0,0,74,84,4,199,4,6,13,34,7,26,9
2021703,1,"Liga Nacional","Liga Endesa",-402534000,NA,"https://www.acb.com/Documentos/Cabeceras/logo-competicion-1b.png","https://www.acb.com/Documentos/Cabeceras/logo-competicion-4a.png",87,2022,111,293,354,5637,103555,NA,NA,FALSE,4152,4158,2415,"Lenovo Tenerife","Lenovo Tenerife","LNT",4152,2409,"Unicaja","Unicaja","UNI",1,72,12000,9,25,36,19,32,59,7,16,43,30,10,40,18,9,16,12,2,2,3,20,19,84,65,-1,0,13,0,72,59,1,2335,0,23,5,36,10,24,8
2021702,1,"Liga Nacional","Liga Endesa",-402534000,NA,"https://www.acb.com/Documentos/Cabeceras/logo-competicion-1b.png","https://www.acb.com/Documentos/Cabeceras/logo-competicion-4a.png",87,2022,111,293,354,5637,103555,NA,NA,TRUE,4158,4158,2415,"Lenovo Tenerife","Lenovo Tenerife","LNT",4152,2409,"Unicaja","Unicaja","UNI",1,59,12000,7,22,31,12,33,36,14,18,77,22,5,27,12,12,12,0,2,2,3,19,20,59,-65,-1,13,0,0,59,72,3,0,0,0,7,20,6,28,6
2021537,1,"Liga Nacional","Liga Endesa",-402534000,NA,"https://www.acb.com/Documentos/Cabeceras/logo-competicion-1b.png","https://www.acb.com/Documentos/Cabeceras/logo-competicion-4a.png",87,2022,111,293,353,5637,103554,NA,NA,FALSE,4159,4149,2406,"Real Madrid","Real Madrid","RMB",4159,2496,"Dreamland Gran Canaria","Dreamland GC","DGC",1,68,12000,10,31,32,16,34,47,6,9,66,19,10,29,13,11,12,6,2,1,2,22,16,62,-135,-1,13,0,0,68,95,2,316,2,4,5,24,11,36,7
2021536,1,"Liga Nacional","Liga Endesa",-402534000,NA,"https://www.acb.com/Documentos/Cabeceras/logo-competicion-1b.png","https://www.acb.com/Documentos/Cabeceras/logo-competicion-4a.png",87,2022,111,293,353,5637,103554,NA,NA,TRUE,4149,4149,2406,"Real Madrid","Real Madrid","RMB",4159,2496,"Dreamland Gran Canaria","Dreamland GC","DGC",1,95,12000,13,28,46,19,28,67,18,24,75,29,6,35,16,9,13,12,1,2,2,16,22,117,135,-1,0,13,0,95,68,1,2062,3,30,15,36,7,53,21
2021371,1,"Liga Nacional","Liga Endesa",-402534000,NA,"https://www.acb.com/Documentos/Cabeceras/logo-competicion-1b.png","https://www.acb.com/Documentos/Cabeceras/logo-competicion-4a.png",87,2022,111,293,352,5637,103553,NA,NA,FALSE,4157,4154,2364,"Cazoo Baskonia","Cazoo Baskonia","BKN",4157,2414,"Joventut Badalona","Joventut","JOV",1,99,12000,15,27,55,16,33,48,22,26,84,27,7,34,19,8,10,0,4,5,2,23,22,115,40,-1,0,13,0,99,91,2,2321,1,16,6,28,7,21,10
2021370,1,"Liga Nacional","Liga Endesa",-402534000,NA,"https://www.acb.com/Documentos/Cabeceras/logo-competicion-1b.png","https://www.acb.com/Documentos/Cabeceras/logo-competicion-4a.png",87,2022,111,293,352,5637,103553,NA,NA,TRUE,4154,4154,2364,"Cazoo Baskonia","Cazoo Baskonia","BKN",4157,2414,"Joventut Badalona","Joventut","JOV",1,91,12000,14,36,38,20,31,64,9,14,64,19,8,27,17,7,10,4,5,4,1,24,22,93,-40,-1,13,0,0,91,99,4,41,0,3,4,38,18,32,10
2022434,1,"Liga Nacional","Liga Endesa",-402534000,NA,"https://www.acb.com/Documentos/Cabeceras/logo-competicion-1b.png","https://www.acb.com/Documentos/Cabeceras/logo-competicion-4a.png",87,2022,111,293,351,5636,103557,NA,NA,FALSE,4147,4156,2413,"Valencia Basket","Valencia Basket","VBC",4147,2404,"Barça","Barça","BAR",1,87,12000,18,31,58,12,20,60,9,14,64,28,7,35,26,11,21,2,6,1,1,19,17,115,115,-1,0,13,0,87,64,3,2352,1,27,13,20,9,33,8
2022433,1,"Liga Nacional","Liga Endesa",-402534000,NA,"https://www.acb.com/Documentos/Cabeceras/logo-competicion-1b.png","https://www.acb.com/Documentos/Cabeceras/logo-competicion-4a.png",87,2022,111,293,351,5636,103557,NA,NA,TRUE,4156,4156,2413,"Valencia Basket","Valencia Basket","VBC",4147,2404,"Barça","Barça","BAR",1,64,12000,1,18,5,24,49,48,13,14,92,15,14,29,10,18,13,6,1,6,3,17,19,62,-115,-1,13,0,0,64,87,3,12,0,2,16,42,10,32,8
2022293,1,"Liga Nacional","Liga Endesa",-402534000,NA,"https://www.acb.com/Documentos/Cabeceras/logo-competicion-1b.png","https://www.acb.com/Documentos/Cabeceras/logo-competicion-4a.png",87,2022,111,293,354,5636,103558,NA,NA,FALSE,4158,4152,2409,"Unicaja","Unicaja","UNI",4158,2415,"Lenovo Tenerife","Lenovo Tenerife","LNT",1,74,12000,10,29,34,15,31,48,14,22,63,19,11,30,16,9,10,5,2,2,2,18,23,81,-115,-1,13,0,0,74,97,4,707,0,9,5,24,8,19,5
2022292,1,"Liga Nacional","Liga Endesa",-402534000,NA,"https://www.acb.com/Documentos/Cabeceras/logo-competicion-1b.png","https://www.acb.com/Documentos/Cabeceras/logo-competicion-4a.png",87,2022,111,293,354,5636,103558,NA,NA,TRUE,4152,4152,2409,"Unicaja","Unicaja","UNI",4158,2415,"Lenovo Tenerife","Lenovo Tenerife","LNT",1,97,12000,14,32,43,20,30,66,15,19,78,25,12,37,19,10,9,18,2,2,2,23,16,115,115,-1,0,13,0,97,74,2,1659,1,24,10,30,10,47,11
2022151,1,"Liga Nacional","Liga Endesa",-402534000,NA,"https://www.acb.com/Documentos/Cabeceras/logo-competicion-1b.png","https://www.acb.com/Documentos/Cabeceras/logo-competicion-4a.png",87,2022,111,293,353,5636,103559,NA,NA,TRUE,4159,4159,2496,"Dreamland Gran Canaria","Dreamland GC","DGC",4149,2406,"Real Madrid","Real Madrid","RMB",1,81,12000,12,31,38,20,39,51,5,8,62,26,8,34,16,8,10,4,4,2,4,22,13,81,-40,-1,13,0,0,81,89,4,190,3,5,15,40,6,51,15
2022152,1,"Liga Nacional","Liga Endesa",-402534000,NA,"https://www.acb.com/Documentos/Cabeceras/logo-competicion-1b.png","https://www.acb.com/Documentos/Cabeceras/logo-competicion-4a.png",87,2022,111,293,353,5636,103559,NA,NA,FALSE,4149,4159,2496,"Dreamland Gran Canaria","Dreamland GC","DGC",4149,2406,"Real Madrid","Real Madrid","RMB",1,89,12000,12,28,42,18,35,51,17,19,89,31,7,38,13,8,11,9,2,4,1,13,22,109,40,-1,0,13,0,89,81,4,1643,3,16,6,32,6,37,9
2022011,1,"Liga Nacional","Liga Endesa",-402534000,NA,"https://www.acb.com/Documentos/Cabeceras/logo-competicion-1b.png","https://www.acb.com/Documentos/Cabeceras/logo-competicion-4a.png",87,2022,111,293,352,5636,103535,NA,NA,TRUE,4157,4157,2414,"Joventut Badalona","Joventut","JOV",4154,2364,"Cazoo Baskonia","Cazoo Baskonia","BKN",1,83,12000,9,26,34,22,41,53,12,18,66,27,15,42,15,7,9,13,1,2,1,16,20,99,35,-1,0,13,0,83,76,3,1888,9,15,9,44,7,24,11
2022012,1,"Liga Nacional","Liga Endesa",-402534000,NA,"https://www.acb.com/Documentos/Cabeceras/logo-competicion-1b.png","https://www.acb.com/Documentos/Cabeceras/logo-competicion-4a.png",87,2022,111,293,352,5636,103535,NA,NA,FALSE,4154,4157,2414,"Joventut Badalona","Joventut","JOV",4154,2364,"Cazoo Baskonia","Cazoo Baskonia","BKN",1,76,12000,11,32,34,18,31,58,7,11,63,23,8,31,19,10,10,7,2,1,1,20,16,85,-35,-1,13,0,0,76,83,4,387,8,3,10,36,7,27,7
2022709,1,"Liga Nacional","Liga Endesa",-402534000,NA,"https://www.acb.com/Documentos/Cabeceras/logo-competicion-1b.png","https://www.acb.com/Documentos/Cabeceras/logo-competicion-4a.png",87,2022,111,292,363,5639,103548,NA,NA,FALSE,4152,4147,2404,"Barça","Barça","BAR",4152,2409,"Unicaja","Unicaja","UNI",1,81,12000,6,31,19,25,38,65,13,18,72,25,20,45,16,8,17,6,3,1,4,24,21,89,-15,-1,13,0,0,81,84,5,0,0,0,2,40,19,54,10
2022708,1,"Liga Nacional","Liga Endesa",-402534000,NA,"https://www.acb.com/Documentos/Cabeceras/logo-competicion-1b.png","https://www.acb.com/Documentos/Cabeceras/logo-competicion-4a.png",87,2022,111,292,363,5639,103548,NA,NA,TRUE,4147,4147,2404,"Barça","Barça","BAR",4152,2409,"Unicaja","Unicaja","UNI",1,84,12000,10,22,45,19,40,47,16,19,84,16,9,25,18,11,9,7,1,3,1,23,22,90,15,-1,0,13,0,84,81,4,2141,0,16,18,34,8,31,11
2022574,1,"Liga Nacional","Liga Endesa",-402534000,NA,"https://www.acb.com/Documentos/Cabeceras/logo-competicion-1b.png","https://www.acb.com/Documentos/Cabeceras/logo-competicion-4a.png",87,2022,111,292,364,5639,103560,NA,NA,FALSE,4157,4149,2406,"Real Madrid","Real Madrid","RMB",4157,2414,"Joventut Badalona","Joventut","JOV",1,93,12000,15,26,57,21,44,47,6,10,60,26,6,32,20,5,4,6,0,5,3,23,17,97,50,-1,0,12,0,93,83,2,1191,2,12,2,40,11,27,7
2022573,1,"Liga Nacional","Liga Endesa",-402534000,NA,"https://www.acb.com/Documentos/Cabeceras/logo-competicion-1b.png","https://www.acb.com/Documentos/Cabeceras/logo-competicion-4a.png",87,2022,111,292,364,5639,103560,NA,NA,TRUE,4149,4149,2406,"Real Madrid","Real Madrid","RMB",4157,2414,"Joventut Badalona","Joventut","JOV",1,83,12000,8,32,25,20,27,74,19,25,76,29,6,35,17,3,10,7,6,0,5,17,23,103,-50,-1,13,0,0,83,93,3,1097,1,10,4,40,4,25,6
2022990,1,"Liga Nacional","Liga Endesa",-402534000,NA,"https://www.acb.com/Documentos/Cabeceras/logo-competicion-1b.png","https://www.acb.com/Documentos/Cabeceras/logo-competicion-4a.png",87,2022,111,292,363,5640,103545,NA,NA,FALSE,4152,4147,2404,"Barça","Barça","BAR",4152,2409,"Unicaja","Unicaja","UNI",1,88,12000,7,22,31,23,39,58,21,25,84,27,9,36,12,8,11,5,3,2,4,21,21,99,45,-1,0,13,0,88,79,2,2214,2,18,5,36,8,40,13
2022989,1,"Liga Nacional","Liga Endesa",-402534000,NA,"https://www.acb.com/Documentos/Cabeceras/logo-competicion-1b.png","https://www.acb.com/Documentos/Cabeceras/logo-competicion-4a.png",87,2022,111,292,363,5640,103545,NA,NA,TRUE,4147,4147,2404,"Barça","Barça","BAR",4152,2409,"Unicaja","Unicaja","UNI",1,79,12000,9,25,36,17,32,53,18,23,78,23,7,30,15,9,14,5,3,2,0,22,20,82,-45,-1,13,0,0,79,88,4,183,2,5,11,28,2,42,8
2022850,1,"Liga Nacional","Liga Endesa",-402534000,NA,"https://www.acb.com/Documentos/Cabeceras/logo-competicion-1b.png","https://www.acb.com/Documentos/Cabeceras/logo-competicion-4a.png",87,2022,111,292,364,5640,103546,NA,NA,FALSE,4157,4149,2406,"Real Madrid","Real Madrid","RMB",4157,2414,"Joventut Badalona","Joventut","JOV",1,73,12000,9,27,33,19,39,48,8,10,80,18,9,27,14,10,17,4,1,8,1,20,19,59,-85,-1,13,0,0,73,90,3,278,2,5,18,36,8,41,9
2022849,1,"Liga Nacional","Liga Endesa",-402534000,NA,"https://www.acb.com/Documentos/Cabeceras/logo-competicion-1b.png","https://www.acb.com/Documentos/Cabeceras/logo-competicion-4a.png",87,2022,111,292,364,5640,103546,NA,NA,TRUE,4149,4149,2406,"Real Madrid","Real Madrid","RMB",4157,2414,"Joventut Badalona","Joventut","JOV",1,90,12000,7,27,25,27,38,71,15,17,88,28,12,40,13,10,18,6,8,1,8,20,18,107,85,-1,0,13,0,90,73,2,1934,2,17,14,46,10,35,8
2023272,1,"Liga Nacional","Liga Endesa",-402534000,NA,"https://www.acb.com/Documentos/Cabeceras/logo-competicion-1b.png","https://www.acb.com/Documentos/Cabeceras/logo-competicion-4a.png",87,2022,111,292,363,5641,103543,NA,NA,FALSE,4147,4152,2409,"Unicaja","Unicaja","UNI",4147,2404,"Barça","Barça","BAR",1,90,12000,9,21,42,20,34,58,23,25,92,27,7,34,16,4,12,4,5,1,5,24,26,110,55,-1,0,13,0,90,79,3,1348,9,14,4,30,10,38,8
2023271,1,"Liga Nacional","Liga Endesa",-402534000,NA,"https://www.acb.com/Documentos/Cabeceras/logo-competicion-1b.png","https://www.acb.com/Documentos/Cabeceras/logo-competicion-4a.png",87,2022,111,292,363,5641,103543,NA,NA,TRUE,4152,4152,2409,"Unicaja","Unicaja","UNI",4147,2404,"Barça","Barça","BAR",1,79,12000,7,25,28,20,44,45,18,23,78,18,13,31,16,11,8,8,1,5,2,26,23,75,-55,-1,13,0,0,79,90,2,810,8,5,9,28,9,51,5
2023129,1,"Liga Nacional","Liga Endesa",-402534000,NA,"https://www.acb.com/Documentos/Cabeceras/logo-competicion-1b.png","https://www.acb.com/Documentos/Cabeceras/logo-competicion-4a.png",87,2022,111,292,364,5641,103544,NA,NA,TRUE,4157,4157,2414,"Joventut Badalona","Joventut","JOV",4149,2406,"Real Madrid","Real Madrid","RMB",1,73,12000,7,26,26,19,40,47,14,19,73,26,13,39,13,7,15,8,3,3,4,25,21,68,-50,-1,13,0,0,73,83,5,0,0,0,5,36,12,34,13
2023130,1,"Liga Nacional","Liga Endesa",-402534000,NA,"https://www.acb.com/Documentos/Cabeceras/logo-competicion-1b.png","https://www.acb.com/Documentos/Cabeceras/logo-competicion-4a.png",87,2022,111,292,364,5641,103544,NA,NA,FALSE,4149,4157,2414,"Joventut Badalona","Joventut","JOV",4149,2406,"Real Madrid","Real Madrid","RMB",1,83,12000,6,27,22,23,35,65,19,25,76,30,6,36,19,12,9,11,3,3,7,21,25,106,50,-1,0,13,0,83,73,2,2339,0,30,13,38,0,31,11
2023551,1,"Liga Nacional","Liga Endesa",-402534000,NA,"https://www.acb.com/Documentos/Cabeceras/logo-competicion-1b.png","https://www.acb.com/Documentos/Cabeceras/logo-competicion-4a.png",87,2022,111,292,363,5642,103541,NA,NA,TRUE,4152,4152,2409,"Unicaja","Unicaja","UNI",4147,2404,"Barça","Barça","BAR",1,75,12000,9,26,34,19,39,48,10,14,71,16,9,25,13,15,13,8,3,1,2,18,17,75,-60,-1,13,0,0,75,87,3,16,1,1,14,32,6,34,10
2023552,1,"Liga Nacional","Liga Endesa",-402534000,NA,"https://www.acb.com/Documentos/Cabeceras/logo-competicion-1b.png","https://www.acb.com/Documentos/Cabeceras/logo-competicion-4a.png",87,2022,111,292,363,5642,103541,NA,NA,FALSE,4147,4152,2409,"Unicaja","Unicaja","UNI",4147,2404,"Barça","Barça","BAR",1,87,12000,11,25,44,21,30,70,12,13,92,28,4,32,18,9,20,4,1,3,4,20,17,97,60,-1,0,13,0,87,75,2,2320,1,24,15,28,8,36,9
2023412,1,"Liga Nacional","Liga Endesa",-402534000,NA,"https://www.acb.com/Documentos/Cabeceras/logo-competicion-1b.png","https://www.acb.com/Documentos/Cabeceras/logo-competicion-4a.png",87,2022,111,292,364,5642,103542,NA,NA,FALSE,4149,4157,2414,"Joventut Badalona","Joventut","JOV",4149,2406,"Real Madrid","Real Madrid","RMB",1,94,12000,11,31,35,26,41,63,9,10,90,27,9,36,19,9,5,10,6,1,4,18,19,123,105,-1,0,13,0,94,73,2,1465,4,23,10,48,12,41,7
2023411,1,"Liga Nacional","Liga Endesa",-402534000,NA,"https://www.acb.com/Documentos/Cabeceras/logo-competicion-1b.png","https://www.acb.com/Documentos/Cabeceras/logo-competicion-4a.png",87,2022,111,292,364,5642,103542,NA,NA,TRUE,4157,4157,2414,"Joventut Badalona","Joventut","JOV",4149,2406,"Real Madrid","Real Madrid","RMB",1,73,12000,10,31,32,15,35,42,13,20,65,23,14,37,14,1,11,4,1,6,1,19,18,60,-105,-1,13,0,0,73,94,5,592,3,4,5,26,13,28,7
2023692,1,"Liga Nacional","Liga Endesa",-402534000,NA,"https://www.acb.com/Documentos/Cabeceras/logo-competicion-1b.png","https://www.acb.com/Documentos/Cabeceras/logo-competicion-4a.png",87,2022,111,291,372,5644,103538,NA,NA,FALSE,4149,4147,2404,"Barça","Barça","BAR",4149,2406,"Real Madrid","Real Madrid","RMB",1,88,12000,12,19,63,19,39,48,14,18,77,21,5,26,11,6,12,8,1,2,1,22,21,86,-45,-1,13,0,0,88,97,5,970,3,8,2,34,0,48,9
2023691,1,"Liga Nacional","Liga Endesa",-402534000,NA,"https://www.acb.com/Documentos/Cabeceras/logo-competicion-1b.png","https://www.acb.com/Documentos/Cabeceras/logo-competicion-4a.png",87,2022,111,291,372,5644,103538,NA,NA,TRUE,4147,4147,2404,"Barça","Barça","BAR",4149,2406,"Real Madrid","Real Madrid","RMB",1,97,12000,12,29,41,22,36,61,17,20,85,22,9,31,22,7,5,2,2,1,2,22,21,118,45,-1,0,13,0,97,88,3,1273,4,10,8,36,13,33,11
2023832,1,"Liga Nacional","Liga Endesa",-402534000,NA,"https://www.acb.com/Documentos/Cabeceras/logo-competicion-1b.png","https://www.acb.com/Documentos/Cabeceras/logo-competicion-4a.png",87,2022,111,291,372,5645,103537,NA,NA,FALSE,4149,4147,2404,"Barça","Barça","BAR",4149,2406,"Real Madrid","Real Madrid","RMB",1,85,12000,8,17,47,20,34,58,21,26,80,18,7,25,17,6,15,5,1,2,7,25,25,89,-5,-1,13,0,0,85,86,4,741,6,6,13,36,11,54,11
2023831,1,"Liga Nacional","Liga Endesa",-402534000,NA,"https://www.acb.com/Documentos/Cabeceras/logo-competicion-1b.png","https://www.acb.com/Documentos/Cabeceras/logo-competicion-4a.png",87,2022,111,291,372,5645,103537,NA,NA,TRUE,4147,4147,2404,"Barça","Barça","BAR",4149,2406,"Real Madrid","Real Madrid","RMB",1,86,12000,10,21,47,19,36,52,18,20,90,16,8,24,19,7,11,6,2,1,2,25,23,94,5,-1,0,13,0,86,85,4,1422,7,9,12,32,2,27,7
2023972,1,"Liga Nacional","Liga Endesa",-402534000,NA,"https://www.acb.com/Documentos/Cabeceras/logo-competicion-1b.png","https://www.acb.com/Documentos/Cabeceras/logo-competicion-4a.png",87,2022,111,291,372,5646,103536,NA,NA,FALSE,4147,4149,2406,"Real Madrid","Real Madrid","RMB",4147,2404,"Barça","Barça","BAR",1,93,12000,11,22,50,25,39,64,10,11,90,20,7,27,21,2,9,2,1,2,3,21,21,107,55,-1,0,13,0,93,82,3,1626,5,11,10,30,9,38,8
2023971,1,"Liga Nacional","Liga Endesa",-402534000,NA,"https://www.acb.com/Documentos/Cabeceras/logo-competicion-1b.png","https://www.acb.com/Documentos/Cabeceras/logo-competicion-4a.png",87,2022,111,291,372,5646,103536,NA,NA,TRUE,4149,4149,2406,"Real Madrid","Real Madrid","RMB",4147,2404,"Barça","Barça","BAR",1,82,12000,5,21,23,25,37,67,17,26,65,17,10,27,17,9,8,4,2,1,4,21,21,91,-55,-1,13,0,0,82,93,5,554,5,3,4,48,10,36,6
2001938,2,"Copa de España","Copa del Rey",-1142812800,NA,"https://static.acb.com/img/d/15/9/27868934009.png","https://static.acb.com/img/d/15/9/27868934009.png",87,2022,103,293,354,5603,103505,NA,NA,TRUE,4198,4198,2414,"Joventut Badalona","Joventut","JOV",4191,2411,"Cazoo Baskonia","Cazoo Baskonia","BKN",1,94,12000,11,28,39,22,38,57,17,22,77,26,11,37,18,7,10,4,0,1,2,19,22,110,65,-1,0,13,0,94,81,3,949,2,19,12,40,10,37,10
2001939,2,"Copa de España","Copa del Rey",-1142812800,NA,"https://static.acb.com/img/d/15/9/27868934009.png","https://static.acb.com/img/d/15/9/27868934009.png",87,2022,103,293,354,5603,103505,NA,NA,FALSE,4191,4198,2414,"Joventut Badalona","Joventut","JOV",4191,2411,"Cazoo Baskonia","Cazoo Baskonia","BKN",1,81,12000,10,28,35,18,30,60,15,21,71,23,4,27,20,8,12,8,1,0,2,23,19,85,-65,-1,13,0,0,81,94,4,1294,1,13,11,34,3,31,8
2001751,2,"Copa de España","Copa del Rey",-1142812800,NA,"https://static.acb.com/img/d/15/9/27868934009.png","https://static.acb.com/img/d/15/9/27868934009.png",87,2022,103,293,353,5603,103504,NA,NA,TRUE,4195,4195,2415,"Lenovo Tenerife","Lenovo Tenerife","LNT",4196,2416,"Gran Canaria","Gran Canaria","GCA",1,89,12000,11,24,45,23,33,69,10,11,90,24,5,29,18,11,12,4,1,2,4,20,16,106,80,-1,0,12,0,89,73,2,2155,4,25,6,34,4,26,13
2001752,2,"Copa de España","Copa del Rey",-1142812800,NA,"https://static.acb.com/img/d/15/9/27868934009.png","https://static.acb.com/img/d/15/9/27868934009.png",87,2022,103,293,353,5603,103504,NA,NA,FALSE,4196,4195,2415,"Lenovo Tenerife","Lenovo Tenerife","LNT",4196,2416,"Gran Canaria","Gran Canaria","GCA",1,73,12000,10,26,38,15,33,45,13,20,65,18,13,31,22,9,13,6,2,1,4,17,20,85,-80,-1,13,0,0,73,89,4,115,4,3,6,30,6,30,6
2000973,2,"Copa de España","Copa del Rey",-1142812800,NA,"https://static.acb.com/img/d/15/9/27868934009.png","https://static.acb.com/img/d/15/9/27868934009.png",87,2022,103,293,352,5603,103503,NA,NA,FALSE,4194,4193,2404,"Barça","Barça","BAR",4194,2409,"Unicaja","Unicaja","UNI",1,89,13500,8,22,36,22,42,52,21,24,87,24,8,32,13,10,8,0,2,0,0,25,24,100,10,-1,0,13,0,89,87,4,421,5,4,4,38,3,54,8
2000972,2,"Copa de España","Copa del Rey",-1142812800,NA,"https://static.acb.com/img/d/15/9/27868934009.png","https://static.acb.com/img/d/15/9/27868934009.png",87,2022,103,293,352,5603,103503,NA,NA,TRUE,4193,4193,2404,"Barça","Barça","BAR",4194,2409,"Unicaja","Unicaja","UNI",1,87,13500,11,31,35,18,34,52,18,26,69,27,14,41,15,5,12,0,0,2,5,24,24,90,-10,-1,13,0,0,87,89,4,2183,5,13,5,36,20,39,10
2000781,2,"Copa de España","Copa del Rey",-1142812800,NA,"https://static.acb.com/img/d/15/9/27868934009.png","https://static.acb.com/img/d/15/9/27868934009.png",87,2022,103,293,351,5603,103502,NA,NA,FALSE,4197,4192,2406,"Real Madrid","Real Madrid","RMB",4197,2413,"Valencia Basket","Valencia Basket","VBC",1,85,12000,11,34,32,19,34,55,14,17,82,24,11,35,17,7,13,0,2,4,3,24,15,79,-5,-1,13,0,0,85,86,4,36,1,2,5,38,10,48,8
2000780,2,"Copa de España","Copa del Rey",-1142812800,NA,"https://static.acb.com/img/d/15/9/27868934009.png","https://static.acb.com/img/d/15/9/27868934009.png",87,2022,103,293,351,5603,103502,NA,NA,TRUE,4192,4192,2406,"Real Madrid","Real Madrid","RMB",4197,2413,"Valencia Basket","Valencia Basket","VBC",1,86,12000,5,27,18,23,40,57,25,37,67,27,18,45,14,11,9,6,4,2,4,15,23,106,5,-1,0,13,0,86,85,3,2242,2,16,5,42,13,33,10
2002888,2,"Copa de España","Copa del Rey",-1142812800,NA,"https://static.acb.com/img/d/15/9/27868934009.png","https://static.acb.com/img/d/15/9/27868934009.png",87,2022,103,292,362,5604,103507,NA,NA,TRUE,4198,4198,2414,"Joventut Badalona","Joventut","JOV",4195,2415,"Lenovo Tenerife","Lenovo Tenerife","LNT",1,72,12000,12,28,42,7,26,26,22,31,70,25,12,37,9,4,13,0,6,3,0,24,26,70,-5,-1,13,0,0,72,73,4,1562,3,13,9,14,6,25,13
2002889,2,"Copa de España","Copa del Rey",-1142812800,NA,"https://static.acb.com/img/d/15/9/27868934009.png","https://static.acb.com/img/d/15/9/27868934009.png",87,2022,103,292,362,5604,103507,NA,NA,FALSE,4195,4198,2414,"Joventut Badalona","Joventut","JOV",4195,2415,"Lenovo Tenerife","Lenovo Tenerife","LNT",1,73,12000,9,37,24,15,28,53,16,22,72,25,11,36,16,9,9,2,3,6,1,26,24,73,5,-1,0,12,0,73,72,2,456,3,6,7,24,11,22,12
2002748,2,"Copa de España","Copa del Rey",-1142812800,NA,"https://static.acb.com/img/d/15/9/27868934009.png","https://static.acb.com/img/d/15/9/27868934009.png",87,2022,103,292,361,5604,103506,NA,NA,TRUE,4192,4192,2406,"Real Madrid","Real Madrid","RMB",4194,2409,"Unicaja","Unicaja","UNI",1,82,12000,3,21,14,26,33,78,21,31,67,20,5,25,9,10,15,8,6,3,4,23,27,83,-55,-1,13,0,0,82,93,3,321,6,4,15,50,2,36,7
2002749,2,"Copa de España","Copa del Rey",-1142812800,NA,"https://static.acb.com/img/d/15/9/27868934009.png","https://static.acb.com/img/d/15/9/27868934009.png",87,2022,103,292,361,5604,103506,NA,NA,FALSE,4194,4192,2406,"Real Madrid","Real Madrid","RMB",4194,2409,"Unicaja","Unicaja","UNI",1,93,12000,14,27,51,16,35,45,19,24,79,24,10,34,21,10,14,2,3,6,3,27,22,99,55,-1,0,13,0,93,82,2,1790,6,14,10,28,14,39,6
2003333,2,"Copa de España","Copa del Rey",-1142812800,NA,"https://static.acb.com/img/d/15/9/27868934009.png","https://static.acb.com/img/d/15/9/27868934009.png",87,2022,103,291,371,5605,103508,NA,NA,FALSE,4194,4195,2415,"Lenovo Tenerife","Lenovo Tenerife","LNT",4194,2409,"Unicaja","Unicaja","UNI",1,83,12000,12,33,36,16,36,44,15,22,68,21,16,37,19,12,10,11,1,2,1,23,21,90,15,-1,0,13,0,83,80,2,1164,8,8,15,26,14,41,7
2003332,2,"Copa de España","Copa del Rey",-1142812800,NA,"https://static.acb.com/img/d/15/9/27868934009.png","https://static.acb.com/img/d/15/9/27868934009.png",87,2022,103,291,371,5605,103508,NA,NA,TRUE,4195,4195,2415,"Lenovo Tenerife","Lenovo Tenerife","LNT",4194,2409,"Unicaja","Unicaja","UNI",1,80,12000,8,28,28,21,26,80,14,21,66,25,5,30,18,9,13,2,2,1,3,21,23,95,-15,-1,12,0,0,80,83,4,952,7,9,9,36,5,44,14
1960427,3,"Supercopa","Supercopa Endesa",477108000,NA,"https://static.acb.com/img/14/39/3/27868634006.png","https://static.acb.com/img/1c/1a/3d/27940034120.png",87,2022,103,292,352,5571,103449,NA,NA,FALSE,4165,4167,2404,"Barça","Barça","BAR",4165,2414,"Joventut Badalona","Joventut","JOV",1,74,12000,7,25,28,17,36,47,19,25,76,17,10,27,17,7,11,4,2,0,2,16,21,78,-85,-1,13,0,0,74,91,3,1075,1,8,9,30,8,18,12
1960426,3,"Supercopa","Supercopa Endesa",477108000,NA,"https://static.acb.com/img/14/39/3/27868634006.png","https://static.acb.com/img/1c/1a/3d/27940034120.png",87,2022,103,292,352,5571,103449,NA,NA,TRUE,4167,4167,2404,"Barça","Barça","BAR",4165,2414,"Joventut Badalona","Joventut","JOV",1,91,12000,17,37,45,15,25,60,10,15,66,32,12,44,22,9,14,12,0,2,1,21,15,109,85,-1,0,13,0,91,74,3,1320,1,22,16,26,10,34,11
1960223,3,"Supercopa","Supercopa Endesa",477108000,NA,"https://static.acb.com/img/14/39/3/27868634006.png","https://static.acb.com/img/1c/1a/3d/27940034120.png",87,2022,103,292,351,5571,103448,NA,NA,FALSE,4168,4166,2401,"Coosur Real Betis","Coosur Betis","BET",4168,2406,"Real Madrid","Real Madrid","RMB",1,100,12000,10,25,40,27,41,65,16,19,84,30,13,43,26,14,15,10,5,1,7,15,21,146,155,-1,0,13,0,100,69,1,2051,3,33,10,52,9,62,12
1960222,3,"Supercopa","Supercopa Endesa",477108000,NA,"https://static.acb.com/img/14/39/3/27868634006.png","https://static.acb.com/img/1c/1a/3d/27940034120.png",87,2022,103,292,351,5571,103448,NA,NA,TRUE,4166,4166,2401,"Coosur Real Betis","Coosur Betis","BET",4168,2406,"Real Madrid","Real Madrid","RMB",1,69,12000,11,32,34,17,36,47,2,5,40,18,12,30,12,13,17,2,1,5,2,21,15,54,-155,-1,13,0,0,69,100,4,221,2,3,6,28,11,22,8
1960575,3,"Supercopa","Supercopa Endesa",477108000,NA,"https://static.acb.com/img/14/39/3/27868634006.png","https://static.acb.com/img/1c/1a/3d/27940034120.png",87,2022,103,291,361,5572,103450,NA,NA,FALSE,4167,4168,2406,"Real Madrid","Real Madrid","RMB",4167,2404,"Barça","Barça","BAR",1,83,13500,6,25,24,26,45,57,13,20,65,23,11,34,25,13,13,4,4,5,2,27,14,83,-30,-1,13,0,0,83,89,3,1190,7,12,15,38,10,41,8
1960574,3,"Supercopa","Supercopa Endesa",477108000,NA,"https://static.acb.com/img/14/39/3/27868634006.png","https://static.acb.com/img/1c/1a/3d/27940034120.png",87,2022,103,291,361,5572,103450,NA,NA,TRUE,4168,4168,2406,"Real Madrid","Real Madrid","RMB",4167,2404,"Barça","Barça","BAR",1,89,13500,5,20,25,23,48,47,28,33,84,28,18,46,13,10,16,6,6,4,3,14,26,111,30,-1,0,13,0,89,83,5,1147,7,7,8,42,2,19,15
