idPlayer,shortName,nameTeam,numberJourney,media_ult3,minutos_ult3,precio_previo,puntos_objetivo
2,L. Fischer,Recoletas Salud San Pablo Burgos,3,10.5,1272.5,462875.0,7.0
2,L. Fischer,Recoletas Salud San Pablo Burgos,4,9.333333333333334,1258.0,513333.0,5.0
2,L. Fischer,Recoletas Salud San Pablo Burgos,5,6.333333333333333,1111.3333333333333,447500.0,20.0
2,L. Fischer,Recoletas Salud San Pablo Burgos,6,10.666666666666666,1190.6666666666667,514625.0,-5.0
2,L. Fischer,Recoletas Salud San Pablo Burgos,7,6.666666666666667,938.0,437431.0,21.0
2,L. Fischer,Recoletas Salud San Pablo Burgos,8,12.0,1128.3333333333333,503046.0,9.0
2,L. Fischer,Recoletas Salud San Pablo Burgos,9,8.333333333333334,1074.3333333333333,505000.0,5.0
2,L. Fischer,Recoletas Salud San Pablo Burgos,10,11.666666666666666,1300.0,476667.0,13.0
2,L. Fischer,Recoletas Salud San Pablo Burgos,11,9.0,1157.6666666666667,494000.0,9.0
2,L. Fischer,Recoletas Salud San Pablo Burgos,12,9.0,1156.3333333333333,490000.0,5.0
2,L. Fischer,Recoletas Salud San Pablo Burgos,13,9.0,1069.3333333333333,470000.0,8.0
2,L. Fischer,Recoletas Salud San Pablo Burgos,14,7.333333333333333,1015.6666666666666,470769.0,10.0
2,L. Fischer,Recoletas Salud San Pablo Burgos,15,7.666666666666667,994.6666666666666,480000.0,0.0
2,L. Fischer,Recoletas Salud San Pablo Burgos,20,7.5,945.5,444706.0,-1.0
2,L. Fischer,Recoletas Salud San Pablo Burgos,21,4.666666666666667,846.3333333333334,417222.0,14.0
2,L. Fischer,Recoletas Salud San Pablo Burgos,22,7.333333333333333,802.3333333333334,439474.0,2.0
2,L. Fischer,Recoletas Salud San Pablo Burgos,23,5.0,661.3333333333334,423500.0,-1.0
2,L. Fischer,Recoletas Salud San Pablo Burgos,24,5.0,569.3333333333334,400952.0,7.0
2,L. Fischer,Recoletas Salud San Pablo Burgos,25,2.6666666666666665,780.0,398636.0,15.0
2,L. Fischer,Recoletas Salud San Pablo Burgos,26,7.0,1015.0,420435.0,1.0
2,L. Fischer,Recoletas Salud San Pablo Burgos,27,7.666666666666667,1120.3333333333333,405000.0,8.0
2,L. Fischer,Recoletas Salud San Pablo Burgos,28,8.0,926.6666666666666,404800.0,-3.0
2,L. Fischer,Recoletas Salud San Pablo Burgos,33,7.5,710.5,388214.0,10.0
2,L. Fischer,Recoletas Salud San Pablo Burgos,34,8.333333333333334,777.6666666666666,392069.0,4.0
3,J. Gudmundsson,Recoletas Salud San Pablo Burgos,6,2.5,1632.0,425845.0,4.0
3,J. Gudmundsson,Recoletas Salud San Pablo Burgos,7,3.0,1517.3333333333333,427500.0,7.0
3,J. Gudmundsson,Recoletas Salud San Pablo Burgos,8,6.0,1526.3333333333333,412000.0,-2.0
3,J. Gudmundsson,Recoletas Salud San Pablo Burgos,9,3.0,1240.0,350200.0,8.0
3,J. Gudmundsson,Recoletas Salud San Pablo Burgos,10,4.333333333333333,1225.0,337143.0,7.0
3,J. Gudmundsson,Recoletas Salud San Pablo Burgos,11,4.333333333333333,1267.6666666666667,338750.0,1.0
3,J. Gudmundsson,Recoletas Salud San Pablo Burgos,12,5.333333333333333,1214.3333333333333,306667.0,-1.0
3,J. Gudmundsson,Recoletas Salud San Pablo Burgos,13,2.3333333333333335,1346.3333333333333,271000.0,16.0
3,J. Gudmundsson,Recoletas Salud San Pablo Burgos,14,5.333333333333333,1344.6666666666667,311650.0,13.0
3,J. Gudmundsson,Recoletas Salud San Pablo Burgos,15,9.333333333333334,1455.3333333333333,358398.0,-2.0
3,J. Gudmundsson,Recoletas Salud San Pablo Burgos,16,9.0,1178.3333333333333,334615.0,4.0
3,J. Gudmundsson,Recoletas Salud San Pablo Burgos,17,5.0,1093.0,325000.0,0.0
3,J. Gudmundsson,Recoletas Salud San Pablo Burgos,18,0.6666666666666666,911.6666666666666,303333.0,7.0
3,J. Gudmundsson,Recoletas Salud San Pablo Burgos,19,3.6666666666666665,1137.6666666666667,306250.0,-2.0
3,J. Gudmundsson,Recoletas Salud San Pablo Burgos,20,1.6666666666666667,982.3333333333334,282353.0,10.0
3,J. Gudmundsson,Recoletas Salud San Pablo Burgos,21,5.0,1098.6666666666667,294444.0,5.0
3,J. Gudmundsson,Recoletas Salud San Pablo Burgos,22,4.333333333333333,1157.6666666666667,294737.0,13.0
3,J. Gudmundsson,Recoletas Salud San Pablo Burgos,23,9.333333333333334,1416.3333333333333,319000.0,6.0
3,J. Gudmundsson,Recoletas Salud San Pablo Burgos,24,8.0,1465.3333333333333,318095.0,7.0
3,J. Gudmundsson,Recoletas Salud San Pablo Burgos,25,8.666666666666666,1310.6666666666667,319545.0,10.0
3,J. Gudmundsson,Recoletas Salud San Pablo Burgos,27,8.5,1294.5,331739.0,13.0
3,J. Gudmundsson,Recoletas Salud San Pablo Burgos,30,10.5,1083.5,350400.0,-3.0
3,J. Gudmundsson,Recoletas Salud San Pablo Burgos,31,2.5,595.0,331154.0,1.0
3,J. Gudmundsson,Recoletas Salud San Pablo Burgos,32,2.0,616.3333333333334,321111.0,0.0
3,J. Gudmundsson,Recoletas Salud San Pablo Burgos,33,-0.6666666666666666,668.3333333333334,309643.0,8.0
3,J. Gudmundsson,Recoletas Salud San Pablo Burgos,34,3.0,677.0,312759.0,-2.0
4,R. Neto,Recoletas Salud San Pablo Burgos,3,4.5,488.5,391000.0,8.0
4,R. Neto,Recoletas Salud San Pablo Burgos,4,5.666666666666667,657.0,332350.0,11.0
4,R. Neto,Recoletas Salud San Pablo Burgos,5,6.666666666666667,859.6666666666666,370000.0,2.0
4,R. Neto,Recoletas Salud San Pablo Burgos,6,7.0,1023.6666666666666,316000.0,13.0
4,R. Neto,Recoletas Salud San Pablo Burgos,7,8.666666666666666,1104.0,363400.0,11.0
4,R. Neto,Recoletas Salud San Pablo Burgos,8,8.666666666666666,1149.0,397143.0,4.0
4,R. Neto,Recoletas Salud San Pablo Burgos,9,9.333333333333334,1214.0,372500.0,9.0
4,R. Neto,Recoletas Salud San Pablo Burgos,11,6.5,1141.5,381111.0,6.0
4,R. Neto,Recoletas Salud San Pablo Burgos,14,8.5,1037.5,399091.0,10.0
4,R. Neto,Recoletas Salud San Pablo Burgos,15,10.5,1126.5,415833.0,18.0
4,R. Neto,Recoletas Salud San Pablo Burgos,16,13.0,1281.3333333333333,453077.0,7.0
4,R. Neto,Recoletas Salud San Pablo Burgos,17,11.666666666666666,1360.3333333333333,445714.0,13.0
4,R. Neto,Recoletas Salud San Pablo Burgos,18,12.666666666666666,1470.0,459333.0,15.0
4,R. Neto,Recoletas Salud San Pablo Burgos,19,11.666666666666666,1389.6666666666667,477500.0,12.0
4,R. Neto,Recoletas Salud San Pablo Burgos,20,13.333333333333334,1369.0,491765.0,5.0
4,R. Neto,Recoletas Salud San Pablo Burgos,21,10.666666666666666,1322.0,478333.0,5.0
4,R. Neto,Recoletas Salud San Pablo Burgos,22,7.333333333333333,1066.0,468947.0,19.0
4,R. Neto,Recoletas Salud San Pablo Burgos,23,9.666666666666666,1105.3333333333333,502500.0,5.0
4,R. Neto,Recoletas Salud San Pablo Burgos,24,9.666666666666666,1092.0,490476.0,-4.0
4,R. Neto,Recoletas Salud San Pablo Burgos,26,0.5,1311.0,459091.0,6.0
4,R. Neto,Recoletas Salud San Pablo Burgos,27,1.0,1220.5,452174.0,20.0
4,R. Neto,Recoletas Salud San Pablo Burgos,28,13.0,1136.0,475000.0,31.0
4,R. Neto,Recoletas Salud San Pablo Burgos,29,19.0,1225.3333333333333,530400.0,30.0
4,R. Neto,Recoletas Salud San Pablo Burgos,30,27.0,1321.6666666666667,579231.0,8.0
4,R. Neto,Recoletas Salud San Pablo Burgos,31,23.0,1222.0,572593.0,26.0
4,R. Neto,Recoletas Salud San Pablo Burgos,32,21.333333333333332,1077.3333333333333,607857.0,8.0
4,R. Neto,Recoletas Salud San Pablo Burgos,33,14.0,1014.6666666666666,603448.0,24.0
4,R. Neto,Recoletas Salud San Pablo Burgos,34,19.333333333333332,1297.6666666666667,623333.0,21.0
5,L. Meindl,Recoletas Salud San Pablo Burgos,3,9.0,1505.0,530000.0,-3.0
5,L. Meindl,Recoletas Salud San Pablo Burgos,4,5.0,1623.3333333333333,450500.0,18.0
5,L. Meindl,Recoletas Salud San Pablo Burgos,5,5.666666666666667,1703.0,452500.0,-2.0
5,L. Meindl,Recoletas Salud San Pablo Burgos,6,4.333333333333333,1518.6666666666667,384625.0,7.0
5,L. Meindl,Recoletas Salud San Pablo Burgos,7,7.666666666666667,1453.6666666666667,343333.0,16.0
5,L. Meindl,Recoletas Salud San Pablo Burgos,8,7.0,1464.6666666666667,394833.0,10.0
5,L. Meindl,Recoletas Salud San Pablo Burgos,9,11.0,1485.3333333333333,420000.0,13.0
5,L. Meindl,Recoletas Salud San Pablo Burgos,10,13.0,1339.3333333333333,445556.0,5.0
5,L. Meindl,Recoletas Salud San Pablo Burgos,11,9.333333333333334,1313.0,426000.0,6.0
5,L. Meindl,Recoletas Salud San Pablo Burgos,12,8.0,1337.6666666666667,414545.0,10.0
5,L. Meindl,Recoletas Salud San Pablo Burgos,13,7.0,1446.3333333333333,421667.0,9.0
5,L. Meindl,Recoletas Salud San Pablo Burgos,14,8.333333333333334,1469.3333333333333,430769.0,18.0
5,L. Meindl,Recoletas Salud San Pablo Burgos,15,12.333333333333334,1662.6666666666667,477143.0,9.0
5,L. Meindl,Recoletas Salud San Pablo Burgos,16,12.0,1480.3333333333333,475333.0,13.0
5,L. Meindl,Recoletas Salud San Pablo Burgos,17,13.333333333333334,1381.6666666666667,486250.0,7.0
5,L. Meindl,Recoletas Salud San Pablo Burgos,18,9.666666666666666,1213.3333333333333,478235.0,3.0
5,L. Meindl,Recoletas Salud San Pablo Burgos,19,7.666666666666667,1194.0,460000.0,18.0
5,L. Meindl,Recoletas Salud San Pablo Burgos,20,9.333333333333334,1382.3333333333333,492632.0,0.0
5,L. Meindl,Recoletas Salud San Pablo Burgos,21,7.0,1338.6666666666667,468000.0,24.0
5,L. Meindl,Recoletas Salud San Pablo Burgos,22,14.0,1532.3333333333333,514286.0,25.0
5,L. Meindl,Recoletas Salud San Pablo Burgos,23,16.333333333333332,1302.6666666666667,559091.0,8.0
5,L. Meindl,Recoletas Salud San Pablo Burgos,24,19.0,1367.6666666666667,552174.0,15.0
5,L. Meindl,Recoletas Salud San Pablo Burgos,25,16.0,1494.3333333333333,560417.0,18.0
5,L. Meindl,Recoletas Salud San Pablo Burgos,26,13.666666666666666,1446.3333333333333,581200.0,16.0
5,L. Meindl,Recoletas Salud San Pablo Burgos,27,16.333333333333332,1523.6666666666667,589615.0,6.0
5,L. Meindl,Recoletas Salud San Pablo Burgos,28,13.333333333333334,1430.0,578889.0,4.0
5,L. Meindl,Recoletas Salud San Pablo Burgos,29,8.666666666666666,1411.0,566786.0,21.0
5,L. Meindl,Recoletas Salud San Pablo Burgos,30,10.333333333333334,1475.6666666666667,590690.0,4.0
5,L. Meindl,Recoletas Salud San Pablo Burgos,31,9.666666666666666,1174.0,577667.0,16.0
5,L. Meindl,Recoletas Salud San Pablo Burgos,32,13.666666666666666,1207.3333333333333,590000.0,8.0
6,J. Samuels,Recoletas Salud San Pablo Burgos,3,6.0,992.0,408000.0,15.0
6,J. Samuels,Recoletas Salud San Pablo Burgos,4,9.0,1215.6666666666667,469200.0,0.0
6,J. Samuels,Recoletas Salud San Pablo Burgos,5,6.333333333333333,1170.6666666666667,398820.0,15.0
6,J. Samuels,Recoletas Salud San Pablo Burgos,6,10.0,1261.0,436000.0,13.0
6,J. Samuels,Recoletas Salud San Pablo Burgos,7,9.333333333333334,1068.0,471667.0,2.0
6,J. Samuels,Recoletas Salud San Pablo Burgos,8,10.0,910.3333333333334,418571.0,-3.0
6,J. Samuels,Recoletas Salud San Pablo Burgos,9,4.0,716.3333333333334,355785.0,7.0
6,J. Samuels,Recoletas Salud San Pablo Burgos,10,2.0,678.6666666666666,347778.0,9.0
6,J. Samuels,Recoletas Salud San Pablo Burgos,11,4.333333333333333,858.6666666666666,358000.0,5.0
6,J. Samuels,Recoletas Salud San Pablo Burgos,12,7.0,1012.6666666666666,348182.0,2.0
6,J. Samuels,Recoletas Salud San Pablo Burgos,13,5.333333333333333,991.3333333333334,327500.0,13.0
6,J. Samuels,Recoletas Salud San Pablo Burgos,14,6.666666666666667,1110.0,362308.0,17.0
6,J. Samuels,Recoletas Salud San Pablo Burgos,15,10.666666666666666,1320.0,409286.0,11.0
6,J. Samuels,Recoletas Salud San Pablo Burgos,16,13.666666666666666,1591.0,418667.0,25.0
6,J. Samuels,Recoletas Salud San Pablo Burgos,17,17.666666666666668,1835.6666666666667,470625.0,12.0
6,J. Samuels,Recoletas Salud San Pablo Burgos,18,16.0,1678.0,478235.0,16.0
6,J. Samuels,Recoletas Salud San Pablo Burgos,19,17.666666666666668,1676.0,496111.0,-2.0
6,J. Samuels,Recoletas Salud San Pablo Burgos,20,8.666666666666666,1391.6666666666667,464737.0,8.0
6,J. Samuels,Recoletas Salud San Pablo Burgos,21,7.333333333333333,1372.3333333333333,461500.0,23.0
6,J. Samuels,Recoletas Salud San Pablo Burgos,22,9.666666666666666,1428.3333333333333,505238.0,17.0
6,J. Samuels,Recoletas Salud San Pablo Burgos,23,16.0,1484.6666666666667,528636.0,5.0
6,J. Samuels,Recoletas Salud San Pablo Burgos,24,15.0,1421.0,516522.0,19.0
6,J. Samuels,Recoletas Salud San Pablo Burgos,25,13.666666666666666,1244.6666666666667,534583.0,27.0
6,J. Samuels,Recoletas Salud San Pablo Burgos,26,17.0,1314.6666666666667,578000.0,8.0
6,J. Samuels,Recoletas Salud San Pablo Burgos,27,18.0,1426.6666666666667,571154.0,12.0
6,J. Samuels,Recoletas Salud San Pablo Burgos,28,15.666666666666666,1341.0,572222.0,6.0
6,J. Samuels,Recoletas Salud San Pablo Burgos,29,8.666666666666666,1311.6666666666667,564643.0,5.0
6,J. Samuels,Recoletas Salud San Pablo Burgos,30,7.666666666666667,1215.6666666666667,555517.0,5.0
6,J. Samuels,Recoletas Salud San Pablo Burgos,31,5.333333333333333,1133.0,545333.0,1.0
6,J. Samuels,Recoletas Salud San Pablo Burgos,32,3.6666666666666665,869.3333333333334,529677.0,21.0
6,J. Samuels,Recoletas Salud San Pablo Burgos,33,9.0,1123.3333333333333,552500.0,8.0
6,J. Samuels,Recoletas Salud San Pablo Burgos,34,10.0,1116.0,547879.0,11.0
7,J. Jackson,Recoletas Salud San Pablo Burgos,3,15.0,1616.0,850000.0,22.0
7,J. Jackson,Recoletas Salud San Pablo Burgos,4,17.333333333333332,1748.6666666666667,933333.0,-1.0
7,J. Jackson,Recoletas Salud San Pablo Burgos,5,10.333333333333334,1612.0,793333.0,7.0
7,J. Jackson,Recoletas Salud San Pablo Burgos,6,9.333333333333334,1327.0,674333.0,24.0
7,J. Jackson,Recoletas Salud San Pablo Burgos,7,10.0,1192.3333333333333,716667.0,12.0
7,J. Jackson,Recoletas Salud San Pablo Burgos,8,14.333333333333334,1441.0,700000.0,14.0
7,J. Jackson,Recoletas Salud San Pablo Burgos,9,16.666666666666668,1623.0,700000.0,9.0
7,J. Jackson,Recoletas Salud San Pablo Burgos,10,11.666666666666666,1621.3333333333333,672222.0,26.0
7,J. Jackson,Recoletas Salud San Pablo Burgos,11,16.333333333333332,1561.3333333333333,735000.0,18.0
7,J. Jackson,Recoletas Salud San Pablo Burgos,12,17.666666666666668,1781.3333333333333,750000.0,18.0
7,J. Jackson,Recoletas Salud San Pablo Burgos,13,20.666666666666668,1785.0,762500.0,23.0
7,J. Jackson,Recoletas Salud San Pablo Burgos,14,19.666666666666668,1704.3333333333333,810000.0,16.0
7,J. Jackson,Recoletas Salud San Pablo Burgos,15,19.0,1366.3333333333333,820714.0,15.0
7,J. Jackson,Recoletas Salud San Pablo Burgos,16,18.0,1357.0,816000.0,8.0
7,J. Jackson,Recoletas Salud San Pablo Burgos,17,13.0,1352.6666666666667,790000.0,-4.0
7,J. Jackson,Recoletas Salud San Pablo Burgos,18,6.333333333333333,1565.6666666666667,731765.0,0.0
7,J. Jackson,Recoletas Salud San Pablo Burgos,19,1.3333333333333333,1505.6666666666667,691111.0,14.0
7,J. Jackson,Recoletas Salud San Pablo Burgos,20,3.3333333333333335,1444.0,698947.0,15.0
8,P. Almazán,Recoletas Salud San Pablo Burgos,3,-2.5,679.5,86700.0,0.0
8,P. Almazán,Recoletas Salud San Pablo Burgos,4,-1.6666666666666667,555.3333333333334,73695.0,1.0
8,P. Almazán,Recoletas Salud San Pablo Burgos,5,-0.6666666666666666,385.6666666666667,62641.0,6.0
8,P. Almazán,Recoletas Salud San Pablo Burgos,6,2.3333333333333335,442.0,53245.0,2.0
8,P. Almazán,Recoletas Salud San Pablo Burgos,8,4.0,704.0,45258.0,0.0
8,P. Almazán,Recoletas Salud San Pablo Burgos,9,1.0,708.0,38469.0,-2.0
8,P. Almazán,Recoletas Salud San Pablo Burgos,10,-1.0,582.5,32699.0,0.0
8,P. Almazán,Recoletas Salud San Pablo Burgos,12,-1.0,134.0,27794.0,1.0
8,P. Almazán,Recoletas Salud San Pablo Burgos,13,0.5,120.5,23625.0,8.0
8,P. Almazán,Recoletas Salud San Pablo Burgos,15,4.5,641.0,27169.0,-2.0
8,P. Almazán,Recoletas Salud San Pablo Burgos,18,-1.5,579.5,35931.0,1.0
8,P. Almazán,Recoletas Salud San Pablo Burgos,19,0.0,914.5,37857.0,3.0
8,P. Almazán,Recoletas Salud San Pablo Burgos,20,1.0,964.0,43536.0,1.0
8,P. Almazán,Recoletas Salud San Pablo Burgos,21,1.6666666666666667,998.3333333333334,47500.0,2.0
8,P. Almazán,Recoletas Salud San Pablo Burgos,22,2.0,808.0,51765.0,-1.0
8,P. Almazán,Recoletas Salud San Pablo Burgos,23,0.6666666666666666,611.3333333333334,46111.0,4.0
8,P. Almazán,Recoletas Salud San Pablo Burgos,24,1.6666666666666667,492.6666666666667,53028.0,-1.0
8,P. Almazán,Recoletas Salud San Pablo Burgos,25,0.6666666666666666,445.0,49000.0,0.0
8,P. Almazán,Recoletas Salud San Pablo Burgos,26,1.0,294.6666666666667,46667.0,3.0
8,P. Almazán,Recoletas Salud San Pablo Burgos,27,0.6666666666666666,418.6666666666667,51364.0,1.0
8,P. Almazán,Recoletas Salud San Pablo Burgos,28,1.3333333333333333,508.0,51304.0,3.0
8,P. Almazán,Recoletas Salud San Pablo Burgos,29,2.3333333333333335,827.6666666666666,56667.0,-2.0
8,P. Almazán,Recoletas Salud San Pablo Burgos,31,0.5,858.0,50400.0,3.0
8,P. Almazán,Recoletas Salud San Pablo Burgos,32,0.5,534.0,55385.0,7.0
8,P. Almazán,Recoletas Salud San Pablo Burgos,33,5.0,532.5,63693.0,-1.0
9,Y. Nzosa,Recoletas Salud San Pablo Burgos,3,1.0,233.0,216750.0,6.0
9,Y. Nzosa,Recoletas Salud San Pablo Burgos,4,2.6666666666666665,283.3333333333333,184237.0,2.0
9,Y. Nzosa,Recoletas Salud San Pablo Burgos,5,2.6666666666666665,338.6666666666667,156601.0,-4.0
9,Y. Nzosa,Recoletas Salud San Pablo Burgos,6,1.3333333333333333,348.3333333333333,133111.0,-1.0
9,Y. Nzosa,Recoletas Salud San Pablo Burgos,7,-1.0,549.6666666666666,113144.0,1.0
9,Y. Nzosa,Recoletas Salud San Pablo Burgos,8,-1.3333333333333333,444.3333333333333,96172.0,5.0
9,Y. Nzosa,Recoletas Salud San Pablo Burgos,9,1.6666666666666667,537.0,81746.0,-2.0
9,Y. Nzosa,Recoletas Salud San Pablo Burgos,11,1.5,320.0,69484.0,8.0
9,Y. Nzosa,Recoletas Salud San Pablo Burgos,12,3.0,597.5,79907.0,0.0
9,Y. Nzosa,Recoletas Salud San Pablo Burgos,14,4.0,902.0,79091.0,4.0
9,Y. Nzosa,Recoletas Salud San Pablo Burgos,15,2.0,578.5,90955.0,0.0
9,Y. Nzosa,Recoletas Salud San Pablo Burgos,16,2.0,556.0,85385.0,7.0
9,Y. Nzosa,Recoletas Salud San Pablo Burgos,17,3.6666666666666665,621.0,98193.0,2.0
9,Y. Nzosa,Recoletas Salud San Pablo Burgos,18,3.0,626.0,104000.0,0.0
9,Y. Nzosa,Recoletas Salud San Pablo Burgos,20,1.0,220.5,97500.0,3.0
9,Y. Nzosa,Recoletas Salud San Pablo Burgos,21,1.5,147.0,100588.0,0.0
9,Y. Nzosa,Recoletas Salud San Pablo Burgos,22,1.5,219.5,95000.0,4.0
9,Y. Nzosa,Recoletas Salud San Pablo Burgos,23,2.3333333333333335,268.0,102632.0,5.0
9,Y. Nzosa,Recoletas Salud San Pablo Burgos,24,3.0,290.0,110000.0,1.0
9,Y. Nzosa,Recoletas Salud San Pablo Burgos,26,3.0,496.0,107143.0,3.0
9,Y. Nzosa,Recoletas Salud San Pablo Burgos,29,4.5,500.0,120000.0,6.0
9,Y. Nzosa,Recoletas Salud San Pablo Burgos,30,6.0,615.0,130000.0,-2.0
9,Y. Nzosa,Recoletas Salud San Pablo Burgos,32,2.0,436.5,120800.0,0.0
9,Y. Nzosa,Recoletas Salud San Pablo Burgos,33,-1.0,150.0,116154.0,-1.0
9,Y. Nzosa,Recoletas Salud San Pablo Burgos,34,-0.5,95.0,110000.0,8.0
10,J. Rubio,Recoletas Salud San Pablo Burgos,4,2.0,734.0,101150.0,7.0
10,J. Rubio,Recoletas Salud San Pablo Burgos,5,3.6666666666666665,700.3333333333334,116323.0,3.0
10,J. Rubio,Recoletas Salud San Pablo Burgos,6,4.0,830.6666666666666,133771.0,6.0
10,J. Rubio,Recoletas Salud San Pablo Burgos,7,5.333333333333333,955.3333333333334,153837.0,1.0
10,J. Rubio,Recoletas Salud San Pablo Burgos,8,3.3333333333333335,901.0,175000.0,-4.0
10,J. Rubio,Recoletas Salud San Pablo Burgos,9,1.0,689.0,148750.0,0.0
10,J. Rubio,Recoletas Salud San Pablo Burgos,15,0.0,537.5,91350.0,0.0
10,J. Rubio,Recoletas Salud San Pablo Burgos,16,1.0,322.0,79091.0,5.0
10,J. Rubio,Recoletas Salud San Pablo Burgos,17,2.3333333333333335,457.6666666666667,90955.0,0.0
10,J. Rubio,Recoletas Salud San Pablo Burgos,18,1.6666666666666667,425.6666666666667,86154.0,0.0
10,J. Rubio,Recoletas Salud San Pablo Burgos,19,1.6666666666666667,437.3333333333333,80000.0,-1.0
10,J. Rubio,Recoletas Salud San Pablo Burgos,20,-0.3333333333333333,358.0,71333.0,-1.0
10,J. Rubio,Recoletas Salud San Pablo Burgos,22,-1.0,432.0,63750.0,2.0
10,J. Rubio,Recoletas Salud San Pablo Burgos,23,0.5,299.0,67059.0,0.0
10,J. Rubio,Recoletas Salud San Pablo Burgos,25,1.0,279.0,63333.0,0.0
10,J. Rubio,Recoletas Salud San Pablo Burgos,26,0.0,735.0,60000.0,4.0
10,J. Rubio,Recoletas Salud San Pablo Burgos,27,2.0,908.5,67000.0,1.0
10,J. Rubio,Recoletas Salud San Pablo Burgos,28,1.6666666666666667,748.6666666666666,66190.0,0.0
10,J. Rubio,Recoletas Salud San Pablo Burgos,29,1.6666666666666667,371.6666666666667,63182.0,0.0
10,J. Rubio,Recoletas Salud San Pablo Burgos,30,0.3333333333333333,146.66666666666666,60435.0,7.0
10,J. Rubio,Recoletas Salud San Pablo Burgos,31,2.3333333333333335,183.0,69500.0,3.0
10,J. Rubio,Recoletas Salud San Pablo Burgos,33,5.0,297.5,76800.0,1.0
10,J. Rubio,Recoletas Salud San Pablo Burgos,34,2.0,534.0,75769.0,17.0
11,D. Díez,Recoletas Salud San Pablo Burgos,3,9.0,1443.5,500000.0,1.0
11,D. Díez,Recoletas Salud San Pablo Burgos,4,6.333333333333333,1214.6666666666667,425000.0,12.0
11,D. Díez,Recoletas Salud San Pablo Burgos,9,14.5,1763.5,516667.0,2.0
11,D. Díez,Recoletas Salud San Pablo Burgos,10,10.333333333333334,1592.3333333333333,457143.0,16.0
11,D. Díez,Recoletas Salud San Pablo Burgos,11,9.333333333333334,1411.0,500000.0,15.0
11,D. Díez,Recoletas Salud San Pablo Burgos,23,9.0,707.5,530000.0,16.0
11,D. Díez,Recoletas Salud San Pablo Burgos,24,11.333333333333334,929.3333333333334,552500.0,11.0
11,D. Díez,Recoletas Salud San Pablo Burgos,25,14.666666666666666,1116.3333333333333,552308.0,2.0
11,D. Díez,Recoletas Salud San Pablo Burgos,27,6.5,951.0,521429.0,0.0
11,D. Díez,Recoletas Salud San Pablo Burgos,28,1.0,949.5,486667.0,-1.0
11,D. Díez,Recoletas Salud San Pablo Burgos,29,-0.5,880.0,453125.0,-6.0
11,D. Díez,Recoletas Salud San Pablo Burgos,30,-2.3333333333333335,876.3333333333334,408824.0,4.0
11,D. Díez,Recoletas Salud San Pablo Burgos,31,-1.0,769.0,397222.0,6.0
11,D. Díez,Recoletas Salud San Pablo Burgos,32,1.3333333333333333,848.0,395263.0,-1.0
11,D. Díez,Recoletas Salud San Pablo Burgos,33,3.0,746.0,373000.0,7.0
11,D. Díez,Recoletas Salud San Pablo Burgos,34,4.0,1023.6666666666666,371905.0,16.0
13,B. Olumuyiwa,Coviran Granada,3,4.5,822.0,225000.0,13.0
13,B. Olumuyiwa,Coviran Granada,4,7.333333333333333,821.6666666666666,258750.0,9.0
13,B. Olumuyiwa,Coviran Granada,5,9.333333333333334,858.6666666666666,297563.0,8.0
13,B. Olumuyiwa,Coviran Granada,6,10.0,1011.6666666666666,342197.0,6.0
13,B. Olumuyiwa,Coviran Granada,7,7.666666666666667,1231.0,385000.0,2.0
13,B. Olumuyiwa,Coviran Granada,8,5.333333333333333,1310.6666666666667,344286.0,5.0
13,B. Olumuyiwa,Coviran Granada,9,4.333333333333333,1240.3333333333333,332500.0,4.0
13,B. Olumuyiwa,Coviran Granada,10,3.6666666666666665,1117.0,317778.0,11.0
13,B. Olumuyiwa,Coviran Granada,11,6.666666666666667,1245.6666666666667,341000.0,13.0
13,B. Olumuyiwa,Coviran Granada,12,9.333333333333334,1400.3333333333333,369091.0,19.0
13,B. Olumuyiwa,Coviran Granada,13,14.333333333333334,1596.0,417500.0,4.0
13,B. Olumuyiwa,Coviran Granada,14,12.0,1500.0,400769.0,8.0
13,B. Olumuyiwa,Coviran Granada,15,10.333333333333334,1572.6666666666667,400714.0,4.0
13,B. Olumuyiwa,Coviran Granada,17,6.0,1112.0,387333.0,4.0
13,B. Olumuyiwa,Coviran Granada,18,4.0,828.5,375625.0,4.0
13,B. Olumuyiwa,Coviran Granada,19,4.0,1050.5,365294.0,8.0
13,B. Olumuyiwa,Coviran Granada,20,5.333333333333333,1103.3333333333333,367222.0,7.0
13,B. Olumuyiwa,Coviran Granada,21,6.333333333333333,1200.6666666666667,366316.0,2.0
13,B. Olumuyiwa,Coviran Granada,22,5.666666666666667,1289.6666666666667,353000.0,7.0
13,B. Olumuyiwa,Coviran Granada,23,5.333333333333333,1277.0,356190.0,11.0
13,B. Olumuyiwa,Coviran Granada,24,6.666666666666667,1257.0,365000.0,11.0
13,B. Olumuyiwa,Coviran Granada,25,9.666666666666666,1260.0,377826.0,5.0
13,B. Olumuyiwa,Coviran Granada,26,9.0,1138.0,372500.0,4.0
13,B. Olumuyiwa,Coviran Granada,27,6.666666666666667,928.3333333333334,365600.0,1.0
13,B. Olumuyiwa,Coviran Granada,28,3.3333333333333335,766.6666666666666,353846.0,11.0
13,B. Olumuyiwa,Coviran Granada,29,5.333333333333333,953.3333333333334,365185.0,3.0
13,B. Olumuyiwa,Coviran Granada,30,5.0,1047.0,357500.0,6.0
13,B. Olumuyiwa,Coviran Granada,31,6.666666666666667,1277.0,357586.0,-2.0
13,B. Olumuyiwa,Coviran Granada,32,2.3333333333333335,1048.0,342333.0,7.0
13,B. Olumuyiwa,Coviran Granada,33,3.6666666666666665,1058.0,342581.0,-3.0
13,B. Olumuyiwa,Coviran Granada,34,0.6666666666666666,835.3333333333334,327187.0,12.0
14,L. Bozic,Coviran Granada,3,22.5,1730.5,727375.0,19.0
14,L. Bozic,Coviran Granada,4,21.333333333333332,1709.3333333333333,836481.0,26.0
14,L. Bozic,Coviran Granada,5,19.0,1789.3333333333333,961953.0,8.0
14,L. Bozic,Coviran Granada,6,17.666666666666668,1806.0,980000.0,31.0
14,L. Bozic,Coviran Granada,7,21.666666666666668,1855.6666666666667,1126667.0,5.0
14,L. Bozic,Coviran Granada,8,14.666666666666666,1685.6666666666667,1001429.0,19.0
14,L. Bozic,Coviran Granada,9,18.333333333333332,1741.0,995000.0,27.0
14,L. Bozic,Coviran Granada,10,17.0,1732.0,1034444.0,30.0
14,L. Bozic,Coviran Granada,11,25.333333333333332,1916.0,1081000.0,23.0
14,L. Bozic,Coviran Granada,12,26.666666666666668,1972.3333333333333,1087273.0,15.0
14,L. Bozic,Coviran Granada,13,22.666666666666668,1924.0,1059167.0,35.0
14,L. Bozic,Coviran Granada,14,24.333333333333332,1816.6666666666667,1112308.0,8.0
14,L. Bozic,Coviran Granada,15,19.333333333333332,1675.0,1061429.0,17.0
14,L. Bozic,Coviran Granada,16,20.0,1714.3333333333333,1047333.0,16.0
14,L. Bozic,Coviran Granada,17,13.666666666666666,1659.6666666666667,1031875.0,33.0
14,L. Bozic,Coviran Granada,18,22.0,1857.6666666666667,1068235.0,1.0
14,L. Bozic,Coviran Granada,19,16.666666666666668,1767.0,1011667.0,25.0
14,L. Bozic,Coviran Granada,20,19.666666666666668,1756.6666666666667,1024211.0,18.0
14,L. Bozic,Coviran Granada,21,14.666666666666666,1443.0,1018000.0,9.0
14,L. Bozic,Coviran Granada,22,17.333333333333332,1276.3333333333333,990952.0,33.0
14,L. Bozic,Coviran Granada,23,20.0,1343.6666666666667,1035909.0,30.0
14,L. Bozic,Coviran Granada,24,24.0,1401.3333333333333,1056087.0,35.0
14,L. Bozic,Coviran Granada,25,32.666666666666664,1777.6666666666667,1099583.0,32.0
14,L. Bozic,Coviran Granada,26,32.333333333333336,1822.6666666666667,1119600.0,33.0
14,L. Bozic,Coviran Granada,27,33.333333333333336,2035.0,1140000.0,27.0
14,L. Bozic,Coviran Granada,28,30.666666666666668,1851.0,1157778.0,29.0
14,L. Bozic,Coviran Granada,29,29.666666666666668,1842.3333333333333,1178571.0,33.0
14,L. Bozic,Coviran Granada,30,29.666666666666668,1769.0,1194828.0,32.0
14,L. Bozic,Coviran Granada,31,31.333333333333332,1760.6666666666667,1219000.0,35.0
14,L. Bozic,Coviran Granada,32,33.333333333333336,1765.6666666666667,1236129.0,37.0
14,L. Bozic,Coviran Granada,33,34.666666666666664,1743.3333333333333,1255312.0,35.0
14,L. Bozic,Coviran Granada,34,35.666666666666664,1860.0,1270303.0,24.0
15,E. Valtonen,Coviran Granada,3,4.0,1206.0,281775.0,8.0
15,E. Valtonen,Coviran Granada,4,5.333333333333333,1396.3333333333333,266667.0,24.0
15,E. Valtonen,Coviran Granada,5,12.666666666666666,1590.3333333333333,306667.0,7.0
15,E. Valtonen,Coviran Granada,6,13.0,1771.0,352667.0,21.0
15,E. Valtonen,Coviran Granada,7,17.333333333333332,1662.0,405567.0,7.0
15,E. Valtonen,Coviran Granada,8,11.666666666666666,1685.0,466402.0,0.0
15,E. Valtonen,Coviran Granada,28,13.0,1623.0,543000.0,2.0
15,E. Valtonen,Coviran Granada,29,9.333333333333334,1662.6666666666667,504545.0,8.0
15,E. Valtonen,Coviran Granada,30,9.0,1727.3333333333333,495833.0,10.0
15,E. Valtonen,Coviran Granada,31,6.666666666666667,1685.6666666666667,503846.0,5.0
15,E. Valtonen,Coviran Granada,32,7.666666666666667,1592.3333333333333,485714.0,-3.0
15,E. Valtonen,Coviran Granada,33,4.0,1373.0,443333.0,-4.0
15,E. Valtonen,Coviran Granada,34,-0.6666666666666666,1260.0,403125.0,16.0
16,J. Rousselle,Coviran Granada,3,4.0,1206.5,297500.0,8.0
16,J. Rousselle,Coviran Granada,4,5.333333333333333,1335.6666666666667,266667.0,8.0
16,J. Rousselle,Coviran Granada,5,5.666666666666667,1404.3333333333333,300000.0,1.0
16,J. Rousselle,Coviran Granada,6,5.666666666666667,1296.3333333333333,255000.0,3.0
16,J. Rousselle,Coviran Granada,7,4.0,1144.3333333333333,238333.0,12.0
16,J. Rousselle,Coviran Granada,8,5.333333333333333,1128.0,274083.0,7.0
16,J. Rousselle,Coviran Granada,9,7.333333333333333,1153.6666666666667,297500.0,8.0
16,J. Rousselle,Coviran Granada,10,9.0,1207.6666666666667,308889.0,3.0
16,J. Rousselle,Coviran Granada,11,6.0,1173.6666666666667,293000.0,1.0
16,J. Rousselle,Coviran Granada,12,4.0,1177.6666666666667,270909.0,5.0
16,J. Rousselle,Coviran Granada,13,3.0,1107.3333333333333,269167.0,2.0
16,J. Rousselle,Coviran Granada,14,2.6666666666666665,1040.6666666666667,256154.0,5.0
16,J. Rousselle,Coviran Granada,15,4.0,977.6666666666666,255714.0,-1.0
16,J. Rousselle,Coviran Granada,16,2.0,1021.0,235333.0,0.0
16,J. Rousselle,Coviran Granada,17,1.3333333333333333,1057.6666666666667,220625.0,-4.0
16,J. Rousselle,Coviran Granada,18,-1.6666666666666667,1307.3333333333333,195882.0,3.0
16,J. Rousselle,Coviran Granada,19,-0.3333333333333333,1380.0,193333.0,12.0
16,J. Rousselle,Coviran Granada,20,3.6666666666666665,1538.3333333333333,214737.0,18.0
16,J. Rousselle,Coviran Granada,21,11.0,1551.0,246948.0,13.0
16,J. Rousselle,Coviran Granada,22,14.333333333333334,1589.6666666666667,268095.0,6.0
16,J. Rousselle,Coviran Granada,23,12.333333333333334,1554.0,272273.0,3.0
16,J. Rousselle,Coviran Granada,24,7.333333333333333,1250.3333333333333,266957.0,0.0
16,J. Rousselle,Coviran Granada,25,3.0,1167.3333333333333,255833.0,4.0
16,J. Rousselle,Coviran Granada,26,2.3333333333333335,1120.3333333333333,253600.0,-2.0
16,J. Rousselle,Coviran Granada,27,0.6666666666666666,1088.3333333333333,240000.0,6.0
16,J. Rousselle,Coviran Granada,28,2.6666666666666665,1028.3333333333333,244444.0,11.0
16,J. Rousselle,Coviran Granada,29,5.0,1043.0,259286.0,-2.0
16,J. Rousselle,Coviran Granada,30,5.0,1190.6666666666667,246897.0,3.0
16,J. Rousselle,Coviran Granada,31,4.0,1354.0,244667.0,10.0
16,J. Rousselle,Coviran Granada,32,3.6666666666666665,1362.6666666666667,252903.0,3.0
16,J. Rousselle,Coviran Granada,33,5.333333333333333,1365.3333333333333,249687.0,5.0
16,J. Rousselle,Coviran Granada,34,6.0,1257.0,249697.0,11.0
18,P. Tomàs,Coviran Granada,21,-0.5,521.5,66556.0,-2.0
18,P. Tomàs,Coviran Granada,22,-1.0,190.5,56573.0,-3.0
18,P. Tomàs,Coviran Granada,30,3.0,294.0,34743.0,2.0
18,P. Tomàs,Coviran Granada,31,2.6666666666666665,263.0,29532.0,-1.0
18,P. Tomàs,Coviran Granada,32,0.3333333333333333,262.3333333333333,25102.0,7.0
18,P. Tomàs,Coviran Granada,33,2.6666666666666665,409.3333333333333,28867.0,2.0
18,P. Tomàs,Coviran Granada,34,2.6666666666666665,430.0,33197.0,0.0
19,J. Kljajic,Coviran Granada,3,2.5,1056.5,125000.0,12.0
19,J. Kljajic,Coviran Granada,4,5.666666666666667,1041.0,143750.0,-6.0
19,J. Kljajic,Coviran Granada,5,2.0,940.6666666666666,137500.0,10.0
19,J. Kljajic,Coviran Granada,6,5.333333333333333,1075.3333333333333,158125.0,4.0
19,J. Kljajic,Coviran Granada,7,2.6666666666666665,1130.0,181844.0,3.0
19,J. Kljajic,Coviran Granada,8,5.666666666666667,1222.6666666666667,205714.0,15.0
19,J. Kljajic,Coviran Granada,25,10.0,931.0,292611.0,4.0
19,J. Kljajic,Coviran Granada,26,8.0,1039.6666666666667,324545.0,11.0
19,J. Kljajic,Coviran Granada,27,11.0,1244.3333333333333,343333.0,3.0
21,E. Durán,Coviran Granada,10,-0.5,209.0,104401.0,-3.0
21,E. Durán,Coviran Granada,20,-0.5,260.5,54498.0,-3.0
21,E. Durán,Coviran Granada,22,-2.0,229.0,46323.0,-1.0
21,E. Durán,Coviran Granada,31,0.0,369.5,24182.0,0.0
21,E. Durán,Coviran Granada,32,0.5,146.5,20555.0,2.0
21,E. Durán,Coviran Granada,33,1.0,189.5,17472.0,0.0
22,B. Burjanadze,Coviran Granada,3,5.0,678.5,274550.0,10.0
22,B. Burjanadze,Coviran Granada,4,6.666666666666667,765.3333333333334,315733.0,10.0
22,B. Burjanadze,Coviran Granada,5,9.333333333333334,790.0,363093.0,3.0
22,B. Burjanadze,Coviran Granada,6,7.666666666666667,841.6666666666666,330000.0,3.0
22,B. Burjanadze,Coviran Granada,7,5.333333333333333,723.3333333333334,305000.0,-1.0
22,B. Burjanadze,Coviran Granada,8,1.6666666666666667,803.6666666666666,259250.0,3.0
22,B. Burjanadze,Coviran Granada,9,1.6666666666666667,740.3333333333334,241250.0,1.0
22,B. Burjanadze,Coviran Granada,10,1.0,815.0,220000.0,11.0
22,B. Burjanadze,Coviran Granada,11,5.0,763.0,253000.0,11.0
22,B. Burjanadze,Coviran Granada,12,7.666666666666667,744.6666666666666,280000.0,4.0
22,B. Burjanadze,Coviran Granada,13,8.666666666666666,727.3333333333334,273333.0,5.0
22,B. Burjanadze,Coviran Granada,14,6.666666666666667,715.3333333333334,271538.0,7.0
22,B. Burjanadze,Coviran Granada,15,5.333333333333333,766.0,277143.0,10.0
22,B. Burjanadze,Coviran Granada,16,7.333333333333333,899.6666666666666,292000.0,-2.0
22,B. Burjanadze,Coviran Granada,17,5.0,1007.3333333333334,267500.0,0.0
22,B. Burjanadze,Coviran Granada,18,2.6666666666666665,846.6666666666666,251765.0,-4.0
22,B. Burjanadze,Coviran Granada,19,-2.0,745.0,226667.0,-1.0
22,B. Burjanadze,Coviran Granada,20,-1.6666666666666667,597.3333333333334,212105.0,-1.0
23,M. Susinskas,Bàsquet Girona,3,5.0,1054.0,250000.0,5.0
23,M. Susinskas,Bàsquet Girona,5,4.0,947.0,250000.0,-2.0
23,M. Susinskas,Bàsquet Girona,6,1.5,961.5,212500.0,-4.0
23,M. Susinskas,Bàsquet Girona,7,-3.0,1045.0,180625.0,3.0
23,M. Susinskas,Bàsquet Girona,8,-1.0,1046.0,153531.0,4.0
23,M. Susinskas,Bàsquet Girona,9,1.0,1080.3333333333333,130501.0,12.0
23,M. Susinskas,Bàsquet Girona,10,6.333333333333333,1174.3333333333333,150076.0,-1.0
23,M. Susinskas,Bàsquet Girona,11,5.0,1213.0,166667.0,-1.0
23,M. Susinskas,Bàsquet Girona,12,3.3333333333333335,1250.3333333333333,145000.0,3.0
23,M. Susinskas,Bàsquet Girona,13,0.3333333333333333,1079.3333333333333,148182.0,11.0
23,M. Susinskas,Bàsquet Girona,14,4.333333333333333,1037.0,170409.0,5.0
23,M. Susinskas,Bàsquet Girona,15,6.333333333333333,965.3333333333334,195385.0,4.0
23,M. Susinskas,Bàsquet Girona,16,6.666666666666667,911.0,195714.0,11.0
23,M. Susinskas,Bàsquet Girona,17,6.666666666666667,909.6666666666666,225071.0,8.0
23,M. Susinskas,Bàsquet Girona,18,7.666666666666667,945.0,242500.0,4.0
23,M. Susinskas,Bàsquet Girona,19,7.666666666666667,1144.3333333333333,242353.0,6.0
23,M. Susinskas,Bàsquet Girona,20,6.0,1089.3333333333333,245556.0,14.0
23,M. Susinskas,Bàsquet Girona,21,8.0,1003.6666666666666,276842.0,8.0
23,M. Susinskas,Bàsquet Girona,22,9.333333333333334,966.3333333333334,283000.0,8.0
23,M. Susinskas,Bàsquet Girona,23,10.0,977.3333333333334,292381.0,4.0
23,M. Susinskas,Bàsquet Girona,24,6.666666666666667,922.3333333333334,288182.0,-4.0
23,M. Susinskas,Bàsquet Girona,25,2.6666666666666665,916.6666666666666,266957.0,9.0
23,M. Susinskas,Bàsquet Girona,26,3.0,1006.3333333333334,278333.0,2.0
23,M. Susinskas,Bàsquet Girona,27,2.3333333333333335,1215.3333333333333,271200.0,10.0
23,M. Susinskas,Bàsquet Girona,28,7.0,1277.6666666666667,280000.0,-5.0
23,M. Susinskas,Bàsquet Girona,29,2.3333333333333335,1168.0,260370.0,1.0
23,M. Susinskas,Bàsquet Girona,30,2.0,940.6666666666666,253214.0,-1.0
23,M. Susinskas,Bàsquet Girona,31,-1.6666666666666667,768.0,242759.0,5.0
23,M. Susinskas,Bàsquet Girona,32,1.6666666666666667,877.6666666666666,243000.0,13.0
23,M. Susinskas,Bàsquet Girona,33,5.666666666666667,1046.3333333333333,256129.0,4.0
23,M. Susinskas,Bàsquet Girona,34,7.333333333333333,1165.6666666666667,254375.0,11.0
25,M. Geben,Bàsquet Girona,3,5.5,1047.0,404600.0,5.0
25,M. Geben,Bàsquet Girona,4,5.333333333333333,1031.0,343910.0,4.0
25,M. Geben,Bàsquet Girona,5,8.333333333333334,1123.0,292323.0,8.0
25,M. Geben,Bàsquet Girona,6,5.666666666666667,1101.3333333333333,288000.0,15.0
25,M. Geben,Bàsquet Girona,7,9.0,1153.6666666666667,331200.0,9.0
25,M. Geben,Bàsquet Girona,8,10.666666666666666,1251.0,380880.0,24.0
25,M. Geben,Bàsquet Girona,9,16.0,1342.3333333333333,438012.0,9.0
25,M. Geben,Bàsquet Girona,10,14.0,1435.3333333333333,503714.0,5.0
25,M. Geben,Bàsquet Girona,11,12.666666666666666,1409.0,487000.0,16.0
25,M. Geben,Bàsquet Girona,12,10.0,1248.0,515455.0,12.0
25,M. Geben,Bàsquet Girona,13,11.0,1159.3333333333333,532500.0,37.0
25,M. Geben,Bàsquet Girona,14,21.666666666666668,1148.0,612375.0,9.0
25,M. Geben,Bàsquet Girona,15,19.333333333333332,1224.0,647143.0,7.0
25,M. Geben,Bàsquet Girona,16,17.666666666666668,1176.3333333333333,627333.0,13.0
25,M. Geben,Bàsquet Girona,17,9.666666666666666,1133.0,636875.0,15.0
25,M. Geben,Bàsquet Girona,18,11.666666666666666,1197.6666666666667,652353.0,16.0
25,M. Geben,Bàsquet Girona,19,14.666666666666666,1302.0,669444.0,20.0
25,M. Geben,Bàsquet Girona,20,17.0,1443.3333333333333,686842.0,8.0
25,M. Geben,Bàsquet Girona,21,14.666666666666666,1393.6666666666667,676500.0,14.0
25,M. Geben,Bàsquet Girona,22,14.0,1317.3333333333333,677619.0,18.0
25,M. Geben,Bàsquet Girona,23,13.333333333333334,1185.6666666666667,695909.0,24.0
25,M. Geben,Bàsquet Girona,24,18.666666666666668,1145.6666666666667,717826.0,20.0
25,M. Geben,Bàsquet Girona,25,20.666666666666668,1318.6666666666667,729583.0,14.0
25,M. Geben,Bàsquet Girona,26,19.333333333333332,1311.0,734000.0,15.0
25,M. Geben,Bàsquet Girona,27,16.333333333333332,1419.3333333333333,734615.0,10.0
25,M. Geben,Bàsquet Girona,28,13.0,1381.3333333333333,725926.0,13.0
25,M. Geben,Bàsquet Girona,29,12.666666666666666,1458.3333333333333,723214.0,8.0
25,M. Geben,Bàsquet Girona,30,10.333333333333334,1407.3333333333333,714828.0,9.0
25,M. Geben,Bàsquet Girona,31,10.0,1277.0,706000.0,16.0
25,M. Geben,Bàsquet Girona,32,11.0,1269.6666666666667,709032.0,22.0
25,M. Geben,Bàsquet Girona,33,15.666666666666666,1280.6666666666667,721250.0,28.0
25,M. Geben,Bàsquet Girona,34,22.0,1439.6666666666667,741818.0,12.0
26,P. Vildoza,Bàsquet Girona,3,7.5,1138.0,375000.0,5.0
26,P. Vildoza,Bàsquet Girona,4,6.666666666666667,1241.0,333333.0,10.0
26,P. Vildoza,Bàsquet Girona,5,7.0,1174.6666666666667,383333.0,1.0
26,P. Vildoza,Bàsquet Girona,6,5.333333333333333,1133.0,330000.0,14.0
26,P. Vildoza,Bàsquet Girona,7,8.333333333333334,971.0,379500.0,6.0
26,P. Vildoza,Bàsquet Girona,8,7.0,956.3333333333334,407143.0,9.0
26,P. Vildoza,Bàsquet Girona,9,9.666666666666666,893.6666666666666,412500.0,18.0
26,P. Vildoza,Bàsquet Girona,10,11.0,1033.3333333333333,474375.0,5.0
26,P. Vildoza,Bàsquet Girona,11,10.666666666666666,1038.6666666666667,463000.0,-4.0
26,P. Vildoza,Bàsquet Girona,12,6.333333333333333,1159.6666666666667,402727.0,15.0
26,P. Vildoza,Bàsquet Girona,13,5.333333333333333,1049.6666666666667,444167.0,13.0
26,P. Vildoza,Bàsquet Girona,14,8.0,1110.0,470000.0,11.0
26,P. Vildoza,Bàsquet Girona,15,13.0,1098.3333333333333,475714.0,3.0
26,P. Vildoza,Bàsquet Girona,17,7.0,975.0,454000.0,-2.0
26,P. Vildoza,Bàsquet Girona,18,0.5,808.5,419375.0,-3.0
26,P. Vildoza,Bàsquet Girona,19,-2.5,715.5,385882.0,1.0
26,P. Vildoza,Bàsquet Girona,21,-1.0,659.0,367222.0,8.0
26,P. Vildoza,Bàsquet Girona,22,4.5,755.5,368947.0,-2.0
26,P. Vildoza,Bàsquet Girona,23,3.0,886.0,345500.0,4.0
26,P. Vildoza,Bàsquet Girona,24,3.3333333333333335,856.0,338571.0,10.0
26,P. Vildoza,Bàsquet Girona,25,4.0,757.3333333333334,345909.0,2.0
26,P. Vildoza,Bàsquet Girona,26,5.333333333333333,700.6666666666666,336087.0,13.0
26,P. Vildoza,Bàsquet Girona,27,8.333333333333334,723.3333333333334,349167.0,4.0
26,P. Vildoza,Bàsquet Girona,28,6.333333333333333,797.0,343200.0,-3.0
26,P. Vildoza,Bàsquet Girona,29,4.666666666666667,715.0,324231.0,3.0
26,P. Vildoza,Bàsquet Girona,30,1.3333333333333333,722.6666666666666,318889.0,-2.0
26,P. Vildoza,Bàsquet Girona,31,-0.6666666666666666,581.3333333333334,303929.0,4.0
26,P. Vildoza,Bàsquet Girona,32,1.6666666666666667,553.6666666666666,300345.0,2.0
26,P. Vildoza,Bàsquet Girona,33,1.3333333333333333,486.3333333333333,293667.0,1.0
26,P. Vildoza,Bàsquet Girona,34,2.3333333333333335,665.3333333333334,285806.0,3.0
27,O. Livingston,Bàsquet Girona,3,5.0,1404.5,510000.0,13.0
27,O. Livingston,Bàsquet Girona,4,7.666666666666667,1584.6666666666667,433500.0,15.0
27,O. Livingston,Bàsquet Girona,5,8.666666666666666,1582.3333333333333,498525.0,16.0
27,O. Livingston,Bàsquet Girona,6,14.666666666666666,1672.3333333333333,570000.0,21.0
27,O. Livingston,Bàsquet Girona,7,17.333333333333332,1531.6666666666667,655500.0,28.0
27,O. Livingston,Bàsquet Girona,8,21.666666666666668,1567.3333333333333,753825.0,5.0
27,O. Livingston,Bàsquet Girona,9,18.0,1509.6666666666667,755000.0,1.0
27,O. Livingston,Bàsquet Girona,10,11.333333333333334,1295.0,677778.0,3.0
27,O. Livingston,Bàsquet Girona,11,3.0,1199.6666666666667,625000.0,19.0
27,O. Livingston,Bàsquet Girona,12,7.666666666666667,1232.3333333333333,654545.0,15.0
27,O. Livingston,Bàsquet Girona,13,12.333333333333334,1389.3333333333333,675000.0,10.0
27,O. Livingston,Bàsquet Girona,14,14.666666666666666,1409.3333333333333,669231.0,16.0
27,O. Livingston,Bàsquet Girona,15,13.666666666666666,1422.6666666666667,678571.0,17.0
27,O. Livingston,Bàsquet Girona,16,14.333333333333334,1500.3333333333333,690000.0,6.0
27,O. Livingston,Bàsquet Girona,17,13.0,1528.3333333333333,669375.0,4.0
27,O. Livingston,Bàsquet Girona,18,9.0,1484.6666666666667,644118.0,21.0
27,O. Livingston,Bàsquet Girona,19,10.333333333333334,1444.6666666666667,678333.0,17.0
27,O. Livingston,Bàsquet Girona,20,14.0,1449.6666666666667,687368.0,9.0
27,O. Livingston,Bàsquet Girona,21,15.666666666666666,1514.0,680000.0,28.0
27,O. Livingston,Bàsquet Girona,22,18.0,1636.0,714286.0,15.0
27,O. Livingston,Bàsquet Girona,23,17.333333333333332,1700.3333333333333,722727.0,13.0
27,O. Livingston,Bàsquet Girona,24,18.666666666666668,1723.6666666666667,719565.0,25.0
27,O. Livingston,Bàsquet Girona,25,17.666666666666668,1705.0,741667.0,9.0
27,O. Livingston,Bàsquet Girona,26,15.666666666666666,1662.6666666666667,733600.0,10.0
27,O. Livingston,Bàsquet Girona,27,14.666666666666666,1546.0,724615.0,9.0
27,O. Livingston,Bàsquet Girona,28,9.333333333333334,1472.3333333333333,714444.0,14.0
27,O. Livingston,Bàsquet Girona,29,11.0,1470.3333333333333,713929.0,20.0
27,O. Livingston,Bàsquet Girona,30,14.333333333333334,1546.3333333333333,730690.0,15.0
27,O. Livingston,Bàsquet Girona,31,16.333333333333332,1541.0,731333.0,7.0
27,O. Livingston,Bàsquet Girona,32,14.0,1494.0,719032.0,22.0
27,O. Livingston,Bàsquet Girona,33,14.666666666666666,1561.3333333333333,730938.0,3.0
27,O. Livingston,Bàsquet Girona,34,10.666666666666666,1529.0,713333.0,7.0
28,M. Hughes,Bàsquet Girona,3,7.0,1207.0,350000.0,11.0
28,M. Hughes,Bàsquet Girona,4,8.333333333333334,1351.6666666666667,402500.0,16.0
28,M. Hughes,Bàsquet Girona,5,11.333333333333334,1433.3333333333333,462875.0,12.0
28,M. Hughes,Bàsquet Girona,6,13.0,1296.0,532306.0,1.0
28,M. Hughes,Bàsquet Girona,7,9.666666666666666,1111.0,478333.0,11.0
28,M. Hughes,Bàsquet Girona,8,8.0,1120.0,504286.0,-3.0
28,M. Hughes,Bàsquet Girona,9,3.0,1135.0,428643.0,0.0
28,M. Hughes,Bàsquet Girona,10,2.6666666666666665,1014.0,375556.0,9.0
28,M. Hughes,Bàsquet Girona,11,2.0,973.6666666666666,383000.0,12.0
28,M. Hughes,Bàsquet Girona,12,7.0,937.0,402727.0,16.0
28,M. Hughes,Bàsquet Girona,13,12.333333333333334,1046.0,449167.0,0.0
28,M. Hughes,Bàsquet Girona,14,9.333333333333334,1030.3333333333333,414615.0,12.0
28,M. Hughes,Bàsquet Girona,15,9.333333333333334,1094.6666666666667,427857.0,8.0
28,M. Hughes,Bàsquet Girona,16,6.666666666666667,1236.3333333333333,426000.0,-5.0
28,M. Hughes,Bàsquet Girona,17,5.0,1328.6666666666667,383750.0,27.0
28,M. Hughes,Bàsquet Girona,18,10.0,1333.0,441313.0,12.0
28,M. Hughes,Bàsquet Girona,19,11.333333333333334,1216.3333333333333,471111.0,7.0
28,M. Hughes,Bàsquet Girona,20,15.333333333333334,1181.6666666666667,464737.0,19.0
28,M. Hughes,Bàsquet Girona,21,12.666666666666666,1107.6666666666667,498500.0,10.0
28,M. Hughes,Bàsquet Girona,22,12.0,1176.3333333333333,498571.0,-4.0
28,M. Hughes,Bàsquet Girona,23,8.333333333333334,1172.3333333333333,466818.0,-3.0
28,M. Hughes,Bàsquet Girona,24,1.0,1203.0,440000.0,1.0
28,M. Hughes,Bàsquet Girona,25,-2.0,1050.6666666666667,423750.0,19.0
28,M. Hughes,Bàsquet Girona,26,5.666666666666667,1102.0,452400.0,7.0
28,M. Hughes,Bàsquet Girona,27,9.0,1059.6666666666667,448462.0,10.0
28,M. Hughes,Bàsquet Girona,28,12.0,1068.0,450370.0,2.0
28,M. Hughes,Bàsquet Girona,29,6.333333333333333,956.0,437857.0,12.0
28,M. Hughes,Bàsquet Girona,30,8.0,1067.3333333333333,447586.0,1.0
28,M. Hughes,Bàsquet Girona,31,5.0,1174.3333333333333,434333.0,9.0
28,M. Hughes,Bàsquet Girona,32,7.333333333333333,1252.3333333333333,434839.0,0.0
28,M. Hughes,Bàsquet Girona,33,3.3333333333333335,1155.3333333333333,421250.0,3.0
28,M. Hughes,Bàsquet Girona,34,4.0,1097.3333333333333,413030.0,16.0
29,S. Martínez,Bàsquet Girona,3,7.0,1346.0,330625.0,17.0
29,S. Martínez,Bàsquet Girona,4,10.333333333333334,1598.0,380219.0,18.0
29,S. Martínez,Bàsquet Girona,5,14.333333333333334,1667.0,437252.0,5.0
29,S. Martínez,Bàsquet Girona,6,13.333333333333334,1672.0,502840.0,2.0
29,S. Martínez,Bàsquet Girona,7,8.333333333333334,1409.6666666666667,500000.0,4.0
29,S. Martínez,Bàsquet Girona,8,3.6666666666666665,1257.0,462857.0,-3.0
29,S. Martínez,Bàsquet Girona,9,1.0,1192.6666666666667,393428.0,14.0
29,S. Martínez,Bàsquet Girona,10,5.0,1204.3333333333333,436667.0,5.0
29,S. Martínez,Bàsquet Girona,11,5.333333333333333,1289.3333333333333,418000.0,27.0
29,S. Martínez,Bàsquet Girona,12,15.333333333333334,1458.6666666666667,480700.0,6.0
29,S. Martínez,Bàsquet Girona,13,12.666666666666666,1511.6666666666667,490833.0,12.0
29,S. Martínez,Bàsquet Girona,14,15.0,1591.3333333333333,508462.0,1.0
29,S. Martínez,Bàsquet Girona,15,6.333333333333333,1482.3333333333333,475714.0,10.0
29,S. Martínez,Bàsquet Girona,16,7.666666666666667,1551.3333333333333,477333.0,10.0
29,S. Martínez,Bàsquet Girona,17,7.0,1549.6666666666667,485000.0,10.0
29,S. Martínez,Bàsquet Girona,18,10.0,1572.0,491765.0,16.0
29,S. Martínez,Bàsquet Girona,19,12.0,1476.3333333333333,517778.0,1.0
29,S. Martínez,Bàsquet Girona,20,9.0,1436.3333333333333,493158.0,10.0
29,S. Martínez,Bàsquet Girona,22,5.5,1509.0,498500.0,10.0
29,S. Martínez,Bàsquet Girona,23,10.0,1699.5,503333.0,7.0
29,S. Martínez,Bàsquet Girona,24,8.5,1633.0,496364.0,2.0
29,S. Martínez,Bàsquet Girona,25,6.333333333333333,1608.3333333333333,479130.0,3.0
29,S. Martínez,Bàsquet Girona,26,4.0,1380.6666666666667,466667.0,16.0
29,S. Martínez,Bàsquet Girona,27,7.0,1446.3333333333333,480000.0,4.0
29,S. Martínez,Bàsquet Girona,28,7.666666666666667,1314.6666666666667,469231.0,20.0
29,S. Martínez,Bàsquet Girona,29,13.333333333333334,1475.3333333333333,488889.0,17.0
29,S. Martínez,Bàsquet Girona,30,13.666666666666666,1498.6666666666667,507857.0,7.0
29,S. Martínez,Bàsquet Girona,31,14.666666666666666,1632.0,502414.0,-3.0
29,S. Martínez,Bàsquet Girona,32,7.0,1522.3333333333333,480667.0,1.0
30,N. Maric,Bàsquet Girona,3,0.0,391.0,187850.0,12.0
30,N. Maric,Bàsquet Girona,4,4.0,442.0,200000.0,6.0
30,N. Maric,Bàsquet Girona,5,5.333333333333333,540.0,230000.0,-1.0
30,N. Maric,Bàsquet Girona,6,5.666666666666667,489.0,195500.0,7.0
30,N. Maric,Bàsquet Girona,7,4.0,498.0,221667.0,4.0
30,N. Maric,Bàsquet Girona,8,3.3333333333333335,393.0,224286.0,10.0
30,N. Maric,Bàsquet Girona,9,7.0,600.0,257929.0,18.0
30,N. Maric,Bàsquet Girona,10,10.666666666666666,623.6666666666666,296618.0,15.0
30,N. Maric,Bàsquet Girona,11,14.333333333333334,774.0,341111.0,2.0
30,N. Maric,Bàsquet Girona,12,11.666666666666666,790.3333333333334,363636.0,-4.0
30,N. Maric,Bàsquet Girona,13,4.333333333333333,764.3333333333334,316667.0,-3.0
30,N. Maric,Bàsquet Girona,14,-1.6666666666666667,795.0,280769.0,17.0
30,N. Maric,Bàsquet Girona,15,3.3333333333333335,887.6666666666666,321429.0,4.0
30,N. Maric,Bàsquet Girona,16,6.0,1065.3333333333333,313333.0,4.0
30,N. Maric,Bàsquet Girona,17,8.333333333333334,1001.0,308750.0,12.0
30,N. Maric,Bàsquet Girona,18,6.666666666666667,864.6666666666666,332941.0,9.0
30,N. Maric,Bàsquet Girona,19,8.333333333333334,796.3333333333334,344444.0,12.0
30,N. Maric,Bàsquet Girona,20,11.0,797.6666666666666,357895.0,14.0
30,N. Maric,Bàsquet Girona,21,11.666666666666666,892.6666666666666,382000.0,18.0
30,N. Maric,Bàsquet Girona,22,14.666666666666666,1025.3333333333333,406667.0,9.0
30,N. Maric,Bàsquet Girona,23,13.666666666666666,1114.0,412727.0,-2.0
30,N. Maric,Bàsquet Girona,24,8.333333333333334,1039.3333333333333,390435.0,3.0
30,N. Maric,Bàsquet Girona,25,3.3333333333333335,866.3333333333334,380417.0,15.0
30,N. Maric,Bàsquet Girona,26,5.333333333333333,904.6666666666666,401200.0,1.0
30,N. Maric,Bàsquet Girona,32,1.5,302.0,365357.0,0.0
30,N. Maric,Bàsquet Girona,33,1.0,431.6666666666667,352759.0,5.0
31,J. Fernández,Bàsquet Girona,3,8.5,962.0,439875.0,16.0
31,J. Fernández,Bàsquet Girona,4,11.0,1114.6666666666667,505856.0,12.0
31,J. Fernández,Bàsquet Girona,5,9.333333333333334,1150.3333333333333,581734.0,13.0
31,J. Fernández,Bàsquet Girona,6,13.666666666666666,1241.0,604000.0,9.0
31,J. Fernández,Bàsquet Girona,7,11.333333333333334,1211.6666666666667,593333.0,19.0
31,J. Fernández,Bàsquet Girona,8,13.666666666666666,1303.6666666666667,671429.0,4.0
31,J. Fernández,Bàsquet Girona,9,10.666666666666666,1369.6666666666667,612500.0,18.0
31,J. Fernández,Bàsquet Girona,10,13.666666666666666,1254.0,664444.0,3.0
31,J. Fernández,Bàsquet Girona,11,8.333333333333334,950.0,613000.0,5.0
31,J. Fernández,Bàsquet Girona,12,8.666666666666666,860.3333333333334,580000.0,22.0
31,J. Fernández,Bàsquet Girona,13,10.0,1086.0,641667.0,8.0
31,J. Fernández,Bàsquet Girona,14,11.666666666666666,1309.3333333333333,629231.0,4.0
31,J. Fernández,Bàsquet Girona,15,11.333333333333334,1374.0,598571.0,17.0
31,J. Fernández,Bàsquet Girona,16,9.666666666666666,1292.0,615333.0,8.0
31,J. Fernández,Bàsquet Girona,17,9.666666666666666,1347.3333333333333,606875.0,13.0
31,J. Fernández,Bàsquet Girona,18,12.666666666666666,1169.3333333333333,617059.0,0.0
32,P. Busquets,Bàsquet Girona,3,17.5,1418.5,396750.0,14.0
32,P. Busquets,Bàsquet Girona,4,16.333333333333332,1615.3333333333333,456263.0,7.0
32,P. Busquets,Bàsquet Girona,5,11.0,1607.6666666666667,524702.0,4.0
32,P. Busquets,Bàsquet Girona,6,8.333333333333334,1751.6666666666667,603407.0,20.0
32,P. Busquets,Bàsquet Girona,7,10.333333333333334,1586.3333333333333,693918.0,5.0
32,P. Busquets,Bàsquet Girona,8,9.666666666666666,1401.0,652857.0,9.0
32,P. Busquets,Bàsquet Girona,9,11.333333333333334,1271.3333333333333,627500.0,23.0
32,P. Busquets,Bàsquet Girona,10,12.333333333333334,1238.6666666666667,711111.0,5.0
32,P. Busquets,Bàsquet Girona,11,12.333333333333334,1387.6666666666667,665000.0,6.0
32,P. Busquets,Bàsquet Girona,12,11.333333333333334,1337.6666666666667,631818.0,10.0
32,P. Busquets,Bàsquet Girona,13,7.0,1344.3333333333333,629167.0,5.0
32,P. Busquets,Bàsquet Girona,14,7.0,1250.3333333333333,603846.0,13.0
32,P. Busquets,Bàsquet Girona,15,9.333333333333334,1301.0,607143.0,3.0
32,P. Busquets,Bàsquet Girona,16,7.0,1238.3333333333333,576667.0,1.0
32,P. Busquets,Bàsquet Girona,17,5.666666666666667,1225.0,544375.0,-2.0
32,P. Busquets,Bàsquet Girona,18,0.6666666666666666,1289.3333333333333,506471.0,6.0
32,P. Busquets,Bàsquet Girona,19,1.6666666666666667,1334.0,498333.0,17.0
32,P. Busquets,Bàsquet Girona,20,7.0,1507.3333333333333,516842.0,14.0
32,P. Busquets,Bàsquet Girona,21,12.333333333333334,1517.6666666666667,533000.0,3.0
32,P. Busquets,Bàsquet Girona,22,11.333333333333334,1567.3333333333333,514762.0,16.0
32,P. Busquets,Bàsquet Girona,23,11.0,1581.6666666666667,535000.0,12.0
32,P. Busquets,Bàsquet Girona,24,10.333333333333334,1483.0,537826.0,19.0
32,P. Busquets,Bàsquet Girona,25,15.666666666666666,1451.3333333333333,555000.0,9.0
32,P. Busquets,Bàsquet Girona,26,13.333333333333334,1336.0,554400.0,5.0
32,P. Busquets,Bàsquet Girona,27,11.0,1395.6666666666667,542692.0,16.0
32,P. Busquets,Bàsquet Girona,28,10.0,1419.0,552222.0,5.0
32,P. Busquets,Bàsquet Girona,29,8.666666666666666,1450.6666666666667,541429.0,2.0
32,P. Busquets,Bàsquet Girona,30,7.666666666666667,1418.6666666666667,526897.0,-1.0
32,P. Busquets,Bàsquet Girona,31,2.0,1375.6666666666667,507667.0,8.0
32,P. Busquets,Bàsquet Girona,32,3.0,1346.3333333333333,504194.0,-4.0
32,P. Busquets,Bàsquet Girona,33,1.0,1350.0,482187.0,0.0
32,P. Busquets,Bàsquet Girona,34,1.3333333333333333,1265.3333333333333,467576.0,13.0
33,G. Ferrando,Bàsquet Girona,3,0.5,504.5,130050.0,0.0
33,G. Ferrando,Bàsquet Girona,5,-0.5,288.5,110542.0,-2.0
33,G. Ferrando,Bàsquet Girona,10,-1.5,295.5,67887.0,-1.0
33,G. Ferrando,Bàsquet Girona,11,-1.3333333333333333,322.3333333333333,57704.0,7.0
33,G. Ferrando,Bàsquet Girona,12,1.6666666666666667,278.3333333333333,49048.0,0.0
33,G. Ferrando,Bàsquet Girona,13,2.0,303.0,41691.0,-2.0
33,G. Ferrando,Bàsquet Girona,18,11.5,815.5,46866.0,1.0
33,G. Ferrando,Bàsquet Girona,19,8.0,612.6666666666666,53896.0,-1.0
33,G. Ferrando,Bàsquet Girona,20,5.0,418.0,61980.0,3.0
33,G. Ferrando,Bàsquet Girona,21,1.0,446.6666666666667,71277.0,0.0
33,G. Ferrando,Bàsquet Girona,22,0.6666666666666666,568.0,81969.0,11.0
33,G. Ferrando,Bàsquet Girona,23,4.666666666666667,709.3333333333334,94264.0,4.0
33,G. Ferrando,Bàsquet Girona,24,5.0,686.0,108404.0,1.0
33,G. Ferrando,Bàsquet Girona,25,5.333333333333333,566.6666666666666,124665.0,2.0
33,G. Ferrando,Bàsquet Girona,26,2.3333333333333335,373.0,130000.0,-3.0
33,G. Ferrando,Bàsquet Girona,28,-0.5,196.0,116667.0,-2.0
33,G. Ferrando,Bàsquet Girona,31,-1.0,416.5,102174.0,-2.0
34,D. Needham,Bàsquet Girona,3,-2.5,981.5,346800.0,17.0
34,D. Needham,Bàsquet Girona,4,4.0,1057.3333333333333,294780.0,4.0
34,D. Needham,Bàsquet Girona,5,8.666666666666666,1130.6666666666667,250563.0,8.0
34,D. Needham,Bàsquet Girona,6,9.666666666666666,1299.3333333333333,248000.0,15.0
34,D. Needham,Bàsquet Girona,7,9.0,1380.0,285200.0,3.0
34,D. Needham,Bàsquet Girona,8,8.666666666666666,1470.0,327980.0,2.0
34,D. Needham,Bàsquet Girona,9,6.666666666666667,1367.0,302500.0,9.0
34,D. Needham,Bàsquet Girona,10,4.666666666666667,1446.6666666666667,328889.0,7.0
34,D. Needham,Bàsquet Girona,11,6.0,1342.6666666666667,331000.0,3.0
34,D. Needham,Bàsquet Girona,12,6.333333333333333,1347.3333333333333,314545.0,15.0
34,D. Needham,Bàsquet Girona,13,8.333333333333334,1167.0,361727.0,6.0
34,D. Needham,Bàsquet Girona,14,8.0,1058.6666666666667,363077.0,0.0
34,D. Needham,Bàsquet Girona,15,7.0,1000.0,337143.0,4.0
34,D. Needham,Bàsquet Girona,16,3.3333333333333335,892.3333333333334,328000.0,4.0
34,D. Needham,Bàsquet Girona,17,2.6666666666666665,1033.3333333333333,322500.0,-1.0
34,D. Needham,Bàsquet Girona,18,2.3333333333333335,1061.6666666666667,300588.0,9.0
34,D. Needham,Bàsquet Girona,19,4.0,1211.3333333333333,313889.0,5.0
34,D. Needham,Bàsquet Girona,20,4.333333333333333,1206.0,310526.0,11.0
34,D. Needham,Bàsquet Girona,21,8.333333333333334,1353.0,328000.0,-2.0
34,D. Needham,Bàsquet Girona,22,4.666666666666667,1414.3333333333333,307619.0,10.0
34,D. Needham,Bàsquet Girona,23,6.333333333333333,1292.6666666666667,320909.0,7.0
34,D. Needham,Bàsquet Girona,24,5.0,1316.6666666666667,322174.0,18.0
34,D. Needham,Bàsquet Girona,25,11.666666666666666,1329.6666666666667,346250.0,19.0
34,D. Needham,Bàsquet Girona,26,14.666666666666666,1559.3333333333333,378000.0,14.0
34,D. Needham,Bàsquet Girona,27,17.0,1565.0,390385.0,11.0
34,D. Needham,Bàsquet Girona,28,14.666666666666666,1568.6666666666667,396296.0,7.0
34,D. Needham,Bàsquet Girona,29,10.666666666666666,1562.6666666666667,394643.0,24.0
34,D. Needham,Bàsquet Girona,30,14.0,1460.6666666666667,430690.0,6.0
34,D. Needham,Bàsquet Girona,31,12.333333333333334,1409.6666666666667,426333.0,4.0
34,D. Needham,Bàsquet Girona,32,11.333333333333334,1240.0,419032.0,9.0
34,D. Needham,Bàsquet Girona,33,6.333333333333333,1255.6666666666667,420000.0,12.0
34,D. Needham,Bàsquet Girona,34,8.333333333333334,1353.0,425455.0,11.0
35,M. Spagnolo,Kosner Baskonia,3,8.5,1182.0,361675.0,17.0
35,M. Spagnolo,Kosner Baskonia,4,11.333333333333334,1305.3333333333333,415926.0,10.0
35,M. Spagnolo,Kosner Baskonia,5,12.666666666666666,1369.0,478315.0,3.0
35,M. Spagnolo,Kosner Baskonia,6,10.0,1223.3333333333333,532000.0,-6.0
35,M. Spagnolo,Kosner Baskonia,7,2.3333333333333335,1135.3333333333333,452200.0,1.0
35,M. Spagnolo,Kosner Baskonia,8,-0.6666666666666666,1113.3333333333333,384370.0,17.0
35,M. Spagnolo,Kosner Baskonia,9,4.0,1280.6666666666667,428750.0,8.0
35,M. Spagnolo,Kosner Baskonia,14,1.0,962.5,361818.0,3.0
35,M. Spagnolo,Kosner Baskonia,15,1.6666666666666667,952.0,346667.0,12.0
35,M. Spagnolo,Kosner Baskonia,16,4.0,1258.6666666666667,375385.0,24.0
35,M. Spagnolo,Kosner Baskonia,17,13.0,1293.6666666666667,431693.0,6.0
35,M. Spagnolo,Kosner Baskonia,18,14.0,1257.3333333333333,445333.0,25.0
35,M. Spagnolo,Kosner Baskonia,20,15.5,1147.0,495625.0,9.0
35,M. Spagnolo,Kosner Baskonia,21,17.0,1385.5,498235.0,16.0
35,M. Spagnolo,Kosner Baskonia,22,12.5,1311.0,523889.0,0.0
35,M. Spagnolo,Kosner Baskonia,23,8.333333333333334,1153.3333333333333,496316.0,21.0
35,M. Spagnolo,Kosner Baskonia,24,12.333333333333334,1316.0,534500.0,9.0
35,M. Spagnolo,Kosner Baskonia,25,10.0,1256.6666666666667,534762.0,-1.0
35,M. Spagnolo,Kosner Baskonia,26,9.666666666666666,1254.0,508182.0,0.0
35,M. Spagnolo,Kosner Baskonia,27,2.6666666666666665,817.0,486087.0,0.0
35,M. Spagnolo,Kosner Baskonia,28,-0.3333333333333333,735.6666666666666,465833.0,5.0
35,M. Spagnolo,Kosner Baskonia,29,1.6666666666666667,842.3333333333334,457200.0,33.0
35,M. Spagnolo,Kosner Baskonia,30,12.666666666666666,1155.6666666666667,515769.0,8.0
35,M. Spagnolo,Kosner Baskonia,31,15.333333333333334,1003.6666666666666,514444.0,-4.0
35,M. Spagnolo,Kosner Baskonia,32,12.333333333333334,796.6666666666666,488929.0,17.0
35,M. Spagnolo,Kosner Baskonia,33,7.0,775.3333333333334,507241.0,10.0
35,M. Spagnolo,Kosner Baskonia,34,7.666666666666667,890.6666666666666,510333.0,8.0
37,M. Diakite,Kosner Baskonia,3,2.0,885.5,332350.0,22.0
37,M. Diakite,Kosner Baskonia,4,8.666666666666666,1061.6666666666667,382203.0,5.0
37,M. Diakite,Kosner Baskonia,5,10.333333333333334,1189.0,439533.0,7.0
37,M. Diakite,Kosner Baskonia,6,11.333333333333334,1099.3333333333333,446000.0,4.0
37,M. Diakite,Kosner Baskonia,7,5.333333333333333,1019.6666666666666,405000.0,20.0
37,M. Diakite,Kosner Baskonia,8,10.333333333333334,1072.3333333333333,465750.0,17.0
37,M. Diakite,Kosner Baskonia,9,13.666666666666666,1178.3333333333333,535613.0,18.0
37,M. Diakite,Kosner Baskonia,11,17.5,1209.0,594444.0,9.0
37,M. Diakite,Kosner Baskonia,12,13.5,1166.0,589000.0,4.0
37,M. Diakite,Kosner Baskonia,14,6.5,978.0,557273.0,24.0
37,M. Diakite,Kosner Baskonia,15,14.0,752.5,630833.0,12.0
37,M. Diakite,Kosner Baskonia,16,18.0,882.0,637692.0,14.0
37,M. Diakite,Kosner Baskonia,17,16.666666666666668,933.0,652143.0,18.0
37,M. Diakite,Kosner Baskonia,18,14.666666666666666,1250.3333333333333,680667.0,5.0
37,M. Diakite,Kosner Baskonia,20,11.5,1313.5,653750.0,16.0
37,M. Diakite,Kosner Baskonia,21,10.5,1427.5,671765.0,16.0
37,M. Diakite,Kosner Baskonia,22,16.0,1819.5,687778.0,9.0
37,M. Diakite,Kosner Baskonia,23,13.666666666666666,1801.3333333333333,675263.0,17.0
37,M. Diakite,Kosner Baskonia,24,14.0,1688.3333333333333,692500.0,1.0
37,M. Diakite,Kosner Baskonia,25,9.0,1448.6666666666667,662381.0,11.0
37,M. Diakite,Kosner Baskonia,26,9.666666666666666,1346.0,662273.0,16.0
37,M. Diakite,Kosner Baskonia,27,9.333333333333334,1244.0,675217.0,13.0
37,M. Diakite,Kosner Baskonia,28,13.333333333333334,1332.6666666666667,674167.0,24.0
37,M. Diakite,Kosner Baskonia,29,17.666666666666668,1444.6666666666667,695200.0,20.0
37,M. Diakite,Kosner Baskonia,30,19.0,1469.0,714615.0,18.0
37,M. Diakite,Kosner Baskonia,31,20.666666666666668,1279.6666666666667,728148.0,7.0
37,M. Diakite,Kosner Baskonia,32,15.0,1092.0,717143.0,10.0
37,M. Diakite,Kosner Baskonia,33,11.666666666666666,988.0,713103.0,8.0
37,M. Diakite,Kosner Baskonia,34,8.333333333333334,1173.3333333333333,705333.0,29.0
38,C. Frisch,Kosner Baskonia,3,-0.5,854.5,289000.0,-1.0
38,C. Frisch,Kosner Baskonia,4,-0.6666666666666666,897.3333333333334,245650.0,0.0
38,C. Frisch,Kosner Baskonia,5,-0.6666666666666666,652.3333333333334,208802.0,0.0
38,C. Frisch,Kosner Baskonia,6,-0.3333333333333333,394.6666666666667,177482.0,-1.0
38,C. Frisch,Kosner Baskonia,7,-0.3333333333333333,136.33333333333334,150860.0,0.0
38,C. Frisch,Kosner Baskonia,8,-0.3333333333333333,151.33333333333334,128231.0,8.0
38,C. Frisch,Kosner Baskonia,9,2.3333333333333335,392.3333333333333,108996.0,6.0
38,C. Frisch,Kosner Baskonia,11,7.0,930.0,92647.0,5.0
38,C. Frisch,Kosner Baskonia,12,5.5,1176.5,93000.0,11.0
38,C. Frisch,Kosner Baskonia,13,8.0,934.0,106950.0,11.0
38,C. Frisch,Kosner Baskonia,14,9.0,1049.3333333333333,122993.0,2.0
38,C. Frisch,Kosner Baskonia,15,8.0,749.3333333333334,141442.0,24.0
38,C. Frisch,Kosner Baskonia,16,12.333333333333334,846.6666666666666,162658.0,12.0
38,C. Frisch,Kosner Baskonia,17,12.666666666666666,935.3333333333334,187057.0,7.0
38,C. Frisch,Kosner Baskonia,18,14.333333333333334,1059.3333333333333,215116.0,1.0
38,C. Frisch,Kosner Baskonia,20,4.0,588.5,247383.0,0.0
38,C. Frisch,Kosner Baskonia,21,0.5,684.5,277778.0,4.0
38,C. Frisch,Kosner Baskonia,22,2.0,1004.5,275789.0,4.0
38,C. Frisch,Kosner Baskonia,23,2.6666666666666665,1112.3333333333333,272000.0,3.0
38,C. Frisch,Kosner Baskonia,24,3.6666666666666665,1115.3333333333333,267619.0,12.0
38,C. Frisch,Kosner Baskonia,25,6.333333333333333,1165.0,288182.0,4.0
38,C. Frisch,Kosner Baskonia,26,6.333333333333333,1121.3333333333333,286087.0,0.0
38,C. Frisch,Kosner Baskonia,27,5.333333333333333,1072.0,274167.0,8.0
38,C. Frisch,Kosner Baskonia,29,4.0,831.5,279200.0,0.0
38,C. Frisch,Kosner Baskonia,30,4.0,599.0,268462.0,0.0
38,C. Frisch,Kosner Baskonia,31,0.0,314.0,258519.0,0.0
38,C. Frisch,Kosner Baskonia,32,0.0,219.0,249286.0,8.0
38,C. Frisch,Kosner Baskonia,33,2.6666666666666665,460.0,257241.0,-1.0
38,C. Frisch,Kosner Baskonia,34,2.3333333333333335,386.0,247000.0,1.0
40,Luwawu-Cabarrot,Kosner Baskonia,3,19.5,1793.0,515775.0,10.0
40,Luwawu-Cabarrot,Kosner Baskonia,4,16.333333333333332,1653.3333333333333,593141.0,6.0
40,Luwawu-Cabarrot,Kosner Baskonia,5,12.333333333333334,1569.6666666666667,682112.0,14.0
40,Luwawu-Cabarrot,Kosner Baskonia,6,10.0,1517.3333333333333,780000.0,5.0
40,Luwawu-Cabarrot,Kosner Baskonia,7,8.333333333333334,1500.3333333333333,691667.0,19.0
40,Luwawu-Cabarrot,Kosner Baskonia,8,12.666666666666666,1545.3333333333333,728571.0,25.0
40,Luwawu-Cabarrot,Kosner Baskonia,9,16.333333333333332,1391.6666666666667,825000.0,27.0
40,Luwawu-Cabarrot,Kosner Baskonia,11,26.0,1264.0,883333.0,19.0
40,Luwawu-Cabarrot,Kosner Baskonia,12,23.0,1550.0,909000.0,28.0
40,Luwawu-Cabarrot,Kosner Baskonia,13,23.5,1490.5,979091.0,22.0
40,Luwawu-Cabarrot,Kosner Baskonia,14,23.0,1364.0,1007500.0,17.0
40,Luwawu-Cabarrot,Kosner Baskonia,15,22.333333333333332,1311.3333333333333,1008462.0,15.0
40,Luwawu-Cabarrot,Kosner Baskonia,16,18.0,1350.3333333333333,1000714.0,30.0
40,Luwawu-Cabarrot,Kosner Baskonia,17,20.666666666666668,1311.6666666666667,1054000.0,11.0
40,Luwawu-Cabarrot,Kosner Baskonia,18,18.666666666666668,1253.0,1029375.0,17.0
40,Luwawu-Cabarrot,Kosner Baskonia,24,13.5,1200.0,996842.0,20.0
40,Luwawu-Cabarrot,Kosner Baskonia,25,22.0,1448.5,1007000.0,23.0
40,Luwawu-Cabarrot,Kosner Baskonia,26,22.333333333333332,1488.6666666666667,1024762.0,19.0
40,Luwawu-Cabarrot,Kosner Baskonia,27,20.666666666666668,1496.0,1030000.0,0.0
40,Luwawu-Cabarrot,Kosner Baskonia,28,14.0,1384.6666666666667,985217.0,2.0
40,Luwawu-Cabarrot,Kosner Baskonia,29,7.0,1211.0,948333.0,12.0
40,Luwawu-Cabarrot,Kosner Baskonia,30,4.666666666666667,1146.6666666666667,939200.0,15.0
40,Luwawu-Cabarrot,Kosner Baskonia,31,9.666666666666666,1014.0,937692.0,28.0
40,Luwawu-Cabarrot,Kosner Baskonia,32,18.333333333333332,1164.3333333333333,965185.0,20.0
40,Luwawu-Cabarrot,Kosner Baskonia,33,21.0,1196.0,973571.0,21.0
40,Luwawu-Cabarrot,Kosner Baskonia,34,23.0,1487.0,983448.0,17.0
41,M. Howard,Kosner Baskonia,9,10.0,1541.5,356192.0,6.0
41,M. Howard,Kosner Baskonia,11,7.5,1276.0,310000.0,27.0
41,M. Howard,Kosner Baskonia,14,23.5,1319.5,409975.0,5.0
42,T. Forrest,Kosner Baskonia,15,13.5,1621.5,956631.0,24.0
42,T. Forrest,Kosner Baskonia,16,19.5,1783.0,1100126.0,14.0
42,T. Forrest,Kosner Baskonia,17,19.0,1203.0,1146667.0,21.0
42,T. Forrest,Kosner Baskonia,22,27.0,1691.5,1264444.0,26.0
42,T. Forrest,Kosner Baskonia,23,26.666666666666668,1695.6666666666667,1268000.0,13.0
42,T. Forrest,Kosner Baskonia,24,23.0,1655.3333333333333,1223636.0,23.0
42,T. Forrest,Kosner Baskonia,25,20.666666666666668,1610.0,1236667.0,26.0
42,T. Forrest,Kosner Baskonia,26,20.666666666666668,1650.6666666666667,1261538.0,16.0
42,T. Forrest,Kosner Baskonia,27,21.666666666666668,1642.3333333333333,1240000.0,10.0
42,T. Forrest,Kosner Baskonia,28,17.333333333333332,1546.3333333333333,1190667.0,6.0
42,T. Forrest,Kosner Baskonia,30,8.0,1447.5,1135000.0,22.0
42,T. Forrest,Kosner Baskonia,31,14.0,1250.5,1145882.0,17.0
42,T. Forrest,Kosner Baskonia,32,19.5,1173.5,1138889.0,22.0
42,T. Forrest,Kosner Baskonia,33,20.333333333333332,1219.3333333333333,1148421.0,21.0
42,T. Forrest,Kosner Baskonia,34,20.0,1444.6666666666667,1154000.0,9.0
43,R. Kurucs,Kosner Baskonia,5,6.5,832.0,325125.0,18.0
43,R. Kurucs,Kosner Baskonia,6,17.0,1373.0,373894.0,4.0
43,R. Kurucs,Kosner Baskonia,7,12.666666666666666,1333.3333333333333,429978.0,14.0
43,R. Kurucs,Kosner Baskonia,8,12.0,1441.3333333333333,494475.0,8.0
43,R. Kurucs,Kosner Baskonia,9,8.666666666666666,1331.0,518333.0,3.0
43,R. Kurucs,Kosner Baskonia,14,9.5,1182.5,455236.0,13.0
43,R. Kurucs,Kosner Baskonia,15,10.666666666666666,1246.0,523521.0,11.0
43,R. Kurucs,Kosner Baskonia,16,16.333333333333332,1293.0,536364.0,9.0
43,R. Kurucs,Kosner Baskonia,17,11.0,1211.3333333333333,536667.0,17.0
43,R. Kurucs,Kosner Baskonia,18,12.333333333333334,1253.6666666666667,573846.0,18.0
43,R. Kurucs,Kosner Baskonia,20,17.5,1551.0,597143.0,6.0
43,R. Kurucs,Kosner Baskonia,28,1.0,1338.0,521176.0,16.0
43,R. Kurucs,Kosner Baskonia,29,6.0,1375.0,536667.0,8.0
43,R. Kurucs,Kosner Baskonia,30,7.333333333333333,1307.6666666666667,533684.0,2.0
43,R. Kurucs,Kosner Baskonia,31,8.666666666666666,1169.0,513000.0,0.0
43,R. Kurucs,Kosner Baskonia,32,3.3333333333333335,1045.3333333333333,488571.0,6.0
43,R. Kurucs,Kosner Baskonia,33,2.6666666666666665,1019.6666666666666,482727.0,-2.0
43,R. Kurucs,Kosner Baskonia,34,1.3333333333333333,1083.6666666666667,457391.0,5.0
44,R. Villar,Kosner Baskonia,3,2.0,385.0,212500.0,4.0
44,R. Villar,Kosner Baskonia,4,2.6666666666666665,605.0,180625.0,5.0
44,R. Villar,Kosner Baskonia,5,2.6666666666666665,616.3333333333334,172500.0,-1.0
44,R. Villar,Kosner Baskonia,6,2.6666666666666665,734.6666666666666,146625.0,11.0
44,R. Villar,Kosner Baskonia,7,5.0,683.0,168619.0,-2.0
44,R. Villar,Kosner Baskonia,8,2.6666666666666665,521.3333333333334,155714.0,7.0
44,R. Villar,Kosner Baskonia,9,5.333333333333333,761.3333333333334,179071.0,-2.0
44,R. Villar,Kosner Baskonia,11,2.5,940.0,156667.0,12.0
44,R. Villar,Kosner Baskonia,12,5.0,954.5,180167.0,-3.0
44,R. Villar,Kosner Baskonia,13,4.5,887.0,180000.0,4.0
44,R. Villar,Kosner Baskonia,14,4.333333333333333,725.3333333333334,185000.0,2.0
44,R. Villar,Kosner Baskonia,15,1.0,527.3333333333334,180000.0,-2.0
44,R. Villar,Kosner Baskonia,16,1.3333333333333333,353.0,160000.0,12.0
44,R. Villar,Kosner Baskonia,17,4.0,674.6666666666666,184000.0,-2.0
44,R. Villar,Kosner Baskonia,18,2.6666666666666665,633.6666666666666,178750.0,4.0
44,R. Villar,Kosner Baskonia,20,1.0,459.5,180000.0,3.0
44,R. Villar,Kosner Baskonia,21,3.5,680.0,180000.0,-1.0
44,R. Villar,Kosner Baskonia,22,1.0,572.0,167895.0,9.0
44,R. Villar,Kosner Baskonia,23,3.6666666666666665,838.0,182000.0,3.0
44,R. Villar,Kosner Baskonia,24,3.6666666666666665,877.3333333333334,181905.0,6.0
44,R. Villar,Kosner Baskonia,25,6.0,1122.3333333333333,190000.0,4.0
44,R. Villar,Kosner Baskonia,26,4.333333333333333,997.3333333333334,192174.0,4.0
44,R. Villar,Kosner Baskonia,27,4.666666666666667,1074.3333333333333,194167.0,11.0
44,R. Villar,Kosner Baskonia,28,6.333333333333333,1012.3333333333334,208400.0,1.0
44,R. Villar,Kosner Baskonia,29,5.333333333333333,806.0,202308.0,8.0
44,R. Villar,Kosner Baskonia,30,6.666666666666667,789.0,212593.0,-1.0
44,R. Villar,Kosner Baskonia,31,2.6666666666666665,556.0,203214.0,3.0
44,R. Villar,Kosner Baskonia,32,3.3333333333333335,545.0,202414.0,10.0
44,R. Villar,Kosner Baskonia,33,4.0,495.6666666666667,215667.0,8.0
44,R. Villar,Kosner Baskonia,34,7.0,720.6666666666666,224194.0,3.0
45,T. Sedekerskis,Kosner Baskonia,4,8.0,1239.0,527425.0,5.0
45,T. Sedekerskis,Kosner Baskonia,5,7.0,1225.0,448311.0,11.0
45,T. Sedekerskis,Kosner Baskonia,6,9.333333333333334,1244.6666666666667,467500.0,14.0
45,T. Sedekerskis,Kosner Baskonia,7,10.0,1243.0,514000.0,12.0
45,T. Sedekerskis,Kosner Baskonia,8,12.333333333333334,1193.0,528333.0,2.0
45,T. Sedekerskis,Kosner Baskonia,32,3.0,450.5,405556.0,8.0
45,T. Sedekerskis,Kosner Baskonia,33,4.666666666666667,542.6666666666666,413000.0,-2.0
45,T. Sedekerskis,Kosner Baskonia,34,3.6666666666666665,594.6666666666666,366364.0,2.0
46,K. Diop,Kosner Baskonia,3,2.0,492.5,180625.0,7.0
46,K. Diop,Kosner Baskonia,4,3.6666666666666665,657.0,207719.0,5.0
46,K. Diop,Kosner Baskonia,5,4.666666666666667,720.6666666666666,222500.0,9.0
46,K. Diop,Kosner Baskonia,6,7.0,1071.0,255875.0,2.0
46,K. Diop,Kosner Baskonia,7,5.333333333333333,1019.0,255000.0,4.0
46,K. Diop,Kosner Baskonia,8,5.0,942.3333333333334,247143.0,14.0
46,K. Diop,Kosner Baskonia,9,6.666666666666667,894.3333333333334,284214.0,13.0
46,K. Diop,Kosner Baskonia,11,13.5,1191.0,326846.0,9.0
46,K. Diop,Kosner Baskonia,12,11.0,1336.0,375873.0,11.0
46,K. Diop,Kosner Baskonia,13,10.0,1426.0,401818.0,12.0
46,K. Diop,Kosner Baskonia,14,10.666666666666666,1309.0,428333.0,9.0
46,K. Diop,Kosner Baskonia,15,10.666666666666666,1298.6666666666667,436923.0,2.0
46,K. Diop,Kosner Baskonia,16,7.666666666666667,1154.3333333333333,414286.0,5.0
46,K. Diop,Kosner Baskonia,17,5.333333333333333,1192.3333333333333,406667.0,4.0
46,K. Diop,Kosner Baskonia,18,3.6666666666666665,967.6666666666666,396250.0,5.0
46,K. Diop,Kosner Baskonia,20,4.5,792.5,387647.0,0.0
47,O. Moore,Valencia Basket,3,12.0,1293.5,608350.0,12.0
47,O. Moore,Valencia Basket,4,12.0,1210.0,699603.0,6.0
47,O. Moore,Valencia Basket,5,10.0,1037.3333333333333,630000.0,4.0
47,O. Moore,Valencia Basket,6,7.333333333333333,953.0,552000.0,16.0
47,O. Moore,Valencia Basket,7,8.666666666666666,1028.3333333333333,593333.0,15.0
47,O. Moore,Valencia Basket,9,15.5,1337.5,637143.0,11.0
47,O. Moore,Valencia Basket,12,11.5,1202.5,635556.0,6.0
47,O. Moore,Valencia Basket,14,9.0,1222.5,608000.0,18.0
47,O. Moore,Valencia Basket,15,12.0,1153.0,650909.0,-1.0
47,O. Moore,Valencia Basket,16,8.5,1027.5,592500.0,7.0
47,O. Moore,Valencia Basket,17,8.0,1142.0,573846.0,-1.0
47,O. Moore,Valencia Basket,18,1.6666666666666667,1060.6666666666667,529286.0,12.0
47,O. Moore,Valencia Basket,19,6.0,1145.0,542000.0,9.0
47,O. Moore,Valencia Basket,20,6.666666666666667,1039.0,536250.0,16.0
47,O. Moore,Valencia Basket,21,12.333333333333334,1151.0,561176.0,12.0
47,O. Moore,Valencia Basket,22,12.333333333333334,1102.6666666666667,570000.0,2.0
47,O. Moore,Valencia Basket,23,10.0,1169.0,545263.0,15.0
47,O. Moore,Valencia Basket,24,9.666666666666666,1194.6666666666667,563000.0,8.0
47,O. Moore,Valencia Basket,25,8.333333333333334,1197.6666666666667,559048.0,1.0
47,O. Moore,Valencia Basket,26,8.0,1184.3333333333333,536364.0,8.0
47,O. Moore,Valencia Basket,27,5.666666666666667,1053.6666666666667,533913.0,7.0
47,O. Moore,Valencia Basket,29,7.5,903.0,529167.0,11.0
47,O. Moore,Valencia Basket,30,9.0,1004.0,530000.0,16.0
47,O. Moore,Valencia Basket,32,13.5,1030.0,540385.0,11.0
48,I. Nogués,Valencia Basket,3,-0.5,362.0,137275.0,1.0
48,I. Nogués,Valencia Basket,4,0.0,374.0,116684.0,0.0
48,I. Nogués,Valencia Basket,25,6.5,825.0,58199.0,-1.0
48,I. Nogués,Valencia Basket,26,4.0,765.0,66929.0,-1.0
48,I. Nogués,Valencia Basket,27,1.3333333333333333,542.3333333333334,76968.0,0.0
48,I. Nogués,Valencia Basket,28,-0.6666666666666666,357.6666666666667,72143.0,0.0
48,I. Nogués,Valencia Basket,29,-0.3333333333333333,228.0,67333.0,1.0
48,I. Nogués,Valencia Basket,30,0.3333333333333333,218.66666666666666,66250.0,3.0
48,I. Nogués,Valencia Basket,32,2.0,509.5,71176.0,-1.0
49,S. de Larrea,Valencia Basket,3,9.0,1120.0,410550.0,7.0
49,S. de Larrea,Valencia Basket,4,8.333333333333334,1128.0,472133.0,9.0
49,S. de Larrea,Valencia Basket,5,10.0,1039.0,510000.0,14.0
49,S. de Larrea,Valencia Basket,6,10.0,1004.0,576000.0,-4.0
49,S. de Larrea,Valencia Basket,8,5.0,649.5,489600.0,15.0
49,S. de Larrea,Valencia Basket,9,5.5,781.5,511429.0,9.0
49,S. de Larrea,Valencia Basket,11,12.0,903.5,515000.0,-1.0
49,S. de Larrea,Valencia Basket,14,2.5,700.0,443000.0,21.0
49,S. de Larrea,Valencia Basket,15,13.5,1186.0,509450.0,7.0
49,S. de Larrea,Valencia Basket,20,17.5,1224.5,568571.0,24.0
49,S. de Larrea,Valencia Basket,21,19.666666666666668,1317.0,626667.0,20.0
49,S. de Larrea,Valencia Basket,22,20.666666666666668,1222.3333333333333,662500.0,6.0
49,S. de Larrea,Valencia Basket,23,16.666666666666668,1196.6666666666667,641176.0,20.0
49,S. de Larrea,Valencia Basket,24,15.333333333333334,1107.3333333333333,672222.0,26.0
49,S. de Larrea,Valencia Basket,29,6.5,1010.5,681905.0,13.0
49,S. de Larrea,Valencia Basket,30,8.666666666666666,1146.3333333333333,680455.0,21.0
49,S. de Larrea,Valencia Basket,32,17.0,1072.0,696522.0,14.0
50,E. Happ,Recoletas Salud San Pablo Burgos,11,13.0,1240.5,357075.0,21.0
50,E. Happ,Recoletas Salud San Pablo Burgos,12,15.666666666666666,1382.6666666666667,410636.0,9.0
50,E. Happ,Recoletas Salud San Pablo Burgos,13,16.0,1466.6666666666667,472231.0,10.0
50,E. Happ,Recoletas Salud San Pablo Burgos,14,13.333333333333334,1481.6666666666667,543066.0,17.0
50,E. Happ,Recoletas Salud San Pablo Burgos,15,12.0,1436.6666666666667,624526.0,30.0
50,E. Happ,Recoletas Salud San Pablo Burgos,16,19.0,1500.3333333333333,718205.0,15.0
50,E. Happ,Recoletas Salud San Pablo Burgos,17,20.666666666666668,1486.3333333333333,825936.0,23.0
50,E. Happ,Recoletas Salud San Pablo Burgos,18,22.666666666666668,1607.6666666666667,868889.0,10.0
50,E. Happ,Recoletas Salud San Pablo Burgos,19,16.0,1570.3333333333333,832000.0,21.0
50,E. Happ,Recoletas Salud San Pablo Burgos,20,18.0,1614.0,870909.0,7.0
50,E. Happ,Recoletas Salud San Pablo Burgos,21,12.666666666666666,1479.3333333333333,827500.0,16.0
50,E. Happ,Recoletas Salud San Pablo Burgos,22,14.666666666666666,1460.6666666666667,837692.0,33.0
50,E. Happ,Recoletas Salud San Pablo Burgos,23,18.666666666666668,1470.3333333333333,919286.0,27.0
50,E. Happ,Recoletas Salud San Pablo Burgos,25,30.0,1597.0,948000.0,11.0
50,E. Happ,Recoletas Salud San Pablo Burgos,26,19.0,1441.5,930000.0,9.0
50,E. Happ,Recoletas Salud San Pablo Burgos,27,10.0,1288.5,901765.0,21.0
50,E. Happ,Recoletas Salud San Pablo Burgos,28,13.666666666666666,1358.6666666666667,910000.0,24.0
50,E. Happ,Recoletas Salud San Pablo Burgos,29,18.0,1386.3333333333333,937895.0,20.0
50,E. Happ,Recoletas Salud San Pablo Burgos,30,21.666666666666668,1540.0,951000.0,15.0
50,E. Happ,Recoletas Salud San Pablo Burgos,31,19.666666666666668,1325.0,941429.0,23.0
50,E. Happ,Recoletas Salud San Pablo Burgos,32,19.333333333333332,1235.0,961364.0,19.0
50,E. Happ,Recoletas Salud San Pablo Burgos,33,19.0,1149.3333333333333,969130.0,9.0
50,E. Happ,Recoletas Salud San Pablo Burgos,34,17.0,1297.6666666666667,947500.0,17.0
51,M. Costello,Valencia Basket,3,11.0,1149.5,660000.0,7.0
51,M. Costello,Valencia Basket,4,9.666666666666666,1024.0,580000.0,12.0
51,M. Costello,Valencia Basket,5,9.333333333333334,1038.6666666666667,615000.0,13.0
51,M. Costello,Valencia Basket,6,10.666666666666666,994.6666666666666,648000.0,2.0
51,M. Costello,Valencia Basket,7,9.0,1065.3333333333333,556667.0,15.0
51,M. Costello,Valencia Basket,8,10.0,1023.0,605714.0,5.0
51,M. Costello,Valencia Basket,9,7.333333333333333,997.6666666666666,567500.0,5.0
51,M. Costello,Valencia Basket,11,5.0,1030.0,537778.0,11.0
51,M. Costello,Valencia Basket,12,8.0,1150.0,539000.0,8.0
51,M. Costello,Valencia Basket,13,9.5,1167.0,533636.0,9.0
51,M. Costello,Valencia Basket,14,9.333333333333334,1133.0,534167.0,6.0
51,M. Costello,Valencia Basket,15,7.666666666666667,974.3333333333334,520769.0,15.0
51,M. Costello,Valencia Basket,16,10.0,927.3333333333334,537143.0,9.0
51,M. Costello,Valencia Basket,17,10.0,836.3333333333334,531333.0,3.0
51,M. Costello,Valencia Basket,19,6.0,912.0,509375.0,3.0
51,M. Costello,Valencia Basket,22,5.5,860.0,487778.0,10.0
51,M. Costello,Valencia Basket,23,9.0,918.0,488421.0,5.0
51,M. Costello,Valencia Basket,24,7.666666666666667,1060.3333333333333,479000.0,0.0
51,M. Costello,Valencia Basket,25,5.0,944.3333333333334,456190.0,17.0
51,M. Costello,Valencia Basket,27,8.5,714.5,481818.0,25.0
51,M. Costello,Valencia Basket,28,21.0,1196.0,526087.0,1.0
51,M. Costello,Valencia Basket,29,13.0,1306.0,506250.0,18.0
51,M. Costello,Valencia Basket,30,14.666666666666666,1319.0,522000.0,7.0
51,M. Costello,Valencia Basket,32,12.5,920.0,515385.0,4.0
52,B. Badio,Valencia Basket,3,7.5,914.0,371450.0,16.0
52,B. Badio,Valencia Basket,4,10.333333333333334,984.0,427168.0,-1.0
52,B. Badio,Valencia Basket,5,10.0,1016.6666666666666,452500.0,-2.0
52,B. Badio,Valencia Basket,6,4.333333333333333,895.6666666666666,384625.0,-9.0
52,B. Badio,Valencia Basket,7,-4.0,959.6666666666666,326931.0,8.0
52,B. Badio,Valencia Basket,8,-1.0,1056.6666666666667,277891.0,18.0
52,B. Badio,Valencia Basket,9,5.666666666666667,1203.3333333333333,319575.0,0.0
52,B. Badio,Valencia Basket,11,9.0,872.5,313333.0,5.0
52,B. Badio,Valencia Basket,12,2.5,583.0,307000.0,22.0
52,B. Badio,Valencia Basket,13,13.5,955.5,353050.0,20.0
52,B. Badio,Valencia Basket,14,15.666666666666666,981.0,406008.0,-1.0
52,B. Badio,Valencia Basket,15,13.666666666666666,1079.6666666666667,426154.0,2.0
52,B. Badio,Valencia Basket,16,7.0,1019.0,402857.0,-1.0
52,B. Badio,Valencia Basket,17,0.0,1018.0,372667.0,5.0
52,B. Badio,Valencia Basket,18,2.0,1188.0,368125.0,4.0
52,B. Badio,Valencia Basket,20,4.5,1120.5,360588.0,7.0
52,B. Badio,Valencia Basket,21,5.5,924.0,363889.0,10.0
52,B. Badio,Valencia Basket,22,8.5,1132.0,376316.0,10.0
52,B. Badio,Valencia Basket,23,9.0,1076.3333333333333,382500.0,21.0
52,B. Badio,Valencia Basket,24,13.666666666666666,1179.0,424286.0,11.0
52,B. Badio,Valencia Basket,25,14.0,1217.0,435000.0,18.0
52,B. Badio,Valencia Basket,26,16.666666666666668,1284.0,463043.0,18.0
52,B. Badio,Valencia Basket,27,15.666666666666666,1302.6666666666667,488750.0,7.0
52,B. Badio,Valencia Basket,28,14.333333333333334,1283.3333333333333,486000.0,-5.0
52,B. Badio,Valencia Basket,29,6.666666666666667,1341.6666666666667,457692.0,13.0
53,J. Montero,Valencia Basket,6,22.0,1117.5,1104000.0,11.0
53,J. Montero,Valencia Basket,7,18.333333333333332,1192.3333333333333,1063333.0,18.0
53,J. Montero,Valencia Basket,8,19.0,1237.6666666666667,1067500.0,13.0
53,J. Montero,Valencia Basket,9,14.0,1259.0,1010000.0,16.0
53,J. Montero,Valencia Basket,11,14.5,1261.5,1001667.0,-5.0
53,J. Montero,Valencia Basket,12,5.5,1112.0,851417.0,12.0
53,J. Montero,Valencia Basket,13,3.5,1146.0,810000.0,26.0
53,J. Montero,Valencia Basket,14,11.0,1158.3333333333333,893333.0,14.0
53,J. Montero,Valencia Basket,15,17.333333333333332,1191.0,888000.0,2.0
53,J. Montero,Valencia Basket,16,14.0,1144.3333333333333,816364.0,14.0
53,J. Montero,Valencia Basket,17,10.0,1161.3333333333333,806667.0,17.0
53,J. Montero,Valencia Basket,18,11.0,1244.6666666666667,823077.0,20.0
53,J. Montero,Valencia Basket,19,17.0,1237.6666666666667,850000.0,19.0
53,J. Montero,Valencia Basket,21,19.5,1338.5,856667.0,28.0
53,J. Montero,Valencia Basket,22,23.5,1433.0,908125.0,19.0
53,J. Montero,Valencia Basket,27,25.0,1326.0,972632.0,10.0
53,J. Montero,Valencia Basket,28,20.0,1372.0,954000.0,29.0
53,J. Montero,Valencia Basket,30,19.5,1281.5,977619.0,-2.0
54,N. Reuvers,Valencia Basket,3,9.5,1082.5,277725.0,13.0
54,N. Reuvers,Valencia Basket,4,10.666666666666666,1132.6666666666667,319384.0,13.0
54,N. Reuvers,Valencia Basket,5,12.0,1136.0,367292.0,13.0
54,N. Reuvers,Valencia Basket,6,13.0,1180.3333333333333,422386.0,15.0
54,N. Reuvers,Valencia Basket,7,13.666666666666666,1130.3333333333333,485744.0,13.0
54,N. Reuvers,Valencia Basket,8,13.666666666666666,1162.6666666666667,558606.0,6.0
54,N. Reuvers,Valencia Basket,9,11.333333333333334,1085.3333333333333,642397.0,19.0
54,N. Reuvers,Valencia Basket,11,12.5,1039.0,723333.0,7.0
54,N. Reuvers,Valencia Basket,12,13.0,1200.5,686000.0,3.0
54,N. Reuvers,Valencia Basket,13,5.0,1078.5,640000.0,12.0
54,N. Reuvers,Valencia Basket,14,7.333333333333333,1064.0,646667.0,6.0
54,N. Reuvers,Valencia Basket,15,7.0,936.6666666666666,624615.0,20.0
54,N. Reuvers,Valencia Basket,16,12.666666666666666,1035.6666666666667,651429.0,4.0
54,N. Reuvers,Valencia Basket,17,10.0,1010.0,621333.0,6.0
54,N. Reuvers,Valencia Basket,18,10.0,1111.0,605000.0,4.0
54,N. Reuvers,Valencia Basket,19,4.666666666666667,945.0,583529.0,3.0
54,N. Reuvers,Valencia Basket,20,4.333333333333333,1026.0,559444.0,7.0
54,N. Reuvers,Valencia Basket,21,4.666666666666667,863.6666666666666,552105.0,10.0
54,N. Reuvers,Valencia Basket,22,6.666666666666667,984.0,554500.0,2.0
54,N. Reuvers,Valencia Basket,23,6.333333333333333,950.0,532857.0,11.0
54,N. Reuvers,Valencia Basket,24,7.666666666666667,981.3333333333334,538636.0,8.0
54,N. Reuvers,Valencia Basket,25,7.0,904.6666666666666,536087.0,7.0
54,N. Reuvers,Valencia Basket,26,8.666666666666666,823.3333333333334,531250.0,6.0
54,N. Reuvers,Valencia Basket,27,7.0,877.0,524400.0,6.0
54,N. Reuvers,Valencia Basket,28,6.333333333333333,964.6666666666666,518077.0,2.0
54,N. Reuvers,Valencia Basket,29,4.666666666666667,972.3333333333334,502593.0,6.0
54,N. Reuvers,Valencia Basket,30,4.666666666666667,952.6666666666666,495357.0,12.0
54,N. Reuvers,Valencia Basket,32,9.0,683.0,498966.0,9.0
55,D. Thompson,Valencia Basket,3,23.5,1178.0,568675.0,22.0
55,D. Thompson,Valencia Basket,4,23.0,1204.0,653976.0,11.0
55,D. Thompson,Valencia Basket,5,18.333333333333332,1254.6666666666667,752072.0,9.0
55,D. Thompson,Valencia Basket,6,14.0,1164.0,864883.0,7.0
55,D. Thompson,Valencia Basket,7,9.0,1009.6666666666666,948333.0,-1.0
55,D. Thompson,Valencia Basket,8,5.0,933.3333333333334,806083.0,8.0
55,D. Thompson,Valencia Basket,9,4.666666666666667,988.6666666666666,765000.0,6.0
55,D. Thompson,Valencia Basket,11,7.0,1177.0,720000.0,7.0
55,D. Thompson,Valencia Basket,12,6.5,1350.5,683000.0,5.0
55,D. Thompson,Valencia Basket,13,6.0,1283.5,648182.0,10.0
55,D. Thompson,Valencia Basket,15,7.5,1099.0,644167.0,5.0
55,D. Thompson,Valencia Basket,16,7.5,1148.5,613846.0,20.0
55,D. Thompson,Valencia Basket,17,12.5,1155.0,641429.0,16.0
55,D. Thompson,Valencia Basket,19,18.0,1235.5,662667.0,-2.0
55,D. Thompson,Valencia Basket,20,7.0,1176.0,615000.0,5.0
55,D. Thompson,Valencia Basket,21,1.5,972.5,596471.0,1.0
55,D. Thompson,Valencia Basket,23,3.0,585.0,566667.0,4.0
55,D. Thompson,Valencia Basket,24,2.5,722.5,549474.0,10.0
55,D. Thompson,Valencia Basket,25,7.0,1139.5,552000.0,11.0
55,D. Thompson,Valencia Basket,26,8.333333333333334,1141.6666666666667,557143.0,3.0
55,D. Thompson,Valencia Basket,27,8.0,1133.0,540000.0,7.0
55,D. Thompson,Valencia Basket,28,7.0,1061.3333333333333,534783.0,1.0
55,D. Thompson,Valencia Basket,29,3.6666666666666665,1025.0,514583.0,12.0
55,D. Thompson,Valencia Basket,30,6.666666666666667,993.6666666666666,518000.0,-1.0
55,D. Thompson,Valencia Basket,32,5.5,738.5,496154.0,3.0
56,N. Sako,Valencia Basket,3,14.0,1118.5,436425.0,-2.0
56,N. Sako,Valencia Basket,4,8.666666666666666,1061.0,501889.0,15.0
56,N. Sako,Valencia Basket,5,7.666666666666667,1009.6666666666666,577172.0,11.0
56,N. Sako,Valencia Basket,6,8.0,907.0,628000.0,4.0
56,N. Sako,Valencia Basket,7,10.0,870.0,556667.0,3.0
56,N. Sako,Valencia Basket,9,3.5,627.5,502857.0,1.0
56,N. Sako,Valencia Basket,14,6.5,892.5,436000.0,7.0
56,N. Sako,Valencia Basket,19,3.0,930.0,395385.0,7.0
56,N. Sako,Valencia Basket,20,4.333333333333333,861.3333333333334,392143.0,6.0
56,N. Sako,Valencia Basket,21,6.333333333333333,979.6666666666666,390000.0,10.0
56,N. Sako,Valencia Basket,22,7.666666666666667,840.3333333333334,403125.0,5.0
56,N. Sako,Valencia Basket,23,7.0,896.3333333333334,394118.0,6.0
56,N. Sako,Valencia Basket,24,7.0,801.6666666666666,392222.0,4.0
56,N. Sako,Valencia Basket,26,5.0,1025.5,384211.0,11.0
56,N. Sako,Valencia Basket,27,7.5,1066.5,398000.0,4.0
56,N. Sako,Valencia Basket,28,7.5,890.0,390476.0,6.0
56,N. Sako,Valencia Basket,29,7.0,874.3333333333334,386364.0,8.0
56,N. Sako,Valencia Basket,30,6.0,807.3333333333334,386957.0,17.0
58,K. Taylor,Valencia Basket,3,9.5,1291.5,570000.0,15.0
58,K. Taylor,Valencia Basket,4,11.333333333333334,1235.3333333333333,655500.0,22.0
58,K. Taylor,Valencia Basket,12,17.0,1465.0,1002857.0,9.0
58,K. Taylor,Valencia Basket,13,13.5,1396.5,945000.0,9.0
58,K. Taylor,Valencia Basket,15,9.0,1301.5,900000.0,2.0
58,K. Taylor,Valencia Basket,16,5.5,1387.0,820000.0,4.0
58,K. Taylor,Valencia Basket,17,3.0,1318.0,763636.0,12.0
58,K. Taylor,Valencia Basket,19,8.0,1180.5,760000.0,17.0
58,K. Taylor,Valencia Basket,20,14.5,1533.5,766923.0,21.0
58,K. Taylor,Valencia Basket,27,7.5,958.5,758125.0,10.0
58,K. Taylor,Valencia Basket,28,8.333333333333334,1122.3333333333333,748824.0,16.0
58,K. Taylor,Valencia Basket,29,9.333333333333334,1374.6666666666667,751667.0,6.0
58,K. Taylor,Valencia Basket,30,10.666666666666666,1371.3333333333333,727895.0,8.0
58,K. Taylor,Valencia Basket,32,7.0,877.0,711500.0,20.0
59,Y. Sima,Valencia Basket,8,2.5,622.5,155000.0,3.0
59,Y. Sima,Valencia Basket,9,2.6666666666666665,709.0,163333.0,5.0
59,Y. Sima,Valencia Basket,17,-3.5,451.0,122825.0,-2.0
59,Y. Sima,Valencia Basket,18,-3.0,353.3333333333333,104401.0,6.0
59,Y. Sima,Valencia Basket,20,2.0,375.0,88741.0,1.0
59,Y. Sima,Valencia Basket,26,4.0,585.0,104545.0,4.0
59,Y. Sima,Valencia Basket,27,4.5,503.5,118462.0,8.0
59,Y. Sima,Valencia Basket,28,5.666666666666667,522.3333333333334,136231.0,7.0
59,Y. Sima,Valencia Basket,29,6.333333333333333,553.3333333333334,156666.0,3.0
59,Y. Sima,Valencia Basket,30,6.0,600.0,157500.0,2.0
59,Y. Sima,Valencia Basket,32,2.5,507.0,154118.0,2.0
60,J. Puerto,Valencia Basket,3,4.5,1012.0,270000.0,-2.0
60,J. Puerto,Valencia Basket,5,3.0,839.5,229500.0,1.0
60,J. Puerto,Valencia Basket,6,-0.5,1091.0,195075.0,4.0
60,J. Puerto,Valencia Basket,7,2.5,1139.0,165814.0,0.0
60,J. Puerto,Valencia Basket,8,1.6666666666666667,1096.0,140942.0,7.0
60,J. Puerto,Valencia Basket,9,3.6666666666666665,1020.3333333333334,160000.0,6.0
60,J. Puerto,Valencia Basket,11,6.5,1058.5,184000.0,8.0
60,J. Puerto,Valencia Basket,14,6.5,933.0,218000.0,8.0
60,J. Puerto,Valencia Basket,16,6.5,877.0,241818.0,0.0
60,J. Puerto,Valencia Basket,19,8.5,977.0,254917.0,0.0
60,J. Puerto,Valencia Basket,20,8.5,943.5,262857.0,8.0
60,J. Puerto,Valencia Basket,21,8.333333333333334,988.3333333333334,277333.0,7.0
60,J. Puerto,Valencia Basket,22,5.0,966.0,286250.0,9.0
60,J. Puerto,Valencia Basket,23,8.0,1260.0,295882.0,11.0
60,J. Puerto,Valencia Basket,24,9.0,1329.0,316111.0,3.0
60,J. Puerto,Valencia Basket,25,7.666666666666667,1360.0,308947.0,8.0
60,J. Puerto,Valencia Basket,26,7.333333333333333,1246.6666666666667,317500.0,3.0
60,J. Puerto,Valencia Basket,27,4.666666666666667,1116.3333333333333,310952.0,10.0
60,J. Puerto,Valencia Basket,28,7.0,1009.6666666666666,324091.0,2.0
60,J. Puerto,Valencia Basket,29,5.0,957.0,314348.0,9.0
61,J. Pradilla,Valencia Basket,3,21.0,1380.0,687700.0,25.0
61,J. Pradilla,Valencia Basket,4,22.333333333333332,1465.0,790855.0,19.0
61,J. Pradilla,Valencia Basket,5,24.0,1541.3333333333333,909483.0,16.0
61,J. Pradilla,Valencia Basket,6,20.0,1408.0,1045905.0,15.0
61,J. Pradilla,Valencia Basket,7,16.666666666666668,1335.0,1145000.0,10.0
61,J. Pradilla,Valencia Basket,8,13.666666666666666,1255.6666666666667,1067143.0,18.0
61,J. Pradilla,Valencia Basket,9,14.333333333333334,1221.0,1068750.0,2.0
61,J. Pradilla,Valencia Basket,11,10.0,1099.5,963333.0,12.0
61,J. Pradilla,Valencia Basket,12,7.0,1219.5,927000.0,23.0
61,J. Pradilla,Valencia Basket,13,17.5,1273.0,968182.0,11.0
61,J. Pradilla,Valencia Basket,14,15.333333333333334,1241.6666666666667,942500.0,25.0
61,J. Pradilla,Valencia Basket,15,19.666666666666668,1200.6666666666667,985385.0,14.0
61,J. Pradilla,Valencia Basket,16,16.666666666666668,1202.6666666666667,965000.0,8.0
61,J. Pradilla,Valencia Basket,17,15.666666666666666,1220.6666666666667,927333.0,28.0
61,J. Pradilla,Valencia Basket,18,16.666666666666668,1371.3333333333333,974375.0,13.0
61,J. Pradilla,Valencia Basket,19,16.333333333333332,1242.3333333333333,962941.0,12.0
61,J. Pradilla,Valencia Basket,20,17.666666666666668,1288.3333333333333,942778.0,20.0
61,J. Pradilla,Valencia Basket,21,15.0,1149.6666666666667,956316.0,11.0
61,J. Pradilla,Valencia Basket,22,14.333333333333334,1260.6666666666667,941500.0,16.0
61,J. Pradilla,Valencia Basket,23,15.666666666666666,1229.6666666666667,934762.0,22.0
61,J. Pradilla,Valencia Basket,24,16.333333333333332,1229.3333333333333,952273.0,6.0
61,J. Pradilla,Valencia Basket,25,14.666666666666666,1212.6666666666667,926522.0,22.0
61,J. Pradilla,Valencia Basket,26,16.666666666666668,1196.6666666666667,942917.0,13.0
62,López-Arostegui,Valencia Basket,5,4.5,600.0,275000.0,8.0
62,López-Arostegui,Valencia Basket,6,5.666666666666667,713.6666666666666,316250.0,18.0
62,López-Arostegui,Valencia Basket,8,13.0,1132.0,363688.0,6.0
62,López-Arostegui,Valencia Basket,14,12.0,741.0,507917.0,12.0
62,López-Arostegui,Valencia Basket,15,12.0,829.6666666666666,556250.0,8.0
62,López-Arostegui,Valencia Basket,16,12.666666666666666,826.6666666666666,538889.0,5.0
62,López-Arostegui,Valencia Basket,17,8.333333333333334,767.6666666666666,510000.0,14.0
62,López-Arostegui,Valencia Basket,18,9.0,818.0,540000.0,9.0
62,López-Arostegui,Valencia Basket,20,11.5,1249.5,540000.0,8.0
62,López-Arostegui,Valencia Basket,21,8.5,1093.0,535385.0,8.0
62,López-Arostegui,Valencia Basket,22,8.0,903.5,531429.0,2.0
63,K. Akobundu,Kids&Us Manresa,3,7.5,1005.5,415000.0,12.0
63,K. Akobundu,Kids&Us Manresa,4,9.0,1140.0,476667.0,12.0
63,K. Akobundu,Kids&Us Manresa,5,10.666666666666666,1192.3333333333333,507500.0,14.0
63,K. Akobundu,Kids&Us Manresa,6,12.666666666666666,1225.6666666666667,574000.0,-2.0
63,K. Akobundu,Kids&Us Manresa,7,8.0,971.6666666666666,487900.0,5.0
63,K. Akobundu,Kids&Us Manresa,8,5.666666666666667,866.6666666666666,438571.0,5.0
63,K. Akobundu,Kids&Us Manresa,9,2.6666666666666665,734.3333333333334,415000.0,7.0
63,K. Akobundu,Kids&Us Manresa,10,5.666666666666667,679.0,407778.0,3.0
63,K. Akobundu,Kids&Us Manresa,11,5.0,535.3333333333334,382000.0,0.0
63,K. Akobundu,Kids&Us Manresa,12,3.3333333333333335,370.0,347273.0,1.0
63,K. Akobundu,Kids&Us Manresa,13,1.3333333333333333,259.6666666666667,323333.0,7.0
63,K. Akobundu,Kids&Us Manresa,14,2.6666666666666665,272.0,325385.0,2.0
63,K. Akobundu,Kids&Us Manresa,15,3.3333333333333335,341.0,309286.0,13.0
63,K. Akobundu,Kids&Us Manresa,16,7.333333333333333,646.6666666666666,340667.0,5.0
63,K. Akobundu,Kids&Us Manresa,17,6.666666666666667,756.0,335000.0,4.0
63,K. Akobundu,Kids&Us Manresa,18,7.333333333333333,960.0,329412.0,7.0
63,K. Akobundu,Kids&Us Manresa,19,5.333333333333333,896.6666666666666,330556.0,12.0
63,K. Akobundu,Kids&Us Manresa,20,7.666666666666667,998.3333333333334,351053.0,8.0
63,K. Akobundu,Kids&Us Manresa,21,9.0,1098.0,353500.0,6.0
63,K. Akobundu,Kids&Us Manresa,22,8.666666666666666,1146.6666666666667,353810.0,6.0
63,K. Akobundu,Kids&Us Manresa,23,6.666666666666667,1015.3333333333334,351364.0,11.0
63,K. Akobundu,Kids&Us Manresa,24,7.666666666666667,904.0,360000.0,9.0
63,K. Akobundu,Kids&Us Manresa,25,8.666666666666666,955.6666666666666,363750.0,5.0
63,K. Akobundu,Kids&Us Manresa,26,8.333333333333334,1029.0,359200.0,15.0
63,K. Akobundu,Kids&Us Manresa,27,9.666666666666666,1054.0,380000.0,0.0
63,K. Akobundu,Kids&Us Manresa,28,6.666666666666667,861.6666666666666,365926.0,14.0
63,K. Akobundu,Kids&Us Manresa,29,9.666666666666666,836.3333333333334,377857.0,-1.0
63,K. Akobundu,Kids&Us Manresa,30,4.333333333333333,707.0,363103.0,2.0
63,K. Akobundu,Kids&Us Manresa,31,5.0,706.0,354333.0,6.0
63,K. Akobundu,Kids&Us Manresa,32,2.3333333333333335,746.6666666666666,354516.0,4.0
63,K. Akobundu,Kids&Us Manresa,33,4.0,759.0,350938.0,2.0
63,K. Akobundu,Kids&Us Manresa,34,4.0,725.6666666666666,343939.0,9.0
64,R. Obasohan,Kids&Us Manresa,3,9.0,1003.5,345000.0,-4.0
64,R. Obasohan,Kids&Us Manresa,4,4.666666666666667,1015.0,293250.0,-3.0
64,R. Obasohan,Kids&Us Manresa,5,1.6666666666666667,1223.0,249262.0,0.0
64,R. Obasohan,Kids&Us Manresa,6,-2.3333333333333335,1336.0,211873.0,9.0
64,R. Obasohan,Kids&Us Manresa,7,2.0,1453.6666666666667,186667.0,10.0
64,R. Obasohan,Kids&Us Manresa,8,6.333333333333333,1480.3333333333333,214667.0,25.0
64,R. Obasohan,Kids&Us Manresa,9,14.666666666666666,1388.6666666666667,246867.0,7.0
64,R. Obasohan,Kids&Us Manresa,10,14.0,1461.6666666666667,283897.0,10.0
64,R. Obasohan,Kids&Us Manresa,11,14.0,1426.3333333333333,326482.0,6.0
64,R. Obasohan,Kids&Us Manresa,12,7.666666666666667,1424.0,375454.0,2.0
64,R. Obasohan,Kids&Us Manresa,13,6.0,1367.6666666666667,358333.0,26.0
64,R. Obasohan,Kids&Us Manresa,14,11.333333333333334,1393.6666666666667,412083.0,3.0
64,R. Obasohan,Kids&Us Manresa,15,10.333333333333334,1367.0,410714.0,35.0
64,R. Obasohan,Kids&Us Manresa,16,21.333333333333332,1419.6666666666667,472321.0,6.0
64,R. Obasohan,Kids&Us Manresa,17,14.666666666666666,1341.0,509375.0,24.0
64,R. Obasohan,Kids&Us Manresa,18,21.666666666666668,1445.3333333333333,564118.0,19.0
64,R. Obasohan,Kids&Us Manresa,19,16.333333333333332,1473.0,585556.0,-1.0
64,R. Obasohan,Kids&Us Manresa,21,9.0,1141.0,552105.0,5.0
64,R. Obasohan,Kids&Us Manresa,22,2.0,667.5,539500.0,12.0
64,R. Obasohan,Kids&Us Manresa,23,8.5,1002.5,542381.0,10.0
64,R. Obasohan,Kids&Us Manresa,24,9.0,1159.0,540455.0,7.0
64,R. Obasohan,Kids&Us Manresa,30,19.5,1244.0,580800.0,20.0
64,R. Obasohan,Kids&Us Manresa,31,19.666666666666668,1306.3333333333333,596923.0,6.0
64,R. Obasohan,Kids&Us Manresa,32,19.666666666666668,1300.3333333333333,588148.0,22.0
64,R. Obasohan,Kids&Us Manresa,33,16.0,1271.3333333333333,614286.0,17.0
64,R. Obasohan,Kids&Us Manresa,34,15.0,1190.0,628276.0,10.0
65,M. Steinbergs,Kids&Us Manresa,3,5.0,1101.5,224825.0,3.0
65,M. Steinbergs,Kids&Us Manresa,4,4.333333333333333,1171.3333333333333,246667.0,-8.0
65,M. Steinbergs,Kids&Us Manresa,5,1.3333333333333333,1076.0,209667.0,7.0
65,M. Steinbergs,Kids&Us Manresa,6,0.6666666666666666,927.0,178217.0,7.0
65,M. Steinbergs,Kids&Us Manresa,7,2.0,994.0,185000.0,2.0
65,M. Steinbergs,Kids&Us Manresa,8,5.333333333333333,1332.0,175714.0,3.0
65,M. Steinbergs,Kids&Us Manresa,9,4.0,1414.3333333333333,172500.0,9.0
65,M. Steinbergs,Kids&Us Manresa,10,4.666666666666667,1319.6666666666667,198375.0,2.0
65,M. Steinbergs,Kids&Us Manresa,11,4.666666666666667,1178.0,193000.0,13.0
65,M. Steinbergs,Kids&Us Manresa,12,8.0,1410.0,221950.0,15.0
65,M. Steinbergs,Kids&Us Manresa,13,10.0,1461.3333333333333,255243.0,3.0
65,M. Steinbergs,Kids&Us Manresa,14,10.333333333333334,1468.6666666666667,289231.0,8.0
65,M. Steinbergs,Kids&Us Manresa,15,8.666666666666666,1247.0,297143.0,5.0
65,M. Steinbergs,Kids&Us Manresa,16,5.333333333333333,1135.0,297333.0,11.0
65,M. Steinbergs,Kids&Us Manresa,17,8.0,1237.6666666666667,313125.0,13.0
65,M. Steinbergs,Kids&Us Manresa,18,9.666666666666666,1369.3333333333333,340588.0,9.0
65,M. Steinbergs,Kids&Us Manresa,19,11.0,1410.3333333333333,346667.0,9.0
65,M. Steinbergs,Kids&Us Manresa,20,10.333333333333334,1354.0,356842.0,4.0
65,M. Steinbergs,Kids&Us Manresa,21,7.333333333333333,1262.6666666666667,349000.0,10.0
65,M. Steinbergs,Kids&Us Manresa,22,7.666666666666667,1368.6666666666667,360952.0,-6.0
65,M. Steinbergs,Kids&Us Manresa,23,2.6666666666666665,1249.3333333333333,330909.0,-3.0
65,M. Steinbergs,Kids&Us Manresa,24,0.3333333333333333,1323.0,310000.0,3.0
65,M. Steinbergs,Kids&Us Manresa,25,-2.0,1275.3333333333333,303333.0,-3.0
65,M. Steinbergs,Kids&Us Manresa,26,-1.0,1406.0,285200.0,-1.0
65,M. Steinbergs,Kids&Us Manresa,27,-0.3333333333333333,1182.6666666666667,272308.0,3.0
65,M. Steinbergs,Kids&Us Manresa,28,-0.3333333333333333,1095.0,268889.0,11.0
65,M. Steinbergs,Kids&Us Manresa,29,4.333333333333333,1051.6666666666667,278929.0,0.0
65,M. Steinbergs,Kids&Us Manresa,30,4.666666666666667,1041.6666666666667,269310.0,5.0
65,M. Steinbergs,Kids&Us Manresa,31,5.333333333333333,1034.3333333333333,268667.0,-4.0
65,M. Steinbergs,Kids&Us Manresa,32,0.3333333333333333,980.6666666666666,253548.0,1.0
65,M. Steinbergs,Kids&Us Manresa,33,0.6666666666666666,1085.6666666666667,247500.0,0.0
65,M. Steinbergs,Kids&Us Manresa,34,-1.0,1048.3333333333333,240000.0,-1.0
66,L. Olinde,Kids&Us Manresa,3,8.5,1207.0,449650.0,13.0
66,L. Olinde,Kids&Us Manresa,4,10.0,1262.0,517098.0,13.0
66,L. Olinde,Kids&Us Manresa,5,10.666666666666666,1258.0,552500.0,12.0
66,L. Olinde,Kids&Us Manresa,6,12.666666666666666,1422.6666666666667,586000.0,15.0
66,L. Olinde,Kids&Us Manresa,7,13.333333333333334,1401.6666666666667,613333.0,8.0
66,L. Olinde,Kids&Us Manresa,8,11.666666666666666,1349.6666666666667,594286.0,-1.0
66,L. Olinde,Kids&Us Manresa,9,7.333333333333333,1280.0,513750.0,6.0
66,L. Olinde,Kids&Us Manresa,10,4.333333333333333,1202.6666666666667,490000.0,1.0
66,L. Olinde,Kids&Us Manresa,11,2.0,1205.0,446000.0,-1.0
66,L. Olinde,Kids&Us Manresa,12,2.0,1110.3333333333333,400909.0,3.0
66,L. Olinde,Kids&Us Manresa,13,1.0,1189.3333333333333,382500.0,17.0
66,L. Olinde,Kids&Us Manresa,14,6.333333333333333,1243.0,418462.0,12.0
66,L. Olinde,Kids&Us Manresa,15,10.666666666666666,1354.0,431429.0,12.0
66,L. Olinde,Kids&Us Manresa,16,13.666666666666666,1368.6666666666667,450667.0,15.0
66,L. Olinde,Kids&Us Manresa,17,13.0,1406.3333333333333,469375.0,15.0
66,L. Olinde,Kids&Us Manresa,18,14.0,1500.6666666666667,494706.0,16.0
66,L. Olinde,Kids&Us Manresa,19,15.333333333333334,1571.3333333333333,511667.0,11.0
66,L. Olinde,Kids&Us Manresa,20,14.0,1600.0,519474.0,3.0
67,H. Benitez,Kids&Us Manresa,3,12.5,1390.0,555450.0,12.0
67,H. Benitez,Kids&Us Manresa,4,12.333333333333334,1377.3333333333333,636667.0,8.0
67,H. Benitez,Kids&Us Manresa,5,8.666666666666666,1282.6666666666667,577500.0,21.0
67,H. Benitez,Kids&Us Manresa,6,13.666666666666666,1315.6666666666667,664125.0,7.0
67,H. Benitez,Kids&Us Manresa,7,12.0,1239.6666666666667,653333.0,29.0
67,H. Benitez,Kids&Us Manresa,8,19.0,1319.6666666666667,751333.0,7.0
67,H. Benitez,Kids&Us Manresa,9,14.333333333333334,1265.3333333333333,751250.0,16.0
67,H. Benitez,Kids&Us Manresa,23,9.0,1424.0,668333.0,-2.0
71,G. Knudsen,Kids&Us Manresa,7,1.0,677.5,187850.0,0.0
71,G. Knudsen,Kids&Us Manresa,8,2.0,300.5,159672.0,-1.0
71,G. Knudsen,Kids&Us Manresa,9,-0.5,270.0,135721.0,0.0
71,G. Knudsen,Kids&Us Manresa,10,-0.3333333333333333,308.3333333333333,115363.0,-2.0
71,G. Knudsen,Kids&Us Manresa,11,-1.0,607.6666666666666,98059.0,5.0
71,G. Knudsen,Kids&Us Manresa,12,1.0,588.0,83350.0,-3.0
71,G. Knudsen,Kids&Us Manresa,13,0.0,495.0,70847.0,-4.0
71,G. Knudsen,Kids&Us Manresa,14,-0.6666666666666666,363.0,60220.0,2.0
71,G. Knudsen,Kids&Us Manresa,16,-1.0,575.5,51187.0,4.0
71,G. Knudsen,Kids&Us Manresa,17,3.0,918.0,43509.0,-1.0
71,G. Knudsen,Kids&Us Manresa,18,1.5,698.0,36983.0,4.0
71,G. Knudsen,Kids&Us Manresa,20,1.5,335.0,31436.0,1.0
71,G. Knudsen,Kids&Us Manresa,21,2.5,649.0,31429.0,6.0
71,G. Knudsen,Kids&Us Manresa,22,3.5,866.5,36143.0,6.0
71,G. Knudsen,Kids&Us Manresa,23,4.333333333333333,754.0,41564.0,8.0
71,G. Knudsen,Kids&Us Manresa,24,6.666666666666667,792.0,47799.0,11.0
71,G. Knudsen,Kids&Us Manresa,25,8.333333333333334,865.6666666666666,54969.0,1.0
71,G. Knudsen,Kids&Us Manresa,26,6.666666666666667,886.0,63214.0,8.0
71,G. Knudsen,Kids&Us Manresa,27,6.666666666666667,1082.3333333333333,72696.0,2.0
71,G. Knudsen,Kids&Us Manresa,28,3.6666666666666665,955.0,83600.0,8.0
71,G. Knudsen,Kids&Us Manresa,29,6.0,1098.0,96140.0,8.0
71,G. Knudsen,Kids&Us Manresa,30,6.0,920.3333333333334,110561.0,14.0
71,G. Knudsen,Kids&Us Manresa,31,10.0,1132.3333333333333,127145.0,3.0
71,G. Knudsen,Kids&Us Manresa,32,8.333333333333334,1234.6666666666667,146217.0,4.0
71,G. Knudsen,Kids&Us Manresa,33,7.0,1322.3333333333333,168150.0,-2.0
71,G. Knudsen,Kids&Us Manresa,34,1.6666666666666667,1186.3333333333333,170370.0,4.0
72,D. Pérez,Kids&Us Manresa,3,3.5,1014.0,210000.0,7.0
72,D. Pérez,Kids&Us Manresa,4,4.666666666666667,1102.6666666666667,241500.0,0.0
72,D. Pérez,Kids&Us Manresa,5,4.666666666666667,1168.3333333333333,205275.0,7.0
72,D. Pérez,Kids&Us Manresa,6,4.666666666666667,1186.6666666666667,236066.0,4.0
72,D. Pérez,Kids&Us Manresa,7,3.6666666666666665,1170.0,231667.0,-4.0
72,D. Pérez,Kids&Us Manresa,8,2.3333333333333335,1044.3333333333333,196917.0,11.0
72,D. Pérez,Kids&Us Manresa,20,0.0,636.0,174000.0,0.0
72,D. Pérez,Kids&Us Manresa,29,2.5,611.5,155385.0,9.0
72,D. Pérez,Kids&Us Manresa,30,4.666666666666667,743.6666666666666,178693.0,-2.0
72,D. Pérez,Kids&Us Manresa,31,3.0,885.3333333333334,164000.0,4.0
72,D. Pérez,Kids&Us Manresa,32,3.6666666666666665,1073.3333333333333,168750.0,2.0
72,D. Pérez,Kids&Us Manresa,33,1.3333333333333333,1019.6666666666666,165882.0,9.0
72,D. Pérez,Kids&Us Manresa,34,5.0,1137.0,186667.0,7.0
73,A. Reyes,Kids&Us Manresa,3,4.5,1287.0,250000.0,10.0
73,A. Reyes,Kids&Us Manresa,4,6.333333333333333,1276.0,287500.0,8.0
73,A. Reyes,Kids&Us Manresa,5,7.666666666666667,1420.0,330625.0,13.0
73,A. Reyes,Kids&Us Manresa,6,10.333333333333334,1435.6666666666667,380219.0,16.0
73,A. Reyes,Kids&Us Manresa,7,12.333333333333334,1611.3333333333333,437252.0,27.0
73,A. Reyes,Kids&Us Manresa,8,18.666666666666668,1587.0,502840.0,7.0
73,A. Reyes,Kids&Us Manresa,9,16.666666666666668,1579.3333333333333,578266.0,5.0
73,A. Reyes,Kids&Us Manresa,10,13.0,1445.6666666666667,577778.0,15.0
73,A. Reyes,Kids&Us Manresa,11,9.0,1399.0,595000.0,25.0
73,A. Reyes,Kids&Us Manresa,12,15.0,1680.0,677273.0,19.0
73,A. Reyes,Kids&Us Manresa,13,19.666666666666668,1722.6666666666667,715833.0,7.0
73,A. Reyes,Kids&Us Manresa,14,17.0,1700.3333333333333,687692.0,2.0
73,A. Reyes,Kids&Us Manresa,15,9.333333333333334,1432.3333333333333,645714.0,0.0
73,A. Reyes,Kids&Us Manresa,17,1.0,1264.5,602667.0,15.0
73,A. Reyes,Kids&Us Manresa,18,7.5,1295.5,621250.0,15.0
73,A. Reyes,Kids&Us Manresa,19,15.0,1497.0,628824.0,13.0
73,A. Reyes,Kids&Us Manresa,20,14.333333333333334,1507.0,637222.0,14.0
73,A. Reyes,Kids&Us Manresa,21,14.0,1501.6666666666667,640526.0,11.0
73,A. Reyes,Kids&Us Manresa,22,12.666666666666666,1422.3333333333333,641500.0,19.0
73,A. Reyes,Kids&Us Manresa,23,14.666666666666666,1385.3333333333333,656190.0,17.0
73,A. Reyes,Kids&Us Manresa,24,15.666666666666666,1547.0,665000.0,23.0
73,A. Reyes,Kids&Us Manresa,25,19.666666666666668,1619.0,686087.0,15.0
73,A. Reyes,Kids&Us Manresa,26,18.333333333333332,1694.0,688750.0,17.0
73,A. Reyes,Kids&Us Manresa,27,18.333333333333332,1622.6666666666667,702000.0,18.0
73,A. Reyes,Kids&Us Manresa,28,16.666666666666668,1671.0,716538.0,16.0
73,A. Reyes,Kids&Us Manresa,29,17.0,1666.0,719630.0,21.0
73,A. Reyes,Kids&Us Manresa,30,18.333333333333332,1616.3333333333333,738929.0,21.0
73,A. Reyes,Kids&Us Manresa,31,19.333333333333332,1543.0,749655.0,1.0
73,A. Reyes,Kids&Us Manresa,32,14.333333333333334,1443.3333333333333,726667.0,19.0
73,A. Reyes,Kids&Us Manresa,33,13.666666666666666,1436.6666666666667,740000.0,15.0
73,A. Reyes,Kids&Us Manresa,34,11.666666666666666,1353.6666666666667,745000.0,8.0
74,A. Ubal,Kids&Us Manresa,3,10.5,996.5,277725.0,17.0
74,A. Ubal,Kids&Us Manresa,4,12.666666666666666,1050.6666666666667,319384.0,7.0
74,A. Ubal,Kids&Us Manresa,5,13.0,1120.6666666666667,367292.0,12.0
74,A. Ubal,Kids&Us Manresa,6,12.0,1227.6666666666667,422386.0,1.0
74,A. Ubal,Kids&Us Manresa,7,6.666666666666667,1063.0,485744.0,2.0
74,A. Ubal,Kids&Us Manresa,8,5.0,1001.6666666666666,470000.0,7.0
74,A. Ubal,Kids&Us Manresa,9,3.3333333333333335,723.6666666666666,455000.0,4.0
74,A. Ubal,Kids&Us Manresa,10,4.333333333333333,812.0,426667.0,6.0
74,A. Ubal,Kids&Us Manresa,11,5.666666666666667,949.3333333333334,414000.0,14.0
74,A. Ubal,Kids&Us Manresa,12,8.0,1285.0,452727.0,18.0
74,A. Ubal,Kids&Us Manresa,13,12.666666666666666,1318.0,505000.0,15.0
74,A. Ubal,Kids&Us Manresa,14,15.666666666666666,1296.3333333333333,523846.0,7.0
74,A. Ubal,Kids&Us Manresa,15,13.333333333333334,1211.6666666666667,511429.0,15.0
74,A. Ubal,Kids&Us Manresa,21,13.0,1367.0,561176.0,1.0
74,A. Ubal,Kids&Us Manresa,22,9.0,1286.0,533333.0,-4.0
74,A. Ubal,Kids&Us Manresa,23,1.6666666666666667,1240.3333333333333,494737.0,18.0
74,A. Ubal,Kids&Us Manresa,24,5.0,1315.3333333333333,515000.0,2.0
74,A. Ubal,Kids&Us Manresa,25,5.333333333333333,1225.3333333333333,495238.0,24.0
74,A. Ubal,Kids&Us Manresa,26,14.666666666666666,1278.6666666666667,527273.0,9.0
74,A. Ubal,Kids&Us Manresa,27,11.666666666666666,1275.3333333333333,527826.0,14.0
74,A. Ubal,Kids&Us Manresa,28,15.666666666666666,1353.3333333333333,540833.0,4.0
74,A. Ubal,Kids&Us Manresa,29,9.0,1204.6666666666667,527200.0,16.0
74,A. Ubal,Kids&Us Manresa,30,11.333333333333334,1143.0,543846.0,14.0
74,A. Ubal,Kids&Us Manresa,31,11.333333333333334,1125.0,549630.0,19.0
74,A. Ubal,Kids&Us Manresa,32,16.333333333333332,1168.3333333333333,570714.0,13.0
74,A. Ubal,Kids&Us Manresa,33,15.333333333333334,1127.0,577931.0,6.0
74,A. Ubal,Kids&Us Manresa,34,12.666666666666666,1042.3333333333333,570667.0,20.0
75,D. Apic,Río Breogán,3,2.0,621.5,187850.0,0.0
75,D. Apic,Río Breogán,4,1.3333333333333333,641.3333333333334,159672.0,-3.0
75,D. Apic,Río Breogán,5,-0.6666666666666666,521.3333333333334,135721.0,5.0
75,D. Apic,Río Breogán,6,0.6666666666666666,611.3333333333334,115363.0,4.0
75,D. Apic,Río Breogán,7,2.0,472.0,98059.0,-1.0
75,D. Apic,Río Breogán,8,2.6666666666666665,529.3333333333334,83350.0,8.0
75,D. Apic,Río Breogán,9,3.6666666666666665,550.6666666666666,95853.0,-2.0
75,D. Apic,Río Breogán,10,1.6666666666666667,716.6666666666666,97778.0,-1.0
75,D. Apic,Río Breogán,11,1.6666666666666667,678.6666666666666,83111.0,-2.0
75,D. Apic,Río Breogán,12,-1.6666666666666667,519.3333333333334,70644.0,4.0
75,D. Apic,Río Breogán,13,0.3333333333333333,396.6666666666667,77500.0,4.0
75,D. Apic,Río Breogán,14,2.0,433.3333333333333,86923.0,5.0
75,D. Apic,Río Breogán,15,4.333333333333333,600.0,99961.0,4.0
75,D. Apic,Río Breogán,16,4.333333333333333,651.0,108667.0,7.0
75,D. Apic,Río Breogán,17,5.333333333333333,571.3333333333334,124967.0,1.0
75,D. Apic,Río Breogán,18,4.0,481.0,123529.0,-3.0
75,D. Apic,Río Breogán,19,1.6666666666666667,386.6666666666667,108333.0,2.0
75,D. Apic,Río Breogán,20,0.0,329.0,107895.0,0.0
75,D. Apic,Río Breogán,21,-0.3333333333333333,449.3333333333333,102500.0,7.0
75,D. Apic,Río Breogán,22,3.0,659.0,114286.0,3.0
75,D. Apic,Río Breogán,23,3.3333333333333335,737.0,115909.0,0.0
75,D. Apic,Río Breogán,25,1.5,323.0,110870.0,5.0
75,D. Apic,Río Breogán,26,2.5,385.0,116667.0,5.0
75,D. Apic,Río Breogán,27,5.0,636.0,122000.0,2.0
75,D. Apic,Río Breogán,28,4.0,608.0,121923.0,4.0
75,D. Apic,Río Breogán,29,3.6666666666666665,484.6666666666667,126296.0,20.0
75,D. Apic,Río Breogán,30,8.666666666666666,590.0,145240.0,6.0
75,D. Apic,Río Breogán,31,10.0,723.3333333333334,164483.0,20.0
75,D. Apic,Río Breogán,32,15.333333333333334,1084.6666666666667,189155.0,15.0
75,D. Apic,Río Breogán,33,13.666666666666666,1224.6666666666667,217528.0,1.0
75,D. Apic,Río Breogán,34,12.0,1166.3333333333333,216250.0,9.0
77,A. Aranitovic,Río Breogán,3,2.0,983.5,195075.0,8.0
77,A. Aranitovic,Río Breogán,4,4.0,1109.6666666666667,224336.0,3.0
77,A. Aranitovic,Río Breogán,5,4.333333333333333,1194.6666666666667,207500.0,10.0
77,A. Aranitovic,Río Breogán,6,7.0,1259.0,238625.0,10.0
77,A. Aranitovic,Río Breogán,7,7.666666666666667,1212.0,274419.0,15.0
77,A. Aranitovic,Río Breogán,8,11.666666666666666,1187.6666666666667,315582.0,3.0
77,A. Aranitovic,Río Breogán,9,9.333333333333334,1248.3333333333333,362919.0,18.0
77,A. Aranitovic,Río Breogán,10,12.0,1341.0,417357.0,10.0
77,A. Aranitovic,Río Breogán,11,10.333333333333334,1373.0,441000.0,-1.0
77,A. Aranitovic,Río Breogán,12,9.0,1246.0,396364.0,-5.0
77,A. Aranitovic,Río Breogán,13,1.3333333333333333,1064.6666666666667,342500.0,5.0
77,A. Aranitovic,Río Breogán,14,-0.3333333333333333,1033.0,335385.0,9.0
77,A. Aranitovic,Río Breogán,15,3.0,1116.0,350000.0,5.0
77,A. Aranitovic,Río Breogán,16,6.333333333333333,1110.6666666666667,343333.0,3.0
77,A. Aranitovic,Río Breogán,17,5.666666666666667,1072.6666666666667,333125.0,4.0
77,A. Aranitovic,Río Breogán,18,4.0,1098.0,325294.0,13.0
77,A. Aranitovic,Río Breogán,19,6.666666666666667,1230.0,350556.0,10.0
77,A. Aranitovic,Río Breogán,20,9.0,1434.6666666666667,358421.0,7.0
77,A. Aranitovic,Río Breogán,21,10.0,1456.6666666666667,358000.0,5.0
77,A. Aranitovic,Río Breogán,22,7.333333333333333,1443.3333333333333,352857.0,2.0
77,A. Aranitovic,Río Breogán,23,4.666666666666667,1300.3333333333333,341364.0,9.0
77,A. Aranitovic,Río Breogán,24,5.333333333333333,1445.3333333333333,350000.0,16.0
77,A. Aranitovic,Río Breogán,25,9.0,1603.6666666666667,375417.0,9.0
77,A. Aranitovic,Río Breogán,26,11.333333333333334,1651.3333333333333,378400.0,23.0
77,A. Aranitovic,Río Breogán,27,16.0,1493.0,408077.0,9.0
77,A. Aranitovic,Río Breogán,28,13.666666666666666,1263.3333333333333,412963.0,8.0
77,A. Aranitovic,Río Breogán,29,13.333333333333334,1232.3333333333333,415357.0,8.0
77,A. Aranitovic,Río Breogán,30,8.333333333333334,1141.0,414828.0,22.0
77,A. Aranitovic,Río Breogán,31,12.666666666666666,1319.6666666666667,445000.0,16.0
77,A. Aranitovic,Río Breogán,32,15.333333333333334,1303.3333333333333,461613.0,10.0
77,A. Aranitovic,Río Breogán,33,16.0,1270.6666666666667,465938.0,10.0
77,A. Aranitovic,Río Breogán,34,12.0,1265.3333333333333,466970.0,11.0
78,D. Brankovic,Río Breogán,3,7.0,920.0,350000.0,5.0
78,D. Brankovic,Río Breogán,4,6.333333333333333,833.6666666666666,333333.0,17.0
78,D. Brankovic,Río Breogán,5,9.333333333333334,891.3333333333334,383333.0,8.0
78,D. Brankovic,Río Breogán,6,10.0,771.6666666666666,440833.0,20.0
78,D. Brankovic,Río Breogán,7,15.0,929.3333333333334,506958.0,26.0
78,D. Brankovic,Río Breogán,8,18.0,1107.6666666666667,583002.0,1.0
78,D. Brankovic,Río Breogán,9,15.666666666666666,1088.6666666666667,618750.0,4.0
78,D. Brankovic,Río Breogán,10,10.333333333333334,1049.3333333333333,572222.0,9.0
78,D. Brankovic,Río Breogán,11,4.666666666666667,815.3333333333334,560000.0,13.0
78,D. Brankovic,Río Breogán,12,8.666666666666666,907.6666666666666,580000.0,17.0
78,D. Brankovic,Río Breogán,13,13.0,889.6666666666666,602500.0,17.0
78,D. Brankovic,Río Breogán,14,15.666666666666666,863.3333333333334,621538.0,29.0
78,D. Brankovic,Río Breogán,15,21.0,1014.3333333333334,701429.0,16.0
78,D. Brankovic,Río Breogán,16,20.666666666666668,1080.0,708000.0,23.0
78,D. Brankovic,Río Breogán,17,22.666666666666668,1175.0,750000.0,5.0
78,D. Brankovic,Río Breogán,18,14.666666666666666,1064.6666666666667,720588.0,20.0
78,D. Brankovic,Río Breogán,19,16.0,1113.6666666666667,747222.0,25.0
78,D. Brankovic,Río Breogán,20,16.666666666666668,1194.0,773684.0,0.0
78,D. Brankovic,Río Breogán,21,15.0,1015.6666666666666,735000.0,13.0
78,D. Brankovic,Río Breogán,22,12.666666666666666,958.3333333333334,730952.0,16.0
78,D. Brankovic,Río Breogán,23,9.666666666666666,923.0,734091.0,24.0
78,D. Brankovic,Río Breogán,24,17.666666666666668,1120.3333333333333,764783.0,7.0
78,D. Brankovic,Río Breogán,25,15.666666666666666,1191.6666666666667,750417.0,14.0
78,D. Brankovic,Río Breogán,26,15.0,1176.6666666666667,748400.0,6.0
78,D. Brankovic,Río Breogán,27,9.0,1193.0,731154.0,11.0
78,D. Brankovic,Río Breogán,28,10.333333333333334,1049.0,728519.0,12.0
78,D. Brankovic,Río Breogán,29,9.666666666666666,962.3333333333334,728214.0,4.0
78,D. Brankovic,Río Breogán,30,9.0,830.6666666666666,710000.0,11.0
78,D. Brankovic,Río Breogán,31,9.0,945.6666666666666,708333.0,10.0
78,D. Brankovic,Río Breogán,32,8.333333333333334,955.0,704839.0,20.0
78,D. Brankovic,Río Breogán,33,13.666666666666666,1046.3333333333333,720312.0,7.0
78,D. Brankovic,Río Breogán,34,12.333333333333334,1043.3333333333333,709091.0,11.0
79,B. Dibba,Río Breogán,3,2.0,1304.0,274550.0,3.0
79,B. Dibba,Río Breogán,4,2.3333333333333335,1210.6666666666667,233367.0,8.0
79,B. Dibba,Río Breogán,5,3.3333333333333335,1209.3333333333333,198362.0,11.0
79,B. Dibba,Río Breogán,6,7.333333333333333,1142.3333333333333,228116.0,5.0
79,B. Dibba,Río Breogán,7,8.0,1134.3333333333333,262333.0,6.0
79,B. Dibba,Río Breogán,8,7.333333333333333,1268.0,292857.0,20.0
79,B. Dibba,Río Breogán,9,10.333333333333334,1355.3333333333333,336786.0,9.0
79,B. Dibba,Río Breogán,10,11.666666666666666,1361.0,387304.0,5.0
79,B. Dibba,Río Breogán,11,11.333333333333334,1092.6666666666667,395000.0,5.0
79,B. Dibba,Río Breogán,12,6.333333333333333,932.3333333333334,386364.0,-3.0
79,B. Dibba,Río Breogán,13,2.3333333333333335,914.6666666666666,341667.0,11.0
79,B. Dibba,Río Breogán,14,4.333333333333333,1043.0,357692.0,9.0
79,B. Dibba,Río Breogán,15,5.666666666666667,1062.0,370714.0,8.0
79,B. Dibba,Río Breogán,16,9.333333333333334,1116.0,372667.0,3.0
79,B. Dibba,Río Breogán,17,6.666666666666667,905.0,360625.0,16.0
79,B. Dibba,Río Breogán,18,9.0,904.6666666666666,386471.0,1.0
79,B. Dibba,Río Breogán,24,12.0,1113.5,392500.0,4.0
79,B. Dibba,Río Breogán,25,9.333333333333334,1005.3333333333334,385238.0,5.0
79,B. Dibba,Río Breogán,26,3.6666666666666665,998.3333333333334,379091.0,9.0
79,B. Dibba,Río Breogán,27,6.0,949.6666666666666,382174.0,1.0
79,B. Dibba,Río Breogán,28,5.0,782.6666666666666,368750.0,16.0
79,B. Dibba,Río Breogán,29,8.666666666666666,860.6666666666666,392400.0,4.0
79,B. Dibba,Río Breogán,30,7.0,855.3333333333334,385000.0,13.0
79,B. Dibba,Río Breogán,31,11.0,1051.0,399630.0,15.0
79,B. Dibba,Río Breogán,32,10.666666666666666,921.3333333333334,417500.0,10.0
79,B. Dibba,Río Breogán,33,12.666666666666666,924.0,423793.0,1.0
79,B. Dibba,Río Breogán,34,8.666666666666666,985.3333333333334,411333.0,9.0
80,D. Mavra,Río Breogán,3,12.0,848.5,430100.0,11.0
80,D. Mavra,Río Breogán,4,11.666666666666666,898.6666666666666,494615.0,8.0
80,D. Mavra,Río Breogán,5,13.0,987.0,565000.0,13.0
80,D. Mavra,Río Breogán,6,10.666666666666666,967.3333333333334,608000.0,13.0
80,D. Mavra,Río Breogán,7,11.333333333333334,1098.3333333333333,615000.0,7.0
80,D. Mavra,Río Breogán,8,11.0,936.3333333333334,587143.0,12.0
80,D. Mavra,Río Breogán,9,10.666666666666666,942.6666666666666,603750.0,3.0
80,D. Mavra,Río Breogán,10,7.333333333333333,780.0,553333.0,11.0
80,D. Mavra,Río Breogán,11,8.666666666666666,946.6666666666666,553000.0,8.0
80,D. Mavra,Río Breogán,12,7.333333333333333,969.0,546364.0,12.0
80,D. Mavra,Río Breogán,13,10.333333333333334,1093.3333333333333,550833.0,6.0
80,D. Mavra,Río Breogán,14,8.666666666666666,1117.6666666666667,531538.0,9.0
80,D. Mavra,Río Breogán,15,9.0,1149.0,532143.0,5.0
80,D. Mavra,Río Breogán,16,6.666666666666667,1088.0,513333.0,8.0
80,D. Mavra,Río Breogán,17,7.333333333333333,1048.6666666666667,511250.0,18.0
80,D. Mavra,Río Breogán,18,10.333333333333334,1030.3333333333333,534118.0,13.0
80,D. Mavra,Río Breogán,19,13.0,1104.0,547778.0,18.0
80,D. Mavra,Río Breogán,20,16.333333333333332,1168.3333333333333,566316.0,13.0
80,D. Mavra,Río Breogán,21,14.666666666666666,1228.6666666666667,570500.0,16.0
80,D. Mavra,Río Breogán,22,15.666666666666666,1158.3333333333333,581429.0,6.0
80,D. Mavra,Río Breogán,23,11.666666666666666,1083.6666666666667,568636.0,5.0
80,D. Mavra,Río Breogán,24,9.0,1102.3333333333333,556957.0,8.0
80,D. Mavra,Río Breogán,25,6.333333333333333,1303.6666666666667,553750.0,21.0
80,D. Mavra,Río Breogán,26,11.333333333333334,1405.3333333333333,573600.0,10.0
80,D. Mavra,Río Breogán,27,13.0,1434.3333333333333,570769.0,8.0
80,D. Mavra,Río Breogán,28,13.0,1404.6666666666667,567407.0,17.0
80,D. Mavra,Río Breogán,29,11.666666666666666,1390.3333333333333,583571.0,5.0
80,D. Mavra,Río Breogán,30,10.0,1309.0,572069.0,10.0
80,D. Mavra,Río Breogán,31,10.666666666666666,1193.3333333333333,573000.0,2.0
80,D. Mavra,Río Breogán,32,5.666666666666667,1122.3333333333333,558387.0,17.0
80,D. Mavra,Río Breogán,33,9.666666666666666,1185.0,572813.0,17.0
80,D. Mavra,Río Breogán,34,12.0,1184.3333333333333,581212.0,11.0
82,D. Russell,Río Breogán,3,3.0,1553.5,281775.0,9.0
82,D. Russell,Río Breogán,4,5.0,1502.6666666666667,280000.0,7.0
82,D. Russell,Río Breogán,5,5.333333333333333,1413.0,297500.0,14.0
82,D. Russell,Río Breogán,6,10.0,1404.3333333333333,342125.0,5.0
82,D. Russell,Río Breogán,7,8.666666666666666,1273.3333333333333,380000.0,10.0
82,D. Russell,Río Breogán,8,9.666666666666666,1435.3333333333333,411429.0,21.0
82,D. Russell,Río Breogán,9,12.0,1419.6666666666667,473143.0,3.0
82,D. Russell,Río Breogán,10,11.333333333333334,1465.6666666666667,476667.0,10.0
82,D. Russell,Río Breogán,11,11.333333333333334,1262.6666666666667,479000.0,15.0
82,D. Russell,Río Breogán,12,9.333333333333334,1277.6666666666667,517273.0,4.0
82,D. Russell,Río Breogán,13,9.666666666666666,1286.3333333333333,490833.0,5.0
82,D. Russell,Río Breogán,14,8.0,1298.3333333333333,472308.0,8.0
82,D. Russell,Río Breogán,15,5.666666666666667,1253.3333333333333,472857.0,16.0
82,D. Russell,Río Breogán,16,9.666666666666666,1235.0,494667.0,10.0
82,D. Russell,Río Breogán,17,11.333333333333334,1274.3333333333333,501250.0,10.0
82,D. Russell,Río Breogán,18,12.0,1306.6666666666667,501176.0,13.0
82,D. Russell,Río Breogán,19,11.0,1262.3333333333333,516667.0,11.0
82,D. Russell,Río Breogán,20,11.333333333333334,1198.0,518421.0,11.0
82,D. Russell,Río Breogán,21,11.666666666666666,1137.3333333333333,520000.0,-8.0
82,D. Russell,Río Breogán,22,4.666666666666667,1072.3333333333333,476190.0,9.0
82,D. Russell,Río Breogán,23,4.0,1123.0,475000.0,5.0
82,D. Russell,Río Breogán,24,2.0,1157.0,467391.0,2.0
82,D. Russell,Río Breogán,25,5.333333333333333,1141.6666666666667,452917.0,13.0
82,D. Russell,Río Breogán,26,6.666666666666667,1064.0,460800.0,7.0
82,D. Russell,Río Breogán,32,17.0,1099.0,496786.0,-4.0
82,D. Russell,Río Breogán,33,10.0,1097.3333333333333,472759.0,8.0
82,D. Russell,Río Breogán,34,6.666666666666667,1189.6666666666667,470333.0,18.0
83,J. Sakho,Río Breogán,3,10.0,856.5,402500.0,12.0
83,J. Sakho,Río Breogán,4,10.666666666666666,923.6666666666666,462875.0,6.0
83,J. Sakho,Río Breogán,5,10.333333333333334,987.3333333333334,505000.0,8.0
83,J. Sakho,Río Breogán,6,8.666666666666666,1014.0,500000.0,11.0
83,J. Sakho,Río Breogán,7,8.333333333333334,990.0,508333.0,-2.0
83,J. Sakho,Río Breogán,8,5.666666666666667,870.6666666666666,432083.0,12.0
83,J. Sakho,Río Breogán,9,7.0,871.3333333333334,458750.0,1.0
83,J. Sakho,Río Breogán,10,3.6666666666666665,858.3333333333334,413333.0,14.0
83,J. Sakho,Río Breogán,11,9.0,1014.0,442000.0,10.0
83,J. Sakho,Río Breogán,12,8.333333333333334,1080.6666666666667,456364.0,23.0
83,J. Sakho,Río Breogán,13,15.666666666666666,1113.3333333333333,514167.0,0.0
83,J. Sakho,Río Breogán,14,11.0,1099.6666666666667,474615.0,-1.0
83,J. Sakho,Río Breogán,15,7.333333333333333,782.3333333333334,437143.0,12.0
83,J. Sakho,Río Breogán,16,3.6666666666666665,662.0,448000.0,5.0
83,J. Sakho,Río Breogán,17,5.333333333333333,650.0,438750.0,6.0
83,J. Sakho,Río Breogán,18,7.666666666666667,850.6666666666666,430588.0,1.0
83,J. Sakho,Río Breogán,19,4.0,899.6666666666666,410000.0,1.0
83,J. Sakho,Río Breogán,20,2.6666666666666665,871.6666666666666,391053.0,15.0
83,J. Sakho,Río Breogán,21,5.666666666666667,929.6666666666666,409000.0,12.0
83,J. Sakho,Río Breogán,22,9.333333333333334,859.6666666666666,418095.0,2.0
83,J. Sakho,Río Breogán,23,9.666666666666666,822.3333333333334,403636.0,13.0
83,J. Sakho,Río Breogán,24,9.0,847.0,420000.0,15.0
83,J. Sakho,Río Breogán,25,10.0,990.6666666666666,440000.0,2.0
83,J. Sakho,Río Breogán,26,10.0,964.3333333333334,426400.0,-1.0
83,J. Sakho,Río Breogán,27,5.333333333333333,783.0,408077.0,9.0
83,J. Sakho,Río Breogán,28,3.3333333333333335,743.0,412963.0,6.0
83,J. Sakho,Río Breogán,29,4.666666666666667,953.0,411071.0,3.0
84,F. Alonso,Río Breogán,3,13.0,1087.0,287500.0,13.0
84,F. Alonso,Río Breogán,4,13.0,1095.0,330625.0,20.0
84,F. Alonso,Río Breogán,5,18.0,1178.6666666666667,380219.0,18.0
84,F. Alonso,Río Breogán,6,17.0,1193.3333333333333,437252.0,6.0
84,F. Alonso,Río Breogán,7,14.666666666666666,1133.0,502840.0,19.0
84,F. Alonso,Río Breogán,8,14.333333333333334,1184.6666666666667,578266.0,14.0
84,F. Alonso,Río Breogán,9,13.0,1174.6666666666667,665006.0,10.0
84,F. Alonso,Río Breogán,10,14.333333333333334,1328.0,764757.0,10.0
84,F. Alonso,Río Breogán,11,11.333333333333334,1230.6666666666667,744000.0,17.0
84,F. Alonso,Río Breogán,12,12.333333333333334,1185.0,769091.0,12.0
84,F. Alonso,Río Breogán,13,13.0,1175.0,755000.0,24.0
84,F. Alonso,Río Breogán,14,17.666666666666668,1180.0,789231.0,13.0
84,F. Alonso,Río Breogán,15,16.333333333333332,1220.6666666666667,788571.0,12.0
84,F. Alonso,Río Breogán,16,16.333333333333332,1153.0,776000.0,32.0
84,F. Alonso,Río Breogán,17,19.0,1261.6666666666667,847500.0,11.0
84,F. Alonso,Río Breogán,18,18.333333333333332,1423.6666666666667,830000.0,9.0
84,F. Alonso,Río Breogán,19,17.333333333333332,1517.0,813889.0,7.0
84,F. Alonso,Río Breogán,20,9.0,1417.0,789474.0,20.0
84,F. Alonso,Río Breogán,21,12.0,1425.6666666666667,800000.0,9.0
84,F. Alonso,Río Breogán,22,12.0,1430.0,783333.0,6.0
84,F. Alonso,Río Breogán,23,11.666666666666666,1447.6666666666667,761364.0,2.0
84,F. Alonso,Río Breogán,24,5.666666666666667,1460.0,733478.0,13.0
84,F. Alonso,Río Breogán,25,7.0,1401.6666666666667,735417.0,4.0
84,F. Alonso,Río Breogán,26,6.333333333333333,1449.0,714000.0,19.0
84,F. Alonso,Río Breogán,27,12.0,1395.0,723077.0,26.0
84,F. Alonso,Río Breogán,28,16.333333333333332,1466.3333333333333,754074.0,9.0
84,F. Alonso,Río Breogán,29,18.0,1501.3333333333333,746429.0,2.0
84,F. Alonso,Río Breogán,30,12.333333333333334,1421.0,724138.0,4.0
84,F. Alonso,Río Breogán,31,5.0,1428.6666666666667,708000.0,16.0
84,F. Alonso,Río Breogán,32,7.333333333333333,1394.3333333333333,716129.0,17.0
84,F. Alonso,Río Breogán,33,12.333333333333334,1407.3333333333333,725625.0,13.0
84,F. Alonso,Río Breogán,34,15.333333333333334,1408.0,723333.0,35.0
85,E. Quintela,Río Breogán,10,7.0,283.0,108014.0,6.0
85,E. Quintela,Río Breogán,21,0.5,51.0,123750.0,2.0
85,E. Quintela,Río Breogán,22,1.0,254.0,121111.0,0.0
85,E. Quintela,Río Breogán,24,1.0,315.5,109000.0,0.0
85,E. Quintela,Río Breogán,25,0.0,95.5,99091.0,1.0
85,E. Quintela,Río Breogán,27,0.5,87.0,95000.0,0.0
85,E. Quintela,Río Breogán,28,0.5,444.0,87692.0,11.0
85,E. Quintela,Río Breogán,29,5.5,775.0,100846.0,6.0
85,E. Quintela,Río Breogán,30,5.666666666666667,750.6666666666666,115973.0,0.0
85,E. Quintela,Río Breogán,31,5.666666666666667,561.6666666666666,131250.0,3.0
85,E. Quintela,Río Breogán,32,3.0,343.6666666666667,134118.0,-1.0
86,A. Kurucs,Río Breogán,3,3.5,1387.5,202300.0,12.0
86,A. Kurucs,Río Breogán,4,6.333333333333333,1408.0,232645.0,-7.0
86,A. Kurucs,Río Breogán,5,4.666666666666667,1324.3333333333333,197748.0,-1.0
86,A. Kurucs,Río Breogán,6,1.3333333333333333,1291.3333333333333,168086.0,4.0
86,A. Kurucs,Río Breogán,7,-1.3333333333333333,1325.0,145000.0,0.0
86,A. Kurucs,Río Breogán,8,1.0,1273.3333333333333,124286.0,9.0
86,A. Kurucs,Río Breogán,9,4.333333333333333,1349.3333333333333,142929.0,2.0
86,A. Kurucs,Río Breogán,10,3.6666666666666665,1317.6666666666667,164368.0,6.0
86,A. Kurucs,Río Breogán,11,5.666666666666667,1415.0,181000.0,13.0
86,A. Kurucs,Río Breogán,12,7.0,1456.6666666666667,208150.0,2.0
86,A. Kurucs,Río Breogán,13,7.0,1302.0,224167.0,6.0
86,A. Kurucs,Río Breogán,14,7.0,1340.6666666666667,230000.0,11.0
86,A. Kurucs,Río Breogán,15,6.333333333333333,1206.6666666666667,260714.0,0.0
86,A. Kurucs,Río Breogán,16,5.666666666666667,1295.0,243333.0,-1.0
86,A. Kurucs,Río Breogán,17,3.3333333333333335,1215.6666666666667,225000.0,1.0
86,A. Kurucs,Río Breogán,18,0.0,1053.6666666666667,214706.0,7.0
86,A. Kurucs,Río Breogán,19,2.3333333333333335,1028.6666666666667,226111.0,11.0
86,A. Kurucs,Río Breogán,20,6.333333333333333,1111.0,243158.0,0.0
86,A. Kurucs,Río Breogán,21,6.0,1281.6666666666667,231000.0,7.0
86,A. Kurucs,Río Breogán,22,6.0,1416.3333333333333,236667.0,-2.0
86,A. Kurucs,Río Breogán,23,1.6666666666666667,1288.6666666666667,221364.0,4.0
86,A. Kurucs,Río Breogán,24,3.0,1227.0,222174.0,6.0
86,A. Kurucs,Río Breogán,25,2.6666666666666665,1239.6666666666667,227917.0,2.0
86,A. Kurucs,Río Breogán,26,4.0,1247.0,222800.0,5.0
86,A. Kurucs,Río Breogán,27,4.333333333333333,1325.3333333333333,223846.0,10.0
86,A. Kurucs,Río Breogán,28,5.666666666666667,1149.3333333333333,237778.0,2.0
86,A. Kurucs,Río Breogán,29,5.666666666666667,1114.3333333333333,233571.0,1.0
86,A. Kurucs,Río Breogán,30,4.333333333333333,1038.3333333333333,227241.0,-1.0
86,A. Kurucs,Río Breogán,31,0.6666666666666666,1108.3333333333333,218000.0,11.0
86,A. Kurucs,Río Breogán,32,3.6666666666666665,1128.3333333333333,232258.0,-1.0
86,A. Kurucs,Río Breogán,33,3.0,1109.6666666666667,223438.0,1.0
86,A. Kurucs,Río Breogán,34,3.6666666666666665,1003.3333333333334,218182.0,-3.0
87,S. Birgander,Asisa Joventut,3,15.5,1179.5,529000.0,14.0
87,S. Birgander,Asisa Joventut,4,15.0,1192.6666666666667,608350.0,2.0
87,S. Birgander,Asisa Joventut,5,9.666666666666666,1150.6666666666667,699603.0,5.0
87,S. Birgander,Asisa Joventut,6,7.0,1114.0,620000.0,10.0
87,S. Birgander,Asisa Joventut,7,5.666666666666667,1215.6666666666667,600000.0,22.0
87,S. Birgander,Asisa Joventut,8,12.333333333333334,1253.6666666666667,690000.0,11.0
87,S. Birgander,Asisa Joventut,9,14.333333333333334,1321.0,697500.0,15.0
87,S. Birgander,Asisa Joventut,11,13.0,1175.0,720000.0,3.0
87,S. Birgander,Asisa Joventut,12,9.0,957.0,663000.0,17.0
87,S. Birgander,Asisa Joventut,13,10.0,973.5,695455.0,6.0
87,S. Birgander,Asisa Joventut,14,8.666666666666666,998.6666666666666,662500.0,15.0
87,S. Birgander,Asisa Joventut,15,12.666666666666666,1217.3333333333333,680769.0,-4.0
87,S. Birgander,Asisa Joventut,16,5.666666666666667,1110.6666666666667,617857.0,5.0
87,S. Birgander,Asisa Joventut,17,5.333333333333333,1164.6666666666667,593333.0,12.0
87,S. Birgander,Asisa Joventut,18,4.333333333333333,1103.6666666666667,593750.0,6.0
87,S. Birgander,Asisa Joventut,19,7.666666666666667,1190.6666666666667,576471.0,11.0
87,S. Birgander,Asisa Joventut,20,9.666666666666666,1179.6666666666667,581111.0,9.0
87,S. Birgander,Asisa Joventut,21,8.666666666666666,1117.6666666666667,578947.0,11.0
87,S. Birgander,Asisa Joventut,22,10.333333333333334,1027.3333333333333,583000.0,4.0
87,S. Birgander,Asisa Joventut,23,8.0,986.6666666666666,566667.0,22.0
87,S. Birgander,Asisa Joventut,33,10.0,765.0,576800.0,14.0
87,S. Birgander,Asisa Joventut,34,11.333333333333334,785.6666666666666,586923.0,9.0
88,A. Tomic,Asisa Joventut,3,23.5,1214.5,1190250.0,21.0
88,A. Tomic,Asisa Joventut,4,22.666666666666668,1189.6666666666667,1360000.0,14.0
88,A. Tomic,Asisa Joventut,5,20.666666666666668,1233.3333333333333,1195000.0,2.0
88,A. Tomic,Asisa Joventut,6,12.333333333333334,1270.0,1015750.0,26.0
88,A. Tomic,Asisa Joventut,7,14.0,1289.6666666666667,1033333.0,22.0
88,A. Tomic,Asisa Joventut,8,16.666666666666668,1251.3333333333333,1074286.0,22.0
88,A. Tomic,Asisa Joventut,9,23.333333333333332,1184.0,1105000.0,6.0
88,A. Tomic,Asisa Joventut,10,16.666666666666668,1157.6666666666667,1022222.0,21.0
88,A. Tomic,Asisa Joventut,11,16.333333333333332,1327.3333333333333,1025000.0,17.0
88,A. Tomic,Asisa Joventut,12,14.666666666666666,1409.6666666666667,1009091.0,14.0
88,A. Tomic,Asisa Joventut,13,17.333333333333332,1441.0,995000.0,21.0
88,A. Tomic,Asisa Joventut,14,17.333333333333332,1288.6666666666667,999231.0,6.0
88,A. Tomic,Asisa Joventut,15,13.666666666666666,1126.0,953571.0,39.0
88,A. Tomic,Asisa Joventut,16,22.0,1222.3333333333333,1046000.0,23.0
88,A. Tomic,Asisa Joventut,17,22.666666666666668,1256.6666666666667,1052500.0,12.0
88,A. Tomic,Asisa Joventut,18,24.666666666666668,1378.6666666666667,1025882.0,11.0
88,A. Tomic,Asisa Joventut,19,15.333333333333334,1299.3333333333333,999444.0,20.0
88,A. Tomic,Asisa Joventut,20,14.333333333333334,1267.3333333333333,1010000.0,13.0
88,A. Tomic,Asisa Joventut,21,14.666666666666666,1166.0,998500.0,8.0
88,A. Tomic,Asisa Joventut,22,13.666666666666666,1071.0,973810.0,23.0
88,A. Tomic,Asisa Joventut,24,15.5,1116.0,992273.0,2.0
89,M. Ruzic,Asisa Joventut,8,10.0,1004.0,175950.0,-1.0
89,M. Ruzic,Asisa Joventut,9,6.333333333333333,879.6666666666666,202343.0,3.0
89,M. Ruzic,Asisa Joventut,10,6.666666666666667,944.3333333333334,232694.0,15.0
89,M. Ruzic,Asisa Joventut,11,5.666666666666667,792.6666666666666,267598.0,0.0
89,M. Ruzic,Asisa Joventut,12,6.0,971.6666666666666,307738.0,0.0
89,M. Ruzic,Asisa Joventut,13,5.0,806.0,294286.0,4.0
89,M. Ruzic,Asisa Joventut,14,1.3333333333333333,904.0,282500.0,-1.0
89,M. Ruzic,Asisa Joventut,15,1.0,706.0,245556.0,5.0
89,M. Ruzic,Asisa Joventut,16,2.6666666666666665,835.6666666666666,251000.0,4.0
89,M. Ruzic,Asisa Joventut,17,2.6666666666666665,747.6666666666666,246364.0,-2.0
89,M. Ruzic,Asisa Joventut,18,2.3333333333333335,802.3333333333334,217500.0,5.0
89,M. Ruzic,Asisa Joventut,19,2.3333333333333335,849.6666666666666,220000.0,21.0
89,M. Ruzic,Asisa Joventut,20,8.0,1096.0,253000.0,3.0
89,M. Ruzic,Asisa Joventut,21,9.666666666666666,1263.0,286667.0,17.0
89,M. Ruzic,Asisa Joventut,22,13.666666666666666,1317.3333333333333,329667.0,3.0
89,M. Ruzic,Asisa Joventut,23,7.666666666666667,950.6666666666666,323529.0,5.0
89,M. Ruzic,Asisa Joventut,24,8.333333333333334,922.0,322222.0,14.0
89,M. Ruzic,Asisa Joventut,25,7.333333333333333,1079.0,349474.0,11.0
89,M. Ruzic,Asisa Joventut,26,10.0,1399.6666666666667,359500.0,23.0
89,M. Ruzic,Asisa Joventut,27,16.0,1502.3333333333333,397143.0,27.0
89,M. Ruzic,Asisa Joventut,28,20.333333333333332,1457.0,452727.0,1.0
89,M. Ruzic,Asisa Joventut,33,12.5,1079.0,460400.0,10.0
89,M. Ruzic,Asisa Joventut,34,11.666666666666666,1046.3333333333333,465769.0,8.0
90,A. Hanga,Asisa Joventut,3,5.0,1421.5,300000.0,13.0
90,A. Hanga,Asisa Joventut,4,7.666666666666667,1344.6666666666667,345000.0,12.0
90,A. Hanga,Asisa Joventut,5,9.666666666666666,1284.3333333333333,396750.0,-1.0
90,A. Hanga,Asisa Joventut,6,8.0,1268.3333333333333,386000.0,5.0
90,A. Hanga,Asisa Joventut,7,5.333333333333333,1305.0,363333.0,1.0
90,A. Hanga,Asisa Joventut,8,1.6666666666666667,1264.6666666666667,320000.0,13.0
90,A. Hanga,Asisa Joventut,9,6.333333333333333,1369.0,368000.0,-1.0
90,A. Hanga,Asisa Joventut,10,4.333333333333333,1373.6666666666667,330000.0,1.0
90,A. Hanga,Asisa Joventut,11,4.333333333333333,1278.6666666666667,302000.0,10.0
90,A. Hanga,Asisa Joventut,12,3.3333333333333335,1230.6666666666667,320000.0,9.0
90,A. Hanga,Asisa Joventut,13,6.666666666666667,1259.0,338333.0,8.0
90,A. Hanga,Asisa Joventut,14,9.0,1284.6666666666667,343077.0,4.0
90,A. Hanga,Asisa Joventut,15,7.0,1250.0,335714.0,6.0
90,A. Hanga,Asisa Joventut,16,6.0,1219.6666666666667,337333.0,5.0
90,A. Hanga,Asisa Joventut,17,5.0,1333.3333333333333,331875.0,6.0
90,A. Hanga,Asisa Joventut,18,5.666666666666667,1408.0,330000.0,11.0
90,A. Hanga,Asisa Joventut,20,8.5,1404.5,342222.0,11.0
90,A. Hanga,Asisa Joventut,21,11.0,1167.5,358947.0,12.0
90,A. Hanga,Asisa Joventut,22,11.5,964.0,377000.0,16.0
90,A. Hanga,Asisa Joventut,23,13.0,1088.6666666666667,404762.0,8.0
90,A. Hanga,Asisa Joventut,24,12.0,1164.0,408182.0,3.0
90,A. Hanga,Asisa Joventut,25,9.0,1251.3333333333333,398261.0,9.0
90,A. Hanga,Asisa Joventut,26,6.666666666666667,1266.0,400417.0,13.0
90,A. Hanga,Asisa Joventut,27,8.333333333333334,1384.3333333333333,410400.0,14.0
90,A. Hanga,Asisa Joventut,28,12.0,1438.3333333333333,426923.0,5.0
90,A. Hanga,Asisa Joventut,33,4.5,989.5,410000.0,9.0
90,A. Hanga,Asisa Joventut,34,6.0,1060.6666666666667,414333.0,15.0
91,C. Hunt,Asisa Joventut,3,14.5,1596.0,690000.0,13.0
91,C. Hunt,Asisa Joventut,4,14.0,1529.6666666666667,793500.0,22.0
91,C. Hunt,Asisa Joventut,5,18.0,1562.6666666666667,905000.0,30.0
91,C. Hunt,Asisa Joventut,6,21.666666666666668,1595.6666666666667,1040750.0,6.0
91,C. Hunt,Asisa Joventut,7,19.333333333333332,1690.0,953333.0,1.0
91,C. Hunt,Asisa Joventut,8,12.333333333333334,1521.3333333333333,825714.0,9.0
91,C. Hunt,Asisa Joventut,9,5.333333333333333,1566.0,790000.0,14.0
91,C. Hunt,Asisa Joventut,10,8.0,1695.0,795556.0,9.0
91,C. Hunt,Asisa Joventut,11,10.666666666666666,1759.6666666666667,761000.0,16.0
91,C. Hunt,Asisa Joventut,12,13.0,1772.6666666666667,764545.0,10.0
91,C. Hunt,Asisa Joventut,13,11.666666666666666,1676.3333333333333,750833.0,13.0
91,C. Hunt,Asisa Joventut,14,13.0,1786.0,743077.0,14.0
91,C. Hunt,Asisa Joventut,15,12.333333333333334,1788.3333333333333,750000.0,32.0
91,C. Hunt,Asisa Joventut,16,19.666666666666668,1845.6666666666667,828000.0,8.0
91,C. Hunt,Asisa Joventut,17,18.0,1850.3333333333333,801250.0,22.0
91,C. Hunt,Asisa Joventut,18,20.666666666666668,1938.0,818824.0,13.0
91,C. Hunt,Asisa Joventut,19,14.333333333333334,1858.6666666666667,809444.0,12.0
91,C. Hunt,Asisa Joventut,20,15.666666666666666,1869.3333333333333,804737.0,13.0
91,C. Hunt,Asisa Joventut,21,12.666666666666666,1702.0,803500.0,18.0
91,C. Hunt,Asisa Joventut,22,14.333333333333334,1609.6666666666667,816667.0,17.0
91,C. Hunt,Asisa Joventut,23,16.0,1604.6666666666667,825909.0,10.0
91,C. Hunt,Asisa Joventut,24,15.0,1570.6666666666667,816087.0,22.0
91,C. Hunt,Asisa Joventut,26,16.0,1470.5,837083.0,15.0
91,C. Hunt,Asisa Joventut,27,18.5,1545.0,833600.0,12.0
91,C. Hunt,Asisa Joventut,28,13.5,1747.0,829231.0,18.0
91,C. Hunt,Asisa Joventut,33,13.0,1371.0,828276.0,7.0
91,C. Hunt,Asisa Joventut,34,11.0,1367.6666666666667,814667.0,6.0
93,M. Allen,Asisa Joventut,3,-1.0,130.5,93925.0,9.0
93,M. Allen,Asisa Joventut,4,2.3333333333333335,311.0,108014.0,4.0
93,M. Allen,Asisa Joventut,5,3.6666666666666665,505.3333333333333,124216.0,-1.0
93,M. Allen,Asisa Joventut,7,1.5,404.0,118000.0,4.0
93,M. Allen,Asisa Joventut,10,4.0,498.5,152857.0,3.0
93,M. Allen,Asisa Joventut,11,3.5,990.5,152500.0,1.0
93,M. Allen,Asisa Joventut,12,2.6666666666666665,812.6666666666666,141111.0,0.0
93,M. Allen,Asisa Joventut,13,1.3333333333333333,664.3333333333334,127000.0,-2.0
93,M. Allen,Asisa Joventut,15,-1.0,252.0,107950.0,1.0
93,M. Allen,Asisa Joventut,16,-0.5,310.0,102500.0,0.0
93,M. Allen,Asisa Joventut,24,2.0,240.0,98000.0,3.0
93,M. Allen,Asisa Joventut,25,1.5,528.0,103125.0,3.0
93,M. Allen,Asisa Joventut,26,2.0,657.6666666666666,105882.0,-4.0
93,M. Allen,Asisa Joventut,27,0.6666666666666666,849.0,90000.0,-3.0
93,M. Allen,Asisa Joventut,28,-1.3333333333333333,724.0,76500.0,3.0
94,Y. Kraag,Asisa Joventut,3,6.0,1042.0,244375.0,4.0
94,Y. Kraag,Asisa Joventut,4,5.333333333333333,1079.0,281031.0,2.0
94,Y. Kraag,Asisa Joventut,5,5.0,1217.3333333333333,265000.0,14.0
94,Y. Kraag,Asisa Joventut,6,6.666666666666667,1225.6666666666667,304750.0,2.0
94,Y. Kraag,Asisa Joventut,7,6.0,1248.3333333333333,333333.0,1.0
94,Y. Kraag,Asisa Joventut,8,5.666666666666667,1187.3333333333333,294286.0,4.0
94,Y. Kraag,Asisa Joventut,9,2.3333333333333335,1110.6666666666667,287500.0,12.0
94,Y. Kraag,Asisa Joventut,10,5.666666666666667,1165.3333333333333,330625.0,5.0
94,Y. Kraag,Asisa Joventut,11,7.0,1418.0,327000.0,11.0
94,Y. Kraag,Asisa Joventut,12,9.333333333333334,1441.0,347273.0,10.0
94,Y. Kraag,Asisa Joventut,13,8.666666666666666,1377.6666666666667,368333.0,10.0
94,Y. Kraag,Asisa Joventut,14,10.333333333333334,1392.6666666666667,378462.0,3.0
94,Y. Kraag,Asisa Joventut,15,7.666666666666667,1391.0,364286.0,8.0
94,Y. Kraag,Asisa Joventut,16,7.0,1435.0,372000.0,2.0
94,Y. Kraag,Asisa Joventut,17,4.333333333333333,1352.3333333333333,355000.0,11.0
94,Y. Kraag,Asisa Joventut,18,7.0,1458.0,366471.0,11.0
94,Y. Kraag,Asisa Joventut,19,8.0,1482.3333333333333,376667.0,5.0
94,Y. Kraag,Asisa Joventut,20,9.0,1445.0,372632.0,5.0
94,Y. Kraag,Asisa Joventut,21,7.0,1459.3333333333333,369000.0,8.0
94,Y. Kraag,Asisa Joventut,22,6.0,1410.3333333333333,374286.0,-1.0
94,Y. Kraag,Asisa Joventut,23,4.0,1461.0,355000.0,12.0
94,Y. Kraag,Asisa Joventut,24,6.333333333333333,1338.3333333333333,370870.0,8.0
94,Y. Kraag,Asisa Joventut,25,6.333333333333333,1440.0,375417.0,12.0
94,Y. Kraag,Asisa Joventut,26,10.666666666666666,1494.0,384400.0,8.0
94,Y. Kraag,Asisa Joventut,27,9.333333333333334,1525.3333333333333,385000.0,11.0
94,Y. Kraag,Asisa Joventut,28,10.333333333333334,1457.6666666666667,395185.0,14.0
94,Y. Kraag,Asisa Joventut,33,10.5,957.0,421000.0,11.0
94,Y. Kraag,Asisa Joventut,34,10.666666666666666,1148.3333333333333,428710.0,8.0
95,R. Rubio,Asisa Joventut,3,19.5,1158.0,714150.0,24.0
95,R. Rubio,Asisa Joventut,4,21.0,1175.0,821273.0,18.0
95,R. Rubio,Asisa Joventut,5,17.0,1228.6666666666667,944464.0,1.0
95,R. Rubio,Asisa Joventut,6,14.333333333333334,1212.6666666666667,948000.0,16.0
95,R. Rubio,Asisa Joventut,7,11.666666666666666,1274.3333333333333,923333.0,24.0
95,R. Rubio,Asisa Joventut,8,13.666666666666666,1262.6666666666667,997143.0,17.0
95,R. Rubio,Asisa Joventut,9,19.0,1360.3333333333333,1000000.0,22.0
95,R. Rubio,Asisa Joventut,10,21.0,1356.3333333333333,1035556.0,14.0
95,R. Rubio,Asisa Joventut,11,17.666666666666668,1439.0,1002000.0,12.0
95,R. Rubio,Asisa Joventut,16,17.5,1428.5,978462.0,11.0
95,R. Rubio,Asisa Joventut,17,15.333333333333334,1316.3333333333333,947857.0,3.0
95,R. Rubio,Asisa Joventut,18,9.666666666666666,1316.6666666666667,894667.0,11.0
95,R. Rubio,Asisa Joventut,19,8.333333333333334,1221.3333333333333,873125.0,19.0
95,R. Rubio,Asisa Joventut,20,11.0,1300.3333333333333,888824.0,15.0
95,R. Rubio,Asisa Joventut,21,15.0,1247.0,889444.0,11.0
95,R. Rubio,Asisa Joventut,22,15.0,1171.6666666666667,877368.0,24.0
95,R. Rubio,Asisa Joventut,23,16.666666666666668,1124.3333333333333,905500.0,23.0
95,R. Rubio,Asisa Joventut,24,19.333333333333332,1197.3333333333333,928095.0,19.0
95,R. Rubio,Asisa Joventut,25,22.0,1269.3333333333333,937727.0,1.0
95,R. Rubio,Asisa Joventut,26,14.333333333333334,1226.0,899130.0,6.0
95,R. Rubio,Asisa Joventut,27,8.666666666666666,1185.6666666666667,874167.0,21.0
95,R. Rubio,Asisa Joventut,28,9.333333333333334,1227.3333333333333,889600.0,23.0
95,R. Rubio,Asisa Joventut,33,27.5,1039.5,953214.0,19.0
96,L. Hakanson,Asisa Joventut,3,2.5,1138.0,267325.0,6.0
96,L. Hakanson,Asisa Joventut,4,3.6666666666666665,1209.0,227226.0,4.0
96,L. Hakanson,Asisa Joventut,5,4.666666666666667,1152.3333333333333,215000.0,19.0
96,L. Hakanson,Asisa Joventut,6,9.666666666666666,1255.0,247250.0,-2.0
96,L. Hakanson,Asisa Joventut,7,7.0,1157.0,284338.0,5.0
96,L. Hakanson,Asisa Joventut,8,7.333333333333333,1303.3333333333333,314286.0,7.0
96,L. Hakanson,Asisa Joventut,9,3.3333333333333335,1172.3333333333333,327500.0,13.0
96,L. Hakanson,Asisa Joventut,10,8.333333333333334,1213.0,376625.0,2.0
96,L. Hakanson,Asisa Joventut,11,7.333333333333333,1200.6666666666667,350000.0,9.0
96,L. Hakanson,Asisa Joventut,12,8.0,1198.0,359091.0,18.0
96,L. Hakanson,Asisa Joventut,13,9.666666666666666,1441.6666666666667,412955.0,17.0
96,L. Hakanson,Asisa Joventut,14,14.666666666666666,1461.6666666666667,452308.0,2.0
96,L. Hakanson,Asisa Joventut,16,9.5,830.5,428571.0,5.0
96,L. Hakanson,Asisa Joventut,17,3.5,705.0,416667.0,-3.0
96,L. Hakanson,Asisa Joventut,18,1.0,899.0,381250.0,6.0
96,L. Hakanson,Asisa Joventut,19,2.6666666666666665,992.3333333333334,376471.0,9.0
96,L. Hakanson,Asisa Joventut,20,4.0,960.6666666666666,385556.0,8.0
96,L. Hakanson,Asisa Joventut,21,7.666666666666667,1213.6666666666667,390526.0,7.0
96,L. Hakanson,Asisa Joventut,22,8.0,1285.3333333333333,392000.0,13.0
96,L. Hakanson,Asisa Joventut,23,9.333333333333334,1372.6666666666667,410476.0,9.0
96,L. Hakanson,Asisa Joventut,24,9.666666666666666,1503.0,416364.0,14.0
96,L. Hakanson,Asisa Joventut,25,12.0,1491.0,434783.0,12.0
96,L. Hakanson,Asisa Joventut,26,11.666666666666666,1603.0,441667.0,12.0
96,L. Hakanson,Asisa Joventut,27,12.666666666666666,1415.6666666666667,448000.0,1.0
96,L. Hakanson,Asisa Joventut,28,8.333333333333334,1304.0,433077.0,3.0
96,L. Hakanson,Asisa Joventut,33,7.5,875.0,424483.0,7.0
96,L. Hakanson,Asisa Joventut,34,7.333333333333333,958.6666666666666,424333.0,3.0
97,G. Vives,Asisa Joventut,3,5.0,1085.5,195500.0,3.0
97,G. Vives,Asisa Joventut,4,4.333333333333333,977.3333333333334,224825.0,4.0
97,G. Vives,Asisa Joventut,5,5.0,840.0,245000.0,14.0
97,G. Vives,Asisa Joventut,6,7.0,788.3333333333334,281750.0,5.0
97,G. Vives,Asisa Joventut,7,7.666666666666667,808.0,324013.0,10.0
97,G. Vives,Asisa Joventut,8,9.666666666666666,903.0,372615.0,-4.0
97,G. Vives,Asisa Joventut,9,3.6666666666666665,824.6666666666666,316723.0,-2.0
97,G. Vives,Asisa Joventut,10,1.3333333333333333,614.6666666666666,269215.0,0.0
97,G. Vives,Asisa Joventut,11,-2.0,387.6666666666667,237000.0,-2.0
97,G. Vives,Asisa Joventut,12,-1.3333333333333333,383.3333333333333,206364.0,1.0
97,G. Vives,Asisa Joventut,13,-0.3333333333333333,600.0,194167.0,11.0
97,G. Vives,Asisa Joventut,14,3.3333333333333335,848.0,221538.0,6.0
97,G. Vives,Asisa Joventut,15,6.0,1027.3333333333333,231429.0,7.0
97,G. Vives,Asisa Joventut,16,8.0,1111.0,244000.0,1.0
97,G. Vives,Asisa Joventut,17,4.666666666666667,956.6666666666666,231875.0,4.0
97,G. Vives,Asisa Joventut,18,4.0,785.6666666666666,230000.0,-1.0
97,G. Vives,Asisa Joventut,19,1.3333333333333333,635.3333333333334,214444.0,-3.0
97,G. Vives,Asisa Joventut,20,0.0,726.6666666666666,195263.0,0.0
97,G. Vives,Asisa Joventut,28,-0.5,423.5,166364.0,10.0
97,G. Vives,Asisa Joventut,33,3.0,517.5,180800.0,6.0
97,G. Vives,Asisa Joventut,34,4.0,682.3333333333334,187692.0,10.0
98,D. Cacok,UCAM Murcia,3,15.0,1152.0,529000.0,11.0
98,D. Cacok,UCAM Murcia,4,13.666666666666666,1183.3333333333333,608350.0,0.0
98,D. Cacok,UCAM Murcia,5,9.0,1121.3333333333333,587500.0,20.0
98,D. Cacok,UCAM Murcia,6,10.333333333333334,1114.3333333333333,675625.0,7.0
98,D. Cacok,UCAM Murcia,7,9.0,917.6666666666666,661667.0,4.0
98,D. Cacok,UCAM Murcia,8,10.333333333333334,903.3333333333334,595714.0,8.0
98,D. Cacok,UCAM Murcia,9,6.333333333333333,723.0,581250.0,25.0
98,D. Cacok,UCAM Murcia,11,16.5,1013.5,668438.0,8.0
98,D. Cacok,UCAM Murcia,12,16.5,1276.5,663000.0,21.0
98,D. Cacok,UCAM Murcia,13,14.5,1047.5,717273.0,17.0
98,D. Cacok,UCAM Murcia,14,15.333333333333334,1053.3333333333333,728333.0,7.0
98,D. Cacok,UCAM Murcia,15,15.0,905.6666666666666,699231.0,20.0
98,D. Cacok,UCAM Murcia,16,14.666666666666666,1028.6666666666667,720714.0,15.0
98,D. Cacok,UCAM Murcia,17,14.0,1066.0,732667.0,5.0
98,D. Cacok,UCAM Murcia,18,13.333333333333334,1129.3333333333333,702500.0,25.0
98,D. Cacok,UCAM Murcia,19,15.0,1180.3333333333333,749412.0,31.0
98,D. Cacok,UCAM Murcia,20,20.333333333333332,1175.0,811111.0,25.0
98,D. Cacok,UCAM Murcia,21,27.0,1261.6666666666667,847368.0,13.0
98,D. Cacok,UCAM Murcia,22,23.0,1174.3333333333333,837500.0,6.0
98,D. Cacok,UCAM Murcia,23,14.666666666666666,1188.6666666666667,814762.0,-3.0
98,D. Cacok,UCAM Murcia,24,5.333333333333333,1087.3333333333333,770909.0,10.0
98,D. Cacok,UCAM Murcia,25,4.333333333333333,1038.0,763478.0,4.0
98,D. Cacok,UCAM Murcia,26,3.6666666666666665,935.3333333333334,741667.0,19.0
98,D. Cacok,UCAM Murcia,27,11.0,962.6666666666666,757600.0,13.0
98,D. Cacok,UCAM Murcia,28,12.0,925.3333333333334,758462.0,10.0
98,D. Cacok,UCAM Murcia,29,14.0,1158.0,752593.0,14.0
98,D. Cacok,UCAM Murcia,31,12.0,1425.5,750714.0,15.0
98,D. Cacok,UCAM Murcia,32,14.5,991.0,750690.0,7.0
98,D. Cacok,UCAM Murcia,33,11.0,761.0,739667.0,8.0
98,D. Cacok,UCAM Murcia,34,10.0,776.6666666666666,731290.0,21.0
99,W. Falk,UCAM Murcia,3,3.0,853.0,132250.0,-3.0
99,W. Falk,UCAM Murcia,4,1.0,742.6666666666666,112412.0,-1.0
99,W. Falk,UCAM Murcia,5,0.0,680.0,95550.0,6.0
99,W. Falk,UCAM Murcia,6,0.6666666666666666,582.6666666666666,104000.0,-1.0
99,W. Falk,UCAM Murcia,7,1.3333333333333333,613.3333333333334,88400.0,-1.0
99,W. Falk,UCAM Murcia,8,1.3333333333333333,423.6666666666667,75140.0,0.0
99,W. Falk,UCAM Murcia,9,-0.6666666666666666,346.3333333333333,63869.0,-3.0
99,W. Falk,UCAM Murcia,10,-1.3333333333333333,244.66666666666666,54289.0,-2.0
99,W. Falk,UCAM Murcia,11,-1.6666666666666667,179.0,46146.0,7.0
99,W. Falk,UCAM Murcia,12,0.6666666666666666,686.6666666666666,53068.0,2.0
99,W. Falk,UCAM Murcia,13,2.3333333333333335,880.0,59167.0,3.0
99,W. Falk,UCAM Murcia,14,4.0,999.3333333333334,66154.0,1.0
99,W. Falk,UCAM Murcia,15,2.0,652.3333333333334,65000.0,1.0
99,W. Falk,UCAM Murcia,16,1.6666666666666667,565.6666666666666,64000.0,6.0
99,W. Falk,UCAM Murcia,17,2.6666666666666665,571.3333333333334,73600.0,-1.0
99,W. Falk,UCAM Murcia,18,2.0,402.3333333333333,74706.0,0.0
99,W. Falk,UCAM Murcia,20,-0.5,244.0,70556.0,5.0
99,W. Falk,UCAM Murcia,21,2.5,688.0,81139.0,-4.0
99,W. Falk,UCAM Murcia,22,0.5,823.0,68968.0,13.0
99,W. Falk,UCAM Murcia,23,4.666666666666667,912.0,79313.0,-2.0
99,W. Falk,UCAM Murcia,24,2.3333333333333335,746.6666666666666,91210.0,2.0
99,W. Falk,UCAM Murcia,25,4.333333333333333,756.3333333333334,94348.0,12.0
99,W. Falk,UCAM Murcia,26,4.0,821.6666666666666,108500.0,16.0
99,W. Falk,UCAM Murcia,27,10.0,1233.3333333333333,124775.0,10.0
99,W. Falk,UCAM Murcia,28,12.666666666666666,1222.3333333333333,143491.0,1.0
99,W. Falk,UCAM Murcia,29,9.0,941.0,165015.0,-1.0
99,W. Falk,UCAM Murcia,30,3.3333333333333335,496.0,159286.0,5.0
101,D. DeJulius,UCAM Murcia,3,7.0,1209.5,420000.0,27.0
101,D. DeJulius,UCAM Murcia,4,13.666666666666666,1351.6666666666667,483000.0,30.0
101,D. DeJulius,UCAM Murcia,5,22.0,1419.3333333333333,555450.0,4.0
101,D. DeJulius,UCAM Murcia,6,20.333333333333332,1416.0,638768.0,25.0
101,D. DeJulius,UCAM Murcia,7,19.666666666666668,1385.0,734583.0,8.0
101,D. DeJulius,UCAM Murcia,8,12.333333333333334,1496.6666666666667,844770.0,16.0
101,D. DeJulius,UCAM Murcia,9,16.333333333333332,1524.0,886250.0,8.0
101,D. DeJulius,UCAM Murcia,10,10.666666666666666,1531.0,841111.0,5.0
101,D. DeJulius,UCAM Murcia,11,9.666666666666666,1507.3333333333333,787000.0,1.0
101,D. DeJulius,UCAM Murcia,12,4.666666666666667,1390.3333333333333,720909.0,11.0
101,D. DeJulius,UCAM Murcia,13,5.666666666666667,1352.6666666666667,715833.0,0.0
101,D. DeJulius,UCAM Murcia,14,4.0,1183.3333333333333,660769.0,1.0
101,D. DeJulius,UCAM Murcia,15,4.0,1349.6666666666667,617143.0,15.0
101,D. DeJulius,UCAM Murcia,16,5.333333333333333,1369.3333333333333,626000.0,15.0
101,D. DeJulius,UCAM Murcia,17,10.333333333333334,1548.6666666666667,643125.0,24.0
101,D. DeJulius,UCAM Murcia,18,18.0,1741.0,675882.0,14.0
101,D. DeJulius,UCAM Murcia,19,17.666666666666668,1769.6666666666667,685000.0,9.0
101,D. DeJulius,UCAM Murcia,20,15.666666666666666,1671.3333333333333,677368.0,5.0
101,D. DeJulius,UCAM Murcia,21,9.333333333333334,1459.6666666666667,658500.0,21.0
101,D. DeJulius,UCAM Murcia,22,11.666666666666666,1475.6666666666667,677143.0,20.0
101,D. DeJulius,UCAM Murcia,23,15.333333333333334,1497.0,700909.0,35.0
101,D. DeJulius,UCAM Murcia,24,25.333333333333332,1611.0,761739.0,19.0
101,D. DeJulius,UCAM Murcia,25,24.666666666666668,1607.3333333333333,777500.0,14.0
101,D. DeJulius,UCAM Murcia,26,22.666666666666668,1600.6666666666667,780000.0,38.0
101,D. DeJulius,UCAM Murcia,27,23.666666666666668,1599.0,837692.0,25.0
101,D. DeJulius,UCAM Murcia,28,25.666666666666668,1562.6666666666667,862222.0,28.0
101,D. DeJulius,UCAM Murcia,29,30.333333333333332,1689.0,891429.0,39.0
101,D. DeJulius,UCAM Murcia,30,30.666666666666668,1789.3333333333333,927931.0,26.0
101,D. DeJulius,UCAM Murcia,31,31.0,1730.3333333333333,949000.0,21.0
101,D. DeJulius,UCAM Murcia,32,28.666666666666668,1733.3333333333333,952258.0,17.0
101,D. DeJulius,UCAM Murcia,33,21.333333333333332,1557.0,954375.0,4.0
101,D. DeJulius,UCAM Murcia,34,14.0,1536.3333333333333,932727.0,26.0
102,M. Forrest,UCAM Murcia,3,12.5,1184.5,581900.0,-2.0
102,M. Forrest,UCAM Murcia,4,7.666666666666667,1115.3333333333333,494615.0,9.0
102,M. Forrest,UCAM Murcia,5,6.666666666666667,1033.6666666666667,485000.0,13.0
102,M. Forrest,UCAM Murcia,6,6.666666666666667,1022.6666666666666,544000.0,-1.0
102,M. Forrest,UCAM Murcia,7,7.0,1020.0,462400.0,7.0
102,M. Forrest,UCAM Murcia,8,6.333333333333333,922.3333333333334,431429.0,10.0
102,M. Forrest,UCAM Murcia,9,5.333333333333333,913.3333333333334,452500.0,22.0
102,M. Forrest,UCAM Murcia,10,13.0,983.3333333333334,520375.0,0.0
102,M. Forrest,UCAM Murcia,11,10.666666666666666,1034.6666666666667,494000.0,25.0
102,M. Forrest,UCAM Murcia,12,15.666666666666666,1151.6666666666667,568100.0,1.0
102,M. Forrest,UCAM Murcia,13,8.666666666666666,1062.3333333333333,541667.0,6.0
102,M. Forrest,UCAM Murcia,14,10.666666666666666,1204.0,523077.0,13.0
102,M. Forrest,UCAM Murcia,15,6.666666666666667,1115.3333333333333,532143.0,10.0
102,M. Forrest,UCAM Murcia,16,9.666666666666666,1108.3333333333333,530000.0,7.0
102,M. Forrest,UCAM Murcia,17,10.0,1017.6666666666666,523125.0,-7.0
102,M. Forrest,UCAM Murcia,18,3.3333333333333335,810.6666666666666,471765.0,1.0
102,M. Forrest,UCAM Murcia,19,0.3333333333333333,779.0,448889.0,10.0
102,M. Forrest,UCAM Murcia,20,1.3333333333333333,794.0,456842.0,8.0
102,M. Forrest,UCAM Murcia,21,6.333333333333333,1048.6666666666667,458000.0,-2.0
102,M. Forrest,UCAM Murcia,22,5.333333333333333,1157.0,431429.0,10.0
102,M. Forrest,UCAM Murcia,23,5.333333333333333,1132.0,439091.0,4.0
102,M. Forrest,UCAM Murcia,24,4.0,943.3333333333334,430435.0,1.0
102,M. Forrest,UCAM Murcia,25,5.0,807.6666666666666,415000.0,8.0
102,M. Forrest,UCAM Murcia,26,4.333333333333333,812.6666666666666,417600.0,1.0
102,M. Forrest,UCAM Murcia,27,3.3333333333333335,791.6666666666666,403846.0,4.0
102,M. Forrest,UCAM Murcia,28,4.333333333333333,846.0,397778.0,8.0
102,M. Forrest,UCAM Murcia,29,4.333333333333333,778.6666666666666,400714.0,17.0
102,M. Forrest,UCAM Murcia,30,9.666666666666666,958.3333333333334,416207.0,11.0
102,M. Forrest,UCAM Murcia,31,12.0,1017.0,424333.0,4.0
102,M. Forrest,UCAM Murcia,32,10.666666666666666,1081.3333333333333,417097.0,4.0
102,M. Forrest,UCAM Murcia,33,6.333333333333333,976.0,411562.0,14.0
102,M. Forrest,UCAM Murcia,34,7.333333333333333,958.0,424545.0,16.0
103,J. Radebaugh,UCAM Murcia,3,14.0,1190.5,409975.0,7.0
103,J. Radebaugh,UCAM Murcia,4,11.666666666666666,1226.0,471471.0,1.0
103,J. Radebaugh,UCAM Murcia,5,7.333333333333333,1149.6666666666667,522500.0,0.0
103,J. Radebaugh,UCAM Murcia,6,2.6666666666666665,955.0,444125.0,12.0
103,J. Radebaugh,UCAM Murcia,7,4.333333333333333,1030.3333333333333,468333.0,0.0
103,J. Radebaugh,UCAM Murcia,8,4.0,1157.6666666666667,401429.0,23.0
103,J. Radebaugh,UCAM Murcia,10,11.5,1125.0,461643.0,5.0
103,J. Radebaugh,UCAM Murcia,11,14.0,956.5,498889.0,7.0
103,J. Radebaugh,UCAM Murcia,12,6.0,840.5,491000.0,3.0
103,J. Radebaugh,UCAM Murcia,13,5.0,928.0,462727.0,0.0
103,J. Radebaugh,UCAM Murcia,14,3.3333333333333335,984.0,424167.0,4.0
103,J. Radebaugh,UCAM Murcia,15,2.3333333333333335,941.6666666666666,406923.0,12.0
103,J. Radebaugh,UCAM Murcia,17,8.0,1019.5,420714.0,-5.0
103,J. Radebaugh,UCAM Murcia,18,3.5,1069.5,376000.0,8.0
103,J. Radebaugh,UCAM Murcia,19,1.5,857.0,382500.0,12.0
103,J. Radebaugh,UCAM Murcia,21,10.0,959.5,402353.0,15.0
103,J. Radebaugh,UCAM Murcia,22,13.5,1280.0,421667.0,-1.0
103,J. Radebaugh,UCAM Murcia,23,7.0,1277.0,396842.0,22.0
103,J. Radebaugh,UCAM Murcia,24,12.0,1474.6666666666667,443000.0,18.0
103,J. Radebaugh,UCAM Murcia,25,13.0,1490.0,473333.0,23.0
103,J. Radebaugh,UCAM Murcia,26,21.0,1673.0,514545.0,2.0
103,J. Radebaugh,UCAM Murcia,27,14.333333333333334,1639.0,497391.0,11.0
103,J. Radebaugh,UCAM Murcia,28,12.0,1642.6666666666667,504167.0,8.0
103,J. Radebaugh,UCAM Murcia,29,7.0,1630.6666666666667,503200.0,-4.0
103,J. Radebaugh,UCAM Murcia,30,5.0,1344.3333333333333,476154.0,19.0
103,J. Radebaugh,UCAM Murcia,31,7.666666666666667,1362.6666666666667,500741.0,8.0
103,J. Radebaugh,UCAM Murcia,32,7.666666666666667,1340.0,497143.0,10.0
103,J. Radebaugh,UCAM Murcia,33,12.333333333333334,1518.0,500690.0,9.0
103,J. Radebaugh,UCAM Murcia,34,9.0,1424.6666666666667,502000.0,16.0
104,D. Ennis,UCAM Murcia,3,15.0,1312.5,900000.0,3.0
104,D. Ennis,UCAM Murcia,4,11.0,1166.0,765000.0,8.0
104,D. Ennis,UCAM Murcia,5,7.0,1242.3333333333333,650250.0,8.0
104,D. Ennis,UCAM Murcia,6,6.333333333333333,1385.6666666666667,582000.0,-3.0
104,D. Ennis,UCAM Murcia,7,4.333333333333333,1387.0,494700.0,24.0
104,D. Ennis,UCAM Murcia,8,9.666666666666666,1414.3333333333333,565714.0,23.0
104,D. Ennis,UCAM Murcia,9,14.666666666666666,1297.0,650571.0,11.0
104,D. Ennis,UCAM Murcia,10,19.333333333333332,1539.3333333333333,666667.0,24.0
104,D. Ennis,UCAM Murcia,11,19.333333333333332,1527.6666666666667,744000.0,18.0
104,D. Ennis,UCAM Murcia,12,17.666666666666668,1627.0,774545.0,2.0
104,D. Ennis,UCAM Murcia,13,14.666666666666666,1537.3333333333333,720000.0,0.0
104,D. Ennis,UCAM Murcia,14,6.666666666666667,1450.6666666666667,664615.0,19.0
104,D. Ennis,UCAM Murcia,15,7.0,1471.0,685000.0,1.0
104,D. Ennis,UCAM Murcia,16,6.666666666666667,1568.0,642667.0,3.0
104,D. Ennis,UCAM Murcia,17,7.666666666666667,1790.0,613750.0,11.0
104,D. Ennis,UCAM Murcia,18,5.0,1904.6666666666667,610000.0,18.0
104,D. Ennis,UCAM Murcia,19,10.666666666666666,1878.3333333333333,636111.0,14.0
104,D. Ennis,UCAM Murcia,20,14.333333333333334,1646.0,646842.0,19.0
104,D. Ennis,UCAM Murcia,21,17.0,1538.6666666666667,671500.0,10.0
104,D. Ennis,UCAM Murcia,22,14.333333333333334,1504.3333333333333,663333.0,0.0
104,D. Ennis,UCAM Murcia,23,9.666666666666666,1481.6666666666667,633182.0,7.0
104,D. Ennis,UCAM Murcia,24,5.666666666666667,1435.6666666666667,623913.0,7.0
104,D. Ennis,UCAM Murcia,25,4.666666666666667,1374.0,615417.0,0.0
105,T. Nakic,UCAM Murcia,3,11.5,1188.0,515775.0,7.0
105,T. Nakic,UCAM Murcia,4,10.0,1231.6666666666667,576667.0,14.0
105,T. Nakic,UCAM Murcia,5,9.0,1318.3333333333333,642500.0,6.0
105,T. Nakic,UCAM Murcia,6,9.0,1210.3333333333333,586000.0,2.0
105,T. Nakic,UCAM Murcia,7,7.333333333333333,1174.6666666666667,508333.0,11.0
105,T. Nakic,UCAM Murcia,8,6.333333333333333,1205.0,514286.0,11.0
105,T. Nakic,UCAM Murcia,9,8.0,1448.0,532500.0,12.0
105,T. Nakic,UCAM Murcia,10,11.333333333333334,1587.0,553333.0,12.0
105,T. Nakic,UCAM Murcia,12,12.0,1718.0,570000.0,10.0
105,T. Nakic,UCAM Murcia,13,11.0,1385.5,572727.0,-5.0
105,T. Nakic,UCAM Murcia,14,2.5,783.0,504167.0,0.0
105,T. Nakic,UCAM Murcia,15,1.6666666666666667,853.0,465385.0,-2.0
105,T. Nakic,UCAM Murcia,16,-2.3333333333333335,896.0,425000.0,12.0
105,T. Nakic,UCAM Murcia,17,3.3333333333333335,1043.3333333333333,444667.0,10.0
105,T. Nakic,UCAM Murcia,18,6.666666666666667,1355.6666666666667,448125.0,11.0
105,T. Nakic,UCAM Murcia,19,11.0,1356.3333333333333,460588.0,12.0
105,T. Nakic,UCAM Murcia,20,11.0,1531.6666666666667,475000.0,9.0
105,T. Nakic,UCAM Murcia,21,10.666666666666666,1145.3333333333333,478421.0,-3.0
105,T. Nakic,UCAM Murcia,22,6.0,1160.0,447000.0,3.0
105,T. Nakic,UCAM Murcia,23,3.0,929.0,434286.0,0.0
105,T. Nakic,UCAM Murcia,24,0.0,991.3333333333334,414545.0,3.0
105,T. Nakic,UCAM Murcia,25,2.0,794.6666666666666,404348.0,9.0
105,T. Nakic,UCAM Murcia,26,4.0,916.6666666666666,410000.0,3.0
105,T. Nakic,UCAM Murcia,27,5.0,934.0,400800.0,4.0
105,T. Nakic,UCAM Murcia,28,5.333333333333333,1014.3333333333334,394615.0,7.0
105,T. Nakic,UCAM Murcia,29,4.666666666666667,984.3333333333334,395556.0,12.0
105,T. Nakic,UCAM Murcia,30,7.666666666666667,1054.6666666666667,402857.0,1.0
105,T. Nakic,UCAM Murcia,31,6.666666666666667,1149.0,391034.0,3.0
105,T. Nakic,UCAM Murcia,32,5.333333333333333,1186.6666666666667,383000.0,5.0
105,T. Nakic,UCAM Murcia,33,3.0,1214.0,380323.0,12.0
105,T. Nakic,UCAM Murcia,34,6.666666666666667,1250.6666666666667,390938.0,-3.0
106,H. Sant-Roos,UCAM Murcia,3,5.0,866.5,300000.0,15.0
106,H. Sant-Roos,UCAM Murcia,4,8.333333333333334,1012.6666666666666,345000.0,13.0
106,H. Sant-Roos,UCAM Murcia,5,11.0,1068.3333333333333,396750.0,1.0
106,H. Sant-Roos,UCAM Murcia,6,9.666666666666666,1146.3333333333333,438000.0,9.0
106,H. Sant-Roos,UCAM Murcia,7,7.666666666666667,1044.6666666666667,455000.0,4.0
106,H. Sant-Roos,UCAM Murcia,8,4.666666666666667,936.0,418571.0,9.0
106,H. Sant-Roos,UCAM Murcia,9,7.333333333333333,995.0,433750.0,29.0
106,H. Sant-Roos,UCAM Murcia,10,14.0,1194.6666666666667,498813.0,17.0
106,H. Sant-Roos,UCAM Murcia,11,18.333333333333332,1365.3333333333333,573635.0,14.0
106,H. Sant-Roos,UCAM Murcia,12,20.0,1432.3333333333333,642727.0,6.0
106,H. Sant-Roos,UCAM Murcia,13,12.333333333333334,1361.0,619167.0,16.0
106,H. Sant-Roos,UCAM Murcia,14,12.0,1425.6666666666667,633077.0,16.0
106,H. Sant-Roos,UCAM Murcia,15,12.666666666666666,1416.3333333333333,645000.0,1.0
106,H. Sant-Roos,UCAM Murcia,16,11.0,1266.0,605333.0,15.0
106,H. Sant-Roos,UCAM Murcia,17,10.666666666666666,1160.6666666666667,623750.0,14.0
106,H. Sant-Roos,UCAM Murcia,18,10.0,1089.0,628235.0,3.0
106,H. Sant-Roos,UCAM Murcia,19,10.666666666666666,1145.6666666666667,603333.0,11.0
106,H. Sant-Roos,UCAM Murcia,20,9.333333333333334,1300.6666666666667,606316.0,14.0
106,H. Sant-Roos,UCAM Murcia,21,9.333333333333334,1379.3333333333333,618000.0,-2.0
106,H. Sant-Roos,UCAM Murcia,22,7.666666666666667,1210.0,583810.0,25.0
106,H. Sant-Roos,UCAM Murcia,23,12.333333333333334,1182.0,625455.0,8.0
106,H. Sant-Roos,UCAM Murcia,24,10.333333333333334,1050.3333333333333,619130.0,17.0
106,H. Sant-Roos,UCAM Murcia,25,16.666666666666668,1359.0,635833.0,15.0
106,H. Sant-Roos,UCAM Murcia,26,13.333333333333334,1229.3333333333333,646400.0,10.0
106,H. Sant-Roos,UCAM Murcia,27,14.0,1269.0,644615.0,14.0
106,H. Sant-Roos,UCAM Murcia,28,13.0,1269.3333333333333,651852.0,17.0
106,H. Sant-Roos,UCAM Murcia,29,13.666666666666666,1331.0,665000.0,7.0
106,H. Sant-Roos,UCAM Murcia,30,12.666666666666666,1470.6666666666667,654138.0,12.0
106,H. Sant-Roos,UCAM Murcia,31,12.0,1384.6666666666667,656333.0,6.0
106,H. Sant-Roos,UCAM Murcia,32,8.333333333333334,1372.3333333333333,644839.0,5.0
106,H. Sant-Roos,UCAM Murcia,33,7.666666666666667,1198.0,634062.0,20.0
106,H. Sant-Roos,UCAM Murcia,34,10.333333333333334,1241.6666666666667,651212.0,4.0
107,R. López,UCAM Murcia,26,-1.5,200.5,67554.0,0.0
108,S. Raieste,UCAM Murcia,3,14.5,1366.5,264500.0,-1.0
108,S. Raieste,UCAM Murcia,4,9.333333333333334,1429.6666666666667,304175.0,12.0
108,S. Raieste,UCAM Murcia,5,6.666666666666667,1455.0,349801.0,17.0
108,S. Raieste,UCAM Murcia,6,9.333333333333334,1443.3333333333333,402271.0,15.0
108,S. Raieste,UCAM Murcia,7,14.666666666666666,1370.0,462612.0,8.0
108,S. Raieste,UCAM Murcia,8,13.333333333333334,1288.3333333333333,532004.0,11.0
108,S. Raieste,UCAM Murcia,9,11.333333333333334,1204.3333333333333,611805.0,17.0
108,S. Raieste,UCAM Murcia,10,12.0,1172.0,703576.0,0.0
108,S. Raieste,UCAM Murcia,11,9.333333333333334,1148.3333333333333,641000.0,3.0
108,S. Raieste,UCAM Murcia,12,6.666666666666667,1248.6666666666667,599091.0,14.0
108,S. Raieste,UCAM Murcia,13,5.666666666666667,1298.0,619167.0,6.0
108,S. Raieste,UCAM Murcia,14,7.666666666666667,1422.6666666666667,594615.0,-1.0
108,S. Raieste,UCAM Murcia,15,6.333333333333333,1298.3333333333333,548571.0,2.0
108,S. Raieste,UCAM Murcia,16,2.3333333333333335,1268.6666666666667,518667.0,12.0
108,S. Raieste,UCAM Murcia,17,4.333333333333333,1193.6666666666667,531250.0,14.0
108,S. Raieste,UCAM Murcia,18,9.333333333333334,1347.6666666666667,541176.0,-4.0
108,S. Raieste,UCAM Murcia,19,7.333333333333333,1350.0,500000.0,15.0
108,S. Raieste,UCAM Murcia,20,8.333333333333334,1366.3333333333333,521053.0,3.0
108,S. Raieste,UCAM Murcia,21,4.666666666666667,1298.3333333333333,504000.0,4.0
108,S. Raieste,UCAM Murcia,29,-0.5,509.0,445652.0,1.0
108,S. Raieste,UCAM Murcia,30,0.0,588.0,429167.0,-4.0
108,S. Raieste,UCAM Murcia,31,-0.3333333333333333,865.6666666666666,404000.0,2.0
108,S. Raieste,UCAM Murcia,32,-0.3333333333333333,882.3333333333334,392308.0,5.0
108,S. Raieste,UCAM Murcia,33,1.0,1073.6666666666667,388889.0,5.0
109,M. Diagné,UCAM Murcia,9,0.5,276.5,114841.0,4.0
109,M. Diagné,UCAM Murcia,10,1.6666666666666667,307.0,97615.0,4.0
109,M. Diagné,UCAM Murcia,12,4.0,573.0,112257.0,0.0
109,M. Diagné,UCAM Murcia,13,2.0,458.5,100000.0,2.0
109,M. Diagné,UCAM Murcia,14,1.0,239.0,100000.0,2.0
109,M. Diagné,UCAM Murcia,26,5.5,410.5,112413.0,14.0
109,M. Diagné,UCAM Murcia,27,8.5,542.5,129275.0,1.0
109,M. Diagné,UCAM Murcia,29,7.5,818.5,148666.0,-4.0
109,M. Diagné,UCAM Murcia,30,-1.5,656.5,147333.0,2.0
109,M. Diagné,UCAM Murcia,31,-1.0,532.0,145625.0,0.0
109,M. Diagné,UCAM Murcia,32,-0.6666666666666666,446.0,137059.0,11.0
109,M. Diagné,UCAM Murcia,33,4.333333333333333,558.0,157618.0,0.0
110,D. García,Hiopos Lleida,23,5.5,1203.0,158700.0,5.0
110,D. García,Hiopos Lleida,24,5.333333333333333,1211.6666666666667,182505.0,10.0
110,D. García,Hiopos Lleida,25,4.0,1262.6666666666667,209881.0,16.0
110,D. García,Hiopos Lleida,26,10.333333333333334,1415.6666666666667,241363.0,16.0
110,D. García,Hiopos Lleida,27,14.0,1501.6666666666667,277567.0,13.0
110,D. García,Hiopos Lleida,28,15.0,1359.3333333333333,319202.0,-1.0
110,D. García,Hiopos Lleida,29,9.333333333333334,1306.0,367082.0,5.0
110,D. García,Hiopos Lleida,30,5.666666666666667,1222.0,422144.0,6.0
110,D. García,Hiopos Lleida,31,3.3333333333333335,1247.6666666666667,440000.0,3.0
110,D. García,Hiopos Lleida,32,4.666666666666667,1138.6666666666667,413636.0,5.0
110,D. García,Hiopos Lleida,33,4.666666666666667,1157.3333333333333,404167.0,9.0
110,D. García,Hiopos Lleida,34,5.666666666666667,999.6666666666666,407692.0,6.0
111,E. Cate,UCAM Murcia,3,8.0,1069.5,480000.0,8.0
111,E. Cate,UCAM Murcia,4,8.0,1005.0,453333.0,10.0
111,E. Cate,UCAM Murcia,5,9.0,1181.6666666666667,490000.0,5.0
111,E. Cate,UCAM Murcia,6,7.666666666666667,1188.0,452000.0,17.0
111,E. Cate,UCAM Murcia,7,10.666666666666666,1440.3333333333333,519800.0,16.0
111,E. Cate,UCAM Murcia,8,12.666666666666666,1332.6666666666667,582857.0,11.0
111,E. Cate,UCAM Murcia,9,14.666666666666666,1412.0,592500.0,3.0
111,E. Cate,UCAM Murcia,10,10.0,1116.3333333333333,546667.0,26.0
111,E. Cate,UCAM Murcia,11,13.333333333333334,1240.6666666666667,628667.0,8.0
111,E. Cate,UCAM Murcia,12,12.333333333333334,1167.0,632727.0,18.0
111,E. Cate,UCAM Murcia,13,17.333333333333332,1382.3333333333333,670000.0,14.0
111,E. Cate,UCAM Murcia,14,13.333333333333334,1173.6666666666667,672308.0,8.0
111,E. Cate,UCAM Murcia,15,13.333333333333334,1234.3333333333333,652857.0,16.0
111,E. Cate,UCAM Murcia,16,12.666666666666666,1169.6666666666667,662667.0,5.0
111,E. Cate,UCAM Murcia,17,9.666666666666666,1230.0,640000.0,20.0
111,E. Cate,UCAM Murcia,18,13.666666666666666,1350.0,661176.0,2.0
111,E. Cate,UCAM Murcia,19,9.0,1289.3333333333333,631111.0,11.0
111,E. Cate,UCAM Murcia,20,11.0,1310.0,632632.0,1.0
111,E. Cate,UCAM Murcia,21,4.666666666666667,1127.0,604000.0,9.0
111,E. Cate,UCAM Murcia,22,7.0,1044.3333333333333,596667.0,11.0
111,E. Cate,UCAM Murcia,23,7.0,1030.0,599545.0,0.0
111,E. Cate,UCAM Murcia,24,6.666666666666667,944.0,573478.0,14.0
111,E. Cate,UCAM Murcia,25,8.333333333333334,1167.0,584583.0,5.0
111,E. Cate,UCAM Murcia,26,6.333333333333333,1150.6666666666667,573200.0,17.0
111,E. Cate,UCAM Murcia,27,12.0,1053.0,590385.0,2.0
111,E. Cate,UCAM Murcia,28,8.0,795.0,572963.0,7.0
111,E. Cate,UCAM Murcia,29,8.666666666666666,681.3333333333334,567500.0,13.0
111,E. Cate,UCAM Murcia,30,7.333333333333333,825.6666666666666,570345.0,13.0
111,E. Cate,UCAM Murcia,31,11.0,1144.6666666666667,577333.0,19.0
111,E. Cate,UCAM Murcia,32,15.0,1337.6666666666667,589355.0,4.0
111,E. Cate,UCAM Murcia,33,12.0,1279.6666666666667,578437.0,5.0
111,E. Cate,UCAM Murcia,34,9.333333333333334,1159.0,570000.0,10.0
112,T. Bell-Haynes,Casademont Zaragoza,3,23.5,1661.5,952200.0,10.0
112,T. Bell-Haynes,Casademont Zaragoza,4,19.0,1647.3333333333333,1040000.0,4.0
112,T. Bell-Haynes,Casademont Zaragoza,5,11.333333333333334,1538.0,884000.0,14.0
112,T. Bell-Haynes,Casademont Zaragoza,6,9.333333333333334,1601.0,812000.0,-2.0
112,T. Bell-Haynes,Casademont Zaragoza,7,5.333333333333333,1353.3333333333333,690200.0,14.0
112,T. Bell-Haynes,Casademont Zaragoza,8,8.666666666666666,1454.6666666666667,665714.0,14.0
112,T. Bell-Haynes,Casademont Zaragoza,9,8.666666666666666,1371.3333333333333,670000.0,15.0
112,T. Bell-Haynes,Casademont Zaragoza,11,14.5,1621.0,695556.0,25.0
112,T. Bell-Haynes,Casademont Zaragoza,12,20.0,1731.5,776000.0,9.0
112,T. Bell-Haynes,Casademont Zaragoza,13,17.0,1754.5,746364.0,14.0
112,T. Bell-Haynes,Casademont Zaragoza,14,16.0,1619.0,742500.0,23.0
112,T. Bell-Haynes,Casademont Zaragoza,15,15.333333333333334,1632.6666666666667,791538.0,15.0
112,T. Bell-Haynes,Casademont Zaragoza,16,17.333333333333332,1529.3333333333333,799286.0,24.0
112,T. Bell-Haynes,Casademont Zaragoza,17,20.666666666666668,1631.6666666666667,826000.0,14.0
112,T. Bell-Haynes,Casademont Zaragoza,33,7.0,1074.0,766111.0,10.0
112,T. Bell-Haynes,Casademont Zaragoza,34,9.5,1551.5,752105.0,20.0
115,B. Dubljevic,Casademont Zaragoza,3,9.5,1245.0,505000.0,7.0
115,B. Dubljevic,Casademont Zaragoza,4,8.666666666666666,1200.0,453333.0,6.0
115,B. Dubljevic,Casademont Zaragoza,5,8.666666666666666,1239.6666666666667,430000.0,8.0
115,B. Dubljevic,Casademont Zaragoza,6,7.0,1253.3333333333333,424000.0,-2.0
115,B. Dubljevic,Casademont Zaragoza,7,4.0,1283.0,360400.0,10.0
115,B. Dubljevic,Casademont Zaragoza,8,5.333333333333333,1479.6666666666667,360000.0,10.0
115,B. Dubljevic,Casademont Zaragoza,9,6.0,1443.0,377500.0,25.0
115,B. Dubljevic,Casademont Zaragoza,11,17.5,1508.0,434125.0,18.0
115,B. Dubljevic,Casademont Zaragoza,12,21.5,1529.5,499244.0,11.0
115,B. Dubljevic,Casademont Zaragoza,13,14.5,1273.0,559091.0,4.0
115,B. Dubljevic,Casademont Zaragoza,14,11.0,1263.3333333333333,529167.0,7.0
115,B. Dubljevic,Casademont Zaragoza,22,19.5,1205.5,581333.0,7.0
115,B. Dubljevic,Casademont Zaragoza,23,15.333333333333334,1088.3333333333333,566875.0,14.0
115,B. Dubljevic,Casademont Zaragoza,24,14.0,1249.6666666666667,582941.0,19.0
115,B. Dubljevic,Casademont Zaragoza,25,13.333333333333334,1260.3333333333333,603333.0,28.0
115,B. Dubljevic,Casademont Zaragoza,26,20.333333333333332,1524.6666666666667,645263.0,20.0
115,B. Dubljevic,Casademont Zaragoza,27,22.333333333333332,1607.3333333333333,673000.0,14.0
115,B. Dubljevic,Casademont Zaragoza,29,17.0,1563.5,680952.0,3.0
115,B. Dubljevic,Casademont Zaragoza,30,8.5,1365.5,656818.0,16.0
115,B. Dubljevic,Casademont Zaragoza,32,9.5,1554.0,663043.0,15.0
115,B. Dubljevic,Casademont Zaragoza,33,15.5,1629.5,666667.0,-3.0
115,B. Dubljevic,Casademont Zaragoza,34,6.0,893.5,634000.0,9.0
116,M. Spissu,Casademont Zaragoza,3,2.5,915.0,296225.0,0.0
116,M. Spissu,Casademont Zaragoza,4,1.6666666666666667,870.3333333333334,251791.0,8.0
116,M. Spissu,Casademont Zaragoza,5,3.6666666666666665,977.3333333333334,214022.0,-2.0
116,M. Spissu,Casademont Zaragoza,6,2.0,914.3333333333334,181919.0,11.0
116,M. Spissu,Casademont Zaragoza,7,5.666666666666667,1080.3333333333333,200000.0,1.0
116,M. Spissu,Casademont Zaragoza,8,3.3333333333333335,931.0,178571.0,11.0
116,M. Spissu,Casademont Zaragoza,9,7.666666666666667,1253.0,205357.0,5.0
116,M. Spissu,Casademont Zaragoza,11,8.0,1340.0,233333.0,2.0
116,M. Spissu,Casademont Zaragoza,12,3.5,886.5,222000.0,0.0
116,M. Spissu,Casademont Zaragoza,13,1.0,821.5,201818.0,-1.0
116,M. Spissu,Casademont Zaragoza,14,0.3333333333333333,954.3333333333334,180833.0,8.0
116,M. Spissu,Casademont Zaragoza,15,2.3333333333333335,1195.6666666666667,203846.0,7.0
116,M. Spissu,Casademont Zaragoza,16,4.666666666666667,1368.6666666666667,219286.0,9.0
116,M. Spissu,Casademont Zaragoza,17,8.0,1432.6666666666667,234667.0,4.0
116,M. Spissu,Casademont Zaragoza,18,6.666666666666667,1438.3333333333333,232500.0,7.0
116,M. Spissu,Casademont Zaragoza,20,5.5,1380.5,239412.0,1.0
116,M. Spissu,Casademont Zaragoza,21,4.0,1484.5,228889.0,15.0
116,M. Spissu,Casademont Zaragoza,22,8.0,1523.0,256316.0,9.0
116,M. Spissu,Casademont Zaragoza,23,8.333333333333334,1487.6666666666667,266000.0,14.0
116,M. Spissu,Casademont Zaragoza,24,12.666666666666666,1432.6666666666667,293333.0,5.0
116,M. Spissu,Casademont Zaragoza,25,9.333333333333334,1473.0,291364.0,3.0
116,M. Spissu,Casademont Zaragoza,26,7.333333333333333,1612.3333333333333,285217.0,19.0
116,M. Spissu,Casademont Zaragoza,27,9.0,1685.6666666666667,320833.0,9.0
116,M. Spissu,Casademont Zaragoza,29,14.0,1633.5,329600.0,21.0
116,M. Spissu,Casademont Zaragoza,30,15.0,1669.5,357308.0,10.0
116,M. Spissu,Casademont Zaragoza,32,15.5,1846.0,362593.0,19.0
116,M. Spissu,Casademont Zaragoza,33,14.5,1640.0,383571.0,12.0
116,M. Spissu,Casademont Zaragoza,34,15.5,1098.0,391034.0,30.0
117,J. Rodríguez,Casademont Zaragoza,3,12.5,1168.5,251275.0,-2.0
117,J. Rodríguez,Casademont Zaragoza,4,7.666666666666667,909.0,288966.0,15.0
117,J. Rodríguez,Casademont Zaragoza,5,6.0,776.0,332311.0,-2.0
117,J. Rodríguez,Casademont Zaragoza,6,3.6666666666666665,801.3333333333334,382158.0,-3.0
117,J. Rodríguez,Casademont Zaragoza,7,3.3333333333333335,1069.3333333333333,333333.0,24.0
117,J. Rodríguez,Casademont Zaragoza,8,6.333333333333333,1253.3333333333333,383333.0,0.0
117,J. Rodríguez,Casademont Zaragoza,9,7.0,1228.6666666666667,400000.0,14.0
117,J. Rodríguez,Casademont Zaragoza,11,7.0,962.5,448889.0,10.0
117,J. Rodríguez,Casademont Zaragoza,12,12.0,1040.5,464000.0,13.0
117,J. Rodríguez,Casademont Zaragoza,13,11.5,1244.0,480909.0,14.0
117,J. Rodríguez,Casademont Zaragoza,14,12.333333333333334,1256.6666666666667,499167.0,10.0
117,J. Rodríguez,Casademont Zaragoza,15,12.333333333333334,1121.3333333333333,506923.0,14.0
117,J. Rodríguez,Casademont Zaragoza,16,12.666666666666666,1093.3333333333333,530714.0,2.0
117,J. Rodríguez,Casademont Zaragoza,17,8.666666666666666,1211.0,502000.0,23.0
117,J. Rodríguez,Casademont Zaragoza,18,13.0,1534.6666666666667,542500.0,3.0
117,J. Rodríguez,Casademont Zaragoza,20,13.0,1523.5,519412.0,5.0
117,J. Rodríguez,Casademont Zaragoza,21,4.0,1365.5,504444.0,0.0
117,J. Rodríguez,Casademont Zaragoza,22,2.5,1082.0,477895.0,12.0
117,J. Rodríguez,Casademont Zaragoza,23,5.666666666666667,1111.6666666666667,484000.0,12.0
117,J. Rodríguez,Casademont Zaragoza,24,8.0,1098.3333333333333,495238.0,-4.0
117,J. Rodríguez,Casademont Zaragoza,25,6.666666666666667,1005.6666666666666,463636.0,6.0
117,J. Rodríguez,Casademont Zaragoza,26,4.666666666666667,1010.6666666666666,456522.0,10.0
117,J. Rodríguez,Casademont Zaragoza,27,4.0,1018.3333333333334,462500.0,18.0
117,J. Rodríguez,Casademont Zaragoza,29,14.0,1322.0,487200.0,13.0
117,J. Rodríguez,Casademont Zaragoza,30,15.5,1435.0,493462.0,21.0
117,J. Rodríguez,Casademont Zaragoza,32,17.0,1605.0,514074.0,4.0
117,J. Rodríguez,Casademont Zaragoza,33,12.5,1635.0,502857.0,2.0
117,J. Rodríguez,Casademont Zaragoza,34,3.0,1392.5,488966.0,6.0
118,D.J. Stephens,Casademont Zaragoza,3,5.0,1019.0,277725.0,4.0
118,D.J. Stephens,Casademont Zaragoza,4,4.666666666666667,1016.3333333333334,260000.0,7.0
118,D.J. Stephens,Casademont Zaragoza,13,6.0,926.5,248750.0,11.0
118,D.J. Stephens,Casademont Zaragoza,14,7.666666666666667,1023.6666666666666,282222.0,6.0
118,D.J. Stephens,Casademont Zaragoza,15,6.666666666666667,776.3333333333334,290000.0,12.0
118,D.J. Stephens,Casademont Zaragoza,16,9.666666666666666,885.0,329091.0,9.0
118,D.J. Stephens,Casademont Zaragoza,18,10.5,1150.5,339167.0,7.0
118,D.J. Stephens,Casademont Zaragoza,21,3.0,779.0,312143.0,4.0
118,D.J. Stephens,Casademont Zaragoza,22,1.5,882.5,304667.0,6.0
118,D.J. Stephens,Casademont Zaragoza,23,3.0,946.3333333333334,304375.0,13.0
118,D.J. Stephens,Casademont Zaragoza,24,7.666666666666667,1196.3333333333333,332353.0,4.0
120,D. Robinson,Casademont Zaragoza,3,9.0,1636.5,537625.0,19.0
120,D. Robinson,Casademont Zaragoza,4,12.333333333333334,1640.0,618269.0,36.0
120,D. Robinson,Casademont Zaragoza,5,19.333333333333332,1718.0,711009.0,2.0
120,D. Robinson,Casademont Zaragoza,6,19.0,1726.6666666666667,817660.0,18.0
120,D. Robinson,Casademont Zaragoza,7,18.666666666666668,1679.0,860000.0,9.0
120,D. Robinson,Casademont Zaragoza,8,9.666666666666666,1585.3333333333333,801429.0,4.0
120,D. Robinson,Casademont Zaragoza,9,10.333333333333334,1499.3333333333333,726250.0,14.0
120,D. Robinson,Casademont Zaragoza,11,9.0,1468.0,738889.0,25.0
120,D. Robinson,Casademont Zaragoza,12,19.5,1712.0,815000.0,16.0
120,D. Robinson,Casademont Zaragoza,13,20.5,1778.0,813636.0,7.0
120,D. Robinson,Casademont Zaragoza,14,16.0,1680.3333333333333,775000.0,13.0
120,D. Robinson,Casademont Zaragoza,15,12.0,1568.0,775385.0,22.0
120,D. Robinson,Casademont Zaragoza,16,14.0,1545.3333333333333,814286.0,10.0
120,D. Robinson,Casademont Zaragoza,17,15.0,1443.6666666666667,793333.0,23.0
120,D. Robinson,Casademont Zaragoza,18,18.333333333333332,1582.3333333333333,815625.0,24.0
120,D. Robinson,Casademont Zaragoza,20,23.5,1818.0,838235.0,22.0
120,D. Robinson,Casademont Zaragoza,21,23.0,1730.0,852778.0,20.0
120,D. Robinson,Casademont Zaragoza,22,21.0,1741.0,860526.0,17.0
120,D. Robinson,Casademont Zaragoza,23,19.666666666666668,1573.3333333333333,860000.0,18.0
120,D. Robinson,Casademont Zaragoza,24,18.333333333333332,1483.6666666666667,870476.0,6.0
120,D. Robinson,Casademont Zaragoza,25,13.666666666666666,1267.3333333333333,844545.0,8.0
120,D. Robinson,Casademont Zaragoza,26,10.666666666666666,1331.0,825217.0,35.0
120,D. Robinson,Casademont Zaragoza,27,16.333333333333332,1378.3333333333333,878333.0,9.0
120,D. Robinson,Casademont Zaragoza,29,22.0,1551.5,864800.0,5.0
120,D. Robinson,Casademont Zaragoza,30,7.0,1424.0,841154.0,22.0
120,D. Robinson,Casademont Zaragoza,32,13.5,1442.0,850741.0,8.0
120,D. Robinson,Casademont Zaragoza,33,15.0,1484.0,834643.0,27.0
120,D. Robinson,Casademont Zaragoza,34,17.5,1555.5,852414.0,18.0
121,S. Yusta,Casademont Zaragoza,3,23.5,1495.5,581900.0,18.0
121,S. Yusta,Casademont Zaragoza,4,21.666666666666668,1529.6666666666667,669185.0,20.0
121,S. Yusta,Casademont Zaragoza,5,22.0,1653.0,769563.0,31.0
121,S. Yusta,Casademont Zaragoza,6,23.0,1742.6666666666667,884997.0,26.0
121,S. Yusta,Casademont Zaragoza,7,25.666666666666668,1833.0,1017747.0,21.0
121,S. Yusta,Casademont Zaragoza,8,26.0,1819.3333333333333,1170409.0,19.0
121,S. Yusta,Casademont Zaragoza,9,22.0,1761.0,1186250.0,19.0
121,S. Yusta,Casademont Zaragoza,11,19.0,1685.5,1181111.0,20.0
121,S. Yusta,Casademont Zaragoza,12,19.5,1456.0,1183000.0,21.0
121,S. Yusta,Casademont Zaragoza,13,20.5,1345.0,1170909.0,4.0
121,S. Yusta,Casademont Zaragoza,14,15.0,1365.0,1090000.0,18.0
121,S. Yusta,Casademont Zaragoza,15,14.333333333333334,1437.6666666666667,1089231.0,20.0
121,S. Yusta,Casademont Zaragoza,16,14.0,1554.6666666666667,1097143.0,16.0
121,S. Yusta,Casademont Zaragoza,17,18.0,1677.3333333333333,1077333.0,30.0
121,S. Yusta,Casademont Zaragoza,18,22.0,1842.3333333333333,1103750.0,5.0
121,S. Yusta,Casademont Zaragoza,20,17.5,1646.5,1053529.0,8.0
121,S. Yusta,Casademont Zaragoza,21,6.5,1310.5,1017222.0,29.0
121,S. Yusta,Casademont Zaragoza,22,18.5,1695.0,1040000.0,11.0
121,S. Yusta,Casademont Zaragoza,23,16.0,1590.0,1015500.0,7.0
121,S. Yusta,Casademont Zaragoza,24,15.666666666666666,1552.0,987143.0,3.0
121,S. Yusta,Casademont Zaragoza,25,7.0,1291.6666666666667,949091.0,32.0
121,S. Yusta,Casademont Zaragoza,26,14.0,1481.0,977391.0,12.0
121,S. Yusta,Casademont Zaragoza,27,15.666666666666666,1548.0,966667.0,7.0
121,S. Yusta,Casademont Zaragoza,29,9.5,1590.5,944800.0,22.0
121,S. Yusta,Casademont Zaragoza,30,14.5,1778.0,950769.0,-3.0
121,S. Yusta,Casademont Zaragoza,32,9.5,1680.0,910000.0,6.0
121,S. Yusta,Casademont Zaragoza,33,1.5,1469.5,888214.0,14.0
121,S. Yusta,Casademont Zaragoza,34,10.0,1552.0,881724.0,12.0
122,M. González,Casademont Zaragoza,3,5.5,1083.5,310000.0,14.0
122,M. González,Casademont Zaragoza,4,8.333333333333334,1119.3333333333333,356500.0,1.0
122,M. González,Casademont Zaragoza,5,6.333333333333333,1095.0,345000.0,5.0
122,M. González,Casademont Zaragoza,6,6.666666666666667,1147.6666666666667,326000.0,0.0
122,M. González,Casademont Zaragoza,7,2.0,955.0,277100.0,0.0
122,M. González,Casademont Zaragoza,8,1.6666666666666667,1030.0,235535.0,4.0
122,M. González,Casademont Zaragoza,9,1.3333333333333333,953.6666666666666,228750.0,0.0
122,M. González,Casademont Zaragoza,11,2.0,895.0,203333.0,4.0
122,M. González,Casademont Zaragoza,12,2.0,1100.5,207000.0,5.0
122,M. González,Casademont Zaragoza,13,4.5,1417.0,210909.0,1.0
122,M. González,Casademont Zaragoza,14,3.3333333333333335,1155.0,197500.0,1.0
122,M. González,Casademont Zaragoza,15,2.3333333333333335,1225.6666666666667,186923.0,10.0
122,M. González,Casademont Zaragoza,16,4.0,1300.6666666666667,214961.0,3.0
122,M. González,Casademont Zaragoza,17,4.666666666666667,1332.0,212000.0,2.0
122,M. González,Casademont Zaragoza,18,5.0,1200.3333333333333,205000.0,14.0
122,M. González,Casademont Zaragoza,20,8.0,1459.5,234118.0,0.0
122,M. González,Casademont Zaragoza,21,7.0,1553.0,221111.0,1.0
122,M. González,Casademont Zaragoza,22,0.5,1037.5,212105.0,8.0
122,M. González,Casademont Zaragoza,23,3.0,1017.6666666666666,221500.0,12.0
122,M. González,Casademont Zaragoza,24,7.0,850.0,245238.0,12.0
122,M. González,Casademont Zaragoza,25,10.666666666666666,1021.0,261364.0,5.0
122,M. González,Casademont Zaragoza,26,9.666666666666666,1073.0,260870.0,3.0
122,M. González,Casademont Zaragoza,27,6.666666666666667,1164.6666666666667,257500.0,6.0
122,M. González,Casademont Zaragoza,29,4.5,1105.0,261600.0,5.0
122,M. González,Casademont Zaragoza,30,5.5,1177.0,261154.0,-1.0
122,M. González,Casademont Zaragoza,32,2.0,946.0,249630.0,2.0
122,M. González,Casademont Zaragoza,33,0.5,723.5,244286.0,3.0
122,M. González,Casademont Zaragoza,34,2.5,952.0,241034.0,2.0
124,J. Fernández,Casademont Zaragoza,6,3.5,779.5,146625.0,3.0
124,J. Fernández,Casademont Zaragoza,7,5.0,948.5,166667.0,2.0
124,J. Fernández,Casademont Zaragoza,9,2.5,521.5,150000.0,5.0
124,J. Fernández,Casademont Zaragoza,12,3.5,560.0,170000.0,0.0
124,J. Fernández,Casademont Zaragoza,13,1.0,426.5,145714.0,4.0
124,J. Fernández,Casademont Zaragoza,14,2.0,495.0,152500.0,3.0
124,J. Fernández,Casademont Zaragoza,15,2.3333333333333335,663.6666666666666,155556.0,4.0
124,J. Fernández,Casademont Zaragoza,16,3.6666666666666665,754.6666666666666,164000.0,-1.0
124,J. Fernández,Casademont Zaragoza,17,2.0,646.6666666666666,144545.0,3.0
124,J. Fernández,Casademont Zaragoza,18,2.0,656.0,145000.0,1.0
124,J. Fernández,Casademont Zaragoza,23,-1.0,529.0,112667.0,1.0
124,J. Fernández,Casademont Zaragoza,24,-0.3333333333333333,502.0,109375.0,7.0
124,J. Fernández,Casademont Zaragoza,25,3.0,741.6666666666666,123529.0,3.0
124,J. Fernández,Casademont Zaragoza,26,3.6666666666666665,780.0,125000.0,3.0
124,J. Fernández,Casademont Zaragoza,27,4.333333333333333,774.0,127895.0,1.0
124,J. Fernández,Casademont Zaragoza,29,2.0,459.5,124500.0,4.0
124,J. Fernández,Casademont Zaragoza,30,2.5,377.5,128095.0,7.0
124,J. Fernández,Casademont Zaragoza,32,5.5,580.5,138182.0,5.0
124,J. Fernández,Casademont Zaragoza,33,6.0,778.0,143043.0,0.0
124,J. Fernández,Casademont Zaragoza,34,2.5,438.5,137083.0,2.0
125,T. Abromaitis,La Laguna Tenerife,3,4.5,996.0,270000.0,1.0
125,T. Abromaitis,La Laguna Tenerife,4,3.3333333333333335,938.0,229500.0,4.0
125,T. Abromaitis,La Laguna Tenerife,5,3.0,816.6666666666666,210000.0,0.0
125,T. Abromaitis,La Laguna Tenerife,6,1.6666666666666667,865.0,178500.0,4.0
125,T. Abromaitis,La Laguna Tenerife,7,2.6666666666666665,811.3333333333334,180000.0,7.0
125,T. Abromaitis,La Laguna Tenerife,8,3.6666666666666665,945.3333333333334,204286.0,2.0
125,T. Abromaitis,La Laguna Tenerife,9,4.333333333333333,868.0,193750.0,-1.0
125,T. Abromaitis,La Laguna Tenerife,10,2.6666666666666665,852.6666666666666,166667.0,1.0
125,T. Abromaitis,La Laguna Tenerife,11,0.6666666666666666,774.3333333333334,156000.0,4.0
125,T. Abromaitis,La Laguna Tenerife,12,1.3333333333333333,739.3333333333334,163636.0,4.0
125,T. Abromaitis,La Laguna Tenerife,13,3.0,729.0,166667.0,7.0
125,T. Abromaitis,La Laguna Tenerife,14,5.0,812.3333333333334,186154.0,18.0
125,T. Abromaitis,La Laguna Tenerife,15,9.666666666666666,1018.6666666666666,214077.0,11.0
125,T. Abromaitis,La Laguna Tenerife,16,12.0,1190.0,246189.0,10.0
125,T. Abromaitis,La Laguna Tenerife,17,13.0,1393.0,273125.0,3.0
125,T. Abromaitis,La Laguna Tenerife,18,8.0,1276.0,267647.0,10.0
125,T. Abromaitis,La Laguna Tenerife,19,7.666666666666667,1453.6666666666667,286111.0,8.0
125,T. Abromaitis,La Laguna Tenerife,20,7.0,1143.0,292105.0,2.0
125,T. Abromaitis,La Laguna Tenerife,21,6.666666666666667,1047.6666666666667,283500.0,0.0
125,T. Abromaitis,La Laguna Tenerife,22,3.3333333333333335,960.3333333333334,270000.0,9.0
125,T. Abromaitis,La Laguna Tenerife,23,3.6666666666666665,971.6666666666666,282273.0,2.0
125,T. Abromaitis,La Laguna Tenerife,24,3.6666666666666665,962.0,275217.0,1.0
125,T. Abromaitis,La Laguna Tenerife,25,4.0,780.0,266250.0,23.0
125,T. Abromaitis,La Laguna Tenerife,26,8.666666666666666,881.3333333333334,301600.0,8.0
125,T. Abromaitis,La Laguna Tenerife,27,10.666666666666666,1107.3333333333333,308462.0,11.0
125,T. Abromaitis,La Laguna Tenerife,28,14.0,1184.6666666666667,321481.0,3.0
125,T. Abromaitis,La Laguna Tenerife,29,7.333333333333333,1222.3333333333333,315357.0,1.0
125,T. Abromaitis,La Laguna Tenerife,31,2.0,1035.0,306207.0,21.0
125,T. Abromaitis,La Laguna Tenerife,32,11.0,931.5,331000.0,19.0
125,T. Abromaitis,La Laguna Tenerife,33,20.0,1364.5,350968.0,31.0
125,T. Abromaitis,La Laguna Tenerife,34,23.666666666666668,1563.0,398125.0,13.0
126,T. Scrubb,La Laguna Tenerife,3,7.0,878.5,371450.0,8.0
126,T. Scrubb,La Laguna Tenerife,4,7.333333333333333,899.6666666666666,427168.0,12.0
126,T. Scrubb,La Laguna Tenerife,5,10.333333333333334,1079.0,491243.0,14.0
126,T. Scrubb,La Laguna Tenerife,6,11.333333333333334,1260.0,548000.0,16.0
126,T. Scrubb,La Laguna Tenerife,7,14.0,1498.6666666666667,616667.0,1.0
126,T. Scrubb,La Laguna Tenerife,8,10.333333333333334,1316.3333333333333,535714.0,-2.0
126,T. Scrubb,La Laguna Tenerife,9,5.0,870.0,456250.0,11.0
126,T. Scrubb,La Laguna Tenerife,10,3.3333333333333335,746.3333333333334,466667.0,11.0
126,T. Scrubb,La Laguna Tenerife,11,6.666666666666667,922.3333333333334,486000.0,13.0
126,T. Scrubb,La Laguna Tenerife,12,11.666666666666666,1206.6666666666667,512727.0,0.0
126,T. Scrubb,La Laguna Tenerife,13,8.0,1222.6666666666667,470000.0,11.0
126,T. Scrubb,La Laguna Tenerife,14,8.0,1198.6666666666667,484615.0,4.0
126,T. Scrubb,La Laguna Tenerife,15,5.0,1239.0,464286.0,5.0
126,T. Scrubb,La Laguna Tenerife,16,6.666666666666667,1093.6666666666667,450000.0,4.0
126,T. Scrubb,La Laguna Tenerife,17,4.333333333333333,967.6666666666666,434375.0,11.0
126,T. Scrubb,La Laguna Tenerife,18,6.666666666666667,932.0,447647.0,3.0
126,T. Scrubb,La Laguna Tenerife,19,6.0,1059.0,432778.0,7.0
126,T. Scrubb,La Laguna Tenerife,20,7.0,1249.6666666666667,428421.0,9.0
126,T. Scrubb,La Laguna Tenerife,21,6.333333333333333,1310.0,434000.0,0.0
126,T. Scrubb,La Laguna Tenerife,22,5.333333333333333,1124.6666666666667,413333.0,26.0
126,T. Scrubb,La Laguna Tenerife,23,11.666666666666666,1089.3333333333333,465455.0,8.0
126,T. Scrubb,La Laguna Tenerife,24,11.333333333333334,1047.0,466087.0,11.0
126,T. Scrubb,La Laguna Tenerife,25,15.0,1188.3333333333333,474167.0,15.0
126,T. Scrubb,La Laguna Tenerife,26,11.333333333333334,1319.0,485200.0,8.0
126,T. Scrubb,La Laguna Tenerife,27,11.333333333333334,1179.6666666666667,485000.0,7.0
126,T. Scrubb,La Laguna Tenerife,28,10.0,1058.6666666666667,482593.0,11.0
126,T. Scrubb,La Laguna Tenerife,29,8.666666666666666,756.3333333333334,485000.0,10.0
126,T. Scrubb,La Laguna Tenerife,31,10.5,1086.0,485517.0,7.0
126,T. Scrubb,La Laguna Tenerife,32,8.5,1276.0,481000.0,1.0
126,T. Scrubb,La Laguna Tenerife,33,4.0,1361.5,467097.0,10.0
126,T. Scrubb,La Laguna Tenerife,34,6.0,1344.6666666666667,471250.0,11.0
127,G. Shermadini,La Laguna Tenerife,3,34.0,1375.5,1058000.0,18.0
127,G. Shermadini,La Laguna Tenerife,4,28.666666666666668,1355.6666666666667,1216700.0,22.0
127,G. Shermadini,La Laguna Tenerife,5,23.333333333333332,1313.3333333333333,1399205.0,24.0
127,G. Shermadini,La Laguna Tenerife,6,21.333333333333332,1422.3333333333333,1536000.0,24.0
127,G. Shermadini,La Laguna Tenerife,7,23.333333333333332,1467.6666666666667,1520000.0,13.0
127,G. Shermadini,La Laguna Tenerife,8,20.333333333333332,1457.0,1395714.0,13.0
127,G. Shermadini,La Laguna Tenerife,9,16.666666666666668,1317.3333333333333,1318750.0,6.0
127,G. Shermadini,La Laguna Tenerife,10,10.666666666666666,1207.0,1205556.0,34.0
127,G. Shermadini,La Laguna Tenerife,11,17.666666666666668,1337.0,1289000.0,3.0
127,G. Shermadini,La Laguna Tenerife,12,14.333333333333334,1385.6666666666667,1188182.0,18.0
127,G. Shermadini,La Laguna Tenerife,13,18.333333333333332,1456.6666666666667,1164167.0,19.0
127,G. Shermadini,La Laguna Tenerife,14,13.333333333333334,1402.6666666666667,1162308.0,5.0
127,G. Shermadini,La Laguna Tenerife,15,14.0,1376.3333333333333,1097143.0,22.0
127,G. Shermadini,La Laguna Tenerife,16,15.333333333333334,1408.3333333333333,1097333.0,7.0
127,G. Shermadini,La Laguna Tenerife,17,11.333333333333334,1218.6666666666667,1050625.0,18.0
127,G. Shermadini,La Laguna Tenerife,18,15.666666666666666,1237.0,1052353.0,16.0
127,G. Shermadini,La Laguna Tenerife,19,13.666666666666666,1133.0,1047222.0,18.0
127,G. Shermadini,La Laguna Tenerife,20,17.333333333333332,1308.6666666666667,1039474.0,20.0
127,G. Shermadini,La Laguna Tenerife,21,18.0,1347.3333333333333,1047500.0,29.0
127,G. Shermadini,La Laguna Tenerife,23,24.5,1405.5,1066667.0,9.0
127,G. Shermadini,La Laguna Tenerife,24,19.0,1280.0,1042727.0,22.0
127,G. Shermadini,La Laguna Tenerife,26,15.5,1055.5,1054783.0,8.0
127,G. Shermadini,La Laguna Tenerife,27,15.0,863.0,1030833.0,24.0
127,G. Shermadini,La Laguna Tenerife,28,16.0,1186.0,1047200.0,19.0
127,G. Shermadini,La Laguna Tenerife,29,17.0,1287.3333333333333,1043462.0,26.0
127,G. Shermadini,La Laguna Tenerife,31,22.5,1632.5,1052963.0,19.0
127,G. Shermadini,La Laguna Tenerife,32,22.5,1513.5,1049286.0,1.0
128,R. Giedraitis,La Laguna Tenerife,3,11.5,1392.5,436425.0,23.0
128,R. Giedraitis,La Laguna Tenerife,4,15.333333333333334,1414.3333333333333,501889.0,6.0
128,R. Giedraitis,La Laguna Tenerife,5,11.666666666666666,1191.0,577172.0,-3.0
128,R. Giedraitis,La Laguna Tenerife,6,8.666666666666666,1014.0,594000.0,5.0
128,R. Giedraitis,La Laguna Tenerife,7,2.6666666666666665,841.0,545000.0,10.0
128,R. Giedraitis,La Laguna Tenerife,8,4.0,1094.3333333333333,538571.0,11.0
128,R. Giedraitis,La Laguna Tenerife,9,8.666666666666666,1292.3333333333333,553750.0,1.0
128,R. Giedraitis,La Laguna Tenerife,10,7.333333333333333,1375.6666666666667,497778.0,7.0
128,R. Giedraitis,La Laguna Tenerife,11,6.333333333333333,1021.3333333333334,490000.0,8.0
128,R. Giedraitis,La Laguna Tenerife,12,5.333333333333333,836.0,489091.0,10.0
128,R. Giedraitis,La Laguna Tenerife,13,8.333333333333334,794.6666666666666,490000.0,-3.0
128,R. Giedraitis,La Laguna Tenerife,14,5.0,907.0,440769.0,8.0
128,R. Giedraitis,La Laguna Tenerife,15,5.0,1003.6666666666666,437857.0,15.0
128,R. Giedraitis,La Laguna Tenerife,16,6.666666666666667,1046.6666666666667,458667.0,1.0
128,R. Giedraitis,La Laguna Tenerife,17,8.0,812.0,433125.0,10.0
128,R. Giedraitis,La Laguna Tenerife,18,8.666666666666666,915.0,442941.0,6.0
128,R. Giedraitis,La Laguna Tenerife,19,5.666666666666667,904.3333333333334,438333.0,5.0
128,R. Giedraitis,La Laguna Tenerife,20,7.0,1183.3333333333333,428421.0,-2.0
128,R. Giedraitis,La Laguna Tenerife,21,3.0,917.6666666666666,402000.0,14.0
128,R. Giedraitis,La Laguna Tenerife,22,5.666666666666667,1093.0,416190.0,12.0
128,R. Giedraitis,La Laguna Tenerife,23,8.0,1078.6666666666667,430000.0,11.0
128,R. Giedraitis,La Laguna Tenerife,24,12.333333333333334,1322.3333333333333,440000.0,9.0
128,R. Giedraitis,La Laguna Tenerife,25,10.666666666666666,1038.0,444167.0,4.0
128,R. Giedraitis,La Laguna Tenerife,26,8.0,1104.6666666666667,434400.0,25.0
128,R. Giedraitis,La Laguna Tenerife,27,12.666666666666666,1227.3333333333333,475385.0,11.0
128,R. Giedraitis,La Laguna Tenerife,28,13.333333333333334,1341.6666666666667,482222.0,2.0
128,R. Giedraitis,La Laguna Tenerife,29,12.666666666666666,1275.0,468571.0,6.0
129,M. Huertas,La Laguna Tenerife,3,15.0,1201.0,900000.0,20.0
129,M. Huertas,La Laguna Tenerife,4,16.666666666666668,1373.6666666666667,1000000.0,20.0
129,M. Huertas,La Laguna Tenerife,5,17.0,1455.3333333333333,1050000.0,20.0
129,M. Huertas,La Laguna Tenerife,6,20.0,1785.0,1040000.0,37.0
129,M. Huertas,La Laguna Tenerife,7,25.666666666666668,1788.3333333333333,1196000.0,7.0
129,M. Huertas,La Laguna Tenerife,8,21.333333333333332,1721.3333333333333,1110000.0,10.0
129,M. Huertas,La Laguna Tenerife,10,8.5,1359.5,1046250.0,13.0
129,M. Huertas,La Laguna Tenerife,11,11.5,1130.5,1016667.0,10.0
129,M. Huertas,La Laguna Tenerife,12,11.5,1335.5,975000.0,14.0
129,M. Huertas,La Laguna Tenerife,13,12.333333333333334,1340.3333333333333,950000.0,29.0
129,M. Huertas,La Laguna Tenerife,14,17.666666666666668,1577.6666666666667,1015833.0,6.0
129,M. Huertas,La Laguna Tenerife,15,16.333333333333332,1450.0,960769.0,16.0
129,M. Huertas,La Laguna Tenerife,16,17.0,1582.3333333333333,949286.0,16.0
129,M. Huertas,La Laguna Tenerife,17,12.666666666666666,1468.0,939333.0,13.0
129,M. Huertas,La Laguna Tenerife,18,15.0,1342.3333333333333,929375.0,23.0
129,M. Huertas,La Laguna Tenerife,23,8.5,1352.5,900526.0,15.0
129,M. Huertas,La Laguna Tenerife,24,10.666666666666666,1334.0,900500.0,23.0
129,M. Huertas,La Laguna Tenerife,25,13.0,1252.0,923333.0,26.0
129,M. Huertas,La Laguna Tenerife,26,21.333333333333332,1502.3333333333333,940455.0,26.0
129,M. Huertas,La Laguna Tenerife,27,25.0,1611.3333333333333,967391.0,25.0
129,M. Huertas,La Laguna Tenerife,28,25.666666666666668,1721.0,989583.0,10.0
129,M. Huertas,La Laguna Tenerife,29,20.333333333333332,1564.0,970000.0,21.0
129,M. Huertas,La Laguna Tenerife,31,15.5,1492.0,973077.0,0.0
129,M. Huertas,La Laguna Tenerife,32,10.5,812.0,937037.0,20.0
129,M. Huertas,La Laguna Tenerife,34,10.0,582.0,939286.0,3.0
130,B. Fitipaldo,La Laguna Tenerife,3,8.5,1506.5,510000.0,3.0
130,B. Fitipaldo,La Laguna Tenerife,4,6.666666666666667,1292.3333333333333,433500.0,3.0
130,B. Fitipaldo,La Laguna Tenerife,5,4.666666666666667,1172.6666666666667,368475.0,1.0
130,B. Fitipaldo,La Laguna Tenerife,6,2.3333333333333335,1060.0,313204.0,12.0
130,B. Fitipaldo,La Laguna Tenerife,7,5.333333333333333,1147.3333333333333,358333.0,2.0
130,B. Fitipaldo,La Laguna Tenerife,8,5.0,1189.6666666666667,321429.0,1.0
130,B. Fitipaldo,La Laguna Tenerife,9,5.0,1354.0,288750.0,5.0
130,B. Fitipaldo,La Laguna Tenerife,10,2.6666666666666665,1534.6666666666667,284444.0,17.0
130,B. Fitipaldo,La Laguna Tenerife,11,7.666666666666667,1715.0,327111.0,14.0
130,B. Fitipaldo,La Laguna Tenerife,12,12.0,1608.3333333333333,376178.0,-3.0
130,B. Fitipaldo,La Laguna Tenerife,13,9.333333333333334,1329.3333333333333,355833.0,4.0
130,B. Fitipaldo,La Laguna Tenerife,14,5.0,1162.0,346923.0,-4.0
130,B. Fitipaldo,La Laguna Tenerife,15,-1.0,1114.0,307857.0,1.0
130,B. Fitipaldo,La Laguna Tenerife,16,0.3333333333333333,1313.3333333333333,290667.0,7.0
130,B. Fitipaldo,La Laguna Tenerife,17,1.3333333333333333,1238.6666666666667,294375.0,0.0
130,B. Fitipaldo,La Laguna Tenerife,18,2.6666666666666665,1206.6666666666667,277059.0,10.0
130,B. Fitipaldo,La Laguna Tenerife,19,5.666666666666667,1247.3333333333333,295000.0,1.0
130,B. Fitipaldo,La Laguna Tenerife,20,3.6666666666666665,1278.6666666666667,282105.0,31.0
130,B. Fitipaldo,La Laguna Tenerife,21,14.0,1457.6666666666667,324421.0,4.0
130,B. Fitipaldo,La Laguna Tenerife,22,12.0,1312.0,353333.0,3.0
130,B. Fitipaldo,La Laguna Tenerife,23,12.666666666666666,1243.3333333333333,345455.0,-1.0
130,B. Fitipaldo,La Laguna Tenerife,24,2.0,1055.6666666666667,328261.0,17.0
130,B. Fitipaldo,La Laguna Tenerife,25,6.333333333333333,1139.3333333333333,357083.0,4.0
130,B. Fitipaldo,La Laguna Tenerife,26,6.666666666666667,1118.3333333333333,350800.0,11.0
130,B. Fitipaldo,La Laguna Tenerife,27,10.666666666666666,1117.0,362692.0,1.0
130,B. Fitipaldo,La Laguna Tenerife,28,5.333333333333333,963.0,351481.0,-3.0
130,B. Fitipaldo,La Laguna Tenerife,29,3.0,939.6666666666666,333571.0,5.0
130,B. Fitipaldo,La Laguna Tenerife,31,1.0,936.5,330690.0,2.0
130,B. Fitipaldo,La Laguna Tenerife,32,3.5,1133.5,323000.0,22.0
130,B. Fitipaldo,La Laguna Tenerife,33,12.0,1333.5,348065.0,15.0
131,A. Doornekamp,La Laguna Tenerife,3,7.5,1257.5,332350.0,14.0
131,A. Doornekamp,La Laguna Tenerife,4,9.666666666666666,1368.6666666666667,382203.0,11.0
131,A. Doornekamp,La Laguna Tenerife,5,12.333333333333334,1385.0,439533.0,4.0
131,A. Doornekamp,La Laguna Tenerife,6,9.666666666666666,1440.6666666666667,505463.0,1.0
131,A. Doornekamp,La Laguna Tenerife,7,5.333333333333333,1329.0,443333.0,6.0
131,A. Doornekamp,La Laguna Tenerife,8,3.6666666666666665,1305.6666666666667,422857.0,12.0
131,A. Doornekamp,La Laguna Tenerife,9,6.333333333333333,1374.3333333333333,460000.0,10.0
131,A. Doornekamp,La Laguna Tenerife,10,9.333333333333334,1381.6666666666667,464444.0,22.0
131,A. Doornekamp,La Laguna Tenerife,11,14.666666666666666,1446.6666666666667,534111.0,12.0
131,A. Doornekamp,La Laguna Tenerife,12,14.666666666666666,1388.0,565455.0,12.0
131,A. Doornekamp,La Laguna Tenerife,13,15.333333333333334,1600.3333333333333,568333.0,6.0
131,A. Doornekamp,La Laguna Tenerife,14,10.0,1589.0,552308.0,3.0
131,A. Doornekamp,La Laguna Tenerife,15,7.0,1613.3333333333333,523571.0,7.0
131,A. Doornekamp,La Laguna Tenerife,16,5.333333333333333,1490.3333333333333,512000.0,-3.0
131,A. Doornekamp,La Laguna Tenerife,17,2.3333333333333335,1237.3333333333333,470625.0,12.0
131,A. Doornekamp,La Laguna Tenerife,18,5.333333333333333,1227.6666666666667,485294.0,2.0
131,A. Doornekamp,La Laguna Tenerife,19,3.6666666666666665,1004.3333333333334,465000.0,3.0
131,A. Doornekamp,La Laguna Tenerife,20,5.666666666666667,1309.6666666666667,448421.0,18.0
131,A. Doornekamp,La Laguna Tenerife,21,7.666666666666667,1482.3333333333333,480000.0,-2.0
131,A. Doornekamp,La Laguna Tenerife,22,6.333333333333333,1546.3333333333333,452381.0,10.0
131,A. Doornekamp,La Laguna Tenerife,23,8.666666666666666,1504.0,459091.0,13.0
131,A. Doornekamp,La Laguna Tenerife,24,7.0,1336.3333333333333,473043.0,3.0
131,A. Doornekamp,La Laguna Tenerife,25,8.666666666666666,1389.0,460833.0,2.0
131,A. Doornekamp,La Laguna Tenerife,26,6.0,1339.6666666666667,446400.0,8.0
131,A. Doornekamp,La Laguna Tenerife,27,4.333333333333333,1278.3333333333333,447692.0,0.0
131,A. Doornekamp,La Laguna Tenerife,28,3.3333333333333335,1278.3333333333333,431111.0,8.0
131,A. Doornekamp,La Laguna Tenerife,29,5.333333333333333,1249.0,430000.0,12.0
131,A. Doornekamp,La Laguna Tenerife,31,10.0,1556.0,435862.0,3.0
132,W. Van Beck,La Laguna Tenerife,8,3.0,514.5,260100.0,-1.0
132,W. Van Beck,La Laguna Tenerife,9,1.6666666666666667,407.6666666666667,221085.0,17.0
132,W. Van Beck,La Laguna Tenerife,10,7.666666666666667,816.6666666666666,254248.0,-5.0
132,W. Van Beck,La Laguna Tenerife,11,3.6666666666666665,655.3333333333334,216111.0,27.0
132,W. Van Beck,La Laguna Tenerife,12,13.0,1009.3333333333334,248528.0,3.0
132,W. Van Beck,La Laguna Tenerife,13,8.333333333333334,691.6666666666666,285807.0,2.0
132,W. Van Beck,La Laguna Tenerife,14,10.666666666666666,801.3333333333334,328678.0,11.0
132,W. Van Beck,La Laguna Tenerife,15,5.333333333333333,786.0,365000.0,9.0
132,W. Van Beck,La Laguna Tenerife,16,7.333333333333333,891.3333333333334,372727.0,-2.0
132,W. Van Beck,La Laguna Tenerife,17,6.0,976.0,333333.0,10.0
132,W. Van Beck,La Laguna Tenerife,18,5.666666666666667,903.3333333333334,353846.0,5.0
132,W. Van Beck,La Laguna Tenerife,19,4.333333333333333,890.6666666666666,350000.0,27.0
132,W. Van Beck,La Laguna Tenerife,20,14.0,1213.6666666666667,402500.0,7.0
132,W. Van Beck,La Laguna Tenerife,21,13.0,1231.3333333333333,416875.0,2.0
132,W. Van Beck,La Laguna Tenerife,22,12.0,1157.6666666666667,398235.0,8.0
132,W. Van Beck,La Laguna Tenerife,33,0.5,930.5,340476.0,26.0
132,W. Van Beck,La Laguna Tenerife,34,9.0,1087.0,391547.0,7.0
133,L. Costa,Coviran Granada,6,12.5,1312.5,168619.0,5.0
133,L. Costa,Coviran Granada,7,10.0,1318.3333333333333,193912.0,10.0
133,L. Costa,Coviran Granada,8,11.333333333333334,1374.0,222999.0,20.0
133,L. Costa,Coviran Granada,9,11.666666666666666,1473.0,256449.0,20.0
133,L. Costa,Coviran Granada,10,16.666666666666668,1584.3333333333333,294916.0,6.0
133,L. Costa,Coviran Granada,11,15.333333333333334,1579.0,339153.0,12.0
133,L. Costa,Coviran Granada,12,12.666666666666666,1504.6666666666667,390026.0,10.0
133,L. Costa,Coviran Granada,13,9.333333333333334,1439.0,448530.0,4.0
133,L. Costa,Coviran Granada,14,8.666666666666666,1464.6666666666667,515810.0,21.0
133,L. Costa,Coviran Granada,15,11.666666666666666,1584.0,563333.0,4.0
133,L. Costa,Coviran Granada,16,9.666666666666666,1668.0,535385.0,16.0
133,L. Costa,Coviran Granada,17,13.666666666666666,1645.0,554286.0,1.0
133,L. Costa,Coviran Granada,23,16.0,1414.0,564706.0,-1.0
133,L. Costa,Coviran Granada,24,10.333333333333334,1476.0,530556.0,11.0
133,L. Costa,Coviran Granada,25,9.666666666666666,1438.0,537368.0,0.0
133,L. Costa,Coviran Granada,26,3.3333333333333335,1485.6666666666667,510500.0,-3.0
133,L. Costa,Coviran Granada,27,2.6666666666666665,1457.6666666666667,479048.0,6.0
133,L. Costa,Coviran Granada,28,1.0,1513.6666666666667,473636.0,25.0
133,L. Costa,Coviran Granada,29,9.333333333333334,1522.3333333333333,518261.0,11.0
133,L. Costa,Coviran Granada,30,14.0,1514.6666666666667,519583.0,7.0
133,L. Costa,Coviran Granada,31,14.333333333333334,1442.3333333333333,515600.0,5.0
133,L. Costa,Coviran Granada,32,7.666666666666667,1470.3333333333333,505385.0,4.0
133,L. Costa,Coviran Granada,33,5.333333333333333,1474.3333333333333,494074.0,17.0
133,L. Costa,Coviran Granada,34,8.666666666666666,1537.3333333333333,506786.0,12.0
134,K. Kostadinov,MoraBanc Andorra,13,6.5,1043.0,109106.0,-1.0
134,K. Kostadinov,MoraBanc Andorra,14,4.0,1124.0,125472.0,7.0
134,K. Kostadinov,MoraBanc Andorra,15,5.0,1135.0,144293.0,6.0
134,K. Kostadinov,MoraBanc Andorra,16,4.0,1244.3333333333333,165937.0,-5.0
134,K. Kostadinov,MoraBanc Andorra,17,2.6666666666666665,1064.6666666666667,141046.0,-1.0
134,K. Kostadinov,MoraBanc Andorra,18,0.0,821.0,119889.0,0.0
134,K. Kostadinov,MoraBanc Andorra,20,-0.5,598.5,106667.0,0.0
134,K. Kostadinov,MoraBanc Andorra,21,0.0,809.0,98462.0,9.0
134,K. Kostadinov,MoraBanc Andorra,22,4.5,829.0,113231.0,-1.0
134,K. Kostadinov,MoraBanc Andorra,23,2.6666666666666665,826.0,118000.0,4.0
134,K. Kostadinov,MoraBanc Andorra,24,4.0,807.3333333333334,123125.0,8.0
134,K. Kostadinov,MoraBanc Andorra,25,3.6666666666666665,682.3333333333334,139412.0,2.0
134,K. Kostadinov,MoraBanc Andorra,26,4.666666666666667,521.3333333333334,137222.0,5.0
134,K. Kostadinov,MoraBanc Andorra,27,5.0,546.0,145789.0,4.0
134,K. Kostadinov,MoraBanc Andorra,28,3.6666666666666665,585.0,148500.0,1.0
134,K. Kostadinov,MoraBanc Andorra,29,3.3333333333333335,905.0,143810.0,16.0
134,K. Kostadinov,MoraBanc Andorra,30,7.0,954.0,165382.0,-3.0
134,K. Kostadinov,MoraBanc Andorra,31,4.666666666666667,955.6666666666666,166522.0,10.0
134,K. Kostadinov,MoraBanc Andorra,32,7.666666666666667,781.6666666666666,180417.0,9.0
134,K. Kostadinov,MoraBanc Andorra,33,5.333333333333333,784.6666666666666,191200.0,7.0
134,K. Kostadinov,MoraBanc Andorra,34,8.666666666666666,835.6666666666666,200000.0,16.0
135,J. Sastre,La Laguna Tenerife,3,1.0,967.0,144500.0,6.0
135,J. Sastre,La Laguna Tenerife,4,2.6666666666666665,996.3333333333334,160000.0,12.0
135,J. Sastre,La Laguna Tenerife,5,6.0,1231.6666666666667,184000.0,6.0
135,J. Sastre,La Laguna Tenerife,6,8.0,1150.0,211600.0,12.0
135,J. Sastre,La Laguna Tenerife,7,10.0,1289.6666666666667,243340.0,1.0
135,J. Sastre,La Laguna Tenerife,8,6.333333333333333,912.0,279841.0,9.0
135,J. Sastre,La Laguna Tenerife,10,5.0,997.5,321817.0,3.0
135,J. Sastre,La Laguna Tenerife,11,6.0,1245.0,332222.0,13.0
135,J. Sastre,La Laguna Tenerife,12,8.0,1066.5,377000.0,-3.0
135,J. Sastre,La Laguna Tenerife,19,2.0,745.5,295385.0,-2.0
135,J. Sastre,La Laguna Tenerife,20,0.0,320.0,267143.0,-2.0
135,J. Sastre,La Laguna Tenerife,26,2.0,347.0,227059.0,7.0
135,J. Sastre,La Laguna Tenerife,27,3.6666666666666665,476.6666666666667,237778.0,2.0
135,J. Sastre,La Laguna Tenerife,28,3.6666666666666665,507.0,231579.0,-2.0
135,J. Sastre,La Laguna Tenerife,29,2.3333333333333335,571.0,215000.0,-3.0
135,J. Sastre,La Laguna Tenerife,31,-2.5,643.5,197619.0,3.0
135,J. Sastre,La Laguna Tenerife,32,0.0,1017.0,195455.0,0.0
135,J. Sastre,La Laguna Tenerife,34,1.5,750.0,186957.0,-2.0
136,J. Fernández,La Laguna Tenerife,3,25.0,1153.0,330625.0,12.0
136,J. Fernández,La Laguna Tenerife,4,20.666666666666668,1156.6666666666667,380219.0,10.0
136,J. Fernández,La Laguna Tenerife,5,17.0,1053.0,437252.0,0.0
136,J. Fernández,La Laguna Tenerife,6,7.333333333333333,984.3333333333334,502840.0,6.0
136,J. Fernández,La Laguna Tenerife,7,5.333333333333333,776.0,578266.0,3.0
136,J. Fernández,La Laguna Tenerife,8,3.0,790.6666666666666,665006.0,19.0
136,J. Fernández,La Laguna Tenerife,9,9.333333333333334,820.3333333333334,746250.0,8.0
136,J. Fernández,La Laguna Tenerife,10,10.0,980.3333333333334,707778.0,16.0
136,J. Fernández,La Laguna Tenerife,12,12.0,1191.0,733000.0,8.0
136,J. Fernández,La Laguna Tenerife,13,12.0,1160.5,702727.0,2.0
136,J. Fernández,La Laguna Tenerife,14,5.0,1052.5,654167.0,8.0
136,J. Fernández,La Laguna Tenerife,15,6.0,1107.3333333333333,634615.0,3.0
136,J. Fernández,La Laguna Tenerife,16,4.333333333333333,1058.0,600000.0,18.0
136,J. Fernández,La Laguna Tenerife,17,9.666666666666666,1198.6666666666667,620000.0,11.0
136,J. Fernández,La Laguna Tenerife,18,10.666666666666666,1299.0,622500.0,12.0
136,J. Fernández,La Laguna Tenerife,19,13.666666666666666,1333.6666666666667,628235.0,14.0
136,J. Fernández,La Laguna Tenerife,20,12.333333333333334,1231.6666666666667,632222.0,9.0
136,J. Fernández,La Laguna Tenerife,21,11.666666666666666,1079.0,627368.0,16.0
136,J. Fernández,La Laguna Tenerife,22,13.0,1308.3333333333333,636000.0,11.0
136,J. Fernández,La Laguna Tenerife,23,12.0,1360.0,637143.0,21.0
136,J. Fernández,La Laguna Tenerife,24,16.0,1373.0,665455.0,20.0
136,J. Fernández,La Laguna Tenerife,25,17.333333333333332,1301.6666666666667,688696.0,2.0
136,J. Fernández,La Laguna Tenerife,26,14.333333333333334,1093.0,664167.0,6.0
136,J. Fernández,La Laguna Tenerife,27,9.333333333333334,1136.3333333333333,652000.0,5.0
136,J. Fernández,La Laguna Tenerife,28,4.333333333333333,959.6666666666666,638462.0,12.0
136,J. Fernández,La Laguna Tenerife,33,8.5,967.0,622414.0,5.0
136,J. Fernández,La Laguna Tenerife,34,7.333333333333333,972.0,611667.0,19.0
137,H. Alderete,La Laguna Tenerife,12,2.0,273.0,110542.0,0.0
137,H. Alderete,La Laguna Tenerife,24,1.0,668.5,49048.0,5.0
137,H. Alderete,La Laguna Tenerife,25,2.3333333333333335,656.3333333333334,56405.0,0.0
137,H. Alderete,La Laguna Tenerife,26,2.3333333333333335,530.3333333333334,62000.0,0.0
137,H. Alderete,La Laguna Tenerife,27,1.6666666666666667,426.6666666666667,56364.0,-1.0
137,H. Alderete,La Laguna Tenerife,29,-0.5,165.5,47909.0,1.0
137,H. Alderete,La Laguna Tenerife,32,1.5,621.5,51429.0,-4.0
137,H. Alderete,La Laguna Tenerife,33,-1.0,593.5,43715.0,8.0
137,H. Alderete,La Laguna Tenerife,34,2.0,935.3333333333334,50272.0,-4.0
138,F. Guerra,La Laguna Tenerife,3,4.5,671.5,426275.0,14.0
138,F. Guerra,La Laguna Tenerife,4,7.666666666666667,804.0,460000.0,11.0
138,F. Guerra,La Laguna Tenerife,5,8.666666666666666,919.3333333333334,510000.0,19.0
138,F. Guerra,La Laguna Tenerife,6,14.666666666666666,968.3333333333334,586500.0,9.0
138,F. Guerra,La Laguna Tenerife,7,13.0,890.3333333333334,588333.0,15.0
138,F. Guerra,La Laguna Tenerife,8,14.333333333333334,889.0,611429.0,13.0
138,F. Guerra,La Laguna Tenerife,9,12.333333333333334,985.6666666666666,632500.0,10.0
138,F. Guerra,La Laguna Tenerife,10,12.666666666666666,1133.0,617778.0,-2.0
138,F. Guerra,La Laguna Tenerife,11,7.0,999.0,546000.0,6.0
138,F. Guerra,La Laguna Tenerife,12,4.666666666666667,989.0,529091.0,2.0
138,F. Guerra,La Laguna Tenerife,13,2.0,868.3333333333334,493333.0,8.0
138,F. Guerra,La Laguna Tenerife,14,5.333333333333333,936.0,492308.0,3.0
138,F. Guerra,La Laguna Tenerife,15,4.333333333333333,886.6666666666666,467857.0,9.0
138,F. Guerra,La Laguna Tenerife,16,6.666666666666667,905.0,466667.0,15.0
138,F. Guerra,La Laguna Tenerife,17,9.0,1078.6666666666667,484375.0,10.0
138,F. Guerra,La Laguna Tenerife,18,11.333333333333334,1143.0,491176.0,6.0
138,F. Guerra,La Laguna Tenerife,19,10.333333333333334,1039.0,483889.0,6.0
138,F. Guerra,La Laguna Tenerife,20,7.333333333333333,865.6666666666666,474211.0,11.0
138,F. Guerra,La Laguna Tenerife,21,7.666666666666667,814.3333333333334,483500.0,2.0
138,F. Guerra,La Laguna Tenerife,22,6.333333333333333,908.0,465238.0,21.0
138,F. Guerra,La Laguna Tenerife,23,11.333333333333334,1131.3333333333333,501364.0,9.0
138,F. Guerra,La Laguna Tenerife,24,10.666666666666666,1172.0,503043.0,8.0
138,F. Guerra,La Laguna Tenerife,25,12.666666666666666,1240.3333333333333,502083.0,7.0
138,F. Guerra,La Laguna Tenerife,26,8.0,1171.3333333333333,496000.0,15.0
138,F. Guerra,La Laguna Tenerife,27,10.0,1238.6666666666667,511538.0,0.0
138,F. Guerra,La Laguna Tenerife,28,7.333333333333333,1090.6666666666667,492593.0,6.0
138,F. Guerra,La Laguna Tenerife,33,10.0,1123.0,486667.0,2.0
138,F. Guerra,La Laguna Tenerife,34,7.333333333333333,995.0,474839.0,8.0
139,K. Kuath,Dreamland Gran Canaria,3,6.0,634.5,425000.0,1.0
139,K. Kuath,Dreamland Gran Canaria,4,4.333333333333333,577.3333333333334,361250.0,7.0
139,K. Kuath,Dreamland Gran Canaria,5,3.3333333333333335,598.6666666666666,307062.0,17.0
139,K. Kuath,Dreamland Gran Canaria,6,8.333333333333334,807.0,353121.0,9.0
139,K. Kuath,Dreamland Gran Canaria,7,11.0,893.0,406089.0,2.0
139,K. Kuath,Dreamland Gran Canaria,8,9.333333333333334,696.3333333333334,381429.0,10.0
139,K. Kuath,Dreamland Gran Canaria,9,7.0,711.6666666666666,396250.0,-5.0
139,K. Kuath,Dreamland Gran Canaria,11,2.5,878.0,336812.0,14.0
139,K. Kuath,Dreamland Gran Canaria,12,4.5,814.0,376000.0,-2.0
139,K. Kuath,Dreamland Gran Canaria,13,6.0,844.0,332727.0,23.0
139,K. Kuath,Dreamland Gran Canaria,14,11.666666666666666,884.0,382636.0,4.0
139,K. Kuath,Dreamland Gran Canaria,15,8.333333333333334,754.6666666666666,388462.0,13.0
139,K. Kuath,Dreamland Gran Canaria,16,13.333333333333334,755.3333333333334,407143.0,4.0
139,K. Kuath,Dreamland Gran Canaria,17,7.0,694.3333333333334,393333.0,6.0
139,K. Kuath,Dreamland Gran Canaria,18,7.666666666666667,818.6666666666666,387500.0,2.0
139,K. Kuath,Dreamland Gran Canaria,20,4.0,746.5,370588.0,35.0
139,K. Kuath,Dreamland Gran Canaria,21,18.5,1146.5,426176.0,6.0
139,K. Kuath,Dreamland Gran Canaria,22,20.5,1198.0,457895.0,10.0
139,K. Kuath,Dreamland Gran Canaria,23,17.0,1096.3333333333333,460000.0,16.0
139,K. Kuath,Dreamland Gran Canaria,24,10.666666666666666,1099.3333333333333,476190.0,5.0
139,K. Kuath,Dreamland Gran Canaria,25,10.333333333333334,1282.3333333333333,465909.0,0.0
139,K. Kuath,Dreamland Gran Canaria,26,7.0,1170.3333333333333,445652.0,5.0
139,K. Kuath,Dreamland Gran Canaria,27,3.3333333333333335,817.3333333333334,437500.0,3.0
139,K. Kuath,Dreamland Gran Canaria,28,2.6666666666666665,508.0,426000.0,1.0
140,I. Wong,Dreamland Gran Canaria,3,3.5,1006.5,216750.0,22.0
140,I. Wong,Dreamland Gran Canaria,4,9.666666666666666,1144.6666666666667,249263.0,15.0
140,I. Wong,Dreamland Gran Canaria,5,13.0,1400.0,286652.0,-1.0
140,I. Wong,Dreamland Gran Canaria,6,12.0,1368.6666666666667,329650.0,21.0
140,I. Wong,Dreamland Gran Canaria,7,11.666666666666666,1195.3333333333333,379098.0,19.0
140,I. Wong,Dreamland Gran Canaria,8,13.0,1130.3333333333333,435963.0,5.0
140,I. Wong,Dreamland Gran Canaria,9,15.0,1216.3333333333333,501357.0,5.0
140,I. Wong,Dreamland Gran Canaria,11,5.0,1208.5,564444.0,15.0
140,I. Wong,Dreamland Gran Canaria,12,10.0,1177.5,598000.0,14.0
140,I. Wong,Dreamland Gran Canaria,13,14.5,1156.0,620000.0,19.0
140,I. Wong,Dreamland Gran Canaria,14,16.0,1306.3333333333333,647500.0,6.0
140,I. Wong,Dreamland Gran Canaria,15,13.0,1402.3333333333333,625385.0,2.0
140,I. Wong,Dreamland Gran Canaria,16,9.0,1368.0,587857.0,-4.0
140,I. Wong,Dreamland Gran Canaria,17,1.3333333333333333,1147.6666666666667,535333.0,20.0
140,I. Wong,Dreamland Gran Canaria,18,6.0,1084.3333333333333,564375.0,20.0
140,I. Wong,Dreamland Gran Canaria,20,20.0,1207.0,590000.0,8.0
140,I. Wong,Dreamland Gran Canaria,21,14.0,924.5,583889.0,15.0
140,I. Wong,Dreamland Gran Canaria,22,11.5,1042.0,592632.0,6.0
140,I. Wong,Dreamland Gran Canaria,23,9.666666666666666,1196.6666666666667,578000.0,9.0
140,I. Wong,Dreamland Gran Canaria,24,10.0,1402.0,571905.0,19.0
140,I. Wong,Dreamland Gran Canaria,25,11.333333333333334,1547.0,589091.0,18.0
140,I. Wong,Dreamland Gran Canaria,26,15.333333333333334,1432.6666666666667,602609.0,13.0
140,I. Wong,Dreamland Gran Canaria,27,16.666666666666668,1445.6666666666667,604583.0,3.0
140,I. Wong,Dreamland Gran Canaria,28,11.333333333333334,1302.0,586400.0,30.0
140,I. Wong,Dreamland Gran Canaria,29,15.333333333333334,1352.6666666666667,633077.0,6.0
140,I. Wong,Dreamland Gran Canaria,31,18.0,1263.0,620741.0,29.0
140,I. Wong,Dreamland Gran Canaria,32,17.5,1408.5,660714.0,15.0
140,I. Wong,Dreamland Gran Canaria,33,22.0,1717.0,663793.0,13.0
140,I. Wong,Dreamland Gran Canaria,34,19.0,1636.0,663333.0,7.0
141,P. Pelos,Dreamland Gran Canaria,3,7.5,998.5,375000.0,12.0
141,P. Pelos,Dreamland Gran Canaria,4,9.0,1009.0,431250.0,11.0
141,P. Pelos,Dreamland Gran Canaria,5,7.333333333333333,970.3333333333334,495938.0,9.0
141,P. Pelos,Dreamland Gran Canaria,6,10.666666666666666,1054.6666666666667,512000.0,3.0
141,P. Pelos,Dreamland Gran Canaria,7,7.666666666666667,1117.6666666666667,456667.0,11.0
141,P. Pelos,Dreamland Gran Canaria,8,7.666666666666667,1210.6666666666667,470000.0,7.0
141,P. Pelos,Dreamland Gran Canaria,9,7.0,1199.6666666666667,455000.0,5.0
141,P. Pelos,Dreamland Gran Canaria,11,6.0,1080.5,432222.0,3.0
141,P. Pelos,Dreamland Gran Canaria,12,4.0,819.0,407000.0,11.0
141,P. Pelos,Dreamland Gran Canaria,13,7.0,1097.0,430000.0,9.0
141,P. Pelos,Dreamland Gran Canaria,14,7.666666666666667,1186.6666666666667,431667.0,11.0
141,P. Pelos,Dreamland Gran Canaria,15,10.333333333333334,1387.0,449231.0,14.0
141,P. Pelos,Dreamland Gran Canaria,16,11.333333333333334,1213.0,467143.0,17.0
141,P. Pelos,Dreamland Gran Canaria,17,14.0,1250.3333333333333,492667.0,13.0
141,P. Pelos,Dreamland Gran Canaria,18,14.666666666666666,1408.3333333333333,502500.0,2.0
141,P. Pelos,Dreamland Gran Canaria,20,7.5,1361.5,478824.0,14.0
141,P. Pelos,Dreamland Gran Canaria,21,8.0,1341.5,498889.0,16.0
141,P. Pelos,Dreamland Gran Canaria,22,15.0,1656.5,514737.0,14.0
141,P. Pelos,Dreamland Gran Canaria,23,14.666666666666666,1690.6666666666667,524000.0,2.0
141,P. Pelos,Dreamland Gran Canaria,24,10.666666666666666,1478.6666666666667,503810.0,22.0
141,P. Pelos,Dreamland Gran Canaria,25,12.666666666666666,1395.3333333333333,530909.0,10.0
141,P. Pelos,Dreamland Gran Canaria,26,11.333333333333334,1289.6666666666667,529565.0,11.0
141,P. Pelos,Dreamland Gran Canaria,27,14.333333333333334,1328.6666666666667,530417.0,8.0
141,P. Pelos,Dreamland Gran Canaria,28,9.666666666666666,1233.0,525200.0,14.0
141,P. Pelos,Dreamland Gran Canaria,29,11.0,1168.6666666666667,537308.0,4.0
141,P. Pelos,Dreamland Gran Canaria,31,9.0,1242.5,524815.0,10.0
141,P. Pelos,Dreamland Gran Canaria,32,7.0,1373.0,527500.0,26.0
141,P. Pelos,Dreamland Gran Canaria,33,18.0,1489.0,554138.0,11.0
141,P. Pelos,Dreamland Gran Canaria,34,15.666666666666666,1411.0,554000.0,11.0
142,N. Brussino,Dreamland Gran Canaria,3,4.0,1503.5,447950.0,16.0
142,N. Brussino,Dreamland Gran Canaria,4,8.0,1541.3333333333333,453333.0,22.0
142,N. Brussino,Dreamland Gran Canaria,5,16.0,1719.3333333333333,521333.0,12.0
142,N. Brussino,Dreamland Gran Canaria,6,16.666666666666668,1574.6666666666667,599533.0,24.0
142,N. Brussino,Dreamland Gran Canaria,7,19.333333333333332,1655.6666666666667,689463.0,9.0
142,N. Brussino,Dreamland Gran Canaria,8,15.0,1657.0,724286.0,15.0
142,N. Brussino,Dreamland Gran Canaria,9,16.0,1747.0,727500.0,15.0
142,N. Brussino,Dreamland Gran Canaria,11,15.0,1547.5,730000.0,11.0
142,N. Brussino,Dreamland Gran Canaria,12,13.0,1556.0,723000.0,6.0
142,N. Brussino,Dreamland Gran Canaria,13,8.5,1615.0,690000.0,0.0
142,N. Brussino,Dreamland Gran Canaria,14,5.666666666666667,1475.6666666666667,632500.0,24.0
142,N. Brussino,Dreamland Gran Canaria,15,10.0,1537.6666666666667,694615.0,2.0
142,N. Brussino,Dreamland Gran Canaria,16,8.666666666666666,1472.3333333333333,652143.0,-1.0
142,N. Brussino,Dreamland Gran Canaria,17,8.333333333333334,1477.3333333333333,605333.0,5.0
142,N. Brussino,Dreamland Gran Canaria,18,2.0,1187.0,583125.0,10.0
142,N. Brussino,Dreamland Gran Canaria,20,7.5,1318.0,578235.0,25.0
142,N. Brussino,Dreamland Gran Canaria,21,17.5,2009.0,629444.0,11.0
142,N. Brussino,Dreamland Gran Canaria,22,18.0,1896.5,625263.0,6.0
142,N. Brussino,Dreamland Gran Canaria,23,14.0,1885.6666666666667,609000.0,4.0
142,N. Brussino,Dreamland Gran Canaria,24,7.0,1643.3333333333333,589524.0,21.0
142,N. Brussino,Dreamland Gran Canaria,25,10.333333333333334,1785.0,610455.0,17.0
142,N. Brussino,Dreamland Gran Canaria,26,14.0,1830.0,620870.0,11.0
142,N. Brussino,Dreamland Gran Canaria,27,16.333333333333332,1902.0,617917.0,21.0
142,N. Brussino,Dreamland Gran Canaria,28,16.333333333333332,1966.3333333333333,635200.0,33.0
142,N. Brussino,Dreamland Gran Canaria,29,21.666666666666668,1996.3333333333333,686923.0,0.0
142,N. Brussino,Dreamland Gran Canaria,31,16.5,1834.0,661481.0,21.0
142,N. Brussino,Dreamland Gran Canaria,32,10.5,1735.5,682857.0,1.0
142,N. Brussino,Dreamland Gran Canaria,33,11.0,1521.5,661034.0,12.0
142,N. Brussino,Dreamland Gran Canaria,34,11.333333333333334,1695.6666666666667,659000.0,17.0
143,M. Tobey,Dreamland Gran Canaria,3,7.5,1678.0,375700.0,17.0
143,M. Tobey,Dreamland Gran Canaria,4,10.666666666666666,1630.6666666666667,432055.0,-2.0
143,M. Tobey,Dreamland Gran Canaria,5,10.666666666666666,1609.6666666666667,417500.0,23.0
143,M. Tobey,Dreamland Gran Canaria,6,12.666666666666666,1331.0,480125.0,14.0
143,M. Tobey,Dreamland Gran Canaria,7,11.666666666666666,1266.3333333333333,552144.0,-1.0
143,M. Tobey,Dreamland Gran Canaria,8,12.0,1183.6666666666667,548571.0,17.0
143,M. Tobey,Dreamland Gran Canaria,9,10.0,1297.0,586250.0,1.0
143,M. Tobey,Dreamland Gran Canaria,11,9.0,1485.0,526667.0,23.0
143,M. Tobey,Dreamland Gran Canaria,12,12.0,1522.5,605667.0,13.0
143,M. Tobey,Dreamland Gran Canaria,13,18.0,1232.0,627273.0,13.0
143,M. Tobey,Dreamland Gran Canaria,14,16.333333333333332,1300.0,629167.0,18.0
143,M. Tobey,Dreamland Gran Canaria,15,14.666666666666666,1351.3333333333333,663846.0,1.0
143,M. Tobey,Dreamland Gran Canaria,16,10.666666666666666,1202.0,620000.0,4.0
143,M. Tobey,Dreamland Gran Canaria,17,7.666666666666667,1069.0,592000.0,14.0
143,M. Tobey,Dreamland Gran Canaria,18,6.333333333333333,1040.3333333333333,598750.0,8.0
143,M. Tobey,Dreamland Gran Canaria,20,11.0,1331.5,587059.0,-8.0
143,M. Tobey,Dreamland Gran Canaria,21,0.0,931.5,532222.0,21.0
143,M. Tobey,Dreamland Gran Canaria,22,6.5,1202.0,559474.0,14.0
143,M. Tobey,Dreamland Gran Canaria,27,7.5,1382.5,549091.0,10.0
143,M. Tobey,Dreamland Gran Canaria,28,8.333333333333334,1388.6666666666667,546957.0,3.0
143,M. Tobey,Dreamland Gran Canaria,29,7.333333333333333,1194.0,531667.0,10.0
143,M. Tobey,Dreamland Gran Canaria,31,6.5,1020.0,530400.0,11.0
143,M. Tobey,Dreamland Gran Canaria,32,10.5,900.0,535385.0,8.0
143,M. Tobey,Dreamland Gran Canaria,33,9.5,787.0,530370.0,16.0
143,M. Tobey,Dreamland Gran Canaria,34,11.666666666666666,943.0,540000.0,12.0
145,A. Albicy,Dreamland Gran Canaria,3,12.5,1585.5,529000.0,11.0
145,A. Albicy,Dreamland Gran Canaria,4,12.0,1545.3333333333333,608350.0,8.0
145,A. Albicy,Dreamland Gran Canaria,5,10.666666666666666,1601.0,577500.0,5.0
145,A. Albicy,Dreamland Gran Canaria,6,8.0,1426.0,522000.0,1.0
145,A. Albicy,Dreamland Gran Canaria,7,4.666666666666667,1470.6666666666667,445000.0,2.0
145,A. Albicy,Dreamland Gran Canaria,8,2.6666666666666665,1521.0,395714.0,3.0
145,A. Albicy,Dreamland Gran Canaria,9,2.0,1612.0,365000.0,11.0
145,A. Albicy,Dreamland Gran Canaria,11,7.0,1580.0,385556.0,7.0
145,A. Albicy,Dreamland Gran Canaria,12,9.0,1506.5,389000.0,2.0
145,A. Albicy,Dreamland Gran Canaria,13,4.5,1362.5,364545.0,3.0
145,A. Albicy,Dreamland Gran Canaria,14,4.0,1354.0,346667.0,-2.0
145,A. Albicy,Dreamland Gran Canaria,15,1.0,1380.0,312308.0,10.0
145,A. Albicy,Dreamland Gran Canaria,16,3.6666666666666665,1498.6666666666667,325714.0,0.0
145,A. Albicy,Dreamland Gran Canaria,17,2.6666666666666665,1427.6666666666667,304000.0,5.0
145,A. Albicy,Dreamland Gran Canaria,22,6.0,1298.0,303889.0,0.0
145,A. Albicy,Dreamland Gran Canaria,23,4.0,1156.3333333333333,287895.0,13.0
145,A. Albicy,Dreamland Gran Canaria,24,6.333333333333333,1277.3333333333333,306000.0,8.0
145,A. Albicy,Dreamland Gran Canaria,25,7.0,1123.0,310476.0,6.0
145,A. Albicy,Dreamland Gran Canaria,26,9.0,1302.0,310000.0,2.0
145,A. Albicy,Dreamland Gran Canaria,27,5.333333333333333,1375.6666666666667,300870.0,-1.0
145,A. Albicy,Dreamland Gran Canaria,28,2.3333333333333335,1565.0,286250.0,12.0
145,A. Albicy,Dreamland Gran Canaria,33,0.5,906.5,282963.0,10.0
145,A. Albicy,Dreamland Gran Canaria,34,3.6666666666666665,1195.3333333333333,290714.0,0.0
146,M. Salvó,Dreamland Gran Canaria,3,1.0,851.0,234600.0,4.0
146,M. Salvó,Dreamland Gran Canaria,4,2.0,778.6666666666666,199410.0,16.0
146,M. Salvó,Dreamland Gran Canaria,5,5.333333333333333,636.0,229322.0,8.0
146,M. Salvó,Dreamland Gran Canaria,6,9.333333333333334,851.6666666666666,263720.0,17.0
146,M. Salvó,Dreamland Gran Canaria,7,13.666666666666666,936.0,303278.0,1.0
146,M. Salvó,Dreamland Gran Canaria,8,8.666666666666666,849.3333333333334,348770.0,0.0
146,M. Salvó,Dreamland Gran Canaria,9,6.0,718.6666666666666,336250.0,4.0
146,M. Salvó,Dreamland Gran Canaria,11,2.0,714.5,321111.0,13.0
146,M. Salvó,Dreamland Gran Canaria,12,8.5,706.0,367000.0,3.0
146,M. Salvó,Dreamland Gran Canaria,13,8.0,785.0,350000.0,1.0
146,M. Salvó,Dreamland Gran Canaria,14,5.666666666666667,794.0,325000.0,3.0
146,M. Salvó,Dreamland Gran Canaria,15,2.3333333333333335,656.6666666666666,313846.0,10.0
146,M. Salvó,Dreamland Gran Canaria,16,4.666666666666667,559.3333333333334,327143.0,-1.0
146,M. Salvó,Dreamland Gran Canaria,17,4.0,558.0,302000.0,10.0
146,M. Salvó,Dreamland Gran Canaria,18,6.333333333333333,915.3333333333334,314375.0,6.0
146,M. Salvó,Dreamland Gran Canaria,20,8.0,1062.0,313529.0,1.0
147,Z. Samar,Dreamland Gran Canaria,3,5.0,814.5,250000.0,-4.0
147,Z. Samar,Dreamland Gran Canaria,4,2.0,839.3333333333334,212500.0,4.0
147,Z. Samar,Dreamland Gran Canaria,5,1.0,783.6666666666666,180625.0,6.0
147,Z. Samar,Dreamland Gran Canaria,6,2.0,959.3333333333334,172000.0,3.0
147,Z. Samar,Dreamland Gran Canaria,7,4.333333333333333,930.0,173333.0,4.0
147,Z. Samar,Dreamland Gran Canaria,8,4.333333333333333,879.6666666666666,177143.0,-2.0
147,Z. Samar,Dreamland Gran Canaria,9,1.6666666666666667,767.3333333333334,150572.0,5.0
147,Z. Samar,Dreamland Gran Canaria,11,1.5,798.0,154444.0,5.0
147,Z. Samar,Dreamland Gran Canaria,12,5.0,917.5,169000.0,13.0
147,Z. Samar,Dreamland Gran Canaria,13,9.0,1052.5,194350.0,13.0
147,Z. Samar,Dreamland Gran Canaria,14,10.333333333333334,1056.0,223503.0,4.0
147,Z. Samar,Dreamland Gran Canaria,15,10.0,1020.0,257028.0,6.0
147,Z. Samar,Dreamland Gran Canaria,16,7.666666666666667,1094.0,261429.0,4.0
147,Z. Samar,Dreamland Gran Canaria,17,4.666666666666667,1032.6666666666667,257333.0,4.0
147,Z. Samar,Dreamland Gran Canaria,18,4.666666666666667,922.0,253750.0,4.0
147,Z. Samar,Dreamland Gran Canaria,20,4.0,842.0,250588.0,0.0
147,Z. Samar,Dreamland Gran Canaria,21,2.0,836.5,236667.0,-2.0
147,Z. Samar,Dreamland Gran Canaria,22,-1.0,339.0,218947.0,15.0
147,Z. Samar,Dreamland Gran Canaria,23,4.333333333333333,583.0,245500.0,4.0
147,Z. Samar,Dreamland Gran Canaria,24,5.666666666666667,590.0,243333.0,4.0
147,Z. Samar,Dreamland Gran Canaria,25,7.666666666666667,1009.0,241364.0,-1.0
147,Z. Samar,Dreamland Gran Canaria,26,2.3333333333333335,753.0,228696.0,1.0
147,Z. Samar,Dreamland Gran Canaria,27,1.3333333333333333,625.0,221250.0,0.0
147,Z. Samar,Dreamland Gran Canaria,28,0.0,201.0,212400.0,1.0
147,Z. Samar,Dreamland Gran Canaria,29,0.6666666666666666,138.33333333333334,206538.0,3.0
147,Z. Samar,Dreamland Gran Canaria,31,2.0,225.5,204444.0,3.0
147,Z. Samar,Dreamland Gran Canaria,32,3.0,392.0,203571.0,-3.0
147,Z. Samar,Dreamland Gran Canaria,33,0.0,418.5,191379.0,-3.0
147,Z. Samar,Dreamland Gran Canaria,34,-1.0,381.6666666666667,180000.0,4.0
148,E. Vila,Dreamland Gran Canaria,5,-1.0,502.0,175950.0,0.0
148,E. Vila,Dreamland Gran Canaria,7,-3.5,566.5,149557.0,8.0
148,E. Vila,Dreamland Gran Canaria,14,2.5,476.0,105714.0,0.0
148,E. Vila,Dreamland Gran Canaria,15,-2.0,330.0,92500.0,-1.0
148,E. Vila,Dreamland Gran Canaria,16,-1.6666666666666667,469.6666666666667,78625.0,6.0
148,E. Vila,Dreamland Gran Canaria,17,1.6666666666666667,805.3333333333334,90419.0,7.0
148,E. Vila,Dreamland Gran Canaria,18,4.0,793.3333333333334,103982.0,1.0
148,E. Vila,Dreamland Gran Canaria,20,4.0,515.5,115833.0,-3.0
148,E. Vila,Dreamland Gran Canaria,21,-1.0,668.5,98458.0,4.0
148,E. Vila,Dreamland Gran Canaria,23,0.5,743.5,102857.0,5.0
148,E. Vila,Dreamland Gran Canaria,24,4.5,837.5,112667.0,7.0
148,E. Vila,Dreamland Gran Canaria,26,6.0,861.0,127500.0,-1.0
148,E. Vila,Dreamland Gran Canaria,29,0.5,219.5,117222.0,1.0
148,E. Vila,Dreamland Gran Canaria,31,1.5,313.5,113684.0,9.0
148,E. Vila,Dreamland Gran Canaria,32,5.0,669.0,130737.0,3.0
148,E. Vila,Dreamland Gran Canaria,33,6.0,676.0,135714.0,4.0
148,E. Vila,Dreamland Gran Canaria,34,5.333333333333333,553.3333333333334,138636.0,-1.0
149,C. Alocén,Dreamland Gran Canaria,18,0.0,599.5,245650.0,10.0
149,C. Alocén,Dreamland Gran Canaria,20,3.5,782.0,208802.0,1.0
149,C. Alocén,Dreamland Gran Canaria,21,5.5,922.5,177482.0,8.0
149,C. Alocén,Dreamland Gran Canaria,22,4.5,760.5,192000.0,0.0
149,C. Alocén,Dreamland Gran Canaria,23,3.0,665.0,163200.0,3.0
149,C. Alocén,Dreamland Gran Canaria,25,1.5,607.0,158571.0,4.0
149,C. Alocén,Dreamland Gran Canaria,26,3.5,815.5,163750.0,7.0
149,C. Alocén,Dreamland Gran Canaria,27,5.5,818.5,184444.0,3.0
149,C. Alocén,Dreamland Gran Canaria,28,4.666666666666667,699.3333333333334,181000.0,2.0
149,C. Alocén,Dreamland Gran Canaria,29,4.0,598.3333333333334,175455.0,11.0
149,C. Alocén,Dreamland Gran Canaria,31,6.5,858.5,201773.0,2.0
149,C. Alocén,Dreamland Gran Canaria,32,6.5,856.0,200000.0,4.0
149,C. Alocén,Dreamland Gran Canaria,33,3.0,567.0,200000.0,0.0
149,C. Alocén,Dreamland Gran Canaria,34,2.0,484.3333333333333,186667.0,9.0
150,S. Lazarevic,Surne Bilbao,3,3.0,1111.5,332350.0,4.0
150,S. Lazarevic,Surne Bilbao,4,3.3333333333333335,1151.6666666666667,282497.0,6.0
150,S. Lazarevic,Surne Bilbao,5,4.0,1152.6666666666667,240122.0,5.0
150,S. Lazarevic,Surne Bilbao,6,5.0,1178.6666666666667,226000.0,3.0
150,S. Lazarevic,Surne Bilbao,7,4.666666666666667,1036.3333333333333,218333.0,8.0
150,S. Lazarevic,Surne Bilbao,8,5.333333333333333,1207.6666666666667,244286.0,-4.0
150,S. Lazarevic,Surne Bilbao,9,2.3333333333333335,1137.6666666666667,207643.0,0.0
150,S. Lazarevic,Surne Bilbao,10,1.3333333333333333,1127.6666666666667,176497.0,8.0
150,S. Lazarevic,Surne Bilbao,11,1.3333333333333333,909.0,199000.0,0.0
150,S. Lazarevic,Surne Bilbao,12,2.6666666666666665,967.0,180909.0,-3.0
150,S. Lazarevic,Surne Bilbao,13,1.6666666666666667,1132.3333333333333,153773.0,-3.0
150,S. Lazarevic,Surne Bilbao,14,-2.0,1068.6666666666667,130707.0,9.0
150,S. Lazarevic,Surne Bilbao,23,-1.5,320.0,130000.0,2.0
150,S. Lazarevic,Surne Bilbao,24,-0.3333333333333333,425.0,129412.0,7.0
150,S. Lazarevic,Surne Bilbao,25,2.3333333333333335,585.6666666666666,141667.0,-1.0
150,S. Lazarevic,Surne Bilbao,26,2.6666666666666665,606.0,131579.0,6.0
150,S. Lazarevic,Surne Bilbao,27,4.0,724.3333333333334,140000.0,3.0
150,S. Lazarevic,Surne Bilbao,29,4.5,1098.5,140476.0,5.0
150,S. Lazarevic,Surne Bilbao,32,5.5,686.5,156957.0,-5.0
150,S. Lazarevic,Surne Bilbao,34,0.5,432.5,140000.0,0.0
151,H. Frey,Surne Bilbao,3,7.5,1246.5,371450.0,5.0
151,H. Frey,Surne Bilbao,4,6.666666666666667,1190.6666666666667,366667.0,10.0
151,H. Frey,Surne Bilbao,5,8.333333333333334,1177.0,421667.0,3.0
151,H. Frey,Surne Bilbao,6,6.0,1007.6666666666666,370000.0,10.0
151,H. Frey,Surne Bilbao,7,7.666666666666667,1026.6666666666667,408333.0,7.0
151,H. Frey,Surne Bilbao,8,6.666666666666667,1004.0,400000.0,3.0
151,H. Frey,Surne Bilbao,9,6.666666666666667,1066.6666666666667,368750.0,7.0
151,H. Frey,Surne Bilbao,10,5.666666666666667,981.6666666666666,374444.0,9.0
151,H. Frey,Surne Bilbao,11,6.333333333333333,989.6666666666666,391000.0,0.0
151,H. Frey,Surne Bilbao,12,5.333333333333333,954.0,355455.0,12.0
151,H. Frey,Surne Bilbao,13,7.0,1097.6666666666667,375833.0,3.0
151,H. Frey,Surne Bilbao,14,5.0,1067.0,358462.0,15.0
151,H. Frey,Surne Bilbao,15,10.0,1235.6666666666667,397143.0,23.0
151,H. Frey,Surne Bilbao,16,13.666666666666666,1232.6666666666667,456714.0,11.0
151,H. Frey,Surne Bilbao,17,16.333333333333332,1080.3333333333333,475000.0,12.0
151,H. Frey,Surne Bilbao,18,15.333333333333334,1310.3333333333333,489412.0,13.0
151,H. Frey,Surne Bilbao,20,12.5,1607.5,505556.0,0.0
151,H. Frey,Surne Bilbao,27,5.5,775.0,464762.0,22.0
151,H. Frey,Surne Bilbao,29,11.0,1043.0,493636.0,9.0
151,H. Frey,Surne Bilbao,30,15.5,1097.0,495652.0,2.0
151,H. Frey,Surne Bilbao,31,5.5,1106.5,479167.0,-1.0
151,H. Frey,Surne Bilbao,32,3.3333333333333335,1045.3333333333333,458000.0,5.0
151,H. Frey,Surne Bilbao,33,2.0,1004.6666666666666,450000.0,2.0
151,H. Frey,Surne Bilbao,34,2.0,901.3333333333334,437778.0,4.0
152,M. Krampelj,Surne Bilbao,3,7.0,928.0,385000.0,4.0
152,M. Krampelj,Surne Bilbao,4,6.0,924.0,327250.0,15.0
152,M. Krampelj,Surne Bilbao,5,8.666666666666666,1012.6666666666666,376338.0,0.0
152,M. Krampelj,Surne Bilbao,6,6.333333333333333,865.6666666666666,374000.0,12.0
152,M. Krampelj,Surne Bilbao,7,9.0,1048.6666666666667,430100.0,5.0
152,M. Krampelj,Surne Bilbao,8,5.666666666666667,962.3333333333334,405714.0,17.0
152,M. Krampelj,Surne Bilbao,9,11.333333333333334,1264.3333333333333,461250.0,11.0
152,M. Krampelj,Surne Bilbao,10,11.0,1308.3333333333333,483333.0,16.0
152,M. Krampelj,Surne Bilbao,11,14.666666666666666,1341.6666666666667,531000.0,14.0
152,M. Krampelj,Surne Bilbao,12,13.666666666666666,1359.0,546364.0,6.0
152,M. Krampelj,Surne Bilbao,13,12.0,1229.6666666666667,525833.0,4.0
152,M. Krampelj,Surne Bilbao,14,8.0,1226.6666666666667,500769.0,13.0
152,M. Krampelj,Surne Bilbao,15,7.666666666666667,1250.0,520714.0,11.0
152,M. Krampelj,Surne Bilbao,16,9.333333333333334,1251.0,530000.0,9.0
152,M. Krampelj,Surne Bilbao,17,11.0,1283.3333333333333,530625.0,10.0
152,M. Krampelj,Surne Bilbao,18,10.0,1350.6666666666667,534706.0,13.0
152,M. Krampelj,Surne Bilbao,20,11.5,1351.0,548333.0,20.0
152,M. Krampelj,Surne Bilbao,21,16.5,1217.0,572105.0,9.0
152,M. Krampelj,Surne Bilbao,22,14.5,1157.5,566000.0,17.0
152,M. Krampelj,Surne Bilbao,23,15.333333333333334,1211.3333333333333,587619.0,2.0
152,M. Krampelj,Surne Bilbao,24,9.333333333333334,1151.6666666666667,566364.0,2.0
152,M. Krampelj,Surne Bilbao,25,7.0,1047.3333333333333,546087.0,4.0
152,M. Krampelj,Surne Bilbao,26,2.6666666666666665,991.3333333333334,533333.0,17.0
152,M. Krampelj,Surne Bilbao,27,7.666666666666667,986.3333333333334,546000.0,10.0
152,M. Krampelj,Surne Bilbao,29,13.5,1081.5,544231.0,-1.0
152,M. Krampelj,Surne Bilbao,30,4.5,709.0,522222.0,8.0
152,M. Krampelj,Surne Bilbao,31,3.5,795.5,517857.0,17.0
152,M. Krampelj,Surne Bilbao,32,8.0,909.3333333333334,535172.0,-1.0
152,M. Krampelj,Surne Bilbao,33,8.0,1069.0,515667.0,-3.0
152,M. Krampelj,Surne Bilbao,34,4.333333333333333,994.0,494194.0,6.0
153,T. Hlinason,Surne Bilbao,3,14.0,1296.0,745000.0,8.0
153,T. Hlinason,Surne Bilbao,4,12.0,1212.3333333333333,633250.0,15.0
153,T. Hlinason,Surne Bilbao,5,10.666666666666666,1204.3333333333333,697500.0,27.0
153,T. Hlinason,Surne Bilbao,6,16.666666666666668,1348.3333333333333,802125.0,9.0
153,T. Hlinason,Surne Bilbao,7,17.0,1277.6666666666667,780000.0,15.0
153,T. Hlinason,Surne Bilbao,8,17.0,1380.6666666666667,775714.0,13.0
153,T. Hlinason,Surne Bilbao,9,12.333333333333334,1176.6666666666667,760000.0,11.0
153,T. Hlinason,Surne Bilbao,10,13.0,1357.6666666666667,748889.0,25.0
153,T. Hlinason,Surne Bilbao,11,16.333333333333332,1251.6666666666667,824000.0,20.0
153,T. Hlinason,Surne Bilbao,12,18.666666666666668,1464.6666666666667,840000.0,15.0
153,T. Hlinason,Surne Bilbao,13,20.0,1381.0,832500.0,3.0
153,T. Hlinason,Surne Bilbao,14,12.666666666666666,1263.0,780000.0,17.0
153,T. Hlinason,Surne Bilbao,15,11.666666666666666,1255.6666666666667,797143.0,9.0
153,T. Hlinason,Surne Bilbao,16,9.666666666666666,1195.3333333333333,780000.0,16.0
153,T. Hlinason,Surne Bilbao,17,14.0,1243.6666666666667,791250.0,10.0
153,T. Hlinason,Surne Bilbao,18,11.666666666666666,1339.0,780000.0,18.0
153,T. Hlinason,Surne Bilbao,20,14.0,1723.5,796667.0,9.0
153,T. Hlinason,Surne Bilbao,21,13.5,1514.0,778421.0,9.0
153,T. Hlinason,Surne Bilbao,22,9.0,1354.0,762000.0,23.0
153,T. Hlinason,Surne Bilbao,23,13.666666666666666,1458.3333333333333,791429.0,12.0
153,T. Hlinason,Surne Bilbao,24,14.666666666666666,1516.3333333333333,788182.0,26.0
153,T. Hlinason,Surne Bilbao,25,20.333333333333332,1524.6666666666667,810435.0,12.0
153,T. Hlinason,Surne Bilbao,26,16.666666666666668,1473.3333333333333,806667.0,4.0
153,T. Hlinason,Surne Bilbao,27,14.0,1353.3333333333333,782400.0,12.0
153,T. Hlinason,Surne Bilbao,29,8.0,1295.5,775385.0,20.0
153,T. Hlinason,Surne Bilbao,30,16.0,1369.5,791111.0,17.0
153,T. Hlinason,Surne Bilbao,31,18.5,1526.5,793214.0,29.0
153,T. Hlinason,Surne Bilbao,32,22.0,1587.6666666666667,825862.0,19.0
153,T. Hlinason,Surne Bilbao,33,21.666666666666668,1535.0,830000.0,17.0
153,T. Hlinason,Surne Bilbao,34,21.666666666666668,1555.0,836129.0,35.0
154,M. Normantas,Surne Bilbao,3,2.5,1257.5,180625.0,10.0
154,M. Normantas,Surne Bilbao,4,5.0,1349.6666666666667,207719.0,3.0
154,M. Normantas,Surne Bilbao,5,5.666666666666667,1200.3333333333333,238877.0,4.0
154,M. Normantas,Surne Bilbao,6,5.666666666666667,1082.0,234000.0,1.0
154,M. Normantas,Surne Bilbao,7,2.6666666666666665,903.0,205000.0,1.0
154,M. Normantas,Surne Bilbao,8,2.0,1009.0,182857.0,17.0
154,M. Normantas,Surne Bilbao,9,6.333333333333333,1175.0,210286.0,10.0
154,M. Normantas,Surne Bilbao,10,9.333333333333334,1204.3333333333333,241829.0,11.0
154,M. Normantas,Surne Bilbao,11,12.666666666666666,1168.6666666666667,278103.0,8.0
154,M. Normantas,Surne Bilbao,12,9.666666666666666,1176.0,319818.0,5.0
154,M. Normantas,Surne Bilbao,13,8.0,1150.0,336667.0,15.0
154,M. Normantas,Surne Bilbao,14,9.333333333333334,1236.6666666666667,368462.0,9.0
154,M. Normantas,Surne Bilbao,15,9.666666666666666,1132.3333333333333,380714.0,3.0
154,M. Normantas,Surne Bilbao,16,9.0,1223.3333333333333,367333.0,29.0
154,M. Normantas,Surne Bilbao,17,13.666666666666666,1300.3333333333333,422433.0,7.0
154,M. Normantas,Surne Bilbao,18,13.0,1473.3333333333333,451176.0,0.0
154,M. Normantas,Surne Bilbao,20,3.5,1458.0,426111.0,5.0
154,M. Normantas,Surne Bilbao,21,2.5,1309.5,416842.0,21.0
154,M. Normantas,Surne Bilbao,22,13.0,1471.0,448500.0,12.0
154,M. Normantas,Surne Bilbao,23,12.666666666666666,1309.6666666666667,461429.0,8.0
154,M. Normantas,Surne Bilbao,24,13.666666666666666,1356.0,462273.0,13.0
154,M. Normantas,Surne Bilbao,25,11.0,1216.3333333333333,470435.0,10.0
154,M. Normantas,Surne Bilbao,26,10.333333333333334,1314.6666666666667,475833.0,1.0
154,M. Normantas,Surne Bilbao,27,8.0,1127.3333333333333,458800.0,-4.0
154,M. Normantas,Surne Bilbao,29,-1.5,984.0,433462.0,1.0
154,M. Normantas,Surne Bilbao,30,-1.5,1041.0,419630.0,-3.0
154,M. Normantas,Surne Bilbao,31,-1.0,1033.0,399286.0,-1.0
154,M. Normantas,Surne Bilbao,32,-1.0,986.0,383793.0,7.0
154,M. Normantas,Surne Bilbao,33,1.0,1010.6666666666666,382667.0,9.0
154,M. Normantas,Surne Bilbao,34,5.0,1067.3333333333333,387742.0,9.0
155,L. Petrasek,Surne Bilbao,3,10.0,1430.0,396750.0,-2.0
155,L. Petrasek,Surne Bilbao,4,6.0,1292.6666666666667,337237.0,-3.0
155,L. Petrasek,Surne Bilbao,5,1.3333333333333333,1308.0,286651.0,7.0
155,L. Petrasek,Surne Bilbao,6,0.6666666666666666,1293.6666666666667,243653.0,7.0
155,L. Petrasek,Surne Bilbao,7,3.6666666666666665,1202.0,268333.0,5.0
155,L. Petrasek,Surne Bilbao,8,6.333333333333333,1215.0,265714.0,8.0
155,L. Petrasek,Surne Bilbao,9,6.666666666666667,1044.0,282500.0,-2.0
155,L. Petrasek,Surne Bilbao,10,3.6666666666666665,1041.3333333333333,240125.0,10.0
155,L. Petrasek,Surne Bilbao,11,5.333333333333333,1048.3333333333333,276000.0,1.0
155,L. Petrasek,Surne Bilbao,12,3.0,985.0,255455.0,-1.0
155,L. Petrasek,Surne Bilbao,13,3.3333333333333335,1117.0,230000.0,28.0
155,L. Petrasek,Surne Bilbao,14,9.333333333333334,1107.0,264500.0,-6.0
155,L. Petrasek,Surne Bilbao,15,7.0,1157.3333333333333,275714.0,5.0
155,L. Petrasek,Surne Bilbao,16,9.0,1215.3333333333333,277333.0,11.0
155,L. Petrasek,Surne Bilbao,17,3.3333333333333335,1216.3333333333333,301250.0,2.0
155,L. Petrasek,Surne Bilbao,18,6.0,1249.0,290588.0,9.0
155,L. Petrasek,Surne Bilbao,20,5.5,1195.5,304444.0,11.0
155,L. Petrasek,Surne Bilbao,21,10.0,1290.0,317368.0,3.0
155,L. Petrasek,Surne Bilbao,22,7.0,1399.0,309000.0,7.0
155,L. Petrasek,Surne Bilbao,23,7.0,1293.0,314286.0,8.0
155,L. Petrasek,Surne Bilbao,24,6.0,1382.6666666666667,321818.0,6.0
155,L. Petrasek,Surne Bilbao,25,7.0,1344.3333333333333,320870.0,15.0
155,L. Petrasek,Surne Bilbao,26,9.666666666666666,1400.3333333333333,345000.0,2.0
155,L. Petrasek,Surne Bilbao,27,7.666666666666667,1301.6666666666667,335200.0,12.0
155,L. Petrasek,Surne Bilbao,29,7.0,1331.5,345385.0,10.0
155,L. Petrasek,Surne Bilbao,30,11.0,1487.0,354815.0,13.0
155,L. Petrasek,Surne Bilbao,31,11.5,1424.0,365357.0,7.0
155,L. Petrasek,Surne Bilbao,32,10.0,1242.6666666666667,367241.0,2.0
155,L. Petrasek,Surne Bilbao,33,7.333333333333333,1154.0,358333.0,6.0
155,L. Petrasek,Surne Bilbao,34,5.0,1217.6666666666667,358387.0,10.0
156,J. Jaworski,Surne Bilbao,3,2.5,1087.0,296225.0,3.0
156,J. Jaworski,Surne Bilbao,4,2.6666666666666665,1165.3333333333333,251791.0,14.0
156,J. Jaworski,Surne Bilbao,5,9.0,1277.3333333333333,289560.0,5.0
156,J. Jaworski,Surne Bilbao,6,7.333333333333333,1454.3333333333333,318000.0,21.0
156,J. Jaworski,Surne Bilbao,7,13.333333333333334,1452.6666666666667,365700.0,-4.0
156,J. Jaworski,Surne Bilbao,8,7.333333333333333,1368.0,378571.0,-4.0
156,J. Jaworski,Surne Bilbao,9,4.333333333333333,1086.0,321785.0,19.0
156,J. Jaworski,Surne Bilbao,10,3.6666666666666665,1166.3333333333333,370053.0,3.0
156,J. Jaworski,Surne Bilbao,11,6.0,1183.3333333333333,377000.0,10.0
156,J. Jaworski,Surne Bilbao,12,10.666666666666666,1317.0,388182.0,5.0
156,J. Jaworski,Surne Bilbao,13,6.0,1310.6666666666667,376667.0,-7.0
156,J. Jaworski,Surne Bilbao,14,2.6666666666666665,1244.6666666666667,320769.0,5.0
156,J. Jaworski,Surne Bilbao,15,1.0,1288.6666666666667,319286.0,18.0
156,J. Jaworski,Surne Bilbao,16,5.333333333333333,1200.6666666666667,367179.0,3.0
156,J. Jaworski,Surne Bilbao,17,8.666666666666666,1259.6666666666667,358125.0,21.0
156,J. Jaworski,Surne Bilbao,18,14.0,1490.3333333333333,411176.0,1.0
156,J. Jaworski,Surne Bilbao,20,11.0,1492.0,391667.0,-12.0
156,J. Jaworski,Surne Bilbao,21,-5.5,907.0,339474.0,11.0
156,J. Jaworski,Surne Bilbao,22,-0.5,1281.0,350000.0,16.0
156,J. Jaworski,Surne Bilbao,23,5.0,1415.3333333333333,379048.0,28.0
156,J. Jaworski,Surne Bilbao,24,18.333333333333332,1835.0,435905.0,-6.0
156,J. Jaworski,Surne Bilbao,25,12.666666666666666,1751.3333333333333,406087.0,5.0
156,J. Jaworski,Surne Bilbao,26,9.0,1599.3333333333333,401667.0,3.0
156,J. Jaworski,Surne Bilbao,27,0.6666666666666666,1299.0,391600.0,-3.0
156,J. Jaworski,Surne Bilbao,29,0.0,1359.5,370769.0,4.0
156,J. Jaworski,Surne Bilbao,30,0.5,1570.0,365926.0,2.0
156,J. Jaworski,Surne Bilbao,31,3.0,1489.5,356429.0,5.0
156,J. Jaworski,Surne Bilbao,32,3.6666666666666665,1477.0,354483.0,26.0
156,J. Jaworski,Surne Bilbao,33,11.0,1529.3333333333333,386000.0,3.0
156,J. Jaworski,Surne Bilbao,34,11.333333333333334,1463.6666666666667,379355.0,6.0
157,D. Hilliard,Surne Bilbao,3,15.0,1270.5,687700.0,1.0
157,D. Hilliard,Surne Bilbao,4,10.333333333333334,1218.3333333333333,584545.0,9.0
157,D. Hilliard,Surne Bilbao,5,7.666666666666667,1272.3333333333333,555000.0,8.0
157,D. Hilliard,Surne Bilbao,6,6.0,1305.3333333333333,524000.0,16.0
157,D. Hilliard,Surne Bilbao,8,12.0,1404.5,596667.0,9.0
157,D. Hilliard,Surne Bilbao,9,12.5,1435.5,575714.0,-9.0
157,D. Hilliard,Surne Bilbao,10,0.0,1407.5,489357.0,20.0
157,D. Hilliard,Surne Bilbao,11,6.666666666666667,1497.6666666666667,531111.0,20.0
157,D. Hilliard,Surne Bilbao,12,10.333333333333334,1474.0,578000.0,-6.0
157,D. Hilliard,Surne Bilbao,13,11.333333333333334,1422.6666666666667,498182.0,3.0
157,D. Hilliard,Surne Bilbao,14,5.666666666666667,1338.6666666666667,469167.0,9.0
157,D. Hilliard,Surne Bilbao,15,2.0,1264.6666666666667,474615.0,1.0
157,D. Hilliard,Surne Bilbao,16,4.333333333333333,1338.3333333333333,445000.0,16.0
157,D. Hilliard,Surne Bilbao,17,8.666666666666666,1390.0,479333.0,10.0
157,D. Hilliard,Surne Bilbao,18,9.0,1532.6666666666667,486875.0,9.0
157,D. Hilliard,Surne Bilbao,20,9.5,1653.0,490000.0,-14.0
157,D. Hilliard,Surne Bilbao,21,-2.5,1241.0,423889.0,7.0
157,D. Hilliard,Surne Bilbao,22,-3.5,1076.0,420000.0,23.0
157,D. Hilliard,Surne Bilbao,23,5.333333333333333,1266.6666666666667,468000.0,19.0
157,D. Hilliard,Surne Bilbao,24,16.333333333333332,1511.3333333333333,500000.0,20.0
157,D. Hilliard,Surne Bilbao,25,20.666666666666668,1629.0,522727.0,20.0
157,D. Hilliard,Surne Bilbao,26,19.666666666666668,1602.6666666666667,552174.0,3.0
157,D. Hilliard,Surne Bilbao,31,6.0,1399.5,520385.0,29.0
157,D. Hilliard,Surne Bilbao,32,13.666666666666666,1487.0,565556.0,3.0
157,D. Hilliard,Surne Bilbao,33,12.0,1468.0,550714.0,16.0
157,D. Hilliard,Surne Bilbao,34,16.0,1505.6666666666667,564828.0,8.0
158,M. Pantzar,Surne Bilbao,3,11.0,1289.5,615825.0,22.0
158,M. Pantzar,Surne Bilbao,4,14.666666666666666,1339.6666666666667,708199.0,7.0
158,M. Pantzar,Surne Bilbao,5,16.0,1306.3333333333333,702500.0,14.0
158,M. Pantzar,Surne Bilbao,6,14.333333333333334,1411.3333333333333,702000.0,30.0
158,M. Pantzar,Surne Bilbao,7,17.0,1352.6666666666667,807300.0,16.0
158,M. Pantzar,Surne Bilbao,8,20.0,1442.6666666666667,872857.0,18.0
158,M. Pantzar,Surne Bilbao,9,21.333333333333332,1467.3333333333333,876250.0,31.0
158,M. Pantzar,Surne Bilbao,10,21.666666666666668,1609.6666666666667,985556.0,4.0
158,M. Pantzar,Surne Bilbao,11,17.666666666666668,1534.3333333333333,911000.0,22.0
158,M. Pantzar,Surne Bilbao,12,19.0,1464.0,928182.0,8.0
158,M. Pantzar,Surne Bilbao,13,11.333333333333334,1330.0,884167.0,8.0
158,M. Pantzar,Surne Bilbao,14,12.666666666666666,1378.6666666666667,846923.0,24.0
158,M. Pantzar,Surne Bilbao,15,13.333333333333334,1338.0,889286.0,15.0
158,M. Pantzar,Surne Bilbao,16,15.666666666666666,1330.3333333333333,890000.0,19.0
158,M. Pantzar,Surne Bilbao,18,17.0,1419.0,905625.0,6.0
158,M. Pantzar,Surne Bilbao,21,11.5,1406.5,872222.0,22.0
158,M. Pantzar,Surne Bilbao,22,19.5,1600.5,884211.0,19.0
158,M. Pantzar,Surne Bilbao,23,19.333333333333332,1587.0,897000.0,23.0
158,M. Pantzar,Surne Bilbao,24,21.333333333333332,1737.0,920000.0,9.0
158,M. Pantzar,Surne Bilbao,25,17.0,1727.0,898636.0,23.0
158,M. Pantzar,Surne Bilbao,26,18.333333333333332,1737.3333333333333,919565.0,11.0
158,M. Pantzar,Surne Bilbao,27,14.333333333333334,1577.6666666666667,904167.0,14.0
158,M. Pantzar,Surne Bilbao,29,12.5,1542.5,896000.0,24.0
158,M. Pantzar,Surne Bilbao,30,19.0,1502.0,916923.0,23.0
158,M. Pantzar,Surne Bilbao,31,23.5,1475.0,925556.0,19.0
158,M. Pantzar,Surne Bilbao,32,22.0,1494.6666666666667,933214.0,16.0
158,M. Pantzar,Surne Bilbao,33,19.333333333333332,1563.3333333333333,928621.0,32.0
158,M. Pantzar,Surne Bilbao,34,22.333333333333332,1556.3333333333333,961667.0,13.0
159,B. Bagayoko,Surne Bilbao,6,3.0,709.0,195500.0,11.0
159,B. Bagayoko,Surne Bilbao,7,5.666666666666667,824.0,224825.0,-5.0
159,B. Bagayoko,Surne Bilbao,8,1.6666666666666667,681.0,195000.0,-2.0
159,B. Bagayoko,Surne Bilbao,9,1.3333333333333333,771.0,165750.0,8.0
159,B. Bagayoko,Surne Bilbao,10,0.3333333333333333,691.6666666666666,190613.0,1.0
159,B. Bagayoko,Surne Bilbao,11,2.3333333333333335,640.0,174286.0,8.0
159,B. Bagayoko,Surne Bilbao,12,5.666666666666667,571.6666666666666,200429.0,20.0
159,B. Bagayoko,Surne Bilbao,13,9.666666666666666,653.6666666666666,230493.0,3.0
159,B. Bagayoko,Surne Bilbao,14,10.333333333333334,871.3333333333334,265067.0,5.0
159,B. Bagayoko,Surne Bilbao,15,9.333333333333334,855.0,279091.0,18.0
159,B. Bagayoko,Surne Bilbao,16,8.666666666666666,944.6666666666666,320955.0,6.0
159,B. Bagayoko,Surne Bilbao,17,9.666666666666666,1007.0,346923.0,5.0
159,B. Bagayoko,Surne Bilbao,18,9.666666666666666,1058.6666666666667,343571.0,6.0
159,B. Bagayoko,Surne Bilbao,20,5.5,823.0,344667.0,4.0
159,B. Bagayoko,Surne Bilbao,21,5.0,772.0,335625.0,14.0
159,B. Bagayoko,Surne Bilbao,22,9.0,889.5,357059.0,1.0
159,B. Bagayoko,Surne Bilbao,23,6.333333333333333,837.3333333333334,340556.0,9.0
159,B. Bagayoko,Surne Bilbao,24,8.0,908.3333333333334,351053.0,9.0
159,B. Bagayoko,Surne Bilbao,25,6.333333333333333,888.0,356000.0,12.0
159,B. Bagayoko,Surne Bilbao,26,10.0,939.3333333333334,373333.0,0.0
159,B. Bagayoko,Surne Bilbao,27,7.0,846.3333333333334,356364.0,2.0
159,B. Bagayoko,Surne Bilbao,29,1.0,641.5,345217.0,4.0
159,B. Bagayoko,Surne Bilbao,30,3.0,643.5,340833.0,5.0
159,B. Bagayoko,Surne Bilbao,31,4.5,676.5,337200.0,-3.0
159,B. Bagayoko,Surne Bilbao,32,2.0,587.0,318462.0,8.0
159,B. Bagayoko,Surne Bilbao,33,3.3333333333333335,602.0,321481.0,-2.0
159,B. Bagayoko,Surne Bilbao,34,1.0,591.6666666666666,306429.0,4.0
160,A. Font,Surne Bilbao,3,0.0,215.0,93925.0,1.0
160,A. Font,Surne Bilbao,4,0.3333333333333333,323.6666666666667,79836.0,0.0
160,A. Font,Surne Bilbao,5,0.3333333333333333,255.0,67861.0,-4.0
160,A. Font,Surne Bilbao,6,-1.0,327.6666666666667,57682.0,5.0
160,A. Font,Surne Bilbao,7,0.3333333333333333,350.0,49030.0,4.0
160,A. Font,Surne Bilbao,9,4.5,603.0,50000.0,0.0
160,A. Font,Surne Bilbao,15,-3.0,440.0,31609.0,2.0
160,A. Font,Surne Bilbao,16,-1.3333333333333333,557.3333333333334,26868.0,2.0
160,A. Font,Surne Bilbao,17,2.0,574.6666666666666,25833.0,3.0
160,A. Font,Surne Bilbao,18,2.3333333333333335,715.3333333333334,29708.0,7.0
160,A. Font,Surne Bilbao,20,5.0,768.5,34164.0,11.0
160,A. Font,Surne Bilbao,21,9.0,1155.5,39289.0,-1.0
160,A. Font,Surne Bilbao,22,5.0,1018.0,45182.0,3.0
160,A. Font,Surne Bilbao,23,4.333333333333333,1006.3333333333334,51959.0,-2.0
160,A. Font,Surne Bilbao,24,0.0,603.6666666666666,59753.0,-3.0
160,A. Font,Surne Bilbao,25,-0.6666666666666666,678.3333333333334,68716.0,-2.0
160,A. Font,Surne Bilbao,26,-2.3333333333333335,538.3333333333334,62000.0,3.0
160,A. Font,Surne Bilbao,27,-0.6666666666666666,579.0,66190.0,3.0
160,A. Font,Surne Bilbao,29,3.0,509.5,70000.0,0.0
160,A. Font,Surne Bilbao,30,1.5,571.5,66957.0,2.0
160,A. Font,Surne Bilbao,31,1.0,576.5,68333.0,-1.0
160,A. Font,Surne Bilbao,32,0.3333333333333333,597.0,63600.0,-2.0
160,A. Font,Surne Bilbao,33,-0.3333333333333333,581.0,57308.0,15.0
160,A. Font,Surne Bilbao,34,4.0,664.3333333333334,65904.0,5.0
161,A. Sylla,Surne Bilbao,3,6.5,868.5,146625.0,6.0
161,A. Sylla,Surne Bilbao,8,3.5,426.5,222999.0,6.0
161,A. Sylla,Surne Bilbao,9,4.333333333333333,452.3333333333333,256449.0,2.0
161,A. Sylla,Surne Bilbao,10,4.0,373.3333333333333,265714.0,7.0
161,A. Sylla,Surne Bilbao,26,0.5,113.0,234000.0,2.0
161,A. Sylla,Surne Bilbao,27,1.0,289.0,221818.0,1.0
161,A. Sylla,Surne Bilbao,29,1.5,448.0,207500.0,-1.0
161,A. Sylla,Surne Bilbao,32,-0.5,193.0,174286.0,0.0
161,A. Sylla,Surne Bilbao,34,0.0,292.0,162667.0,1.0
162,I. Almansa,Real Madrid,4,9.0,698.5,330625.0,2.0
162,I. Almansa,Real Madrid,19,3.0,448.5,385714.0,5.0
162,I. Almansa,Real Madrid,21,3.0,553.5,375000.0,4.0
162,I. Almansa,Real Madrid,22,4.5,486.5,360000.0,16.0
162,I. Almansa,Real Madrid,31,4.5,683.0,338571.0,3.0
162,I. Almansa,Real Madrid,32,4.0,867.6666666666666,326000.0,6.0
162,I. Almansa,Real Madrid,33,6.666666666666667,1034.6666666666667,324375.0,9.0
162,I. Almansa,Real Madrid,34,6.0,969.6666666666666,331765.0,12.0
164,F. Campazzo,Real Madrid,3,15.0,1433.0,723350.0,1.0
164,F. Campazzo,Real Madrid,4,10.333333333333334,1402.6666666666667,614847.0,12.0
164,F. Campazzo,Real Madrid,5,11.333333333333334,1376.6666666666667,592500.0,14.0
164,F. Campazzo,Real Madrid,6,9.0,1393.0,642000.0,12.0
164,F. Campazzo,Real Madrid,7,12.666666666666666,1391.6666666666667,655000.0,10.0
164,F. Campazzo,Real Madrid,9,11.0,1327.5,647143.0,1.0
164,F. Campazzo,Real Madrid,10,5.5,1387.5,573750.0,19.0
164,F. Campazzo,Real Madrid,11,10.0,1310.0,636667.0,13.0
164,F. Campazzo,Real Madrid,12,11.0,1393.0,651000.0,8.0
164,F. Campazzo,Real Madrid,13,13.333333333333334,1374.3333333333333,635455.0,22.0
164,F. Campazzo,Real Madrid,14,14.333333333333334,1467.6666666666667,692500.0,19.0
164,F. Campazzo,Real Madrid,16,20.5,1468.0,712308.0,3.0
164,F. Campazzo,Real Madrid,17,11.0,1490.5,674286.0,11.0
164,F. Campazzo,Real Madrid,18,7.0,1420.5,673333.0,10.0
164,F. Campazzo,Real Madrid,19,8.0,1371.0,668750.0,17.0
164,F. Campazzo,Real Madrid,21,13.5,1121.5,689412.0,24.0
164,F. Campazzo,Real Madrid,22,20.5,1282.0,731111.0,15.0
164,F. Campazzo,Real Madrid,23,19.5,1278.5,740000.0,20.0
164,F. Campazzo,Real Madrid,25,17.5,1012.0,763000.0,9.0
164,F. Campazzo,Real Madrid,26,14.5,1192.0,752381.0,8.0
164,F. Campazzo,Real Madrid,27,8.5,1204.5,740000.0,5.0
164,F. Campazzo,Real Madrid,28,7.333333333333333,1343.3333333333333,718696.0,9.0
164,F. Campazzo,Real Madrid,30,7.0,1451.0,711250.0,-4.0
164,F. Campazzo,Real Madrid,31,2.5,1066.5,674800.0,13.0
164,F. Campazzo,Real Madrid,32,4.5,1105.0,673846.0,12.0
164,F. Campazzo,Real Madrid,33,7.0,1008.3333333333334,671111.0,14.0
165,A. Feliz,Real Madrid,8,0.5,562.0,187922.0,6.0
165,A. Feliz,Real Madrid,9,4.5,845.5,159734.0,0.0
165,A. Feliz,Real Madrid,10,3.0,733.5,135774.0,12.0
165,A. Feliz,Real Madrid,11,6.0,896.3333333333334,156140.0,9.0
165,A. Feliz,Real Madrid,12,7.0,942.6666666666666,179561.0,15.0
165,A. Feliz,Real Madrid,13,12.0,1102.6666666666667,206495.0,20.0
165,A. Feliz,Real Madrid,14,14.666666666666666,1036.3333333333333,237469.0,8.0
165,A. Feliz,Real Madrid,15,14.333333333333334,1004.3333333333334,273089.0,4.0
165,A. Feliz,Real Madrid,16,10.666666666666666,990.3333333333334,314052.0,-4.0
165,A. Feliz,Real Madrid,17,2.6666666666666665,733.0,353077.0,10.0
165,A. Feliz,Real Madrid,18,3.3333333333333335,809.0,370714.0,15.0
165,A. Feliz,Real Madrid,19,7.0,809.6666666666666,406000.0,9.0
165,A. Feliz,Real Madrid,20,11.333333333333334,1077.3333333333333,414375.0,10.0
165,A. Feliz,Real Madrid,21,11.333333333333334,1213.0,425294.0,6.0
165,A. Feliz,Real Madrid,23,8.0,1466.0,421667.0,4.0
165,A. Feliz,Real Madrid,24,5.0,1298.0,412105.0,24.0
165,A. Feliz,Real Madrid,25,14.0,1362.5,463500.0,23.0
165,A. Feliz,Real Madrid,27,23.5,1303.5,507143.0,16.0
165,A. Feliz,Real Madrid,28,19.5,1172.5,520455.0,13.0
165,A. Feliz,Real Madrid,29,14.5,1264.0,531739.0,10.0
165,A. Feliz,Real Madrid,30,13.0,1125.3333333333333,534583.0,6.0
165,A. Feliz,Real Madrid,31,9.666666666666666,1008.6666666666666,525200.0,3.0
165,A. Feliz,Real Madrid,32,6.333333333333333,895.3333333333334,510769.0,5.0
165,A. Feliz,Real Madrid,34,4.0,768.5,501111.0,9.0
166,T. Maledon,Real Madrid,5,5.5,1034.5,390150.0,17.0
166,T. Maledon,Real Madrid,6,9.333333333333334,1114.0,448673.0,9.0
166,T. Maledon,Real Madrid,7,10.666666666666666,1162.6666666666667,515974.0,23.0
166,T. Maledon,Real Madrid,8,16.333333333333332,1302.3333333333333,593370.0,26.0
166,T. Maledon,Real Madrid,9,19.333333333333332,1418.3333333333333,682376.0,0.0
166,T. Maledon,Real Madrid,10,16.333333333333332,1320.0,737143.0,10.0
166,T. Maledon,Real Madrid,11,12.0,1255.0,720000.0,17.0
166,T. Maledon,Real Madrid,12,9.0,1112.0,753333.0,15.0
166,T. Maledon,Real Madrid,13,14.0,1230.6666666666667,768000.0,5.0
166,T. Maledon,Real Madrid,14,12.333333333333334,1214.6666666666667,725455.0,5.0
166,T. Maledon,Real Madrid,15,8.333333333333334,1135.3333333333333,685833.0,15.0
166,T. Maledon,Real Madrid,16,8.333333333333334,1162.6666666666667,702308.0,8.0
166,T. Maledon,Real Madrid,22,8.5,852.5,664375.0,20.0
166,T. Maledon,Real Madrid,23,12.333333333333334,1047.0,695882.0,18.0
166,T. Maledon,Real Madrid,24,15.333333333333334,1194.3333333333333,717222.0,15.0
166,T. Maledon,Real Madrid,26,16.5,1346.5,726842.0,18.0
166,T. Maledon,Real Madrid,27,16.5,1254.0,744500.0,7.0
166,T. Maledon,Real Madrid,28,12.5,1206.0,725714.0,-1.0
166,T. Maledon,Real Madrid,29,8.0,1095.0,690455.0,14.0
166,T. Maledon,Real Madrid,30,6.666666666666667,1327.3333333333333,696957.0,7.0
166,T. Maledon,Real Madrid,31,6.666666666666667,1166.6666666666667,682500.0,14.0
166,T. Maledon,Real Madrid,32,11.666666666666666,1223.0,683200.0,14.0
166,T. Maledon,Real Madrid,33,11.666666666666666,847.6666666666666,683846.0,0.0
166,T. Maledon,Real Madrid,34,9.333333333333334,872.3333333333334,658519.0,6.0
167,D. Kramer,Real Madrid,3,6.0,1176.5,340000.0,11.0
167,D. Kramer,Real Madrid,4,7.666666666666667,1080.0,391000.0,-4.0
167,D. Kramer,Real Madrid,5,3.6666666666666665,898.3333333333334,332350.0,5.0
167,D. Kramer,Real Madrid,6,4.0,616.6666666666666,288000.0,7.0
167,D. Kramer,Real Madrid,7,2.6666666666666665,599.6666666666666,310000.0,4.0
167,D. Kramer,Real Madrid,8,5.333333333333333,645.3333333333334,300000.0,3.0
167,D. Kramer,Real Madrid,9,4.666666666666667,736.6666666666666,285000.0,6.0
167,D. Kramer,Real Madrid,10,4.333333333333333,722.0,293333.0,19.0
167,D. Kramer,Real Madrid,17,6.5,846.5,380833.0,5.0
167,D. Kramer,Real Madrid,18,6.0,863.0,374615.0,8.0
167,D. Kramer,Real Madrid,19,9.0,953.0,382143.0,19.0
167,D. Kramer,Real Madrid,20,10.666666666666666,1017.3333333333334,432667.0,0.0
167,D. Kramer,Real Madrid,21,9.0,899.0,405625.0,-1.0
167,D. Kramer,Real Madrid,22,6.0,795.3333333333334,378824.0,11.0
167,D. Kramer,Real Madrid,24,5.0,695.0,394444.0,-5.0
167,D. Kramer,Real Madrid,25,3.0,752.5,360526.0,5.0
167,D. Kramer,Real Madrid,26,0.0,915.5,357500.0,1.0
167,D. Kramer,Real Madrid,27,0.3333333333333333,818.3333333333334,343333.0,3.0
167,D. Kramer,Real Madrid,29,2.0,501.5,334545.0,3.0
167,D. Kramer,Real Madrid,32,1.5,634.0,314167.0,4.0
167,D. Kramer,Real Madrid,33,2.0,567.5,309600.0,11.0
167,D. Kramer,Real Madrid,34,5.0,707.0,318846.0,7.0
168,G. Procida,Real Madrid,4,5.5,842.5,195500.0,-1.0
168,G. Procida,Real Madrid,5,3.3333333333333335,812.0,200000.0,5.0
168,G. Procida,Real Madrid,6,4.666666666666667,723.6666666666666,225000.0,0.0
168,G. Procida,Real Madrid,7,1.3333333333333333,502.3333333333333,191250.0,-1.0
168,G. Procida,Real Madrid,8,1.3333333333333333,391.6666666666667,162562.0,-1.0
168,G. Procida,Real Madrid,9,-0.6666666666666666,404.0,138178.0,8.0
168,G. Procida,Real Madrid,10,2.0,611.0,158905.0,19.0
168,G. Procida,Real Madrid,11,8.666666666666666,893.3333333333334,182741.0,10.0
168,G. Procida,Real Madrid,12,12.333333333333334,1067.3333333333333,210152.0,5.0
168,G. Procida,Real Madrid,18,0.0,604.0,255385.0,24.0
168,G. Procida,Real Madrid,19,12.0,1087.5,293693.0,9.0
168,G. Procida,Real Madrid,20,11.0,1156.0,337747.0,4.0
168,G. Procida,Real Madrid,21,12.333333333333334,998.0,346250.0,4.0
168,G. Procida,Real Madrid,22,5.666666666666667,779.3333333333334,340000.0,10.0
168,G. Procida,Real Madrid,23,6.0,718.0,354444.0,15.0
168,G. Procida,Real Madrid,24,9.666666666666666,1052.3333333333333,383158.0,4.0
168,G. Procida,Real Madrid,25,9.666666666666666,1141.0,376000.0,5.0
168,G. Procida,Real Madrid,26,8.0,1176.6666666666667,372381.0,15.0
168,G. Procida,Real Madrid,27,8.0,1136.0,396364.0,2.0
168,G. Procida,Real Madrid,28,7.333333333333333,1086.3333333333333,383478.0,12.0
168,G. Procida,Real Madrid,29,9.666666666666666,1008.3333333333334,397500.0,3.0
168,G. Procida,Real Madrid,30,5.666666666666667,921.0,388800.0,2.0
168,G. Procida,Real Madrid,31,5.666666666666667,991.3333333333334,377692.0,1.0
168,G. Procida,Real Madrid,32,2.0,1003.6666666666666,365556.0,7.0
168,G. Procida,Real Madrid,33,3.3333333333333335,883.6666666666666,365000.0,-3.0
169,G. Deck,Real Madrid,5,11.5,1082.5,489325.0,16.0
169,G. Deck,Real Madrid,6,12.5,1292.5,562724.0,6.0
169,G. Deck,Real Madrid,7,11.0,1529.0,640000.0,0.0
169,G. Deck,Real Madrid,9,3.0,1376.5,544000.0,5.0
169,G. Deck,Real Madrid,12,3.0,1173.5,417143.0,9.0
169,G. Deck,Real Madrid,13,5.0,1333.5,432500.0,7.0
169,G. Deck,Real Madrid,14,5.666666666666667,1194.0,431111.0,9.0
169,G. Deck,Real Madrid,16,8.0,1134.0,433000.0,18.0
169,G. Deck,Real Madrid,34,6.5,1015.5,427500.0,6.0
170,C. Okeke,Real Madrid,4,5.5,1127.0,330000.0,8.0
170,C. Okeke,Real Madrid,9,9.0,1154.5,370961.0,9.0
170,C. Okeke,Real Madrid,10,9.0,1148.0,426605.0,3.0
170,C. Okeke,Real Madrid,11,9.333333333333334,1183.0,420000.0,-1.0
170,C. Okeke,Real Madrid,18,12.0,1137.0,433000.0,13.0
170,C. Okeke,Real Madrid,19,14.0,1206.0,464545.0,6.0
170,C. Okeke,Real Madrid,20,11.333333333333334,1182.0,455833.0,14.0
170,C. Okeke,Real Madrid,21,11.0,1129.6666666666667,485385.0,11.0
170,C. Okeke,Real Madrid,22,10.333333333333334,1165.0,497857.0,20.0
170,C. Okeke,Real Madrid,24,15.5,1286.5,544667.0,7.0
170,C. Okeke,Real Madrid,25,13.5,1189.5,536875.0,6.0
170,C. Okeke,Real Madrid,26,6.5,1170.5,526471.0,13.0
170,C. Okeke,Real Madrid,27,8.666666666666666,1289.6666666666667,540556.0,4.0
170,C. Okeke,Real Madrid,28,7.666666666666667,1321.6666666666667,522632.0,3.0
170,C. Okeke,Real Madrid,29,6.666666666666667,1278.6666666666667,505500.0,3.0
170,C. Okeke,Real Madrid,30,3.3333333333333335,1213.0,490000.0,3.0
170,C. Okeke,Real Madrid,32,3.0,1299.0,474545.0,14.0
170,C. Okeke,Real Madrid,33,8.5,1011.0,484348.0,11.0
170,C. Okeke,Real Madrid,34,12.5,1088.5,487083.0,0.0
171,U. Garuba,Real Madrid,4,7.5,704.0,283475.0,16.0
171,U. Garuba,Real Madrid,5,10.333333333333334,715.0,325996.0,13.0
171,U. Garuba,Real Madrid,6,14.333333333333334,866.0,374895.0,7.0
171,U. Garuba,Real Madrid,7,12.0,680.0,431129.0,15.0
171,U. Garuba,Real Madrid,8,11.666666666666666,742.3333333333334,495798.0,6.0
171,U. Garuba,Real Madrid,9,9.333333333333334,822.0,570168.0,5.0
171,U. Garuba,Real Madrid,10,8.666666666666666,834.3333333333334,576250.0,11.0
171,U. Garuba,Real Madrid,11,7.333333333333333,788.3333333333334,585556.0,1.0
171,U. Garuba,Real Madrid,12,5.666666666666667,790.6666666666666,533000.0,13.0
171,U. Garuba,Real Madrid,13,8.333333333333334,923.3333333333334,555455.0,7.0
171,U. Garuba,Real Madrid,14,7.0,944.0,544167.0,10.0
171,U. Garuba,Real Madrid,16,8.5,790.0,540769.0,12.0
171,U. Garuba,Real Madrid,17,11.0,894.0,553571.0,13.0
171,U. Garuba,Real Madrid,18,12.5,980.5,568667.0,-1.0
171,U. Garuba,Real Madrid,19,8.0,909.0,530000.0,-3.0
171,U. Garuba,Real Madrid,20,3.0,709.0,490000.0,4.0
171,U. Garuba,Real Madrid,22,0.5,558.0,476111.0,5.0
171,U. Garuba,Real Madrid,23,4.5,538.5,466842.0,10.0
171,U. Garuba,Real Madrid,24,7.5,436.5,473500.0,6.0
171,U. Garuba,Real Madrid,26,8.0,612.5,468095.0,-3.0
171,U. Garuba,Real Madrid,27,1.5,700.5,440000.0,6.0
171,U. Garuba,Real Madrid,28,1.5,532.5,433913.0,-3.0
171,U. Garuba,Real Madrid,29,0.0,561.0,409583.0,12.0
172,M. Hezonja,Real Madrid,3,12.5,1320.0,695000.0,21.0
172,M. Hezonja,Real Madrid,4,15.333333333333334,1347.0,799250.0,1.0
172,M. Hezonja,Real Madrid,5,11.0,1373.6666666666667,679362.0,8.0
172,M. Hezonja,Real Madrid,7,4.5,1292.5,638000.0,19.0
172,M. Hezonja,Real Madrid,8,13.5,1136.0,721667.0,24.0
172,M. Hezonja,Real Madrid,9,21.5,1402.0,824286.0,11.0
172,M. Hezonja,Real Madrid,11,17.5,1629.0,803750.0,23.0
172,M. Hezonja,Real Madrid,12,17.0,1621.0,867778.0,20.0
172,M. Hezonja,Real Madrid,13,21.5,1675.0,901000.0,8.0
172,M. Hezonja,Real Madrid,14,17.0,1617.6666666666667,862727.0,30.0
172,M. Hezonja,Real Madrid,15,19.333333333333332,1590.6666666666667,915833.0,12.0
172,M. Hezonja,Real Madrid,16,16.666666666666668,1508.6666666666667,900769.0,23.0
172,M. Hezonja,Real Madrid,17,21.666666666666668,1478.3333333333333,935000.0,30.0
172,M. Hezonja,Real Madrid,18,21.666666666666668,1499.6666666666667,992667.0,12.0
172,M. Hezonja,Real Madrid,20,21.0,1322.5,975625.0,35.0
172,M. Hezonja,Real Madrid,23,20.5,1292.0,1003889.0,11.0
172,M. Hezonja,Real Madrid,24,8.5,1069.5,985789.0,15.0
172,M. Hezonja,Real Madrid,25,10.666666666666666,1234.6666666666667,981500.0,7.0
172,M. Hezonja,Real Madrid,26,11.0,1238.0,954762.0,22.0
172,M. Hezonja,Real Madrid,28,14.5,1135.5,971364.0,29.0
172,M. Hezonja,Real Madrid,29,25.5,1318.0,1004783.0,53.0
172,M. Hezonja,Real Madrid,30,41.0,1599.0,1095417.0,21.0
172,M. Hezonja,Real Madrid,32,37.0,1452.0,1093600.0,10.0
172,M. Hezonja,Real Madrid,33,15.5,978.0,1070769.0,27.0
172,M. Hezonja,Real Madrid,34,18.5,1201.5,1081111.0,24.0
173,A. Abalde,Real Madrid,4,5.0,1186.0,300000.0,6.0
173,A. Abalde,Real Madrid,5,7.0,1321.0,320000.0,2.0
173,A. Abalde,Real Madrid,6,5.333333333333333,1103.3333333333333,272000.0,1.0
173,A. Abalde,Real Madrid,7,3.0,1045.0,231200.0,7.0
173,A. Abalde,Real Madrid,8,3.3333333333333335,1019.0,260000.0,12.0
173,A. Abalde,Real Madrid,10,9.5,1201.5,299000.0,3.0
173,A. Abalde,Real Madrid,13,4.0,810.0,306667.0,6.0
173,A. Abalde,Real Madrid,14,5.5,1213.0,312000.0,2.0
173,A. Abalde,Real Madrid,15,4.333333333333333,1204.0,292727.0,7.0
173,A. Abalde,Real Madrid,16,5.0,1195.6666666666667,303333.0,1.0
173,A. Abalde,Real Madrid,18,4.0,796.0,284615.0,-1.0
173,A. Abalde,Real Madrid,19,0.0,592.0,260714.0,4.0
173,A. Abalde,Real Madrid,20,1.5,1037.5,259333.0,1.0
173,A. Abalde,Real Madrid,21,1.3333333333333333,985.6666666666666,246875.0,8.0
173,A. Abalde,Real Madrid,22,4.333333333333333,1092.0,260588.0,0.0
173,A. Abalde,Real Madrid,23,3.0,937.6666666666666,246111.0,-2.0
173,A. Abalde,Real Madrid,24,2.0,816.3333333333334,227895.0,9.0
173,A. Abalde,Real Madrid,26,3.5,894.5,243500.0,4.0
173,A. Abalde,Real Madrid,27,6.5,1138.0,243333.0,2.0
173,A. Abalde,Real Madrid,28,3.0,943.0,236818.0,5.0
173,A. Abalde,Real Madrid,29,3.6666666666666665,958.3333333333334,239565.0,17.0
173,A. Abalde,Real Madrid,30,8.0,1097.6666666666667,272083.0,5.0
173,A. Abalde,Real Madrid,31,9.0,1116.0,271200.0,12.0
173,A. Abalde,Real Madrid,32,11.333333333333334,1178.6666666666667,283846.0,2.0
173,A. Abalde,Real Madrid,33,6.333333333333333,790.6666666666666,277037.0,3.0
173,A. Abalde,Real Madrid,34,5.666666666666667,641.0,272500.0,14.0
174,S. Llull,Real Madrid,3,6.0,1181.5,360000.0,1.0
174,S. Llull,Real Madrid,4,4.333333333333333,1041.6666666666667,306000.0,-4.0
174,S. Llull,Real Madrid,5,-1.0,907.0,260100.0,5.0
174,S. Llull,Real Madrid,6,0.6666666666666666,835.0,221085.0,7.0
174,S. Llull,Real Madrid,7,2.6666666666666665,944.3333333333334,216667.0,8.0
174,S. Llull,Real Madrid,8,6.666666666666667,995.3333333333334,249167.0,12.0
174,S. Llull,Real Madrid,9,9.0,1001.0,286542.0,14.0
174,S. Llull,Real Madrid,10,11.333333333333334,979.0,329523.0,5.0
174,S. Llull,Real Madrid,11,10.333333333333334,994.3333333333334,364000.0,6.0
174,S. Llull,Real Madrid,12,8.333333333333334,1036.0,363636.0,1.0
174,S. Llull,Real Madrid,13,4.0,1025.6666666666667,338333.0,7.0
174,S. Llull,Real Madrid,14,4.666666666666667,1066.3333333333333,344615.0,15.0
174,S. Llull,Real Madrid,15,7.666666666666667,1105.3333333333333,373571.0,10.0
174,S. Llull,Real Madrid,16,10.666666666666666,1245.0,388667.0,15.0
174,S. Llull,Real Madrid,17,13.333333333333334,1180.3333333333333,420625.0,6.0
174,S. Llull,Real Madrid,18,10.333333333333334,1240.3333333333333,417059.0,13.0
174,S. Llull,Real Madrid,19,11.333333333333334,1064.3333333333333,437222.0,8.0
174,S. Llull,Real Madrid,20,9.0,1159.6666666666667,439474.0,2.0
174,S. Llull,Real Madrid,21,7.666666666666667,1211.3333333333333,423500.0,8.0
174,S. Llull,Real Madrid,22,6.0,1269.0,426190.0,3.0
174,S. Llull,Real Madrid,23,4.333333333333333,1163.6666666666667,415000.0,2.0
174,S. Llull,Real Madrid,25,2.5,806.0,402174.0,7.0
174,S. Llull,Real Madrid,26,4.5,907.5,402917.0,0.0
174,S. Llull,Real Madrid,27,3.5,1029.0,386800.0,8.0
174,S. Llull,Real Madrid,28,5.0,1013.3333333333334,387308.0,0.0
174,S. Llull,Real Madrid,29,2.6666666666666665,770.3333333333334,372963.0,4.0
174,S. Llull,Real Madrid,30,4.0,775.6666666666666,368214.0,21.0
174,S. Llull,Real Madrid,31,8.333333333333334,955.6666666666666,391724.0,1.0
174,S. Llull,Real Madrid,32,8.666666666666666,1273.0,380333.0,3.0
174,S. Llull,Real Madrid,33,8.333333333333334,1078.0,372903.0,3.0
174,S. Llull,Real Madrid,34,2.3333333333333335,913.6666666666666,365938.0,4.0
175,W. Tavares,Real Madrid,4,13.0,1236.0,765000.0,39.0
175,W. Tavares,Real Madrid,5,25.0,1180.5,879750.0,27.0
175,W. Tavares,Real Madrid,6,33.0,1452.5,1011713.0,6.0
175,W. Tavares,Real Madrid,7,24.0,1334.0,1154000.0,13.0
175,W. Tavares,Real Madrid,8,15.333333333333334,1407.0,1091667.0,18.0
175,W. Tavares,Real Madrid,9,12.333333333333334,1250.6666666666667,1090000.0,7.0
175,W. Tavares,Real Madrid,11,12.5,1298.5,1006250.0,10.0
175,W. Tavares,Real Madrid,12,8.5,1347.5,961111.0,15.0
175,W. Tavares,Real Madrid,13,12.5,1296.0,955000.0,7.0
175,W. Tavares,Real Madrid,14,10.666666666666666,1119.6666666666667,906364.0,15.0
175,W. Tavares,Real Madrid,15,12.333333333333334,1234.0,893333.0,20.0
175,W. Tavares,Real Madrid,16,14.0,1203.0,916923.0,11.0
175,W. Tavares,Real Madrid,23,14.0,1361.0,891250.0,12.0
175,W. Tavares,Real Madrid,24,13.0,1272.0,881176.0,10.0
175,W. Tavares,Real Madrid,25,11.0,1226.0,865556.0,18.0
175,W. Tavares,Real Madrid,27,14.0,1151.5,876842.0,32.0
175,W. Tavares,Real Madrid,28,25.0,1221.5,913000.0,31.0
176,C. Agada,Hiopos Lleida,3,18.0,1202.5,595125.0,4.0
176,C. Agada,Hiopos Lleida,4,13.333333333333334,1119.6666666666667,684394.0,17.0
176,C. Agada,Hiopos Lleida,5,12.666666666666666,1110.6666666666667,787053.0,10.0
176,C. Agada,Hiopos Lleida,6,10.333333333333334,1186.3333333333333,776000.0,20.0
176,C. Agada,Hiopos Lleida,7,15.666666666666666,1255.3333333333333,846667.0,9.0
176,C. Agada,Hiopos Lleida,8,13.0,1197.6666666666667,790000.0,5.0
176,C. Agada,Hiopos Lleida,9,11.333333333333334,1170.6666666666667,722500.0,-1.0
176,C. Agada,Hiopos Lleida,10,4.333333333333333,1241.3333333333333,636667.0,6.0
176,C. Agada,Hiopos Lleida,11,3.3333333333333335,1285.0,603000.0,8.0
176,C. Agada,Hiopos Lleida,12,4.333333333333333,1162.3333333333333,584545.0,-5.0
176,C. Agada,Hiopos Lleida,13,3.0,1058.0,515000.0,3.0
176,C. Agada,Hiopos Lleida,14,2.0,1110.0,489231.0,-3.0
176,C. Agada,Hiopos Lleida,15,-1.6666666666666667,1098.3333333333333,443571.0,-7.0
176,C. Agada,Hiopos Lleida,16,-2.3333333333333335,964.6666666666666,390667.0,13.0
176,C. Agada,Hiopos Lleida,17,1.0,965.0,415000.0,1.0
176,C. Agada,Hiopos Lleida,18,2.3333333333333335,875.6666666666666,394118.0,6.0
176,C. Agada,Hiopos Lleida,19,6.666666666666667,1103.3333333333333,388889.0,1.0
176,C. Agada,Hiopos Lleida,20,2.6666666666666665,942.3333333333334,371053.0,11.0
176,C. Agada,Hiopos Lleida,21,6.0,1126.0,380000.0,9.0
176,C. Agada,Hiopos Lleida,22,7.0,910.0,383333.0,1.0
176,C. Agada,Hiopos Lleida,23,7.0,992.0,368182.0,2.0
176,C. Agada,Hiopos Lleida,24,4.0,939.0,356522.0,-1.0
176,C. Agada,Hiopos Lleida,25,0.6666666666666666,927.0,339583.0,6.0
176,C. Agada,Hiopos Lleida,26,2.3333333333333335,822.3333333333334,340400.0,-4.0
176,C. Agada,Hiopos Lleida,27,0.3333333333333333,693.6666666666666,319615.0,-2.0
176,C. Agada,Hiopos Lleida,28,0.0,555.6666666666666,304074.0,5.0
176,C. Agada,Hiopos Lleida,29,-0.3333333333333333,538.0,302143.0,-1.0
176,C. Agada,Hiopos Lleida,30,0.6666666666666666,385.6666666666667,290000.0,6.0
176,C. Agada,Hiopos Lleida,31,3.3333333333333335,746.0,292333.0,1.0
176,C. Agada,Hiopos Lleida,32,2.0,896.0,284516.0,5.0
176,C. Agada,Hiopos Lleida,33,4.0,1181.3333333333333,285000.0,8.0
176,C. Agada,Hiopos Lleida,34,4.666666666666667,1132.0,288485.0,1.0
177,M. Ejim,Hiopos Lleida,3,10.0,1441.0,330625.0,-2.0
177,M. Ejim,Hiopos Lleida,4,6.0,1328.0,366667.0,23.0
177,M. Ejim,Hiopos Lleida,5,8.333333333333334,1378.6666666666667,421667.0,18.0
177,M. Ejim,Hiopos Lleida,6,13.0,1331.3333333333333,484917.0,28.0
177,M. Ejim,Hiopos Lleida,7,23.0,1581.3333333333333,557655.0,7.0
177,M. Ejim,Hiopos Lleida,8,17.666666666666668,1434.6666666666667,641303.0,-2.0
177,M. Ejim,Hiopos Lleida,9,11.0,1343.0,663750.0,14.0
177,M. Ejim,Hiopos Lleida,10,6.333333333333333,1156.0,667778.0,12.0
177,M. Ejim,Hiopos Lleida,11,8.0,1192.6666666666667,661000.0,1.0
177,M. Ejim,Hiopos Lleida,12,9.0,1393.6666666666667,605455.0,11.0
177,M. Ejim,Hiopos Lleida,13,8.0,1583.6666666666667,600833.0,18.0
177,M. Ejim,Hiopos Lleida,14,10.0,1639.6666666666667,637692.0,6.0
177,M. Ejim,Hiopos Lleida,15,11.666666666666666,1551.0,613571.0,14.0
177,M. Ejim,Hiopos Lleida,16,12.666666666666666,1501.6666666666667,628667.0,15.0
177,M. Ejim,Hiopos Lleida,17,11.666666666666666,1376.6666666666667,645625.0,9.0
177,M. Ejim,Hiopos Lleida,19,12.0,1250.0,639412.0,18.0
177,M. Ejim,Hiopos Lleida,20,13.5,1603.0,653889.0,-3.0
177,M. Ejim,Hiopos Lleida,21,7.5,1420.5,611579.0,17.0
177,M. Ejim,Hiopos Lleida,22,10.666666666666666,1441.3333333333333,623500.0,6.0
177,M. Ejim,Hiopos Lleida,23,6.666666666666667,1326.3333333333333,608095.0,19.0
177,M. Ejim,Hiopos Lleida,24,14.0,1565.0,623636.0,10.0
177,M. Ejim,Hiopos Lleida,25,11.666666666666666,1623.3333333333333,618261.0,39.0
177,M. Ejim,Hiopos Lleida,26,22.666666666666668,1808.0,690000.0,25.0
177,M. Ejim,Hiopos Lleida,27,24.666666666666668,1865.0,712400.0,28.0
177,M. Ejim,Hiopos Lleida,28,30.666666666666668,1951.6666666666667,749615.0,16.0
177,M. Ejim,Hiopos Lleida,29,23.0,1862.3333333333333,751481.0,19.0
177,M. Ejim,Hiopos Lleida,30,21.0,1816.3333333333333,758571.0,8.0
177,M. Ejim,Hiopos Lleida,31,14.333333333333334,1689.3333333333333,748966.0,2.0
177,M. Ejim,Hiopos Lleida,32,9.666666666666666,1455.0,727333.0,-1.0
177,M. Ejim,Hiopos Lleida,33,3.0,1458.6666666666667,702258.0,16.0
177,M. Ejim,Hiopos Lleida,34,5.666666666666667,1293.6666666666667,705313.0,6.0
178,C. Walden,Hiopos Lleida,3,3.0,989.5,216750.0,-2.0
178,C. Walden,Hiopos Lleida,4,1.3333333333333333,1019.3333333333334,184237.0,10.0
178,C. Walden,Hiopos Lleida,5,4.0,1118.6666666666667,211873.0,0.0
178,C. Walden,Hiopos Lleida,7,5.0,1076.0,180092.0,13.0
178,C. Walden,Hiopos Lleida,8,6.5,994.5,207106.0,3.0
178,C. Walden,Hiopos Lleida,9,8.0,755.0,237143.0,-3.0
178,C. Walden,Hiopos Lleida,10,4.333333333333333,933.0,201572.0,6.0
178,C. Walden,Hiopos Lleida,11,2.0,1015.0,201111.0,9.0
178,C. Walden,Hiopos Lleida,12,4.0,1399.6666666666667,226000.0,1.0
178,C. Walden,Hiopos Lleida,13,5.333333333333333,1318.0,210000.0,5.0
178,C. Walden,Hiopos Lleida,14,5.0,1252.0,217500.0,-1.0
178,C. Walden,Hiopos Lleida,15,1.6666666666666667,1091.6666666666667,196923.0,19.0
178,C. Walden,Hiopos Lleida,16,7.666666666666667,1366.6666666666667,226461.0,8.0
178,C. Walden,Hiopos Lleida,17,8.666666666666666,1505.0,260430.0,9.0
178,C. Walden,Hiopos Lleida,18,12.0,1657.0,295000.0,7.0
178,C. Walden,Hiopos Lleida,19,8.0,1569.0,298235.0,2.0
178,C. Walden,Hiopos Lleida,20,6.0,1557.0,287222.0,3.0
178,C. Walden,Hiopos Lleida,21,4.0,1371.6666666666667,280000.0,2.0
178,C. Walden,Hiopos Lleida,22,2.3333333333333335,1141.0,271000.0,1.0
178,C. Walden,Hiopos Lleida,23,2.0,1010.0,260476.0,2.0
178,C. Walden,Hiopos Lleida,24,1.6666666666666667,1004.3333333333334,253182.0,-2.0
178,C. Walden,Hiopos Lleida,25,0.3333333333333333,949.6666666666666,237826.0,3.0
178,C. Walden,Hiopos Lleida,26,1.0,777.3333333333334,235417.0,0.0
178,C. Walden,Hiopos Lleida,27,0.3333333333333333,440.6666666666667,226000.0,2.0
178,C. Walden,Hiopos Lleida,28,1.6666666666666667,577.0,221923.0,-1.0
178,C. Walden,Hiopos Lleida,29,0.3333333333333333,676.3333333333334,211852.0,-5.0
178,C. Walden,Hiopos Lleida,30,-1.3333333333333333,1006.6666666666666,195357.0,-3.0
178,C. Walden,Hiopos Lleida,31,-3.0,789.6666666666666,183448.0,7.0
178,C. Walden,Hiopos Lleida,32,-0.3333333333333333,830.6666666666666,189000.0,0.0
178,C. Walden,Hiopos Lleida,33,1.3333333333333333,535.3333333333334,182903.0,2.0
180,J. Shurna,Hiopos Lleida,5,10.5,936.5,430100.0,0.0
180,J. Shurna,Hiopos Lleida,6,7.0,1020.3333333333334,403333.0,-1.0
180,J. Shurna,Hiopos Lleida,7,5.0,979.0,342833.0,7.0
180,J. Shurna,Hiopos Lleida,8,2.0,965.3333333333334,302000.0,4.0
180,J. Shurna,Hiopos Lleida,9,3.3333333333333335,1131.0,285000.0,13.0
180,J. Shurna,Hiopos Lleida,10,8.0,1398.3333333333333,327750.0,5.0
180,J. Shurna,Hiopos Lleida,11,7.333333333333333,1425.3333333333333,326250.0,11.0
180,J. Shurna,Hiopos Lleida,12,9.666666666666666,1458.6666666666667,351111.0,2.0
180,J. Shurna,Hiopos Lleida,13,6.0,1175.6666666666667,326000.0,5.0
180,J. Shurna,Hiopos Lleida,14,6.0,1041.6666666666667,323636.0,9.0
180,J. Shurna,Hiopos Lleida,15,5.333333333333333,922.0,334167.0,14.0
180,J. Shurna,Hiopos Lleida,16,9.333333333333334,1255.3333333333333,373077.0,8.0
180,J. Shurna,Hiopos Lleida,17,10.333333333333334,1394.6666666666667,380714.0,13.0
180,J. Shurna,Hiopos Lleida,18,11.666666666666666,1585.3333333333333,407333.0,7.0
180,J. Shurna,Hiopos Lleida,19,9.333333333333334,1528.6666666666667,403750.0,2.0
180,J. Shurna,Hiopos Lleida,20,7.333333333333333,1498.6666666666667,385882.0,10.0
180,J. Shurna,Hiopos Lleida,21,6.333333333333333,1074.3333333333333,392222.0,4.0
180,J. Shurna,Hiopos Lleida,22,5.333333333333333,990.3333333333334,382105.0,18.0
180,J. Shurna,Hiopos Lleida,23,10.666666666666666,948.3333333333334,408000.0,8.0
180,J. Shurna,Hiopos Lleida,24,10.0,1068.0,407619.0,8.0
180,J. Shurna,Hiopos Lleida,25,11.333333333333334,981.0,407273.0,0.0
180,J. Shurna,Hiopos Lleida,26,5.333333333333333,1059.6666666666667,389565.0,4.0
180,J. Shurna,Hiopos Lleida,27,4.0,1076.3333333333333,381667.0,3.0
180,J. Shurna,Hiopos Lleida,28,2.3333333333333335,937.3333333333334,373600.0,-1.0
180,J. Shurna,Hiopos Lleida,34,6.0,863.5,353214.0,8.0
181,G. Golomán,Hiopos Lleida,3,16.5,972.0,462875.0,9.0
181,G. Golomán,Hiopos Lleida,4,14.0,947.3333333333334,532306.0,1.0
181,G. Golomán,Hiopos Lleida,6,5.0,571.5,612152.0,7.0
181,G. Golomán,Hiopos Lleida,7,4.0,502.0,582000.0,11.0
181,G. Golomán,Hiopos Lleida,8,9.0,755.0,576667.0,4.0
181,G. Golomán,Hiopos Lleida,9,7.333333333333333,691.3333333333334,522857.0,6.0
181,G. Golomán,Hiopos Lleida,10,7.0,541.6666666666666,495000.0,10.0
181,G. Golomán,Hiopos Lleida,11,6.666666666666667,503.3333333333333,495556.0,19.0
181,G. Golomán,Hiopos Lleida,12,11.666666666666666,815.6666666666666,541000.0,0.0
181,G. Golomán,Hiopos Lleida,13,9.666666666666666,934.6666666666666,491818.0,19.0
181,G. Golomán,Hiopos Lleida,14,12.666666666666666,1137.0,545833.0,11.0
181,G. Golomán,Hiopos Lleida,15,10.0,1004.3333333333334,546154.0,25.0
181,G. Golomán,Hiopos Lleida,16,18.333333333333332,1345.6666666666667,614286.0,12.0
181,G. Golomán,Hiopos Lleida,17,16.0,1452.3333333333333,621333.0,3.0
181,G. Golomán,Hiopos Lleida,19,7.5,1114.0,593750.0,2.0
181,G. Golomán,Hiopos Lleida,20,2.5,552.0,564706.0,4.0
181,G. Golomán,Hiopos Lleida,21,3.0,525.5,544444.0,16.0
181,G. Golomán,Hiopos Lleida,22,7.333333333333333,676.0,557895.0,19.0
181,G. Golomán,Hiopos Lleida,23,13.0,974.0,577500.0,16.0
181,G. Golomán,Hiopos Lleida,24,17.0,1255.0,588095.0,4.0
182,C. Krutwig,Hiopos Lleida,3,9.0,645.0,515775.0,2.0
182,C. Krutwig,Hiopos Lleida,4,6.666666666666667,685.0,438409.0,13.0
182,C. Krutwig,Hiopos Lleida,5,8.0,917.0,490000.0,12.0
182,C. Krutwig,Hiopos Lleida,6,9.0,1076.6666666666667,512000.0,6.0
182,C. Krutwig,Hiopos Lleida,7,10.333333333333334,1102.0,486667.0,6.0
182,C. Krutwig,Hiopos Lleida,8,8.0,898.6666666666666,460000.0,-3.0
182,C. Krutwig,Hiopos Lleida,9,3.0,775.6666666666666,391000.0,16.0
182,C. Krutwig,Hiopos Lleida,10,6.333333333333333,845.0,430000.0,-1.0
182,C. Krutwig,Hiopos Lleida,11,4.0,887.3333333333334,382000.0,-2.0
182,C. Krutwig,Hiopos Lleida,12,4.333333333333333,791.3333333333334,338182.0,1.0
182,C. Krutwig,Hiopos Lleida,13,-0.6666666666666666,501.6666666666667,314167.0,2.0
182,C. Krutwig,Hiopos Lleida,14,0.3333333333333333,357.6666666666667,299231.0,11.0
182,C. Krutwig,Hiopos Lleida,19,0.5,574.0,281250.0,-5.0
182,C. Krutwig,Hiopos Lleida,20,-1.3333333333333333,623.0,250000.0,21.0
182,C. Krutwig,Hiopos Lleida,21,5.333333333333333,902.6666666666666,287500.0,4.0
182,C. Krutwig,Hiopos Lleida,22,6.666666666666667,967.0,289474.0,10.0
182,C. Krutwig,Hiopos Lleida,23,11.666666666666666,1082.3333333333333,300000.0,3.0
182,C. Krutwig,Hiopos Lleida,24,5.666666666666667,899.6666666666666,292857.0,10.0
182,C. Krutwig,Hiopos Lleida,25,7.666666666666667,939.3333333333334,302273.0,5.0
182,C. Krutwig,Hiopos Lleida,26,6.0,710.6666666666666,302174.0,2.0
182,C. Krutwig,Hiopos Lleida,27,5.666666666666667,624.6666666666666,293750.0,14.0
182,C. Krutwig,Hiopos Lleida,28,7.0,881.0,315600.0,7.0
182,C. Krutwig,Hiopos Lleida,29,7.666666666666667,1316.3333333333333,316923.0,15.0
182,C. Krutwig,Hiopos Lleida,30,12.0,1630.3333333333333,332963.0,15.0
182,C. Krutwig,Hiopos Lleida,31,12.333333333333334,1541.0,353214.0,23.0
182,C. Krutwig,Hiopos Lleida,32,17.666666666666668,1323.0,380690.0,13.0
182,C. Krutwig,Hiopos Lleida,33,17.0,1398.3333333333333,394000.0,-1.0
182,C. Krutwig,Hiopos Lleida,34,11.666666666666666,1317.6666666666667,379677.0,4.0
183,J. Batemon,Hiopos Lleida,3,9.5,1232.5,570000.0,19.0
183,J. Batemon,Hiopos Lleida,4,12.666666666666666,1362.6666666666667,655500.0,15.0
183,J. Batemon,Hiopos Lleida,5,16.0,1503.6666666666667,747500.0,12.0
183,J. Batemon,Hiopos Lleida,6,15.333333333333334,1551.3333333333333,718000.0,17.0
183,J. Batemon,Hiopos Lleida,7,14.666666666666666,1564.6666666666667,768333.0,4.0
183,J. Batemon,Hiopos Lleida,8,11.0,1493.3333333333333,687143.0,21.0
183,J. Batemon,Hiopos Lleida,9,14.0,1544.0,732500.0,6.0
183,J. Batemon,Hiopos Lleida,14,25.5,1838.0,809091.0,12.0
183,J. Batemon,Hiopos Lleida,15,21.0,1799.0,791667.0,26.0
183,J. Batemon,Hiopos Lleida,16,19.0,1862.6666666666667,850769.0,15.0
183,J. Batemon,Hiopos Lleida,17,17.666666666666668,1723.0,854286.0,33.0
183,J. Batemon,Hiopos Lleida,18,24.666666666666668,1869.3333333333333,929333.0,2.0
183,J. Batemon,Hiopos Lleida,19,16.666666666666668,1659.6666666666667,877500.0,28.0
183,J. Batemon,Hiopos Lleida,20,21.0,1884.3333333333333,908235.0,6.0
183,J. Batemon,Hiopos Lleida,21,12.0,1639.0,874444.0,12.0
183,J. Batemon,Hiopos Lleida,22,15.333333333333334,1747.0,860000.0,-1.0
183,J. Batemon,Hiopos Lleida,23,5.666666666666667,1356.0,814500.0,14.0
183,J. Batemon,Hiopos Lleida,24,8.333333333333334,1450.0,809048.0,29.0
183,J. Batemon,Hiopos Lleida,25,14.0,1459.3333333333333,838182.0,21.0
183,J. Batemon,Hiopos Lleida,26,21.333333333333332,1669.3333333333333,856522.0,12.0
183,J. Batemon,Hiopos Lleida,27,20.666666666666668,1642.0,845833.0,18.0
183,J. Batemon,Hiopos Lleida,28,17.0,1746.0,855200.0,1.0
183,J. Batemon,Hiopos Lleida,29,10.333333333333334,1704.0,824231.0,25.0
183,J. Batemon,Hiopos Lleida,30,14.666666666666666,1863.6666666666667,840000.0,27.0
183,J. Batemon,Hiopos Lleida,31,17.666666666666668,1690.0,867857.0,-2.0
183,J. Batemon,Hiopos Lleida,32,16.666666666666668,1599.0,834483.0,15.0
183,J. Batemon,Hiopos Lleida,33,13.333333333333334,1432.0,836667.0,-2.0
183,J. Batemon,Hiopos Lleida,34,3.6666666666666665,1286.3333333333333,806452.0,0.0
184,M. Jiménez,Hiopos Lleida,3,5.5,1035.0,166175.0,0.0
184,M. Jiménez,Hiopos Lleida,4,3.6666666666666665,956.3333333333334,191101.0,4.0
184,M. Jiménez,Hiopos Lleida,5,4.666666666666667,763.6666666666666,219766.0,-3.0
184,M. Jiménez,Hiopos Lleida,6,0.3333333333333333,748.6666666666666,186801.0,6.0
184,M. Jiménez,Hiopos Lleida,7,2.3333333333333335,727.0,185000.0,4.0
184,M. Jiménez,Hiopos Lleida,8,2.3333333333333335,840.6666666666666,187143.0,6.0
184,M. Jiménez,Hiopos Lleida,9,5.333333333333333,824.0,201250.0,13.0
184,M. Jiménez,Hiopos Lleida,10,7.666666666666667,956.0,231438.0,4.0
184,M. Jiménez,Hiopos Lleida,11,7.666666666666667,999.6666666666666,246000.0,4.0
184,M. Jiménez,Hiopos Lleida,13,4.0,890.0,241818.0,0.0
184,M. Jiménez,Hiopos Lleida,14,2.0,698.5,221667.0,15.0
184,M. Jiménez,Hiopos Lleida,15,7.5,730.0,254917.0,3.0
184,M. Jiménez,Hiopos Lleida,16,6.0,673.3333333333334,256429.0,10.0
184,M. Jiménez,Hiopos Lleida,17,9.333333333333334,830.0,279333.0,3.0
184,M. Jiménez,Hiopos Lleida,18,5.333333333333333,742.0,273125.0,11.0
184,M. Jiménez,Hiopos Lleida,19,8.0,1008.3333333333334,289412.0,2.0
184,M. Jiménez,Hiopos Lleida,20,5.333333333333333,783.6666666666666,278889.0,16.0
184,M. Jiménez,Hiopos Lleida,21,9.666666666666666,1092.3333333333333,306316.0,1.0
184,M. Jiménez,Hiopos Lleida,22,6.333333333333333,772.6666666666666,293500.0,-3.0
184,M. Jiménez,Hiopos Lleida,30,0.5,716.5,250870.0,5.0
184,M. Jiménez,Hiopos Lleida,31,2.0,688.3333333333334,252917.0,15.0
184,M. Jiménez,Hiopos Lleida,32,7.333333333333333,814.6666666666666,272800.0,0.0
184,M. Jiménez,Hiopos Lleida,33,6.666666666666667,710.3333333333334,262308.0,-6.0
184,M. Jiménez,Hiopos Lleida,34,3.0,639.0,241481.0,15.0
185,O. Paulí,Hiopos Lleida,3,3.5,1108.0,459000.0,10.0
185,O. Paulí,Hiopos Lleida,4,5.666666666666667,1226.3333333333333,390150.0,21.0
185,O. Paulí,Hiopos Lleida,5,9.666666666666666,1342.6666666666667,448673.0,8.0
185,O. Paulí,Hiopos Lleida,6,13.0,1409.3333333333333,515974.0,5.0
185,O. Paulí,Hiopos Lleida,7,11.333333333333334,1218.0,483333.0,8.0
185,O. Paulí,Hiopos Lleida,8,7.0,1119.3333333333333,471429.0,17.0
185,O. Paulí,Hiopos Lleida,9,10.0,1207.6666666666667,518750.0,15.0
185,O. Paulí,Hiopos Lleida,10,13.333333333333334,1498.6666666666667,544444.0,5.0
185,O. Paulí,Hiopos Lleida,11,12.333333333333334,1599.0,515000.0,13.0
185,O. Paulí,Hiopos Lleida,12,11.0,1540.3333333333333,527273.0,16.0
185,O. Paulí,Hiopos Lleida,13,11.333333333333334,1365.0,550000.0,17.0
185,O. Paulí,Hiopos Lleida,14,15.333333333333334,1491.3333333333333,586154.0,14.0
185,O. Paulí,Hiopos Lleida,15,15.666666666666666,1537.3333333333333,594286.0,8.0
185,O. Paulí,Hiopos Lleida,16,13.0,1338.6666666666667,586667.0,-3.0
185,O. Paulí,Hiopos Lleida,17,6.333333333333333,1063.3333333333333,540625.0,1.0
185,O. Paulí,Hiopos Lleida,18,2.0,681.0,512353.0,9.0
185,O. Paulí,Hiopos Lleida,19,2.3333333333333335,945.3333333333334,508889.0,8.0
185,O. Paulí,Hiopos Lleida,20,6.0,983.3333333333334,503158.0,13.0
185,O. Paulí,Hiopos Lleida,21,10.0,1166.3333333333333,510500.0,5.0
185,O. Paulí,Hiopos Lleida,22,8.666666666666666,1088.0,498095.0,6.0
185,O. Paulí,Hiopos Lleida,23,8.0,1158.3333333333333,489091.0,4.0
185,O. Paulí,Hiopos Lleida,24,5.0,1057.0,476522.0,17.0
185,O. Paulí,Hiopos Lleida,25,9.0,1279.0,492083.0,16.0
185,O. Paulí,Hiopos Lleida,26,12.333333333333334,1555.6666666666667,510800.0,20.0
185,O. Paulí,Hiopos Lleida,27,17.666666666666668,1847.3333333333333,529615.0,35.0
185,O. Paulí,Hiopos Lleida,28,23.666666666666668,1972.0,587778.0,29.0
185,O. Paulí,Hiopos Lleida,29,28.0,1884.3333333333333,618571.0,16.0
185,O. Paulí,Hiopos Lleida,30,26.666666666666668,1989.3333333333333,624828.0,18.0
185,O. Paulí,Hiopos Lleida,31,21.0,1673.3333333333333,640000.0,14.0
185,O. Paulí,Hiopos Lleida,32,16.0,1488.0,641935.0,21.0
185,O. Paulí,Hiopos Lleida,33,17.666666666666668,1471.6666666666667,661250.0,27.0
185,O. Paulí,Hiopos Lleida,34,20.666666666666668,1553.0,682121.0,17.0
186,A. Diagne,Hiopos Lleida,3,5.0,783.0,306000.0,11.0
186,A. Diagne,Hiopos Lleida,4,7.0,767.6666666666666,351900.0,0.0
186,A. Diagne,Hiopos Lleida,5,5.0,745.6666666666666,299115.0,7.0
186,A. Diagne,Hiopos Lleida,6,6.0,891.0,300000.0,1.0
186,A. Diagne,Hiopos Lleida,7,2.6666666666666665,912.0,260000.0,22.0
186,A. Diagne,Hiopos Lleida,8,10.0,998.0,299000.0,5.0
186,A. Diagne,Hiopos Lleida,9,9.333333333333334,896.0,343850.0,18.0
186,A. Diagne,Hiopos Lleida,10,15.0,958.6666666666666,395428.0,2.0
186,A. Diagne,Hiopos Lleida,11,8.333333333333334,926.6666666666666,391000.0,-1.0
186,A. Diagne,Hiopos Lleida,12,6.333333333333333,747.3333333333334,350909.0,12.0
186,A. Diagne,Hiopos Lleida,13,4.333333333333333,897.6666666666666,371667.0,2.0
186,A. Diagne,Hiopos Lleida,14,4.333333333333333,853.0,352308.0,-1.0
186,A. Diagne,Hiopos Lleida,15,4.333333333333333,821.0,323571.0,11.0
186,A. Diagne,Hiopos Lleida,16,4.0,577.6666666666666,346000.0,-7.0
186,A. Diagne,Hiopos Lleida,17,1.0,606.3333333333334,302500.0,6.0
186,A. Diagne,Hiopos Lleida,18,3.3333333333333335,775.6666666666666,305882.0,2.0
186,A. Diagne,Hiopos Lleida,19,0.3333333333333333,737.0,294444.0,13.0
186,A. Diagne,Hiopos Lleida,20,7.0,809.3333333333334,313158.0,3.0
186,A. Diagne,Hiopos Lleida,21,6.0,675.6666666666666,305000.0,7.0
186,A. Diagne,Hiopos Lleida,23,5.0,498.0,307143.0,0.0
186,A. Diagne,Hiopos Lleida,24,3.5,358.5,293182.0,3.0
186,A. Diagne,Hiopos Lleida,25,1.5,137.5,286957.0,13.0
186,A. Diagne,Hiopos Lleida,26,5.333333333333333,447.6666666666667,307500.0,17.0
186,A. Diagne,Hiopos Lleida,27,11.0,787.3333333333334,329200.0,-3.0
186,A. Diagne,Hiopos Lleida,28,9.0,970.6666666666666,310769.0,5.0
186,A. Diagne,Hiopos Lleida,29,6.333333333333333,852.3333333333334,308519.0,9.0
186,A. Diagne,Hiopos Lleida,30,3.6666666666666665,769.6666666666666,313571.0,14.0
186,A. Diagne,Hiopos Lleida,31,9.333333333333334,798.6666666666666,331724.0,14.0
186,A. Diagne,Hiopos Lleida,32,12.333333333333334,850.0,344000.0,8.0
186,A. Diagne,Hiopos Lleida,33,12.0,772.6666666666666,348387.0,8.0
186,A. Diagne,Hiopos Lleida,34,10.0,849.6666666666666,350000.0,10.0
187,M. Sanz,Hiopos Lleida,3,11.5,1303.0,251275.0,-2.0
187,M. Sanz,Hiopos Lleida,4,7.0,1225.6666666666667,288966.0,0.0
187,M. Sanz,Hiopos Lleida,5,4.0,850.6666666666666,320000.0,-1.0
187,M. Sanz,Hiopos Lleida,6,-1.0,495.6666666666667,272000.0,6.0
187,M. Sanz,Hiopos Lleida,7,1.6666666666666667,549.0,265000.0,2.0
187,M. Sanz,Hiopos Lleida,8,2.3333333333333335,805.0,241429.0,0.0
187,M. Sanz,Hiopos Lleida,9,2.6666666666666665,1027.6666666666667,211250.0,-3.0
187,M. Sanz,Hiopos Lleida,10,-0.3333333333333333,674.3333333333334,179562.0,8.0
187,M. Sanz,Hiopos Lleida,11,1.6666666666666667,747.6666666666666,194000.0,9.0
187,M. Sanz,Hiopos Lleida,12,4.666666666666667,662.0,217273.0,9.0
187,M. Sanz,Hiopos Lleida,13,8.666666666666666,1192.6666666666667,236667.0,-2.0
187,M. Sanz,Hiopos Lleida,14,5.333333333333333,1011.6666666666666,210769.0,0.0
187,M. Sanz,Hiopos Lleida,15,2.3333333333333335,882.0,195714.0,0.0
187,M. Sanz,Hiopos Lleida,16,-0.6666666666666666,507.3333333333333,182667.0,6.0
187,M. Sanz,Hiopos Lleida,17,2.0,662.6666666666666,193750.0,1.0
187,M. Sanz,Hiopos Lleida,18,2.3333333333333335,919.0,185882.0,2.0
187,M. Sanz,Hiopos Lleida,19,3.0,1158.0,181111.0,12.0
187,M. Sanz,Hiopos Lleida,20,5.0,1181.0,203158.0,4.0
187,M. Sanz,Hiopos Lleida,21,6.0,1354.0,203000.0,-1.0
187,M. Sanz,Hiopos Lleida,22,5.0,1119.0,190952.0,15.0
187,M. Sanz,Hiopos Lleida,23,6.0,1103.0,216364.0,12.0
187,M. Sanz,Hiopos Lleida,24,8.666666666666666,902.0,233043.0,4.0
187,M. Sanz,Hiopos Lleida,25,10.333333333333334,988.3333333333334,231667.0,-3.0
187,M. Sanz,Hiopos Lleida,26,4.333333333333333,751.0,216400.0,6.0
187,M. Sanz,Hiopos Lleida,27,2.3333333333333335,725.3333333333334,219615.0,0.0
187,M. Sanz,Hiopos Lleida,28,1.0,489.0,211481.0,0.0
187,M. Sanz,Hiopos Lleida,29,2.0,454.6666666666667,203929.0,3.0
187,M. Sanz,Hiopos Lleida,30,1.0,374.3333333333333,202069.0,7.0
187,M. Sanz,Hiopos Lleida,31,3.3333333333333335,595.0,209333.0,9.0
187,M. Sanz,Hiopos Lleida,33,8.0,1088.0,217097.0,8.0
187,M. Sanz,Hiopos Lleida,34,8.5,1122.0,222813.0,5.0
188,J. Vesely,Barça,3,1.0,554.5,274550.0,7.0
188,J. Vesely,Barça,4,3.0,717.6666666666666,233367.0,3.0
188,J. Vesely,Barça,5,2.6666666666666665,710.0,198362.0,3.0
188,J. Vesely,Barça,6,4.333333333333333,732.3333333333334,170000.0,2.0
188,J. Vesely,Barça,7,2.6666666666666665,642.3333333333334,158333.0,9.0
188,J. Vesely,Barça,8,4.666666666666667,701.3333333333334,182083.0,4.0
188,J. Vesely,Barça,9,5.0,1065.0,209395.0,12.0
188,J. Vesely,Barça,10,8.333333333333334,1176.3333333333333,240804.0,-1.0
188,J. Vesely,Barça,11,5.0,913.3333333333334,240000.0,4.0
188,J. Vesely,Barça,17,6.5,846.0,263077.0,19.0
188,J. Vesely,Barça,18,10.666666666666666,1019.0,302539.0,18.0
188,J. Vesely,Barça,19,14.666666666666666,1191.0,347920.0,7.0
188,J. Vesely,Barça,21,12.5,1109.5,355625.0,16.0
188,J. Vesely,Barça,22,11.5,1019.5,391176.0,11.0
188,J. Vesely,Barça,23,13.5,1328.5,400000.0,14.0
188,J. Vesely,Barça,24,13.666666666666666,1339.6666666666667,415789.0,24.0
188,J. Vesely,Barça,26,19.0,1353.0,467000.0,0.0
188,J. Vesely,Barça,27,12.0,785.0,444762.0,11.0
188,J. Vesely,Barça,28,5.5,536.0,449545.0,11.0
189,K. Punter,Barça,3,8.0,1240.5,447950.0,21.0
189,K. Punter,Barça,4,12.333333333333334,1406.3333333333333,515143.0,9.0
189,K. Punter,Barça,5,14.0,1426.0,592414.0,5.0
189,K. Punter,Barça,6,11.666666666666666,1495.6666666666667,570000.0,10.0
189,K. Punter,Barça,7,8.0,1310.3333333333333,558333.0,8.0
189,K. Punter,Barça,8,7.666666666666667,1292.3333333333333,547143.0,12.0
189,K. Punter,Barça,9,10.0,1352.3333333333333,568750.0,25.0
189,K. Punter,Barça,10,15.0,1440.6666666666667,654063.0,8.0
189,K. Punter,Barça,11,15.0,1499.0,653000.0,15.0
189,K. Punter,Barça,12,16.0,1512.3333333333333,675455.0,6.0
189,K. Punter,Barça,13,9.666666666666666,1553.0,649167.0,7.0
189,K. Punter,Barça,14,9.333333333333334,1372.6666666666667,631538.0,15.0
189,K. Punter,Barça,15,9.333333333333334,1316.0,650714.0,13.0
189,K. Punter,Barça,16,11.666666666666666,1146.3333333333333,659333.0,-4.0
189,K. Punter,Barça,17,8.0,1195.0,605625.0,16.0
189,K. Punter,Barça,18,8.333333333333334,1226.6666666666667,617059.0,12.0
189,K. Punter,Barça,23,11.5,1610.5,621000.0,13.0
189,K. Punter,Barça,24,12.0,1602.3333333333333,622381.0,8.0
189,K. Punter,Barça,25,8.666666666666666,1586.6666666666667,615909.0,17.0
189,K. Punter,Barça,26,12.666666666666666,1456.0,633478.0,13.0
189,K. Punter,Barça,27,12.666666666666666,1369.0,639583.0,3.0
189,K. Punter,Barça,28,11.0,1390.0,620000.0,13.0
189,K. Punter,Barça,29,9.666666666666666,1404.3333333333333,626154.0,24.0
189,K. Punter,Barça,30,13.333333333333334,1415.3333333333333,656296.0,18.0
189,K. Punter,Barça,31,18.333333333333332,1239.6666666666667,671429.0,14.0
189,K. Punter,Barça,32,18.666666666666668,1134.0,677241.0,8.0
189,K. Punter,Barça,34,11.0,1438.5,670667.0,29.0
190,Y. Fall,Barça,4,1.5,649.5,180625.0,14.0
190,Y. Fall,Barça,5,7.0,980.5,207719.0,6.0
190,Y. Fall,Barça,12,5.0,566.5,285200.0,3.0
190,Y. Fall,Barça,13,7.0,755.0,297143.0,20.0
190,Y. Fall,Barça,14,11.5,811.0,341714.0,7.0
190,Y. Fall,Barça,15,10.0,767.0,392971.0,19.0
190,Y. Fall,Barça,23,8.5,446.5,509231.0,-1.0
190,Y. Fall,Barça,25,-1.0,225.5,469286.0,7.0
190,Y. Fall,Barça,26,3.0,307.5,466000.0,19.0
190,Y. Fall,Barça,27,13.0,719.0,508125.0,3.0
190,Y. Fall,Barça,28,9.666666666666666,564.0,487059.0,2.0
190,Y. Fall,Barça,29,8.0,566.6666666666666,466667.0,16.0
190,Y. Fall,Barça,30,7.0,556.0,492632.0,21.0
190,Y. Fall,Barça,31,13.0,726.0,531000.0,7.0
190,Y. Fall,Barça,32,14.666666666666666,924.0,525714.0,17.0
190,Y. Fall,Barça,34,12.0,1141.0,548182.0,10.0
191,T. Satoransky,Barça,3,9.0,1403.5,450000.0,6.0
191,T. Satoransky,Barça,4,8.0,1240.3333333333333,420000.0,10.0
191,T. Satoransky,Barça,5,8.666666666666666,1219.0,465000.0,6.0
191,T. Satoransky,Barça,6,7.333333333333333,1220.3333333333333,432000.0,5.0
191,T. Satoransky,Barça,7,7.0,1348.6666666666667,401667.0,2.0
191,T. Satoransky,Barça,8,4.333333333333333,1358.3333333333333,361429.0,2.0
191,T. Satoransky,Barça,9,3.0,1321.6666666666667,331250.0,5.0
191,T. Satoransky,Barça,10,3.0,1283.0,327778.0,24.0
191,T. Satoransky,Barça,11,10.333333333333334,1370.3333333333333,376945.0,24.0
191,T. Satoransky,Barça,12,17.666666666666668,1432.0,433487.0,17.0
191,T. Satoransky,Barça,13,21.666666666666668,1526.3333333333333,498510.0,17.0
191,T. Satoransky,Barça,14,19.333333333333332,1354.0,573287.0,19.0
191,T. Satoransky,Barça,15,17.666666666666668,1361.6666666666667,643571.0,6.0
191,T. Satoransky,Barça,16,14.0,1172.3333333333333,624667.0,3.0
191,T. Satoransky,Barça,17,9.333333333333334,1311.3333333333333,596875.0,7.0
191,T. Satoransky,Barça,18,5.333333333333333,1274.0,582353.0,8.0
191,T. Satoransky,Barça,23,8.0,1614.0,559000.0,4.0
191,T. Satoransky,Barça,24,6.666666666666667,1570.3333333333333,541905.0,10.0
192,N. Laprovittola,Barça,8,5.5,1049.5,381225.0,14.0
192,N. Laprovittola,Barça,13,0.5,656.5,346375.0,16.0
192,N. Laprovittola,Barça,14,5.666666666666667,877.3333333333334,398331.0,27.0
192,N. Laprovittola,Barça,15,13.333333333333334,1116.0,458081.0,11.0
192,N. Laprovittola,Barça,16,18.0,1139.0,526793.0,15.0
192,N. Laprovittola,Barça,17,17.666666666666668,1251.3333333333333,605812.0,7.0
192,N. Laprovittola,Barça,18,11.0,1201.0,597000.0,22.0
192,N. Laprovittola,Barça,19,14.666666666666666,1507.0,642727.0,14.0
192,N. Laprovittola,Barça,20,14.333333333333334,1324.3333333333333,659167.0,9.0
193,J. Marcos,Barça,3,-1.0,882.0,144500.0,11.0
193,J. Marcos,Barça,4,3.0,1068.6666666666667,166175.0,-2.0
193,J. Marcos,Barça,5,3.3333333333333335,1024.3333333333333,141249.0,4.0
193,J. Marcos,Barça,6,4.333333333333333,908.0,132000.0,1.0
193,J. Marcos,Barça,7,1.0,588.0,118333.0,5.0
193,J. Marcos,Barça,8,3.3333333333333335,508.3333333333333,136083.0,1.0
193,J. Marcos,Barça,9,2.3333333333333335,447.0,133750.0,7.0
193,J. Marcos,Barça,10,4.333333333333333,692.0,153813.0,6.0
193,J. Marcos,Barça,11,4.666666666666667,857.0,176885.0,-4.0
193,J. Marcos,Barça,12,3.0,899.3333333333334,150352.0,4.0
193,J. Marcos,Barça,13,2.0,794.3333333333334,157500.0,9.0
193,J. Marcos,Barça,14,3.0,652.0,181125.0,0.0
193,J. Marcos,Barça,15,4.333333333333333,729.0,173571.0,0.0
193,J. Marcos,Barça,16,3.0,781.3333333333334,162000.0,3.0
193,J. Marcos,Barça,21,4.0,1111.0,171667.0,10.0
193,J. Marcos,Barça,22,6.0,1106.6666666666667,194211.0,-4.0
193,J. Marcos,Barça,23,2.3333333333333335,755.3333333333334,174500.0,1.0
193,J. Marcos,Barça,24,2.3333333333333335,671.0,168571.0,4.0
193,J. Marcos,Barça,25,0.3333333333333333,574.6666666666666,171818.0,15.0
193,J. Marcos,Barça,26,6.666666666666667,1055.6666666666667,197591.0,1.0
193,J. Marcos,Barça,28,8.0,1247.0,197500.0,9.0
193,J. Marcos,Barça,29,5.0,1133.5,211200.0,5.0
193,J. Marcos,Barça,30,7.0,1315.5,214615.0,-2.0
193,J. Marcos,Barça,31,4.0,929.3333333333334,202963.0,14.0
193,J. Marcos,Barça,32,5.666666666666667,869.0,225714.0,27.0
193,J. Marcos,Barça,34,20.5,1362.0,259571.0,9.0
194,M. Norris,Barça,12,13.5,1750.0,595125.0,5.0
194,M. Norris,Barça,13,10.666666666666666,1674.6666666666667,640000.0,15.0
194,M. Norris,Barça,14,10.333333333333334,1391.6666666666667,705000.0,2.0
194,M. Norris,Barça,15,7.333333333333333,1360.3333333333333,599250.0,8.0
194,M. Norris,Barça,16,8.333333333333334,1322.3333333333333,570000.0,10.0
194,M. Norris,Barça,17,6.666666666666667,1317.0,574286.0,21.0
194,M. Norris,Barça,18,13.0,1344.3333333333333,633750.0,7.0
194,M. Norris,Barça,26,11.0,1542.5,612727.0,14.0
194,M. Norris,Barça,27,12.0,1499.6666666666667,631667.0,5.0
194,M. Norris,Barça,28,10.0,1517.6666666666667,602308.0,-1.0
194,M. Norris,Barça,29,6.0,994.6666666666666,555714.0,3.0
194,M. Norris,Barça,30,2.3333333333333335,938.3333333333334,530667.0,-4.0
194,M. Norris,Barça,31,-0.6666666666666666,627.0,485000.0,6.0
194,M. Norris,Barça,32,1.6666666666666667,945.3333333333334,477647.0,9.0
194,M. Norris,Barça,34,7.5,1139.5,481111.0,1.0
195,M. Cale,Barça,3,6.5,1129.5,325000.0,4.0
195,M. Cale,Barça,4,5.666666666666667,1081.3333333333333,296667.0,15.0
195,M. Cale,Barça,5,8.666666666666666,1223.6666666666667,341167.0,0.0
195,M. Cale,Barça,6,6.333333333333333,1261.0,358000.0,4.0
195,M. Cale,Barça,7,6.333333333333333,1387.6666666666667,331667.0,3.0
195,M. Cale,Barça,8,2.3333333333333335,1267.3333333333333,310000.0,4.0
195,M. Cale,Barça,9,3.6666666666666665,1121.6666666666667,301250.0,1.0
195,M. Cale,Barça,11,2.5,981.0,274444.0,11.0
195,M. Cale,Barça,12,6.0,1583.0,313000.0,4.0
195,M. Cale,Barça,13,7.5,1756.5,306364.0,0.0
195,M. Cale,Barça,14,5.0,1599.6666666666667,280833.0,5.0
195,M. Cale,Barça,15,3.0,1220.6666666666667,282308.0,18.0
195,M. Cale,Barça,16,7.666666666666667,1152.0,324654.0,0.0
195,M. Cale,Barça,17,7.666666666666667,1038.3333333333333,316667.0,1.0
195,M. Cale,Barça,19,0.5,883.0,300000.0,18.0
195,M. Cale,Barça,20,9.5,1288.0,345000.0,10.0
195,M. Cale,Barça,21,14.0,1410.0,360000.0,20.0
195,M. Cale,Barça,22,16.0,1414.0,404211.0,-1.0
195,M. Cale,Barça,23,9.666666666666666,1130.3333333333333,381500.0,-1.0
195,M. Cale,Barça,25,-1.0,704.5,360952.0,6.0
195,M. Cale,Barça,31,3.0,866.0,346250.0,6.0
195,M. Cale,Barça,32,4.0,927.6666666666666,346800.0,11.0
195,M. Cale,Barça,34,8.5,1141.0,358846.0,3.0
196,W. Clyburn,Barça,3,15.5,1384.0,661250.0,12.0
196,W. Clyburn,Barça,4,14.333333333333334,1494.6666666666667,756667.0,16.0
196,W. Clyburn,Barça,5,12.0,1360.6666666666667,807500.0,3.0
196,W. Clyburn,Barça,6,10.333333333333334,1496.0,686375.0,3.0
196,W. Clyburn,Barça,7,7.333333333333333,1305.0,588333.0,23.0
196,W. Clyburn,Barça,8,9.666666666666666,1350.6666666666667,676583.0,6.0
196,W. Clyburn,Barça,9,10.666666666666666,1247.3333333333333,658750.0,15.0
196,W. Clyburn,Barça,10,14.666666666666666,1270.3333333333333,685556.0,9.0
196,W. Clyburn,Barça,20,12.5,1618.5,676667.0,11.0
196,W. Clyburn,Barça,21,12.0,1508.6666666666667,675385.0,23.0
196,W. Clyburn,Barça,22,16.666666666666668,1400.0,725714.0,16.0
196,W. Clyburn,Barça,23,16.666666666666668,1508.0,730667.0,16.0
196,W. Clyburn,Barça,24,18.333333333333332,1647.6666666666667,735000.0,13.0
196,W. Clyburn,Barça,26,14.5,1556.5,737647.0,7.0
196,W. Clyburn,Barça,27,10.0,1272.0,720000.0,14.0
196,W. Clyburn,Barça,28,10.5,1242.5,718947.0,16.0
197,J. Parra,Barça,3,9.5,1233.0,475000.0,12.0
197,J. Parra,Barça,4,10.333333333333334,1160.0,546250.0,22.0
197,J. Parra,Barça,5,13.666666666666666,1084.0,628188.0,8.0
197,J. Parra,Barça,6,14.0,1203.6666666666667,678000.0,4.0
197,J. Parra,Barça,7,11.333333333333334,1423.6666666666667,598333.0,3.0
197,J. Parra,Barça,8,5.0,1415.6666666666667,538571.0,13.0
197,J. Parra,Barça,9,6.666666666666667,1389.3333333333333,568750.0,34.0
197,J. Parra,Barça,11,23.5,1383.5,654063.0,14.0
197,J. Parra,Barça,12,24.0,1355.0,743000.0,10.0
197,J. Parra,Barça,13,12.0,1170.0,730000.0,4.0
197,J. Parra,Barça,14,9.333333333333334,1233.0,689167.0,19.0
197,J. Parra,Barça,15,11.0,1341.3333333333333,723846.0,15.0
197,J. Parra,Barça,16,12.666666666666666,1369.6666666666667,736429.0,10.0
197,J. Parra,Barça,17,14.666666666666666,1377.3333333333333,727333.0,10.0
197,J. Parra,Barça,18,11.666666666666666,1378.6666666666667,713125.0,4.0
197,J. Parra,Barça,19,8.0,1302.0,682941.0,4.0
197,J. Parra,Barça,20,6.0,1114.3333333333333,658333.0,19.0
197,J. Parra,Barça,21,9.0,1151.3333333333333,683684.0,7.0
197,J. Parra,Barça,22,10.0,1341.3333333333333,670500.0,20.0
197,J. Parra,Barça,23,15.333333333333334,1638.3333333333333,686190.0,15.0
197,J. Parra,Barça,24,14.0,1585.3333333333333,689091.0,13.0
197,J. Parra,Barça,25,16.0,1477.3333333333333,693043.0,13.0
197,J. Parra,Barça,26,13.666666666666666,1405.3333333333333,696667.0,23.0
197,J. Parra,Barça,27,16.333333333333332,1515.0,724000.0,2.0
197,J. Parra,Barça,28,12.666666666666666,1562.3333333333333,700000.0,9.0
197,J. Parra,Barça,29,11.333333333333334,1506.6666666666667,694074.0,8.0
197,J. Parra,Barça,30,6.333333333333333,1285.0,686429.0,14.0
197,J. Parra,Barça,31,10.333333333333334,1173.3333333333333,691724.0,13.0
197,J. Parra,Barça,32,11.666666666666666,1170.6666666666667,694667.0,9.0
197,J. Parra,Barça,34,11.0,1247.5,689677.0,6.0
198,D. Brizuela,Barça,3,4.0,1137.5,289000.0,-4.0
198,D. Brizuela,Barça,4,1.3333333333333333,887.0,245650.0,5.0
198,D. Brizuela,Barça,5,3.6666666666666665,898.3333333333334,208802.0,11.0
198,D. Brizuela,Barça,6,4.0,872.3333333333334,210000.0,10.0
198,D. Brizuela,Barça,7,8.666666666666666,928.0,241500.0,11.0
198,D. Brizuela,Barça,8,10.666666666666666,811.0,277725.0,0.0
198,D. Brizuela,Barça,9,7.0,501.0,276250.0,5.0
198,D. Brizuela,Barça,10,5.333333333333333,634.3333333333334,278889.0,18.0
198,D. Brizuela,Barça,11,7.666666666666667,951.0,320722.0,2.0
198,D. Brizuela,Barça,12,8.333333333333334,1134.6666666666667,337273.0,-2.0
198,D. Brizuela,Barça,13,6.0,1090.3333333333333,300833.0,7.0
198,D. Brizuela,Barça,15,2.5,873.5,310000.0,14.0
198,D. Brizuela,Barça,16,10.5,978.5,347857.0,5.0
198,D. Brizuela,Barça,17,9.5,1018.5,344667.0,1.0
198,D. Brizuela,Barça,18,6.666666666666667,917.3333333333334,326250.0,3.0
198,D. Brizuela,Barça,19,3.0,672.3333333333334,315882.0,16.0
198,D. Brizuela,Barça,20,6.666666666666667,704.3333333333334,351667.0,7.0
198,D. Brizuela,Barça,22,11.5,1208.5,355263.0,7.0
198,D. Brizuela,Barça,23,7.0,1111.5,355000.0,8.0
198,D. Brizuela,Barça,24,7.5,955.5,357143.0,12.0
198,D. Brizuela,Barça,25,9.0,1010.6666666666666,373636.0,0.0
198,D. Brizuela,Barça,26,6.666666666666667,1023.3333333333334,357391.0,6.0
198,D. Brizuela,Barça,27,6.0,1025.6666666666667,357500.0,19.0
198,D. Brizuela,Barça,28,8.333333333333334,1085.6666666666667,381200.0,2.0
198,D. Brizuela,Barça,29,9.0,978.6666666666666,371154.0,2.0
198,D. Brizuela,Barça,30,7.666666666666667,964.0,361852.0,8.0
198,D. Brizuela,Barça,31,4.0,704.0,366071.0,8.0
198,D. Brizuela,Barça,32,6.0,933.0,370000.0,7.0
198,D. Brizuela,Barça,34,7.5,1040.0,371667.0,9.0
199,J. Núñez,Barça,28,-0.5,741.5,216750.0,7.0
199,J. Núñez,Barça,29,2.0,826.3333333333334,184237.0,11.0
199,J. Núñez,Barça,30,5.666666666666667,905.6666666666666,211873.0,20.0
199,J. Núñez,Barça,31,12.666666666666666,1007.3333333333334,243654.0,14.0
199,J. Núñez,Barça,32,15.0,1071.0,280202.0,3.0
199,J. Núñez,Barça,34,8.5,1041.5,322232.0,-2.0
200,W. Hernangómez,Barça,3,11.0,1021.5,552500.0,6.0
200,W. Hernangómez,Barça,4,9.333333333333334,916.3333333333334,486667.0,12.0
200,W. Hernangómez,Barça,5,9.0,807.6666666666666,545000.0,11.0
200,W. Hernangómez,Barça,6,9.666666666666666,713.3333333333334,546000.0,21.0
200,W. Hernangómez,Barça,7,14.666666666666666,953.0,627900.0,14.0
200,W. Hernangómez,Barça,8,15.333333333333334,1153.6666666666667,660000.0,3.0
200,W. Hernangómez,Barça,9,12.666666666666666,1084.6666666666667,600000.0,20.0
200,W. Hernangómez,Barça,10,12.333333333333334,971.6666666666666,666667.0,19.0
200,W. Hernangómez,Barça,11,14.0,974.6666666666666,714000.0,12.0
200,W. Hernangómez,Barça,12,17.0,1180.6666666666667,714545.0,26.0
200,W. Hernangómez,Barça,13,19.0,1354.6666666666667,785000.0,9.0
200,W. Hernangómez,Barça,14,15.666666666666666,1328.3333333333333,766154.0,16.0
200,W. Hernangómez,Barça,15,17.0,1415.6666666666667,780000.0,12.0
200,W. Hernangómez,Barça,16,12.333333333333334,1106.0,776000.0,25.0
200,W. Hernangómez,Barça,17,17.666666666666668,1275.0,821250.0,4.0
200,W. Hernangómez,Barça,18,13.666666666666666,978.6666666666666,784706.0,-2.0
200,W. Hernangómez,Barça,19,9.0,795.6666666666666,735556.0,21.0
200,W. Hernangómez,Barça,20,7.666666666666667,792.6666666666666,763158.0,10.0
200,W. Hernangómez,Barça,21,9.666666666666666,778.0,755000.0,5.0
200,W. Hernangómez,Barça,22,12.0,965.0,733333.0,9.0
200,W. Hernangómez,Barça,23,8.0,729.6666666666666,720455.0,8.0
200,W. Hernangómez,Barça,24,7.333333333333333,731.3333333333334,706522.0,5.0
200,W. Hernangómez,Barça,25,7.333333333333333,771.0,689583.0,9.0
200,W. Hernangómez,Barça,26,7.333333333333333,937.0,683600.0,12.0
200,W. Hernangómez,Barça,27,8.666666666666666,1041.3333333333333,685000.0,13.0
200,W. Hernangómez,Barça,28,11.333333333333334,1086.6666666666667,683704.0,3.0
200,W. Hernangómez,Barça,29,9.333333333333334,772.0,665714.0,17.0
200,W. Hernangómez,Barça,30,11.0,713.0,677931.0,16.0
200,W. Hernangómez,Barça,31,12.0,600.0,687333.0,24.0
200,W. Hernangómez,Barça,32,19.0,940.6666666666666,711613.0,12.0
200,W. Hernangómez,Barça,34,18.0,1181.5,711875.0,9.0
201,J. McKoy,MoraBanc Andorra,3,2.0,1114.0,354025.0,14.0
201,J. McKoy,MoraBanc Andorra,4,6.0,1097.6666666666667,346667.0,1.0
201,J. McKoy,MoraBanc Andorra,5,7.0,990.3333333333334,294667.0,4.0
201,J. McKoy,MoraBanc Andorra,6,6.333333333333333,894.6666666666666,258000.0,7.0
201,J. McKoy,MoraBanc Andorra,7,4.0,1027.0,285000.0,11.0
201,J. McKoy,MoraBanc Andorra,8,7.333333333333333,1179.6666666666667,327750.0,2.0
201,J. McKoy,MoraBanc Andorra,9,6.666666666666667,1075.0,308750.0,0.0
201,J. McKoy,MoraBanc Andorra,10,4.333333333333333,945.3333333333334,274444.0,0.0
201,J. McKoy,MoraBanc Andorra,15,8.0,1183.5,272500.0,6.0
201,J. McKoy,MoraBanc Andorra,16,7.333333333333333,1182.6666666666667,274615.0,17.0
201,J. McKoy,MoraBanc Andorra,17,11.0,1318.0,315714.0,5.0
201,J. McKoy,MoraBanc Andorra,18,9.333333333333334,1091.6666666666667,311333.0,9.0
201,J. McKoy,MoraBanc Andorra,19,10.333333333333334,1095.6666666666667,325625.0,10.0
201,J. McKoy,MoraBanc Andorra,20,8.0,1031.3333333333333,335882.0,3.0
201,J. McKoy,MoraBanc Andorra,21,7.333333333333333,1025.3333333333333,325556.0,12.0
201,J. McKoy,MoraBanc Andorra,22,8.333333333333334,995.3333333333334,346316.0,1.0
201,J. McKoy,MoraBanc Andorra,23,5.333333333333333,951.6666666666666,331500.0,22.0
201,J. McKoy,MoraBanc Andorra,24,11.666666666666666,1359.6666666666667,368095.0,1.0
201,J. McKoy,MoraBanc Andorra,25,8.0,1484.6666666666667,353636.0,7.0
201,J. McKoy,MoraBanc Andorra,26,10.0,1397.3333333333333,353478.0,13.0
201,J. McKoy,MoraBanc Andorra,27,7.0,1217.3333333333333,371250.0,1.0
201,J. McKoy,MoraBanc Andorra,28,7.0,972.6666666666666,358400.0,0.0
201,J. McKoy,MoraBanc Andorra,29,4.666666666666667,1001.3333333333334,344615.0,2.0
201,J. McKoy,MoraBanc Andorra,30,1.0,853.6666666666666,336296.0,2.0
201,J. McKoy,MoraBanc Andorra,31,1.3333333333333333,974.3333333333334,328571.0,-3.0
201,J. McKoy,MoraBanc Andorra,32,0.3333333333333333,991.6666666666666,312069.0,-1.0
201,J. McKoy,MoraBanc Andorra,33,-0.6666666666666666,917.3333333333334,300000.0,19.0
201,J. McKoy,MoraBanc Andorra,34,5.0,1004.6666666666666,327097.0,-1.0
202,A. Best,MoraBanc Andorra,3,5.0,1333.0,339575.0,12.0
202,A. Best,MoraBanc Andorra,4,7.333333333333333,1510.6666666666667,390511.0,-1.0
202,A. Best,MoraBanc Andorra,5,4.666666666666667,1603.6666666666667,331934.0,4.0
202,A. Best,MoraBanc Andorra,6,5.0,1422.3333333333333,282144.0,-2.0
202,A. Best,MoraBanc Andorra,7,0.3333333333333333,1206.6666666666667,239822.0,-2.0
202,A. Best,MoraBanc Andorra,8,0.0,943.0,203849.0,6.0
202,A. Best,MoraBanc Andorra,9,0.6666666666666666,1115.3333333333333,183750.0,8.0
202,A. Best,MoraBanc Andorra,10,4.0,1132.0,207778.0,-6.0
202,A. Best,MoraBanc Andorra,11,2.6666666666666665,1184.0,176611.0,-5.0
202,A. Best,MoraBanc Andorra,12,-1.0,913.3333333333334,150119.0,10.0
202,A. Best,MoraBanc Andorra,13,-0.3333333333333333,902.3333333333334,151667.0,4.0
202,A. Best,MoraBanc Andorra,14,3.0,968.3333333333334,155385.0,15.0
202,A. Best,MoraBanc Andorra,15,9.666666666666666,1306.3333333333333,178693.0,3.0
202,A. Best,MoraBanc Andorra,16,7.333333333333333,1221.3333333333333,194667.0,25.0
202,A. Best,MoraBanc Andorra,17,14.333333333333334,1347.6666666666667,223867.0,2.0
202,A. Best,MoraBanc Andorra,18,10.0,1353.6666666666667,251176.0,13.0
202,A. Best,MoraBanc Andorra,19,13.333333333333334,1569.6666666666667,280556.0,12.0
202,A. Best,MoraBanc Andorra,20,9.0,1645.3333333333333,297368.0,-2.0
202,A. Best,MoraBanc Andorra,21,7.666666666666667,1609.3333333333333,277500.0,9.0
202,A. Best,MoraBanc Andorra,22,6.333333333333333,1783.0,290000.0,-7.0
202,A. Best,MoraBanc Andorra,23,0.0,1566.6666666666667,260909.0,13.0
202,A. Best,MoraBanc Andorra,24,5.0,1656.6666666666667,277826.0,2.0
202,A. Best,MoraBanc Andorra,26,7.5,902.0,270417.0,25.0
202,A. Best,MoraBanc Andorra,27,13.5,928.0,310980.0,13.0
202,A. Best,MoraBanc Andorra,28,19.0,1543.5,332308.0,16.0
202,A. Best,MoraBanc Andorra,29,18.0,1708.0,349630.0,3.0
202,A. Best,MoraBanc Andorra,30,10.666666666666666,1559.0,343571.0,5.0
202,A. Best,MoraBanc Andorra,31,8.0,1387.0,342069.0,-2.0
202,A. Best,MoraBanc Andorra,32,2.0,1080.0,327333.0,12.0
202,A. Best,MoraBanc Andorra,33,5.0,1079.6666666666667,336129.0,4.0
202,A. Best,MoraBanc Andorra,34,4.666666666666667,1275.3333333333333,333125.0,3.0
203,S. Evans,MoraBanc Andorra,3,4.0,1287.0,462400.0,21.0
203,S. Evans,MoraBanc Andorra,4,9.666666666666666,1386.0,531760.0,8.0
203,S. Evans,MoraBanc Andorra,5,9.666666666666666,1386.0,515000.0,11.0
203,S. Evans,MoraBanc Andorra,6,13.333333333333334,1403.0,522000.0,7.0
203,S. Evans,MoraBanc Andorra,7,8.666666666666666,1400.0,505000.0,31.0
203,S. Evans,MoraBanc Andorra,8,16.333333333333332,1561.6666666666667,580750.0,18.0
203,S. Evans,MoraBanc Andorra,9,18.666666666666668,1777.3333333333333,667863.0,20.0
203,S. Evans,MoraBanc Andorra,10,23.0,1745.3333333333333,754444.0,21.0
203,S. Evans,MoraBanc Andorra,11,19.666666666666668,1777.6666666666667,805000.0,18.0
203,S. Evans,MoraBanc Andorra,12,19.666666666666668,1708.6666666666667,813636.0,12.0
203,S. Evans,MoraBanc Andorra,13,17.0,1809.6666666666667,795833.0,7.0
203,S. Evans,MoraBanc Andorra,14,12.333333333333334,1800.6666666666667,761538.0,24.0
203,S. Evans,MoraBanc Andorra,15,14.333333333333334,1749.0,792857.0,1.0
203,S. Evans,MoraBanc Andorra,16,10.666666666666666,1609.0,743333.0,14.0
203,S. Evans,MoraBanc Andorra,17,13.0,1580.0,740625.0,16.0
203,S. Evans,MoraBanc Andorra,18,10.333333333333334,1624.0,744118.0,20.0
203,S. Evans,MoraBanc Andorra,19,16.666666666666668,1635.3333333333333,769444.0,19.0
203,S. Evans,MoraBanc Andorra,20,18.333333333333332,1625.6666666666667,778947.0,6.0
203,S. Evans,MoraBanc Andorra,25,1.5,1157.0,693182.0,13.0
203,S. Evans,MoraBanc Andorra,26,5.333333333333333,1291.0,691304.0,15.0
203,S. Evans,MoraBanc Andorra,27,9.333333333333334,1489.3333333333333,700000.0,20.0
203,S. Evans,MoraBanc Andorra,28,16.0,1546.0,712000.0,18.0
203,S. Evans,MoraBanc Andorra,29,17.666666666666668,1613.6666666666667,719231.0,16.0
203,S. Evans,MoraBanc Andorra,30,18.0,1622.3333333333333,728148.0,23.0
203,S. Evans,MoraBanc Andorra,31,19.0,1637.3333333333333,751429.0,18.0
203,S. Evans,MoraBanc Andorra,32,19.0,1515.0,756552.0,6.0
203,S. Evans,MoraBanc Andorra,33,15.666666666666666,1463.0,741333.0,17.0
203,S. Evans,MoraBanc Andorra,34,13.666666666666666,1370.3333333333333,750323.0,26.0
205,S. Okoye,MoraBanc Andorra,4,9.5,1524.5,215050.0,11.0
205,S. Okoye,MoraBanc Andorra,5,10.0,1624.6666666666667,247308.0,15.0
205,S. Okoye,MoraBanc Andorra,6,14.0,1859.6666666666667,284404.0,17.0
205,S. Okoye,MoraBanc Andorra,7,14.333333333333334,1712.6666666666667,327065.0,2.0
205,S. Okoye,MoraBanc Andorra,8,11.333333333333334,1613.0,376125.0,-1.0
205,S. Okoye,MoraBanc Andorra,9,6.0,1482.3333333333333,432544.0,7.0
205,S. Okoye,MoraBanc Andorra,10,2.6666666666666665,1435.3333333333333,481250.0,14.0
205,S. Okoye,MoraBanc Andorra,11,6.666666666666667,1479.3333333333333,521111.0,10.0
205,S. Okoye,MoraBanc Andorra,12,10.333333333333334,1580.6666666666667,519000.0,3.0
205,S. Okoye,MoraBanc Andorra,13,9.0,1623.6666666666667,485455.0,2.0
205,S. Okoye,MoraBanc Andorra,14,5.0,1624.6666666666667,453333.0,2.0
205,S. Okoye,MoraBanc Andorra,15,2.3333333333333335,1461.3333333333333,426154.0,15.0
205,S. Okoye,MoraBanc Andorra,16,6.333333333333333,1306.6666666666667,449286.0,5.0
205,S. Okoye,MoraBanc Andorra,17,7.333333333333333,1061.3333333333333,436000.0,5.0
205,S. Okoye,MoraBanc Andorra,18,8.333333333333334,1021.6666666666666,424375.0,15.0
205,S. Okoye,MoraBanc Andorra,19,8.333333333333334,968.3333333333334,452353.0,9.0
205,S. Okoye,MoraBanc Andorra,20,9.666666666666666,1157.6666666666667,452222.0,6.0
205,S. Okoye,MoraBanc Andorra,21,10.0,1250.0,444211.0,5.0
205,S. Okoye,MoraBanc Andorra,22,6.666666666666667,1161.0,437000.0,17.0
205,S. Okoye,MoraBanc Andorra,23,9.333333333333334,1104.0,456667.0,-1.0
205,S. Okoye,MoraBanc Andorra,31,3.5,895.5,415000.0,5.0
205,S. Okoye,MoraBanc Andorra,32,4.0,954.3333333333334,408400.0,12.0
205,S. Okoye,MoraBanc Andorra,33,6.0,1100.0,415769.0,1.0
205,S. Okoye,MoraBanc Andorra,34,6.0,1101.3333333333333,402593.0,12.0
206,A. Pustovyi,MoraBanc Andorra,3,1.0,543.0,469625.0,4.0
206,A. Pustovyi,MoraBanc Andorra,4,2.0,522.0,399181.0,7.0
206,A. Pustovyi,MoraBanc Andorra,5,3.6666666666666665,573.6666666666666,339304.0,6.0
206,A. Pustovyi,MoraBanc Andorra,6,5.666666666666667,660.0,288408.0,19.0
206,A. Pustovyi,MoraBanc Andorra,7,10.666666666666666,801.0,331669.0,13.0
206,A. Pustovyi,MoraBanc Andorra,8,12.666666666666666,887.3333333333334,381419.0,16.0
206,A. Pustovyi,MoraBanc Andorra,9,16.0,1126.3333333333333,438632.0,6.0
206,A. Pustovyi,MoraBanc Andorra,10,11.666666666666666,1199.6666666666667,445556.0,14.0
206,A. Pustovyi,MoraBanc Andorra,11,12.0,1100.6666666666667,485000.0,7.0
206,A. Pustovyi,MoraBanc Andorra,12,9.0,949.3333333333334,472727.0,6.0
206,A. Pustovyi,MoraBanc Andorra,13,9.0,826.0,458333.0,19.0
206,A. Pustovyi,MoraBanc Andorra,14,10.666666666666666,997.0,496154.0,24.0
206,A. Pustovyi,MoraBanc Andorra,15,16.333333333333332,1118.6666666666667,546429.0,16.0
206,A. Pustovyi,MoraBanc Andorra,16,19.666666666666668,1253.0,563333.0,17.0
206,A. Pustovyi,MoraBanc Andorra,17,19.0,1402.6666666666667,581250.0,20.0
206,A. Pustovyi,MoraBanc Andorra,18,17.666666666666668,1337.6666666666667,605882.0,16.0
206,A. Pustovyi,MoraBanc Andorra,19,17.666666666666668,1329.6666666666667,625556.0,11.0
206,A. Pustovyi,MoraBanc Andorra,20,15.666666666666666,1119.0,621579.0,13.0
206,A. Pustovyi,MoraBanc Andorra,21,13.333333333333334,1060.3333333333333,623000.0,18.0
206,A. Pustovyi,MoraBanc Andorra,22,14.0,1154.0,644762.0,16.0
206,A. Pustovyi,MoraBanc Andorra,23,15.666666666666666,1223.0,651818.0,22.0
206,A. Pustovyi,MoraBanc Andorra,24,18.666666666666668,1445.0,671304.0,35.0
206,A. Pustovyi,MoraBanc Andorra,25,24.333333333333332,1426.3333333333333,716250.0,15.0
206,A. Pustovyi,MoraBanc Andorra,26,24.0,1528.6666666666667,717600.0,15.0
206,A. Pustovyi,MoraBanc Andorra,27,21.666666666666668,1505.0,724615.0,24.0
206,A. Pustovyi,MoraBanc Andorra,28,18.0,1494.6666666666667,742222.0,4.0
206,A. Pustovyi,MoraBanc Andorra,29,14.333333333333334,1288.6666666666667,722857.0,11.0
206,A. Pustovyi,MoraBanc Andorra,30,13.0,1240.0,720690.0,37.0
206,A. Pustovyi,MoraBanc Andorra,31,17.333333333333332,1387.0,770667.0,16.0
206,A. Pustovyi,MoraBanc Andorra,32,21.333333333333332,1525.6666666666667,771613.0,17.0
206,A. Pustovyi,MoraBanc Andorra,33,23.333333333333332,1359.6666666666667,774063.0,12.0
206,A. Pustovyi,MoraBanc Andorra,34,15.0,1093.0,772424.0,9.0
207,Y. Pons,MoraBanc Andorra,3,-1.0,1286.0,166175.0,18.0
207,Y. Pons,MoraBanc Andorra,4,5.333333333333333,1371.0,191101.0,9.0
207,Y. Pons,MoraBanc Andorra,5,8.333333333333334,1344.3333333333333,219766.0,8.0
207,Y. Pons,MoraBanc Andorra,6,11.666666666666666,1440.0,252731.0,8.0
207,Y. Pons,MoraBanc Andorra,7,8.333333333333334,1177.6666666666667,290641.0,-3.0
207,Y. Pons,MoraBanc Andorra,8,4.333333333333333,973.0,308571.0,15.0
207,Y. Pons,MoraBanc Andorra,9,6.666666666666667,970.3333333333334,354857.0,1.0
207,Y. Pons,MoraBanc Andorra,10,4.333333333333333,1084.3333333333333,328889.0,9.0
207,Y. Pons,MoraBanc Andorra,11,8.333333333333334,1313.3333333333333,350000.0,7.0
207,Y. Pons,MoraBanc Andorra,12,5.666666666666667,1374.6666666666667,350000.0,8.0
207,Y. Pons,MoraBanc Andorra,19,1.0,1197.5,310714.0,1.0
207,Y. Pons,MoraBanc Andorra,20,1.0,1277.6666666666667,293333.0,6.0
207,Y. Pons,MoraBanc Andorra,21,1.3333333333333333,1175.0,293750.0,16.0
207,Y. Pons,MoraBanc Andorra,22,7.666666666666667,1342.0,332941.0,3.0
207,Y. Pons,MoraBanc Andorra,23,8.333333333333334,1335.6666666666667,322778.0,8.0
207,Y. Pons,MoraBanc Andorra,24,9.0,1582.6666666666667,326842.0,-3.0
207,Y. Pons,MoraBanc Andorra,25,2.6666666666666665,1355.3333333333333,303000.0,19.0
207,Y. Pons,MoraBanc Andorra,26,8.0,1469.3333333333333,333810.0,-2.0
207,Y. Pons,MoraBanc Andorra,27,4.666666666666667,1263.6666666666667,314091.0,3.0
207,Y. Pons,MoraBanc Andorra,28,6.666666666666667,1508.3333333333333,306957.0,14.0
207,Y. Pons,MoraBanc Andorra,29,5.0,1416.3333333333333,323333.0,0.0
207,Y. Pons,MoraBanc Andorra,30,5.666666666666667,1438.0,310400.0,7.0
207,Y. Pons,MoraBanc Andorra,31,7.0,1323.0,314615.0,9.0
207,Y. Pons,MoraBanc Andorra,32,5.333333333333333,1305.6666666666667,319630.0,10.0
207,Y. Pons,MoraBanc Andorra,33,8.666666666666666,1488.3333333333333,326071.0,0.0
207,Y. Pons,MoraBanc Andorra,34,6.333333333333333,1309.3333333333333,314828.0,4.0
208,K. Kuric,MoraBanc Andorra,3,6.5,1398.0,325000.0,11.0
208,K. Kuric,MoraBanc Andorra,4,8.0,1642.3333333333333,373750.0,9.0
208,K. Kuric,MoraBanc Andorra,5,6.333333333333333,1662.6666666666667,429813.0,24.0
208,K. Kuric,MoraBanc Andorra,6,14.666666666666666,1771.3333333333333,494285.0,15.0
208,K. Kuric,MoraBanc Andorra,7,16.0,1402.3333333333333,568428.0,11.0
208,K. Kuric,MoraBanc Andorra,8,16.666666666666668,1450.3333333333333,645714.0,9.0
208,K. Kuric,MoraBanc Andorra,9,11.666666666666666,1392.3333333333333,621250.0,8.0
208,K. Kuric,MoraBanc Andorra,10,9.333333333333334,1514.6666666666667,596667.0,12.0
208,K. Kuric,MoraBanc Andorra,11,9.666666666666666,1403.0,609000.0,17.0
208,K. Kuric,MoraBanc Andorra,12,12.333333333333334,1465.6666666666667,630909.0,16.0
208,K. Kuric,MoraBanc Andorra,13,15.0,1461.0,645000.0,9.0
208,K. Kuric,MoraBanc Andorra,14,14.0,1350.3333333333333,630000.0,11.0
208,K. Kuric,MoraBanc Andorra,15,12.0,1253.6666666666667,624286.0,9.0
208,K. Kuric,MoraBanc Andorra,16,9.666666666666666,1302.0,612667.0,13.0
208,K. Kuric,MoraBanc Andorra,17,11.0,1453.6666666666667,615000.0,8.0
208,K. Kuric,MoraBanc Andorra,22,20.0,1640.5,652632.0,18.0
208,K. Kuric,MoraBanc Andorra,23,19.333333333333332,1547.0,665000.0,-1.0
208,K. Kuric,MoraBanc Andorra,24,11.0,1316.6666666666667,630952.0,8.0
208,K. Kuric,MoraBanc Andorra,25,8.333333333333334,1203.3333333333333,620455.0,14.0
208,K. Kuric,MoraBanc Andorra,26,7.0,1179.0,623913.0,-1.0
208,K. Kuric,MoraBanc Andorra,27,7.0,1070.6666666666667,595833.0,-4.0
208,K. Kuric,MoraBanc Andorra,28,3.0,823.6666666666666,564000.0,2.0
208,K. Kuric,MoraBanc Andorra,29,-1.0,515.3333333333334,546154.0,25.0
208,K. Kuric,MoraBanc Andorra,30,7.666666666666667,822.3333333333334,581481.0,-3.0
208,K. Kuric,MoraBanc Andorra,31,8.0,837.6666666666666,555357.0,9.0
208,K. Kuric,MoraBanc Andorra,32,10.333333333333334,1077.3333333333333,551724.0,-1.0
208,K. Kuric,MoraBanc Andorra,33,1.6666666666666667,851.0,531667.0,32.0
208,K. Kuric,MoraBanc Andorra,34,13.333333333333334,1031.0,576452.0,14.0
209,R. Luz,MoraBanc Andorra,3,5.5,964.0,234600.0,11.0
209,R. Luz,MoraBanc Andorra,4,7.333333333333333,1126.6666666666667,269790.0,12.0
209,R. Luz,MoraBanc Andorra,5,11.0,1139.6666666666667,310259.0,3.0
209,R. Luz,MoraBanc Andorra,6,8.666666666666666,1124.6666666666667,356798.0,15.0
209,R. Luz,MoraBanc Andorra,7,10.0,992.3333333333334,410318.0,16.0
209,R. Luz,MoraBanc Andorra,8,11.333333333333334,1066.3333333333333,471866.0,2.0
209,R. Luz,MoraBanc Andorra,9,11.0,799.0,490000.0,1.0
209,R. Luz,MoraBanc Andorra,10,6.333333333333333,703.3333333333334,441111.0,0.0
209,R. Luz,MoraBanc Andorra,11,1.0,501.6666666666667,397000.0,18.0
209,R. Luz,MoraBanc Andorra,12,6.333333333333333,745.0,442727.0,6.0
209,R. Luz,MoraBanc Andorra,18,5.0,856.5,405000.0,13.0
209,R. Luz,MoraBanc Andorra,19,7.666666666666667,905.6666666666666,430000.0,5.0
209,R. Luz,MoraBanc Andorra,20,8.333333333333334,1005.0,418750.0,11.0
209,R. Luz,MoraBanc Andorra,21,9.666666666666666,994.3333333333334,426471.0,10.0
209,R. Luz,MoraBanc Andorra,22,8.666666666666666,1113.6666666666667,436111.0,3.0
209,R. Luz,MoraBanc Andorra,28,6.0,776.0,413333.0,5.0
209,R. Luz,MoraBanc Andorra,29,5.666666666666667,784.3333333333334,405909.0,13.0
209,R. Luz,MoraBanc Andorra,30,7.333333333333333,915.0,422174.0,9.0
209,R. Luz,MoraBanc Andorra,31,9.0,1154.6666666666667,427083.0,7.0
209,R. Luz,MoraBanc Andorra,32,9.666666666666666,1263.3333333333333,424000.0,10.0
209,R. Luz,MoraBanc Andorra,33,8.666666666666666,1153.6666666666667,426923.0,18.0
209,R. Luz,MoraBanc Andorra,34,11.666666666666666,1075.0,451111.0,6.0
210,R. Guerrero,MoraBanc Andorra,3,14.0,796.0,198375.0,3.0
210,R. Guerrero,MoraBanc Andorra,4,10.333333333333334,756.6666666666666,228131.0,0.0
210,R. Guerrero,MoraBanc Andorra,5,9.0,614.6666666666666,262351.0,6.0
210,R. Guerrero,MoraBanc Andorra,6,3.0,573.3333333333334,301704.0,19.0
210,R. Guerrero,MoraBanc Andorra,7,8.333333333333334,734.0,346960.0,6.0
210,R. Guerrero,MoraBanc Andorra,8,10.333333333333334,873.0,399004.0,0.0
210,R. Guerrero,MoraBanc Andorra,9,8.333333333333334,754.6666666666666,422500.0,-1.0
210,R. Guerrero,MoraBanc Andorra,10,1.6666666666666667,542.3333333333334,370000.0,-2.0
210,R. Guerrero,MoraBanc Andorra,12,-1.5,411.5,323000.0,7.0
210,R. Guerrero,MoraBanc Andorra,13,2.5,571.5,325455.0,2.0
210,R. Guerrero,MoraBanc Andorra,14,4.5,536.5,306667.0,3.0
210,R. Guerrero,MoraBanc Andorra,15,4.0,472.3333333333333,294615.0,2.0
210,R. Guerrero,MoraBanc Andorra,16,2.3333333333333335,344.6666666666667,280714.0,-1.0
210,R. Guerrero,MoraBanc Andorra,17,1.3333333333333333,425.0,258667.0,0.0
210,R. Guerrero,MoraBanc Andorra,18,0.3333333333333333,310.6666666666667,242500.0,-1.0
210,R. Guerrero,MoraBanc Andorra,19,-0.6666666666666666,209.66666666666666,225294.0,0.0
210,R. Guerrero,MoraBanc Andorra,20,-0.3333333333333333,301.0,212778.0,1.0
210,R. Guerrero,MoraBanc Andorra,21,0.0,539.6666666666666,204211.0,5.0
210,R. Guerrero,MoraBanc Andorra,22,2.0,621.6666666666666,209000.0,3.0
210,R. Guerrero,MoraBanc Andorra,23,3.0,448.6666666666667,206190.0,3.0
210,R. Guerrero,MoraBanc Andorra,24,3.6666666666666665,311.0,203636.0,2.0
210,R. Guerrero,MoraBanc Andorra,25,2.6666666666666665,354.6666666666667,199130.0,-4.0
210,R. Guerrero,MoraBanc Andorra,26,0.3333333333333333,450.0,182500.0,0.0
210,R. Guerrero,MoraBanc Andorra,27,-0.6666666666666666,349.0,175200.0,8.0
210,R. Guerrero,MoraBanc Andorra,28,1.3333333333333333,320.3333333333333,183846.0,0.0
210,R. Guerrero,MoraBanc Andorra,30,4.0,309.0,177037.0,0.0
210,R. Guerrero,MoraBanc Andorra,31,0.0,86.0,170714.0,3.0
210,R. Guerrero,MoraBanc Andorra,32,1.5,139.0,170000.0,3.0
210,R. Guerrero,MoraBanc Andorra,33,2.0,255.66666666666666,169333.0,1.0
210,R. Guerrero,MoraBanc Andorra,34,2.3333333333333335,481.3333333333333,165806.0,1.0
211,C. Ortega,MoraBanc Andorra,3,2.0,952.0,170000.0,4.0
211,C. Ortega,MoraBanc Andorra,4,2.6666666666666665,931.6666666666666,146667.0,3.0
211,C. Ortega,MoraBanc Andorra,5,2.3333333333333335,817.0,147500.0,2.0
211,C. Ortega,MoraBanc Andorra,6,3.0,626.6666666666666,138000.0,8.0
211,C. Ortega,MoraBanc Andorra,7,4.333333333333333,628.0,158700.0,4.0
211,C. Ortega,MoraBanc Andorra,8,4.666666666666667,690.0,182505.0,4.0
211,C. Ortega,MoraBanc Andorra,9,5.333333333333333,847.0,201250.0,1.0
211,C. Ortega,MoraBanc Andorra,10,3.0,811.0,184444.0,8.0
211,C. Ortega,MoraBanc Andorra,11,4.333333333333333,809.0,212111.0,-3.0
211,C. Ortega,MoraBanc Andorra,12,2.0,797.6666666666666,180909.0,-1.0
211,C. Ortega,MoraBanc Andorra,13,1.3333333333333333,747.0,161667.0,4.0
211,C. Ortega,MoraBanc Andorra,14,0.0,723.3333333333334,164615.0,-2.0
211,C. Ortega,MoraBanc Andorra,15,0.3333333333333333,689.6666666666666,145714.0,8.0
211,C. Ortega,MoraBanc Andorra,16,3.3333333333333335,784.0,162667.0,13.0
211,C. Ortega,MoraBanc Andorra,17,6.333333333333333,951.6666666666666,187067.0,3.0
211,C. Ortega,MoraBanc Andorra,18,8.0,867.0,190588.0,6.0
211,C. Ortega,MoraBanc Andorra,19,7.333333333333333,1071.6666666666667,200000.0,7.0
211,C. Ortega,MoraBanc Andorra,20,5.333333333333333,1017.3333333333334,207895.0,-1.0
211,C. Ortega,MoraBanc Andorra,21,4.0,1048.3333333333333,195000.0,1.0
211,C. Ortega,MoraBanc Andorra,22,2.3333333333333335,753.3333333333334,188571.0,-1.0
211,C. Ortega,MoraBanc Andorra,23,-0.3333333333333333,748.0,177727.0,4.0
211,C. Ortega,MoraBanc Andorra,24,1.3333333333333333,1035.6666666666667,178696.0,-1.0
211,C. Ortega,MoraBanc Andorra,25,0.6666666666666666,1171.3333333333333,169167.0,1.0
211,C. Ortega,MoraBanc Andorra,27,0.0,1058.0,164400.0,-1.0
211,C. Ortega,MoraBanc Andorra,28,0.0,648.0,156154.0,0.0
211,C. Ortega,MoraBanc Andorra,29,-0.5,124.0,150370.0,0.0
211,C. Ortega,MoraBanc Andorra,30,-0.3333333333333333,102.33333333333333,145000.0,2.0
211,C. Ortega,MoraBanc Andorra,31,0.6666666666666666,181.66666666666666,144138.0,3.0
211,C. Ortega,MoraBanc Andorra,32,1.6666666666666667,243.66666666666666,144333.0,0.0
211,C. Ortega,MoraBanc Andorra,33,1.6666666666666667,233.0,139677.0,0.0
211,C. Ortega,MoraBanc Andorra,34,1.0,175.0,135313.0,0.0
212,F. Bassas,Kids&Us Manresa,3,3.0,714.5,195500.0,0.0
212,F. Bassas,Kids&Us Manresa,5,-1.0,195.5,166175.0,2.0
212,F. Bassas,Kids&Us Manresa,10,4.0,386.5,133333.0,1.0
212,F. Bassas,Kids&Us Manresa,11,3.0,381.0,122857.0,19.0
212,F. Bassas,Kids&Us Manresa,12,8.0,732.6666666666666,141286.0,16.0
212,F. Bassas,Kids&Us Manresa,13,12.0,1167.3333333333333,162479.0,2.0
212,F. Bassas,Kids&Us Manresa,14,12.333333333333334,1452.6666666666667,186851.0,13.0
212,F. Bassas,Kids&Us Manresa,15,10.333333333333334,1398.3333333333333,214879.0,14.0
212,F. Bassas,Kids&Us Manresa,16,9.666666666666666,1308.0,247111.0,12.0
212,F. Bassas,Kids&Us Manresa,17,13.0,1354.0,284178.0,4.0
212,F. Bassas,Kids&Us Manresa,18,10.0,1262.6666666666667,326805.0,5.0
212,F. Bassas,Kids&Us Manresa,19,7.0,1216.3333333333333,375826.0,19.0
212,F. Bassas,Kids&Us Manresa,20,9.333333333333334,1192.6666666666667,423750.0,4.0
212,F. Bassas,Kids&Us Manresa,21,9.333333333333334,1200.6666666666667,410588.0,15.0
212,F. Bassas,Kids&Us Manresa,22,12.666666666666666,1141.3333333333333,437778.0,10.0
212,F. Bassas,Kids&Us Manresa,23,9.666666666666666,1207.6666666666667,441053.0,-3.0
212,F. Bassas,Kids&Us Manresa,24,7.333333333333333,1074.0,411500.0,10.0
212,F. Bassas,Kids&Us Manresa,25,5.666666666666667,1191.3333333333333,415714.0,8.0
212,F. Bassas,Kids&Us Manresa,26,5.0,1155.6666666666667,415000.0,22.0
212,F. Bassas,Kids&Us Manresa,27,13.333333333333334,1310.3333333333333,454348.0,-7.0
212,F. Bassas,Kids&Us Manresa,28,7.666666666666667,1288.0,420833.0,13.0
212,F. Bassas,Kids&Us Manresa,29,9.333333333333334,1314.3333333333333,430000.0,2.0
212,F. Bassas,Kids&Us Manresa,30,2.6666666666666665,1289.6666666666667,418077.0,16.0
212,F. Bassas,Kids&Us Manresa,31,10.333333333333334,1369.6666666666667,432222.0,19.0
212,F. Bassas,Kids&Us Manresa,32,12.333333333333334,1243.3333333333333,457500.0,14.0
212,F. Bassas,Kids&Us Manresa,33,16.333333333333332,1327.3333333333333,470690.0,-6.0
212,F. Bassas,Kids&Us Manresa,34,9.0,1161.6666666666667,445000.0,8.0
213,T. Kalinoski,Unicaja,3,3.5,1034.0,224825.0,-1.0
213,T. Kalinoski,Unicaja,4,2.0,1084.3333333333333,191101.0,8.0
213,T. Kalinoski,Unicaja,5,2.3333333333333335,1269.0,192500.0,2.0
213,T. Kalinoski,Unicaja,6,3.0,1313.3333333333333,178000.0,-3.0
213,T. Kalinoski,Unicaja,7,2.3333333333333335,1337.6666666666667,151300.0,22.0
213,T. Kalinoski,Unicaja,8,7.0,1415.0,173995.0,2.0
213,T. Kalinoski,Unicaja,9,7.0,1187.3333333333333,200094.0,3.0
213,T. Kalinoski,Unicaja,10,9.0,1123.6666666666667,230108.0,2.0
213,T. Kalinoski,Unicaja,11,2.3333333333333335,889.6666666666666,248000.0,5.0
213,T. Kalinoski,Unicaja,12,3.3333333333333335,1144.0,248182.0,1.0
213,T. Kalinoski,Unicaja,13,2.6666666666666665,1024.3333333333333,231667.0,14.0
213,T. Kalinoski,Unicaja,14,6.666666666666667,1071.0,266417.0,-2.0
213,T. Kalinoski,Unicaja,15,4.333333333333333,1013.0,251429.0,-3.0
213,T. Kalinoski,Unicaja,16,3.0,1166.0,224667.0,3.0
213,T. Kalinoski,Unicaja,18,0.0,1187.5,221875.0,10.0
213,T. Kalinoski,Unicaja,19,6.5,1254.5,244118.0,9.0
213,T. Kalinoski,Unicaja,20,9.5,1171.5,260556.0,8.0
213,T. Kalinoski,Unicaja,21,9.0,1155.6666666666667,267895.0,14.0
213,T. Kalinoski,Unicaja,22,10.333333333333334,1254.0,296500.0,6.0
213,T. Kalinoski,Unicaja,23,9.333333333333334,1210.3333333333333,299524.0,3.0
213,T. Kalinoski,Unicaja,24,7.666666666666667,1189.3333333333333,292727.0,4.0
213,T. Kalinoski,Unicaja,25,4.333333333333333,976.6666666666666,288696.0,5.0
213,T. Kalinoski,Unicaja,33,-1.5,935.0,278519.0,10.0
213,T. Kalinoski,Unicaja,34,2.3333333333333335,1122.3333333333333,290000.0,2.0
214,N. Djedovic,Unicaja,8,0.0,942.0,191101.0,6.0
214,N. Djedovic,Unicaja,9,2.0,1062.6666666666667,184000.0,8.0
214,N. Djedovic,Unicaja,10,5.0,1036.0,211600.0,6.0
214,N. Djedovic,Unicaja,15,2.5,794.5,227778.0,6.0
214,N. Djedovic,Unicaja,16,3.6666666666666665,795.6666666666666,241000.0,5.0
214,N. Djedovic,Unicaja,17,4.0,967.6666666666666,246364.0,16.0
214,N. Djedovic,Unicaja,18,9.0,1097.0,283319.0,7.0
214,N. Djedovic,Unicaja,19,9.333333333333334,1237.0,314615.0,10.0
214,N. Djedovic,Unicaja,20,11.0,1231.6666666666667,335000.0,14.0
214,N. Djedovic,Unicaja,21,10.333333333333334,1079.3333333333333,359333.0,16.0
214,N. Djedovic,Unicaja,22,13.333333333333334,1022.0,396875.0,5.0
214,N. Djedovic,Unicaja,23,11.666666666666666,1053.0,391176.0,8.0
214,N. Djedovic,Unicaja,24,9.666666666666666,1168.3333333333333,391667.0,20.0
214,N. Djedovic,Unicaja,25,11.0,1346.6666666666667,423684.0,4.0
214,N. Djedovic,Unicaja,26,10.666666666666666,1313.3333333333333,412500.0,-3.0
215,C. Duarte,Unicaja,3,7.0,1178.0,433500.0,-4.0
215,C. Duarte,Unicaja,4,3.3333333333333335,1042.0,368475.0,5.0
215,C. Duarte,Unicaja,5,2.3333333333333335,1020.6666666666666,313204.0,17.0
215,C. Duarte,Unicaja,6,6.0,1124.6666666666667,360185.0,21.0
215,C. Duarte,Unicaja,7,14.333333333333334,1318.3333333333333,414213.0,4.0
215,C. Duarte,Unicaja,8,14.0,1065.3333333333333,457143.0,19.0
215,C. Duarte,Unicaja,9,14.666666666666666,1050.0,525714.0,11.0
215,C. Duarte,Unicaja,10,11.333333333333334,995.3333333333334,555556.0,27.0
215,C. Duarte,Unicaja,11,19.0,1249.6666666666667,638889.0,31.0
215,C. Duarte,Unicaja,12,23.0,1278.6666666666667,734722.0,13.0
215,C. Duarte,Unicaja,13,23.666666666666668,1353.6666666666667,735000.0,13.0
215,C. Duarte,Unicaja,14,19.0,1277.3333333333333,738462.0,13.0
215,C. Duarte,Unicaja,15,13.0,1216.0,732143.0,2.0
215,C. Duarte,Unicaja,16,9.333333333333334,955.3333333333334,691333.0,3.0
215,C. Duarte,Unicaja,17,6.0,688.0,659375.0,25.0
215,C. Duarte,Unicaja,18,10.0,912.0,708824.0,18.0
215,C. Duarte,Unicaja,19,15.333333333333334,1026.6666666666667,729444.0,19.0
215,C. Duarte,Unicaja,20,20.666666666666668,1389.3333333333333,751053.0,12.0
215,C. Duarte,Unicaja,21,16.333333333333332,1207.6666666666667,743500.0,2.0
215,C. Duarte,Unicaja,26,9.5,1233.5,693043.0,22.0
215,C. Duarte,Unicaja,27,13.666666666666666,1214.0,710000.0,9.0
215,C. Duarte,Unicaja,28,13.333333333333334,1175.0,699600.0,-4.0
216,X. Castañeda,MoraBanc Andorra,4,-5.0,601.5,346800.0,6.0
216,X. Castañeda,MoraBanc Andorra,5,0.0,767.0,294780.0,-4.0
216,X. Castañeda,MoraBanc Andorra,6,1.0,757.0,250563.0,-3.0
216,X. Castañeda,MoraBanc Andorra,15,6.5,782.5,153877.0,16.0
216,X. Castañeda,MoraBanc Andorra,26,5.0,1264.0,127852.0,13.0
216,X. Castañeda,MoraBanc Andorra,27,7.666666666666667,1143.6666666666667,147030.0,7.0
216,X. Castañeda,MoraBanc Andorra,28,11.0,1071.0,169085.0,6.0
217,K. Perry,Unicaja,3,12.5,1270.0,687700.0,15.0
217,K. Perry,Unicaja,4,13.333333333333334,1275.3333333333333,750000.0,3.0
217,K. Perry,Unicaja,5,10.333333333333334,1338.3333333333333,637500.0,12.0
217,K. Perry,Unicaja,6,10.0,1283.6666666666667,624000.0,11.0
217,K. Perry,Unicaja,7,8.666666666666666,1296.6666666666667,611667.0,7.0
217,K. Perry,Unicaja,8,10.0,1411.0,584286.0,21.0
217,K. Perry,Unicaja,9,13.0,1328.6666666666667,668750.0,16.0
217,K. Perry,Unicaja,10,14.666666666666666,1284.0,701111.0,22.0
217,K. Perry,Unicaja,11,19.666666666666668,1185.0,763000.0,6.0
217,K. Perry,Unicaja,12,14.666666666666666,1147.3333333333333,720909.0,4.0
217,K. Perry,Unicaja,13,10.666666666666666,1203.0,677500.0,14.0
217,K. Perry,Unicaja,14,8.0,1256.6666666666667,690000.0,-2.0
217,K. Perry,Unicaja,15,5.333333333333333,1279.0,633571.0,8.0
217,K. Perry,Unicaja,16,6.666666666666667,1279.3333333333333,623333.0,18.0
217,K. Perry,Unicaja,17,8.0,1311.6666666666667,651875.0,8.0
217,K. Perry,Unicaja,18,11.333333333333334,1498.3333333333333,641765.0,28.0
217,K. Perry,Unicaja,19,18.0,1552.0,699444.0,15.0
217,K. Perry,Unicaja,20,17.0,1506.3333333333333,710000.0,6.0
217,K. Perry,Unicaja,21,16.333333333333332,1462.0,689500.0,13.0
217,K. Perry,Unicaja,22,11.333333333333334,1447.6666666666667,693810.0,32.0
217,K. Perry,Unicaja,23,17.0,1459.0,749545.0,7.0
217,K. Perry,Unicaja,24,17.333333333333332,1326.0,732174.0,14.0
217,K. Perry,Unicaja,25,17.666666666666668,1196.3333333333333,730833.0,7.0
217,K. Perry,Unicaja,26,9.333333333333334,1148.0,715600.0,16.0
217,K. Perry,Unicaja,27,12.333333333333334,1128.6666666666667,718846.0,10.0
217,K. Perry,Unicaja,28,11.0,1179.3333333333333,710741.0,7.0
217,K. Perry,Unicaja,33,21.5,1413.5,725333.0,24.0
217,K. Perry,Unicaja,34,22.333333333333332,1356.6666666666667,748387.0,13.0
218,K. Tillie,Unicaja,3,11.0,864.0,396750.0,7.0
218,K. Tillie,Unicaja,5,9.5,915.5,456263.0,3.0
218,K. Tillie,Unicaja,6,5.0,1006.5,462500.0,-2.0
218,K. Tillie,Unicaja,7,0.5,878.0,393125.0,4.0
218,K. Tillie,Unicaja,8,1.6666666666666667,725.0,334156.0,16.0
218,K. Tillie,Unicaja,9,6.0,873.6666666666666,384279.0,-3.0
218,K. Tillie,Unicaja,10,5.666666666666667,799.6666666666666,350000.0,3.0
218,K. Tillie,Unicaja,11,5.333333333333333,797.3333333333334,331111.0,9.0
218,K. Tillie,Unicaja,12,3.0,547.6666666666666,343000.0,13.0
218,K. Tillie,Unicaja,13,8.333333333333334,820.0,370909.0,8.0
218,K. Tillie,Unicaja,14,10.0,1108.6666666666667,380000.0,13.0
218,K. Tillie,Unicaja,15,11.333333333333334,1170.3333333333333,400769.0,10.0
218,K. Tillie,Unicaja,16,10.333333333333334,1154.0,415000.0,2.0
218,K. Tillie,Unicaja,24,0.0,707.5,348824.0,4.0
218,K. Tillie,Unicaja,25,1.3333333333333333,804.6666666666666,340556.0,-2.0
218,K. Tillie,Unicaja,26,1.3333333333333333,756.0,317368.0,6.0
218,K. Tillie,Unicaja,27,2.6666666666666665,799.6666666666666,316500.0,-3.0
218,K. Tillie,Unicaja,33,-3.0,351.5,255652.0,0.0
218,K. Tillie,Unicaja,34,-2.0,262.0,245000.0,12.0
219,E. Sulejmanovic,Unicaja,3,7.0,728.5,430100.0,4.0
219,E. Sulejmanovic,Unicaja,5,3.5,675.0,365585.0,6.0
219,E. Sulejmanovic,Unicaja,6,5.0,728.5,350000.0,2.0
219,E. Sulejmanovic,Unicaja,7,4.0,670.5,300000.0,-2.0
219,E. Sulejmanovic,Unicaja,8,2.0,819.3333333333334,255000.0,10.0
219,E. Sulejmanovic,Unicaja,9,3.3333333333333335,912.3333333333334,285714.0,5.0
219,E. Sulejmanovic,Unicaja,10,4.333333333333333,1009.6666666666666,287500.0,8.0
219,E. Sulejmanovic,Unicaja,11,7.666666666666667,1105.6666666666667,308889.0,1.0
219,E. Sulejmanovic,Unicaja,12,4.666666666666667,968.0,283000.0,3.0
219,E. Sulejmanovic,Unicaja,13,4.0,852.0,270909.0,8.0
219,E. Sulejmanovic,Unicaja,14,4.0,625.0,288333.0,5.0
219,E. Sulejmanovic,Unicaja,15,5.333333333333333,590.0,285385.0,5.0
219,E. Sulejmanovic,Unicaja,16,6.0,666.0,286429.0,10.0
219,E. Sulejmanovic,Unicaja,17,6.666666666666667,728.6666666666666,307333.0,-3.0
219,E. Sulejmanovic,Unicaja,18,4.0,609.6666666666666,278750.0,-2.0
219,E. Sulejmanovic,Unicaja,19,1.6666666666666667,608.6666666666666,256471.0,9.0
219,E. Sulejmanovic,Unicaja,20,1.3333333333333333,611.0,272222.0,19.0
219,E. Sulejmanovic,Unicaja,21,8.666666666666666,957.6666666666666,307895.0,16.0
219,E. Sulejmanovic,Unicaja,22,14.666666666666666,1108.6666666666667,340500.0,18.0
219,E. Sulejmanovic,Unicaja,23,17.666666666666668,1229.6666666666667,375714.0,14.0
219,E. Sulejmanovic,Unicaja,24,16.0,1178.6666666666667,390455.0,17.0
219,E. Sulejmanovic,Unicaja,25,16.333333333333332,1291.3333333333333,410435.0,0.0
219,E. Sulejmanovic,Unicaja,26,10.333333333333334,1246.6666666666667,393333.0,-1.0
219,E. Sulejmanovic,Unicaja,27,5.333333333333333,1093.0,375600.0,8.0
219,E. Sulejmanovic,Unicaja,28,2.3333333333333335,977.6666666666666,376538.0,16.0
220,D. Kravish,Unicaja,3,5.5,874.0,330000.0,10.0
220,D. Kravish,Unicaja,4,7.0,1056.0,379500.0,-1.0
220,D. Kravish,Unicaja,33,2.0,712.0,212857.0,20.0
220,D. Kravish,Unicaja,34,8.0,821.6666666666666,244786.0,5.0
221,J. Webb,Unicaja,4,5.5,1304.0,357000.0,8.0
221,J. Webb,Unicaja,5,6.333333333333333,1211.3333333333333,340000.0,4.0
221,J. Webb,Unicaja,6,5.333333333333333,1010.6666666666666,315000.0,8.0
221,J. Webb,Unicaja,7,6.666666666666667,914.6666666666666,332000.0,13.0
221,J. Webb,Unicaja,8,8.333333333333334,958.6666666666666,381800.0,12.0
221,J. Webb,Unicaja,9,11.0,1133.3333333333333,439070.0,6.0
221,J. Webb,Unicaja,10,10.333333333333334,1277.3333333333333,440000.0,16.0
221,J. Webb,Unicaja,11,11.333333333333334,1319.3333333333333,497778.0,6.0
221,J. Webb,Unicaja,12,9.333333333333334,1279.0,478000.0,-7.0
221,J. Webb,Unicaja,13,5.0,1102.3333333333333,406300.0,8.0
221,J. Webb,Unicaja,15,0.5,971.5,409167.0,4.0
221,J. Webb,Unicaja,16,6.0,1037.0,396154.0,10.0
221,J. Webb,Unicaja,17,7.0,1105.5,410714.0,18.0
221,J. Webb,Unicaja,18,10.666666666666666,1277.6666666666667,455333.0,15.0
221,J. Webb,Unicaja,19,14.333333333333334,1361.6666666666667,483125.0,5.0
221,J. Webb,Unicaja,20,12.666666666666666,1162.3333333333333,472353.0,4.0
221,J. Webb,Unicaja,21,8.0,1037.6666666666667,457222.0,20.0
221,J. Webb,Unicaja,22,9.666666666666666,1188.6666666666667,496316.0,9.0
221,J. Webb,Unicaja,23,11.0,1251.6666666666667,498500.0,1.0
221,J. Webb,Unicaja,25,5.0,976.0,477143.0,22.0
221,J. Webb,Unicaja,26,11.5,1206.0,505455.0,5.0
221,J. Webb,Unicaja,27,13.5,1261.0,494348.0,10.0
221,J. Webb,Unicaja,28,12.333333333333334,1418.6666666666667,494583.0,20.0
221,J. Webb,Unicaja,33,13.0,1383.0,532222.0,10.0
221,J. Webb,Unicaja,34,12.0,1475.3333333333333,534643.0,3.0
222,J. Barreiro,Unicaja,3,4.5,771.5,198375.0,5.0
222,J. Barreiro,Unicaja,4,4.666666666666667,766.0,228131.0,9.0
222,J. Barreiro,Unicaja,5,5.666666666666667,872.3333333333334,262351.0,11.0
222,J. Barreiro,Unicaja,6,8.333333333333334,997.3333333333334,301704.0,4.0
222,J. Barreiro,Unicaja,7,8.0,914.6666666666666,346960.0,1.0
222,J. Barreiro,Unicaja,8,5.333333333333333,811.6666666666666,308571.0,8.0
222,J. Barreiro,Unicaja,9,4.333333333333333,669.3333333333334,330000.0,2.0
222,J. Barreiro,Unicaja,10,3.6666666666666665,745.3333333333334,306667.0,-1.0
222,J. Barreiro,Unicaja,11,3.0,740.3333333333334,271000.0,9.0
222,J. Barreiro,Unicaja,12,3.3333333333333335,935.3333333333334,287273.0,3.0
222,J. Barreiro,Unicaja,13,3.6666666666666665,1094.0,275833.0,9.0
222,J. Barreiro,Unicaja,14,7.0,1203.3333333333333,296154.0,5.0
222,J. Barreiro,Unicaja,15,5.666666666666667,1065.6666666666667,292857.0,3.0
222,J. Barreiro,Unicaja,17,4.0,872.0,285333.0,-2.0
222,J. Barreiro,Unicaja,18,0.5,867.0,261250.0,6.0
222,J. Barreiro,Unicaja,19,2.0,915.5,267059.0,0.0
222,J. Barreiro,Unicaja,20,1.3333333333333333,825.3333333333334,252222.0,2.0
222,J. Barreiro,Unicaja,21,2.6666666666666665,1053.6666666666667,244211.0,5.0
222,J. Barreiro,Unicaja,22,2.3333333333333335,1110.0,247000.0,14.0
222,J. Barreiro,Unicaja,23,7.0,1244.6666666666667,275238.0,-1.0
222,J. Barreiro,Unicaja,24,6.0,972.3333333333334,260455.0,-1.0
222,J. Barreiro,Unicaja,25,4.0,926.0,246957.0,1.0
222,J. Barreiro,Unicaja,26,-0.3333333333333333,646.6666666666666,238750.0,4.0
222,J. Barreiro,Unicaja,27,1.3333333333333333,815.0,237200.0,-1.0
222,J. Barreiro,Unicaja,28,1.3333333333333333,556.6666666666666,226154.0,8.0
222,J. Barreiro,Unicaja,33,12.5,1146.0,262414.0,19.0
222,J. Barreiro,Unicaja,34,14.666666666666666,1221.3333333333333,291667.0,6.0
223,T. Pérez,Unicaja,3,8.0,1021.5,478975.0,15.0
223,T. Pérez,Unicaja,4,10.333333333333334,932.3333333333334,550821.0,21.0
223,T. Pérez,Unicaja,5,15.666666666666666,1189.0,633444.0,22.0
223,T. Pérez,Unicaja,6,19.333333333333332,1189.6666666666667,728461.0,4.0
223,T. Pérez,Unicaja,7,15.666666666666666,1364.3333333333333,713333.0,6.0
223,T. Pérez,Unicaja,8,10.666666666666666,1272.6666666666667,662857.0,8.0
223,T. Pérez,Unicaja,9,6.0,1093.0,640000.0,8.0
223,T. Pérez,Unicaja,11,8.0,979.0,622222.0,9.0
223,T. Pérez,Unicaja,12,8.5,803.5,605000.0,2.0
223,T. Pérez,Unicaja,14,5.5,632.0,559091.0,10.0
223,T. Pérez,Unicaja,15,6.0,852.5,554167.0,10.0
223,T. Pérez,Unicaja,16,10.0,695.5,557692.0,13.0
223,T. Pérez,Unicaja,17,11.0,916.6666666666666,573571.0,23.0
223,T. Pérez,Unicaja,18,15.333333333333334,1092.0,627333.0,7.0
223,T. Pérez,Unicaja,19,14.333333333333334,1261.0,614375.0,3.0
224,O. Balcerowski,Unicaja,3,21.5,1312.0,317400.0,2.0
224,O. Balcerowski,Unicaja,4,15.0,1199.3333333333333,365010.0,14.0
224,O. Balcerowski,Unicaja,5,13.666666666666666,1215.6666666666667,419762.0,21.0
224,O. Balcerowski,Unicaja,6,12.333333333333334,1231.6666666666667,482726.0,16.0
224,O. Balcerowski,Unicaja,7,17.0,1421.3333333333333,555135.0,5.0
224,O. Balcerowski,Unicaja,8,14.0,1422.6666666666667,638405.0,16.0
224,O. Balcerowski,Unicaja,9,12.333333333333334,1341.6666666666667,734166.0,25.0
224,O. Balcerowski,Unicaja,10,15.333333333333334,1363.3333333333333,844291.0,1.0
224,O. Balcerowski,Unicaja,11,14.0,1276.3333333333333,826000.0,0.0
224,O. Balcerowski,Unicaja,12,8.666666666666666,1156.3333333333333,750909.0,20.0
224,O. Balcerowski,Unicaja,13,7.0,1022.6666666666666,771667.0,9.0
224,O. Balcerowski,Unicaja,14,9.666666666666666,1046.3333333333333,753846.0,12.0
224,O. Balcerowski,Unicaja,15,13.666666666666666,1257.6666666666667,742857.0,16.0
224,O. Balcerowski,Unicaja,16,12.333333333333334,1284.6666666666667,757333.0,7.0
224,O. Balcerowski,Unicaja,17,11.666666666666666,1212.6666666666667,736250.0,18.0
224,O. Balcerowski,Unicaja,18,13.666666666666666,1156.6666666666667,756471.0,14.0
224,O. Balcerowski,Unicaja,19,13.0,1186.3333333333333,761111.0,-2.0
224,O. Balcerowski,Unicaja,20,10.0,1220.0,715789.0,9.0
224,O. Balcerowski,Unicaja,21,7.0,1207.0,702500.0,9.0
224,O. Balcerowski,Unicaja,22,5.333333333333333,1157.3333333333333,694762.0,-4.0
224,O. Balcerowski,Unicaja,23,4.666666666666667,958.0,654091.0,20.0
224,O. Balcerowski,Unicaja,24,8.333333333333334,883.0,669130.0,24.0
224,O. Balcerowski,Unicaja,25,13.333333333333334,950.6666666666666,691250.0,7.0
224,O. Balcerowski,Unicaja,26,17.0,1251.0,677600.0,19.0
224,O. Balcerowski,Unicaja,27,16.666666666666668,1321.3333333333333,688077.0,0.0
224,O. Balcerowski,Unicaja,28,8.666666666666666,1273.6666666666667,662593.0,16.0
224,O. Balcerowski,Unicaja,33,2.0,781.0,635000.0,17.0
224,O. Balcerowski,Unicaja,34,7.0,946.0,647419.0,14.0
225,A. Díaz,Unicaja,3,11.0,1039.0,515775.0,7.0
225,A. Díaz,Unicaja,4,9.666666666666666,1065.0,556667.0,11.0
225,A. Díaz,Unicaja,5,10.0,1129.0,555000.0,17.0
225,A. Díaz,Unicaja,6,11.666666666666666,1167.0,638250.0,8.0
225,A. Díaz,Unicaja,7,12.0,1153.0,606667.0,12.0
225,A. Díaz,Unicaja,8,12.333333333333334,1131.6666666666667,622857.0,11.0
225,A. Díaz,Unicaja,9,10.333333333333334,1164.3333333333333,627500.0,8.0
225,A. Díaz,Unicaja,10,10.333333333333334,1227.0,611111.0,16.0
225,A. Díaz,Unicaja,11,11.666666666666666,1254.6666666666667,646000.0,12.0
225,A. Díaz,Unicaja,12,12.0,1297.0,641818.0,8.0
225,A. Díaz,Unicaja,13,12.0,1225.0,621667.0,16.0
225,A. Díaz,Unicaja,14,12.0,1149.6666666666667,647692.0,12.0
225,A. Díaz,Unicaja,15,12.0,1122.6666666666667,644286.0,6.0
225,A. Díaz,Unicaja,16,11.333333333333334,1124.6666666666667,625333.0,11.0
225,A. Díaz,Unicaja,17,9.666666666666666,1144.0,627500.0,6.0
225,A. Díaz,Unicaja,23,13.5,1001.5,632632.0,5.0
225,A. Díaz,Unicaja,24,10.666666666666666,1084.3333333333333,613500.0,10.0
225,A. Díaz,Unicaja,25,11.333333333333334,1300.3333333333333,608095.0,1.0
225,A. Díaz,Unicaja,26,5.333333333333333,1420.3333333333333,582727.0,-4.0
225,A. Díaz,Unicaja,27,2.3333333333333335,1435.6666666666667,548696.0,2.0
225,A. Díaz,Unicaja,28,-0.3333333333333333,1254.6666666666667,530000.0,12.0
225,A. Díaz,Unicaja,33,6.5,882.5,521852.0,8.0
225,A. Díaz,Unicaja,34,7.0,1018.3333333333334,520357.0,-1.0
226,T. Shengelia,Barça,3,18.0,1341.5,733125.0,19.0
226,T. Shengelia,Barça,4,18.333333333333332,1349.0,843094.0,5.0
226,T. Shengelia,Barça,5,16.333333333333332,1347.0,810000.0,21.0
226,T. Shengelia,Barça,6,15.0,1375.6666666666667,858000.0,4.0
226,T. Shengelia,Barça,7,10.0,1230.0,748333.0,20.0
226,T. Shengelia,Barça,8,15.0,1308.6666666666667,812857.0,17.0
226,T. Shengelia,Barça,9,13.666666666666666,1339.3333333333333,838750.0,7.0
226,T. Shengelia,Barça,15,6.0,989.5,714545.0,5.0
226,T. Shengelia,Barça,16,5.666666666666667,950.6666666666666,680000.0,3.0
226,T. Shengelia,Barça,17,2.3333333333333335,827.0,641538.0,3.0
226,T. Shengelia,Barça,18,3.6666666666666665,886.0,606429.0,2.0
226,T. Shengelia,Barça,19,2.6666666666666665,1017.3333333333334,572667.0,8.0
226,T. Shengelia,Barça,20,4.333333333333333,1418.6666666666667,566875.0,11.0
226,T. Shengelia,Barça,21,7.0,1367.3333333333333,572353.0,26.0
226,T. Shengelia,Barça,23,18.5,1246.5,627222.0,4.0
226,T. Shengelia,Barça,24,15.0,1096.0,604737.0,13.0
226,T. Shengelia,Barça,25,8.5,1055.0,613500.0,21.0
226,T. Shengelia,Barça,26,12.666666666666666,1106.3333333333333,644286.0,13.0
226,T. Shengelia,Barça,27,15.666666666666666,1141.0,650455.0,11.0
226,T. Shengelia,Barça,28,15.0,1189.0,646087.0,26.0
226,T. Shengelia,Barça,29,16.666666666666668,1384.6666666666667,684167.0,19.0
226,T. Shengelia,Barça,30,18.666666666666668,1508.6666666666667,702400.0,17.0
226,T. Shengelia,Barça,31,20.666666666666668,1334.3333333333333,714615.0,11.0
226,T. Shengelia,Barça,32,15.666666666666666,1152.0,712593.0,15.0
226,T. Shengelia,Barça,34,13.0,1263.5,719286.0,20.0
230,T. Lyles,Real Madrid,4,20.5,1487.0,581900.0,16.0
230,T. Lyles,Real Madrid,5,23.0,1466.5,669185.0,11.0
230,T. Lyles,Real Madrid,6,13.5,1301.0,769563.0,16.0
230,T. Lyles,Real Madrid,8,13.5,1391.0,884997.0,2.0
230,T. Lyles,Real Madrid,15,7.0,1138.0,746667.0,8.0
230,T. Lyles,Real Madrid,16,7.333333333333333,1185.0,720000.0,8.0
230,T. Lyles,Real Madrid,17,7.333333333333333,1120.3333333333333,698182.0,16.0
230,T. Lyles,Real Madrid,19,12.0,1084.0,720000.0,17.0
230,T. Lyles,Real Madrid,20,16.5,1113.5,743077.0,12.0
230,T. Lyles,Real Madrid,21,14.5,1192.0,741429.0,3.0
230,T. Lyles,Real Madrid,22,10.666666666666666,1185.6666666666667,704000.0,19.0
230,T. Lyles,Real Madrid,23,11.333333333333334,1139.0,731250.0,14.0
230,T. Lyles,Real Madrid,24,12.0,1149.3333333333333,737647.0,20.0
230,T. Lyles,Real Madrid,26,17.0,1289.5,763333.0,16.0
230,T. Lyles,Real Madrid,27,18.0,1073.5,773684.0,8.0
230,T. Lyles,Real Madrid,28,12.0,1053.0,755000.0,17.0
230,T. Lyles,Real Madrid,29,13.666666666666666,1111.3333333333333,767619.0,36.0
230,T. Lyles,Real Madrid,30,20.333333333333332,1377.0,830909.0,10.0
230,T. Lyles,Real Madrid,31,21.0,1351.3333333333333,816522.0,22.0
230,T. Lyles,Real Madrid,33,16.0,1347.0,828333.0,3.0
231,G. Corbalán,Recoletas Salud San Pablo Burgos,3,18.5,1248.5,502550.0,13.0
231,G. Corbalán,Recoletas Salud San Pablo Burgos,4,16.666666666666668,1233.3333333333333,577933.0,18.0
231,G. Corbalán,Recoletas Salud San Pablo Burgos,5,18.333333333333332,1358.6666666666667,664623.0,16.0
231,G. Corbalán,Recoletas Salud San Pablo Burgos,6,15.666666666666666,1285.3333333333333,764316.0,15.0
231,G. Corbalán,Recoletas Salud San Pablo Burgos,7,16.333333333333332,1351.6666666666667,846667.0,-1.0
231,G. Corbalán,Recoletas Salud San Pablo Burgos,8,10.0,1034.3333333333333,719667.0,5.0
231,G. Corbalán,Recoletas Salud San Pablo Burgos,9,6.333333333333333,1056.6666666666667,660000.0,29.0
231,G. Corbalán,Recoletas Salud San Pablo Burgos,10,11.0,1156.0,747778.0,6.0
231,G. Corbalán,Recoletas Salud San Pablo Burgos,11,13.333333333333334,1595.0,703000.0,14.0
231,G. Corbalán,Recoletas Salud San Pablo Burgos,12,16.333333333333332,1639.0,702727.0,10.0
231,G. Corbalán,Recoletas Salud San Pablo Burgos,13,10.0,1575.3333333333333,685833.0,16.0
231,G. Corbalán,Recoletas Salud San Pablo Burgos,14,13.333333333333334,1489.3333333333333,706923.0,27.0
231,G. Corbalán,Recoletas Salud San Pablo Burgos,15,17.666666666666668,1586.0,772143.0,18.0
231,G. Corbalán,Recoletas Salud San Pablo Burgos,16,20.333333333333332,1710.6666666666667,780667.0,1.0
231,G. Corbalán,Recoletas Salud San Pablo Burgos,17,15.333333333333334,1622.3333333333333,735000.0,17.0
231,G. Corbalán,Recoletas Salud San Pablo Burgos,18,12.0,1718.0,741765.0,8.0
231,G. Corbalán,Recoletas Salud San Pablo Burgos,19,8.666666666666666,1462.3333333333333,722778.0,25.0
231,G. Corbalán,Recoletas Salud San Pablo Burgos,20,16.666666666666668,1579.6666666666667,763684.0,18.0
231,G. Corbalán,Recoletas Salud San Pablo Burgos,21,17.0,1463.0,770500.0,22.0
231,G. Corbalán,Recoletas Salud San Pablo Burgos,22,21.666666666666668,1858.3333333333333,796667.0,17.0
231,G. Corbalán,Recoletas Salud San Pablo Burgos,23,19.0,1940.6666666666667,806818.0,33.0
231,G. Corbalán,Recoletas Salud San Pablo Burgos,24,24.0,2054.3333333333335,843478.0,16.0
231,G. Corbalán,Recoletas Salud San Pablo Burgos,25,22.0,1885.3333333333333,841667.0,34.0
231,G. Corbalán,Recoletas Salud San Pablo Burgos,26,27.666666666666668,1805.3333333333333,889600.0,7.0
231,G. Corbalán,Recoletas Salud San Pablo Burgos,27,19.0,1711.3333333333333,868846.0,21.0
231,G. Corbalán,Recoletas Salud San Pablo Burgos,28,20.666666666666668,1791.6666666666667,875556.0,28.0
231,G. Corbalán,Recoletas Salud San Pablo Burgos,29,18.666666666666668,1871.0,904286.0,19.0
231,G. Corbalán,Recoletas Salud San Pablo Burgos,31,23.5,1905.0,912414.0,22.0
231,G. Corbalán,Recoletas Salud San Pablo Burgos,32,20.5,1471.0,926000.0,17.0
231,G. Corbalán,Recoletas Salud San Pablo Burgos,33,19.5,1329.0,929032.0,-2.0
231,G. Corbalán,Recoletas Salud San Pablo Burgos,34,12.333333333333334,1238.6666666666667,896875.0,10.0
232,D. Bordón,La Laguna Tenerife,22,-0.5,48.0,62641.0,1.0
236,M. Nowell,Kosner Baskonia,4,6.5,1165.0,430100.0,4.0
236,M. Nowell,Kosner Baskonia,5,5.666666666666667,976.3333333333334,365585.0,3.0
236,M. Nowell,Kosner Baskonia,6,3.3333333333333335,955.6666666666666,310747.0,11.0
237,S. Joksimovic,Kosner Baskonia,4,1.0,675.5,79475.0,-3.0
239,H. Drell,Asisa Joventut,3,3.0,866.0,224825.0,7.0
239,H. Drell,Asisa Joventut,4,4.333333333333333,751.3333333333334,258549.0,-1.0
239,H. Drell,Asisa Joventut,5,1.3333333333333333,678.3333333333334,219767.0,-3.0
239,H. Drell,Asisa Joventut,6,1.0,478.0,186802.0,0.0
239,H. Drell,Asisa Joventut,7,-1.3333333333333333,395.3333333333333,158782.0,1.0
239,H. Drell,Asisa Joventut,8,-0.6666666666666666,444.3333333333333,134965.0,12.0
239,H. Drell,Asisa Joventut,9,4.333333333333333,811.6666666666666,155210.0,4.0
239,H. Drell,Asisa Joventut,10,5.666666666666667,950.3333333333334,178492.0,2.0
239,H. Drell,Asisa Joventut,11,6.0,952.6666666666666,172000.0,3.0
239,H. Drell,Asisa Joventut,12,3.0,708.3333333333334,170000.0,10.0
239,H. Drell,Asisa Joventut,13,5.0,909.3333333333334,195500.0,-1.0
239,H. Drell,Asisa Joventut,14,4.0,740.6666666666666,186154.0,3.0
239,H. Drell,Asisa Joventut,15,4.0,706.3333333333334,185714.0,0.0
239,H. Drell,Asisa Joventut,16,0.6666666666666666,387.3333333333333,173333.0,6.0
239,H. Drell,Asisa Joventut,17,3.0,515.6666666666666,181250.0,1.0
239,H. Drell,Asisa Joventut,18,2.3333333333333335,481.6666666666667,173529.0,8.0
239,H. Drell,Asisa Joventut,19,5.0,741.3333333333334,186111.0,8.0
239,H. Drell,Asisa Joventut,20,5.666666666666667,826.3333333333334,201579.0,0.0
239,H. Drell,Asisa Joventut,21,5.333333333333333,1016.3333333333334,191500.0,27.0
239,H. Drell,Asisa Joventut,22,11.666666666666666,1085.3333333333333,220225.0,-3.0
239,H. Drell,Asisa Joventut,23,8.0,898.0,240909.0,0.0
239,H. Drell,Asisa Joventut,24,8.0,720.0,230435.0,4.0
239,H. Drell,Asisa Joventut,25,0.3333333333333333,573.6666666666666,230833.0,9.0
239,H. Drell,Asisa Joventut,26,4.333333333333333,1074.0,239600.0,2.0
239,H. Drell,Asisa Joventut,27,5.0,1219.3333333333333,234231.0,-1.0
239,H. Drell,Asisa Joventut,28,3.3333333333333335,1235.0,223704.0,7.0
239,H. Drell,Asisa Joventut,33,7.0,753.5,241000.0,-2.0
239,H. Drell,Asisa Joventut,34,4.0,769.3333333333334,230000.0,6.0
240,M. Gaspà,Kids&Us Manresa,4,4.0,661.5,145475.0,0.0
240,M. Gaspà,Kids&Us Manresa,17,1.0,585.5,233200.0,0.0
244,M. Andric,Río Breogán,4,8.5,1235.5,287500.0,5.0
244,M. Andric,Río Breogán,5,7.333333333333333,1190.6666666666667,330625.0,6.0
244,M. Andric,Río Breogán,6,7.666666666666667,1257.6666666666667,380219.0,8.0
244,M. Andric,Río Breogán,12,15.0,1317.0,504083.0,1.0
244,M. Andric,Río Breogán,13,10.333333333333334,1356.6666666666667,462500.0,0.0
244,M. Andric,Río Breogán,14,6.0,1314.6666666666667,411111.0,21.0
244,M. Andric,Río Breogán,15,7.333333333333333,1318.6666666666667,472778.0,0.0
244,M. Andric,Río Breogán,16,7.0,1263.3333333333333,450909.0,10.0
244,M. Andric,Río Breogán,17,10.333333333333334,1493.6666666666667,463333.0,5.0
244,M. Andric,Río Breogán,18,5.0,1494.0,446923.0,11.0
244,M. Andric,Río Breogán,19,8.666666666666666,1610.6666666666667,462143.0,17.0
244,M. Andric,Río Breogán,20,11.0,1569.6666666666667,488000.0,0.0
244,M. Andric,Río Breogán,21,9.333333333333334,1573.3333333333333,457500.0,-1.0
244,M. Andric,Río Breogán,22,5.333333333333333,1419.6666666666667,427647.0,6.0
244,M. Andric,Río Breogán,23,1.6666666666666667,1274.0,420556.0,5.0
244,M. Andric,Río Breogán,24,3.3333333333333335,1269.0,414211.0,18.0
244,M. Andric,Río Breogán,25,9.666666666666666,1397.3333333333333,447500.0,8.0
244,M. Andric,Río Breogán,26,10.333333333333334,1404.3333333333333,445238.0,17.0
244,M. Andric,Río Breogán,27,14.333333333333334,1428.0,463636.0,6.0
244,M. Andric,Río Breogán,28,10.333333333333334,1424.0,459130.0,12.0
244,M. Andric,Río Breogán,29,11.666666666666666,1346.0,470000.0,16.0
244,M. Andric,Río Breogán,30,11.333333333333334,1351.3333333333333,483200.0,10.0
244,M. Andric,Río Breogán,31,12.666666666666666,1228.3333333333333,487692.0,10.0
244,M. Andric,Río Breogán,32,12.0,1343.6666666666667,491852.0,16.0
244,M. Andric,Río Breogán,33,12.0,1341.0,508571.0,6.0
244,M. Andric,Río Breogán,34,10.666666666666666,1401.6666666666667,501379.0,-2.0
250,N. Kusturica,Barça,21,5.5,577.0,70624.0,3.0
250,N. Kusturica,Barça,23,7.0,700.0,81218.0,-4.0
251,S. Keita,Barça,12,2.0,256.5,120000.0,-1.0
251,S. Keita,Barça,13,1.0,239.66666666666666,102000.0,-3.0
252,K. Simmons,Kosner Baskonia,6,10.5,1585.0,529000.0,10.0
252,K. Simmons,Kosner Baskonia,7,10.333333333333334,1543.6666666666667,536667.0,7.0
252,K. Simmons,Kosner Baskonia,8,7.666666666666667,1428.0,490000.0,8.0
252,K. Simmons,Kosner Baskonia,9,8.333333333333334,1270.0,488000.0,5.0
252,K. Simmons,Kosner Baskonia,11,6.5,958.5,448333.0,19.0
252,K. Simmons,Kosner Baskonia,16,2.5,1466.5,470687.0,8.0
252,K. Simmons,Kosner Baskonia,17,4.333333333333333,1169.6666666666667,466000.0,9.0
252,K. Simmons,Kosner Baskonia,18,4.0,1083.0,472727.0,2.0
252,K. Simmons,Kosner Baskonia,24,13.5,1312.0,494286.0,6.0
252,K. Simmons,Kosner Baskonia,25,13.0,1444.0,485333.0,5.0
252,K. Simmons,Kosner Baskonia,26,10.333333333333334,1207.6666666666667,473750.0,20.0
252,K. Simmons,Kosner Baskonia,27,10.333333333333334,1169.3333333333333,516471.0,9.0
252,K. Simmons,Kosner Baskonia,28,11.333333333333334,1300.0,512778.0,27.0
252,K. Simmons,Kosner Baskonia,29,18.666666666666668,1649.6666666666667,556842.0,9.0
252,K. Simmons,Kosner Baskonia,30,15.0,1448.0,556000.0,7.0
252,K. Simmons,Kosner Baskonia,31,14.333333333333334,1175.6666666666667,549524.0,16.0
252,K. Simmons,Kosner Baskonia,32,10.666666666666666,1219.6666666666667,568182.0,26.0
252,K. Simmons,Kosner Baskonia,33,16.333333333333332,1330.3333333333333,611304.0,4.0
252,K. Simmons,Kosner Baskonia,34,15.333333333333334,1454.6666666666667,595833.0,21.0
253,Y. Traoré,Casademont Zaragoza,18,0.5,513.0,53245.0,6.0
253,Y. Traoré,Casademont Zaragoza,24,-1.5,119.0,44240.0,0.0
253,Y. Traoré,Casademont Zaragoza,27,1.0,104.0,42000.0,-2.0
253,Y. Traoré,Casademont Zaragoza,29,0.0,226.0,35700.0,3.0
254,B. Key,Valencia Basket,14,9.0,950.5,582667.0,3.0
254,B. Key,Valencia Basket,15,8.5,947.5,508000.0,6.0
254,B. Key,Valencia Basket,16,7.666666666666667,988.6666666666666,473333.0,8.0
254,B. Key,Valencia Basket,18,7.0,1065.5,462857.0,8.0
254,B. Key,Valencia Basket,19,8.0,1016.0,465000.0,4.0
254,B. Key,Valencia Basket,20,6.0,787.0,435556.0,10.0
254,B. Key,Valencia Basket,21,7.333333333333333,884.3333333333334,452000.0,9.0
254,B. Key,Valencia Basket,22,7.666666666666667,922.0,460000.0,0.0
254,B. Key,Valencia Basket,24,4.5,799.0,421667.0,6.0
254,B. Key,Valencia Basket,25,3.0,844.0,416923.0,12.0
254,B. Key,Valencia Basket,26,9.0,1172.5,438571.0,4.0
254,B. Key,Valencia Basket,28,8.0,1105.5,425333.0,5.0
254,B. Key,Valencia Basket,29,4.5,1131.0,414375.0,15.0
254,B. Key,Valencia Basket,30,10.0,1194.5,434118.0,-4.0
254,B. Key,Valencia Basket,32,5.5,746.5,398889.0,13.0
256,A. Len,Real Madrid,11,10.5,755.0,562063.0,2.0
256,A. Len,Real Madrid,12,7.666666666666667,545.0,525000.0,0.0
256,A. Len,Real Madrid,13,6.666666666666667,446.6666666666667,446250.0,14.0
256,A. Len,Real Madrid,15,7.0,431.0,490000.0,14.0
256,A. Len,Real Madrid,18,15.5,1067.5,600000.0,23.0
256,A. Len,Real Madrid,19,20.0,1242.0,686667.0,17.0
256,A. Len,Real Madrid,20,19.0,1312.6666666666667,720000.0,4.0
256,A. Len,Real Madrid,21,14.666666666666666,1092.0,676364.0,-2.0
256,A. Len,Real Madrid,22,6.333333333333333,844.6666666666666,611667.0,0.0
256,A. Len,Real Madrid,23,0.6666666666666666,744.6666666666666,564615.0,10.0
256,A. Len,Real Madrid,24,2.6666666666666665,873.0,567143.0,2.0
256,A. Len,Real Madrid,25,4.0,758.0,537333.0,24.0
256,A. Len,Real Madrid,26,12.0,788.3333333333334,593750.0,12.0
256,A. Len,Real Madrid,27,12.666666666666666,950.6666666666666,601176.0,6.0
256,A. Len,Real Madrid,28,14.0,1010.3333333333334,584444.0,-1.0
256,A. Len,Real Madrid,29,5.666666666666667,643.3333333333334,551053.0,1.0
256,A. Len,Real Madrid,30,2.0,523.3333333333334,526500.0,26.0
257,P. Oriola,Kids&Us Manresa,10,5.0,1023.0,274550.0,1.0
257,P. Oriola,Kids&Us Manresa,11,3.6666666666666665,896.6666666666666,233367.0,19.0
257,P. Oriola,Kids&Us Manresa,12,8.333333333333334,1116.3333333333333,268372.0,24.0
257,P. Oriola,Kids&Us Manresa,13,14.666666666666666,1105.0,308628.0,0.0
257,P. Oriola,Kids&Us Manresa,14,14.333333333333334,1291.6666666666667,354922.0,15.0
257,P. Oriola,Kids&Us Manresa,15,13.0,1179.3333333333333,408160.0,15.0
257,P. Oriola,Kids&Us Manresa,16,10.0,1042.0,469384.0,21.0
257,P. Oriola,Kids&Us Manresa,17,17.0,1084.6666666666667,539792.0,15.0
257,P. Oriola,Kids&Us Manresa,18,17.0,1130.3333333333333,620761.0,17.0
257,P. Oriola,Kids&Us Manresa,19,17.666666666666668,1292.3333333333333,689091.0,18.0
257,P. Oriola,Kids&Us Manresa,20,16.666666666666668,1239.3333333333333,721667.0,3.0
257,P. Oriola,Kids&Us Manresa,21,12.666666666666666,1141.3333333333333,677692.0,22.0
257,P. Oriola,Kids&Us Manresa,22,14.333333333333334,1177.3333333333333,723571.0,14.0
257,P. Oriola,Kids&Us Manresa,23,13.0,1359.0,722000.0,11.0
257,P. Oriola,Kids&Us Manresa,24,15.666666666666666,1299.6666666666667,711250.0,5.0
257,P. Oriola,Kids&Us Manresa,25,10.0,1248.0,684118.0,17.0
257,P. Oriola,Kids&Us Manresa,26,11.0,1178.0,693333.0,16.0
257,P. Oriola,Kids&Us Manresa,27,12.666666666666666,1344.3333333333333,707368.0,21.0
257,P. Oriola,Kids&Us Manresa,28,18.0,1427.3333333333333,735000.0,14.0
257,P. Oriola,Kids&Us Manresa,29,17.0,1311.0,733333.0,0.0
257,P. Oriola,Kids&Us Manresa,30,11.666666666666666,1265.3333333333333,700000.0,10.0
257,P. Oriola,Kids&Us Manresa,31,8.0,1236.0,691304.0,17.0
257,P. Oriola,Kids&Us Manresa,32,9.0,1319.3333333333333,705000.0,12.0
257,P. Oriola,Kids&Us Manresa,33,13.0,1244.3333333333333,705600.0,10.0
257,P. Oriola,Kids&Us Manresa,34,13.0,1231.6666666666667,701538.0,22.0
258,A. Rubit,Unicaja,12,6.5,819.5,355000.0,4.0
258,A. Rubit,Unicaja,13,5.666666666666667,781.3333333333334,303333.0,12.0
258,A. Rubit,Unicaja,14,7.666666666666667,751.6666666666666,348833.0,8.0
258,A. Rubit,Unicaja,16,10.0,609.0,401158.0,7.0
258,A. Rubit,Unicaja,17,7.5,578.5,408333.0,-2.0
258,A. Rubit,Unicaja,18,2.5,708.0,347083.0,-4.0
258,A. Rubit,Unicaja,19,0.3333333333333333,625.3333333333334,295021.0,13.0
258,A. Rubit,Unicaja,20,2.3333333333333335,884.3333333333334,325556.0,-4.0
258,A. Rubit,Unicaja,21,1.6666666666666667,884.6666666666666,276723.0,10.0
258,A. Rubit,Unicaja,22,6.333333333333333,964.0,302727.0,2.0
258,A. Rubit,Unicaja,23,2.6666666666666665,874.3333333333334,287500.0,3.0
258,A. Rubit,Unicaja,25,2.5,850.5,276923.0,5.0
258,A. Rubit,Unicaja,26,4.0,680.5,275000.0,12.0
258,A. Rubit,Unicaja,27,8.5,726.0,296667.0,-1.0
258,A. Rubit,Unicaja,33,9.5,854.5,297222.0,16.0
258,A. Rubit,Unicaja,34,11.666666666666666,816.3333333333334,332105.0,19.0
259,C. Koumadje,Casademont Zaragoza,12,7.0,634.5,420000.0,6.0
259,C. Koumadje,Casademont Zaragoza,13,4.5,793.0,380000.0,5.0
259,C. Koumadje,Casademont Zaragoza,18,-0.5,513.0,251069.0,12.0
259,C. Koumadje,Casademont Zaragoza,20,5.5,919.0,277143.0,8.0
259,C. Koumadje,Casademont Zaragoza,21,10.0,1255.0,292500.0,-6.0
259,C. Koumadje,Casademont Zaragoza,22,1.0,801.0,248625.0,6.0
259,C. Koumadje,Casademont Zaragoza,23,2.6666666666666665,847.3333333333334,234000.0,5.0
259,C. Koumadje,Casademont Zaragoza,25,5.5,629.0,240000.0,1.0
259,C. Koumadje,Casademont Zaragoza,26,3.0,287.0,224167.0,1.0
259,C. Koumadje,Casademont Zaragoza,27,1.0,294.0,211538.0,1.0
259,C. Koumadje,Casademont Zaragoza,29,1.0,378.5,200714.0,-3.0
259,C. Koumadje,Casademont Zaragoza,30,-1.0,279.0,177333.0,-2.0
262,G. Radzevicius,Kosner Baskonia,12,0.5,1350.0,260100.0,14.0
262,G. Radzevicius,Kosner Baskonia,13,5.0,1101.5,296667.0,11.0
262,G. Radzevicius,Kosner Baskonia,14,7.0,1214.3333333333333,341167.0,13.0
262,G. Radzevicius,Kosner Baskonia,15,12.666666666666666,1134.3333333333333,392342.0,11.0
262,G. Radzevicius,Kosner Baskonia,16,11.666666666666666,1121.0,451193.0,17.0
262,G. Radzevicius,Kosner Baskonia,17,13.666666666666666,1013.0,518872.0,10.0
262,G. Radzevicius,Kosner Baskonia,18,12.666666666666666,1190.6666666666667,576250.0,2.0
262,G. Radzevicius,Kosner Baskonia,20,6.0,1161.5,523333.0,14.0
262,G. Radzevicius,Kosner Baskonia,21,8.0,1230.5,555000.0,7.0
262,G. Radzevicius,Kosner Baskonia,22,10.5,1425.0,542727.0,9.0
262,G. Radzevicius,Kosner Baskonia,24,8.0,1478.0,535000.0,7.0
262,G. Radzevicius,Kosner Baskonia,25,8.0,1412.0,526154.0,2.0
262,G. Radzevicius,Kosner Baskonia,26,4.5,1101.0,497143.0,16.0
262,G. Radzevicius,Kosner Baskonia,27,8.333333333333334,1060.3333333333333,528000.0,5.0
262,G. Radzevicius,Kosner Baskonia,28,7.666666666666667,1097.6666666666667,510625.0,-1.0
262,G. Radzevicius,Kosner Baskonia,29,6.666666666666667,1186.3333333333333,477647.0,7.0
262,G. Radzevicius,Kosner Baskonia,30,3.6666666666666665,1265.3333333333333,474444.0,-3.0
262,G. Radzevicius,Kosner Baskonia,31,1.0,904.6666666666666,441579.0,2.0
262,G. Radzevicius,Kosner Baskonia,32,2.0,973.6666666666666,425500.0,10.0
262,G. Radzevicius,Kosner Baskonia,33,3.0,893.0,433810.0,7.0
262,G. Radzevicius,Kosner Baskonia,34,6.333333333333333,1194.0,433182.0,4.0
263,A. Brimah,Coviran Granada,12,2.0,408.0,252875.0,2.0
263,A. Brimah,Coviran Granada,13,3.0,691.0,214944.0,5.0
263,A. Brimah,Coviran Granada,14,3.6666666666666665,769.6666666666666,182702.0,3.0
263,A. Brimah,Coviran Granada,15,3.3333333333333335,676.6666666666666,155297.0,4.0
263,A. Brimah,Coviran Granada,16,4.0,881.0,150000.0,8.0
263,A. Brimah,Coviran Granada,17,5.0,946.0,172500.0,23.0
263,A. Brimah,Coviran Granada,18,11.666666666666666,1338.0,198375.0,9.0
263,A. Brimah,Coviran Granada,19,13.333333333333334,1101.6666666666667,228131.0,7.0
263,A. Brimah,Coviran Granada,20,13.0,1069.3333333333333,262351.0,7.0
263,A. Brimah,Coviran Granada,21,7.666666666666667,854.6666666666666,301704.0,10.0
263,A. Brimah,Coviran Granada,22,8.0,997.0,341667.0,2.0
263,A. Brimah,Coviran Granada,23,6.333333333333333,761.6666666666666,324615.0,8.0
263,A. Brimah,Coviran Granada,24,6.666666666666667,704.0,330000.0,0.0
263,A. Brimah,Coviran Granada,25,3.3333333333333335,435.6666666666667,308000.0,10.0
263,A. Brimah,Coviran Granada,26,6.0,580.6666666666666,320000.0,1.0
263,A. Brimah,Coviran Granada,27,3.6666666666666665,462.0,304118.0,11.0
263,A. Brimah,Coviran Granada,28,7.333333333333333,766.0,323889.0,3.0
263,A. Brimah,Coviran Granada,29,5.0,818.3333333333334,316316.0,2.0
263,A. Brimah,Coviran Granada,30,5.333333333333333,875.6666666666666,305500.0,-1.0
263,A. Brimah,Coviran Granada,31,1.3333333333333333,593.0,288571.0,5.0
263,A. Brimah,Coviran Granada,32,2.0,589.6666666666666,286818.0,4.0
263,A. Brimah,Coviran Granada,33,2.6666666666666665,576.3333333333334,283043.0,4.0
263,A. Brimah,Coviran Granada,34,4.333333333333333,669.0,279583.0,12.0
264,W. Howard,Coviran Granada,11,-1.5,561.5,198687.0,4.0
264,W. Howard,Coviran Granada,12,0.3333333333333333,673.3333333333334,168884.0,2.0
264,W. Howard,Coviran Granada,13,1.6666666666666667,870.0,143551.0,7.0
264,W. Howard,Coviran Granada,14,4.333333333333333,1339.6666666666667,122018.0,-3.0
264,W. Howard,Coviran Granada,15,2.0,1231.0,103715.0,2.0
264,W. Howard,Coviran Granada,16,2.0,1059.3333333333333,88158.0,15.0
264,W. Howard,Coviran Granada,17,4.666666666666667,816.6666666666666,101382.0,-2.0
264,W. Howard,Coviran Granada,18,5.0,943.6666666666666,116589.0,7.0
264,W. Howard,Coviran Granada,19,6.666666666666667,1035.6666666666667,134077.0,-1.0
264,W. Howard,Coviran Granada,20,1.3333333333333333,971.6666666666666,127273.0,14.0
264,W. Howard,Coviran Granada,29,11.0,907.0,193567.0,6.0
264,W. Howard,Coviran Granada,30,9.333333333333334,1003.3333333333334,222602.0,13.0
264,W. Howard,Coviran Granada,31,9.0,1080.3333333333333,255992.0,10.0
264,W. Howard,Coviran Granada,32,9.666666666666666,1061.0,294118.0,8.0
264,W. Howard,Coviran Granada,33,10.333333333333334,1031.6666666666667,300000.0,26.0
265,C. Audige,Unicaja,11,-0.5,290.0,198687.0,-2.0
265,C. Audige,Unicaja,12,-1.0,487.6666666666667,168884.0,4.0
265,C. Audige,Unicaja,13,0.3333333333333333,701.3333333333334,143551.0,8.0
265,C. Audige,Unicaja,14,3.3333333333333335,871.3333333333334,122018.0,4.0
265,C. Audige,Unicaja,15,5.333333333333333,899.0,121667.0,18.0
265,C. Audige,Unicaja,16,10.0,1052.3333333333333,139917.0,1.0
265,C. Audige,Unicaja,17,7.666666666666667,1098.6666666666667,160905.0,0.0
265,C. Audige,Unicaja,18,6.333333333333333,1061.6666666666667,185041.0,1.0
265,C. Audige,Unicaja,19,0.6666666666666666,939.0,193000.0,0.0
265,C. Audige,Unicaja,21,0.5,850.0,175455.0,-3.0
265,C. Audige,Unicaja,22,-1.5,463.0,149137.0,17.0
265,C. Audige,Unicaja,23,7.0,809.5,171508.0,6.0
265,C. Audige,Unicaja,24,6.666666666666667,806.3333333333334,197234.0,-5.0
265,C. Audige,Unicaja,25,6.0,957.0,190000.0,0.0
265,C. Audige,Unicaja,26,0.3333333333333333,793.6666666666666,178125.0,7.0
265,C. Audige,Unicaja,27,0.6666666666666666,846.0,188235.0,3.0
265,C. Audige,Unicaja,28,3.3333333333333335,1008.6666666666666,186111.0,-3.0
265,C. Audige,Unicaja,33,8.0,1184.0,190476.0,-5.0
265,C. Audige,Unicaja,34,3.6666666666666665,1238.6666666666667,170455.0,8.0
266,G. Fernández,Kids&Us Manresa,12,-2.5,241.5,79475.0,0.0
266,G. Fernández,Kids&Us Manresa,13,-1.6666666666666667,173.66666666666666,67554.0,-3.0
266,G. Fernández,Kids&Us Manresa,14,-1.0,101.0,57421.0,-1.0
266,G. Fernández,Kids&Us Manresa,15,-1.3333333333333333,432.6666666666667,48808.0,0.0
266,G. Fernández,Kids&Us Manresa,16,-1.3333333333333333,447.6666666666667,41487.0,-1.0
266,G. Fernández,Kids&Us Manresa,17,-0.6666666666666666,682.0,35264.0,-3.0
266,G. Fernández,Kids&Us Manresa,18,-1.3333333333333333,586.3333333333334,29974.0,1.0
267,E. Omoruyi,Kosner Baskonia,13,6.5,929.5,390000.0,8.0
267,E. Omoruyi,Kosner Baskonia,14,7.0,938.6666666666666,420000.0,8.0
267,E. Omoruyi,Kosner Baskonia,15,9.333333333333334,984.0,435000.0,-1.0
267,E. Omoruyi,Kosner Baskonia,17,3.5,790.0,369750.0,0.0
267,E. Omoruyi,Kosner Baskonia,18,-0.5,403.5,314287.0,0.0
267,E. Omoruyi,Kosner Baskonia,20,0.0,554.5,267144.0,24.0
267,E. Omoruyi,Kosner Baskonia,21,12.0,1117.0,307216.0,28.0
267,E. Omoruyi,Kosner Baskonia,22,26.0,1572.5,353298.0,1.0
267,E. Omoruyi,Kosner Baskonia,23,17.666666666666668,1408.0,406293.0,11.0
267,E. Omoruyi,Kosner Baskonia,24,13.333333333333334,1421.3333333333333,467237.0,4.0
267,E. Omoruyi,Kosner Baskonia,25,5.333333333333333,1158.0,480000.0,10.0
267,E. Omoruyi,Kosner Baskonia,26,8.333333333333334,1295.0,489231.0,0.0
267,E. Omoruyi,Kosner Baskonia,27,4.666666666666667,1203.6666666666667,454286.0,-1.0
267,E. Omoruyi,Kosner Baskonia,28,3.0,1048.3333333333333,420667.0,5.0
267,E. Omoruyi,Kosner Baskonia,29,1.3333333333333333,933.3333333333334,410000.0,25.0
267,E. Omoruyi,Kosner Baskonia,30,9.666666666666666,917.6666666666666,471500.0,17.0
267,E. Omoruyi,Kosner Baskonia,31,15.666666666666666,913.6666666666666,504444.0,8.0
267,E. Omoruyi,Kosner Baskonia,33,12.5,840.0,503158.0,20.0
267,E. Omoruyi,Kosner Baskonia,34,14.0,1242.5,538000.0,9.0
269,D. González,Barça,31,-0.5,186.0,73695.0,0.0
270,E. Brooks,Kids&Us Manresa,13,12.5,1310.0,581900.0,24.0
270,E. Brooks,Kids&Us Manresa,15,18.5,1169.0,669185.0,2.0
270,E. Brooks,Kids&Us Manresa,20,9.5,1503.0,660000.0,4.0
270,E. Brooks,Kids&Us Manresa,21,9.0,1458.5,594286.0,5.0
270,E. Brooks,Kids&Us Manresa,22,7.666666666666667,1314.3333333333333,557500.0,1.0
270,E. Brooks,Kids&Us Manresa,23,3.3333333333333335,846.0,501111.0,5.0
270,E. Brooks,Kids&Us Manresa,24,3.6666666666666665,713.0,476000.0,9.0
270,E. Brooks,Kids&Us Manresa,25,5.0,1022.3333333333334,473636.0,11.0
270,E. Brooks,Kids&Us Manresa,26,8.333333333333334,1440.3333333333333,480000.0,13.0
270,E. Brooks,Kids&Us Manresa,27,11.0,1623.6666666666667,503077.0,18.0
270,E. Brooks,Kids&Us Manresa,34,14.0,1194.0,581250.0,2.0
271,J. Pérez,Coviran Granada,13,4.5,879.0,289000.0,6.0
271,J. Pérez,Coviran Granada,14,5.0,927.3333333333334,250000.0,2.0
271,J. Pérez,Coviran Granada,15,5.0,1170.0,212500.0,27.0
271,J. Pérez,Coviran Granada,16,11.666666666666666,1315.3333333333333,244375.0,10.0
271,J. Pérez,Coviran Granada,17,13.0,1361.0,281031.0,24.0
271,J. Pérez,Coviran Granada,18,20.333333333333332,1440.3333333333333,323186.0,16.0
271,J. Pérez,Coviran Granada,19,16.666666666666668,1503.6666666666667,371664.0,12.0
271,J. Pérez,Coviran Granada,20,17.333333333333332,1739.6666666666667,427414.0,4.0
271,J. Pérez,Coviran Granada,21,10.666666666666666,1536.0,491526.0,16.0
271,J. Pérez,Coviran Granada,22,10.666666666666666,1391.6666666666667,565255.0,5.0
271,J. Pérez,Coviran Granada,23,8.333333333333334,1158.3333333333333,550000.0,24.0
271,J. Pérez,Coviran Granada,24,15.0,1341.6666666666667,600000.0,8.0
271,J. Pérez,Coviran Granada,25,12.333333333333334,1402.3333333333333,591429.0,16.0
271,J. Pérez,Coviran Granada,26,16.0,1497.6666666666667,605333.0,15.0
271,J. Pérez,Coviran Granada,27,13.0,1547.0,614375.0,9.0
271,J. Pérez,Coviran Granada,28,13.333333333333334,1343.6666666666667,610000.0,0.0
271,J. Pérez,Coviran Granada,29,8.0,1052.3333333333333,576111.0,-2.0
271,J. Pérez,Coviran Granada,30,2.3333333333333335,902.0,540526.0,14.0
271,J. Pérez,Coviran Granada,31,4.0,1045.3333333333333,555500.0,28.0
271,J. Pérez,Coviran Granada,32,13.333333333333334,1358.6666666666667,595714.0,2.0
271,J. Pérez,Coviran Granada,34,15.0,1302.0,573182.0,22.0
273,A. Alibegovic,Coviran Granada,17,2.0,1616.5,361250.0,5.0
273,A. Alibegovic,Coviran Granada,18,3.0,1622.6666666666667,307062.0,0.0
273,A. Alibegovic,Coviran Granada,19,3.0,1541.0,261003.0,10.0
273,A. Alibegovic,Coviran Granada,20,5.0,1452.0,221853.0,8.0
273,A. Alibegovic,Coviran Granada,21,6.0,1569.3333333333333,225000.0,6.0
273,A. Alibegovic,Coviran Granada,22,8.0,1644.0,235714.0,21.0
273,A. Alibegovic,Coviran Granada,23,11.666666666666666,1655.6666666666667,271071.0,10.0
273,A. Alibegovic,Coviran Granada,24,12.333333333333334,1437.6666666666667,311732.0,8.0
273,A. Alibegovic,Coviran Granada,25,13.0,1334.6666666666667,358492.0,9.0
273,A. Alibegovic,Coviran Granada,26,9.0,1273.3333333333333,394545.0,16.0
273,A. Alibegovic,Coviran Granada,27,11.0,1391.3333333333333,428333.0,-7.0
273,A. Alibegovic,Coviran Granada,29,4.5,1487.5,368462.0,14.0
273,A. Alibegovic,Coviran Granada,30,3.5,1354.0,392143.0,15.0
273,A. Alibegovic,Coviran Granada,31,14.5,1449.5,426000.0,5.0
273,A. Alibegovic,Coviran Granada,32,11.333333333333334,1390.0,415000.0,16.0
273,A. Alibegovic,Coviran Granada,33,12.0,1425.0,437647.0,19.0
273,A. Alibegovic,Coviran Granada,34,13.333333333333334,1411.0,466111.0,12.0
277,L. Maniema,Dreamland Gran Canaria,24,4.5,531.5,134895.0,-1.0
277,L. Maniema,Dreamland Gran Canaria,29,0.0,67.5,82843.0,3.0
278,M. Ngouama,Coviran Granada,18,3.0,1722.0,371450.0,13.0
278,M. Ngouama,Coviran Granada,19,6.333333333333333,1589.0,316667.0,4.0
278,M. Ngouama,Coviran Granada,20,4.0,1477.6666666666667,287500.0,11.0
278,M. Ngouama,Coviran Granada,21,9.333333333333334,1541.6666666666667,330625.0,-1.0
278,M. Ngouama,Coviran Granada,22,4.666666666666667,1484.6666666666667,281031.0,3.0
278,M. Ngouama,Coviran Granada,23,4.333333333333333,1688.0,261429.0,7.0
278,M. Ngouama,Coviran Granada,24,3.0,1498.0,272500.0,5.0
278,M. Ngouama,Coviran Granada,25,5.0,1552.0,275556.0,2.0
279,K. Martin,UCAM Murcia,18,0.0,811.5,317900.0,7.0
279,K. Martin,UCAM Murcia,19,2.3333333333333335,839.6666666666666,270215.0,-4.0
279,K. Martin,UCAM Murcia,20,1.0,615.6666666666666,229683.0,14.0
279,K. Martin,UCAM Murcia,21,5.666666666666667,606.0,212000.0,4.0
279,K. Martin,UCAM Murcia,22,4.666666666666667,580.3333333333334,210000.0,6.0
279,K. Martin,UCAM Murcia,23,8.0,946.6666666666666,231429.0,-2.0
279,K. Martin,UCAM Murcia,24,2.6666666666666665,1089.3333333333333,196715.0,19.0
279,K. Martin,UCAM Murcia,25,7.666666666666667,1365.0,226222.0,8.0
279,K. Martin,UCAM Murcia,26,8.333333333333334,1255.3333333333333,260155.0,3.0
279,K. Martin,UCAM Murcia,27,10.0,1186.3333333333333,299178.0,13.0
279,K. Martin,UCAM Murcia,28,8.0,1174.3333333333333,341667.0,7.0
279,K. Martin,UCAM Murcia,29,7.666666666666667,1154.3333333333333,347692.0,17.0
279,K. Martin,UCAM Murcia,30,12.333333333333334,1352.0,383571.0,1.0
279,K. Martin,UCAM Murcia,31,8.333333333333334,1118.3333333333333,362000.0,0.0
279,K. Martin,UCAM Murcia,32,6.0,1191.0,339375.0,17.0
279,K. Martin,UCAM Murcia,33,6.0,1060.3333333333333,379412.0,21.0
279,K. Martin,UCAM Murcia,34,12.666666666666666,1163.0,428333.0,7.0
280,P. Paulicap,Kids&Us Manresa,18,-1.0,438.0,252875.0,2.0
280,P. Paulicap,Kids&Us Manresa,19,0.0,390.3333333333333,214944.0,-2.0
280,P. Paulicap,Kids&Us Manresa,25,6.0,584.5,132002.0,-3.0
280,P. Paulicap,Kids&Us Manresa,28,-1.5,158.0,95372.0,4.0
280,P. Paulicap,Kids&Us Manresa,30,2.0,231.5,81066.0,0.0
285,K. Robertson,Dreamland Gran Canaria,20,-1.0,1148.5,354025.0,9.0
285,K. Robertson,Dreamland Gran Canaria,21,5.0,1415.5,300921.0,-3.0
285,K. Robertson,Dreamland Gran Canaria,22,3.0,1381.0,255783.0,7.0
285,K. Robertson,Dreamland Gran Canaria,23,4.333333333333333,1366.3333333333333,217416.0,15.0
285,K. Robertson,Dreamland Gran Canaria,24,6.333333333333333,1312.6666666666667,231667.0,-3.0
285,K. Robertson,Dreamland Gran Canaria,25,6.333333333333333,1218.6666666666667,196917.0,19.0
285,K. Robertson,Dreamland Gran Canaria,26,10.333333333333334,1251.0,226455.0,11.0
285,K. Robertson,Dreamland Gran Canaria,27,9.0,1244.6666666666667,260423.0,0.0
285,K. Robertson,Dreamland Gran Canaria,28,10.0,1518.0,274000.0,1.0
285,K. Robertson,Dreamland Gran Canaria,29,4.0,1432.0,254545.0,11.0
285,K. Robertson,Dreamland Gran Canaria,31,6.0,1320.5,279167.0,7.0
285,K. Robertson,Dreamland Gran Canaria,32,9.0,1307.0,290000.0,3.0
285,K. Robertson,Dreamland Gran Canaria,33,5.0,1303.0,280000.0,-3.0
285,K. Robertson,Dreamland Gran Canaria,34,2.3333333333333335,1096.6666666666667,251333.0,-3.0
291,D. Niebla,Asisa Joventut,21,0.5,422.5,107525.0,-4.0
294,J. Cobbs,Unicaja,21,14.0,967.0,436425.0,1.0
294,J. Cobbs,Unicaja,22,9.666666666666666,713.6666666666666,501889.0,15.0
294,J. Cobbs,Unicaja,23,10.666666666666666,710.0,577172.0,-3.0
294,J. Cobbs,Unicaja,28,5.0,556.5,404286.0,8.0
294,J. Cobbs,Unicaja,34,6.5,397.0,396000.0,8.0
305,J. Parker,Asisa Joventut,23,10.5,1303.0,630000.0,11.0
305,J. Parker,Asisa Joventut,24,10.666666666666666,1451.6666666666667,640000.0,12.0
305,J. Parker,Asisa Joventut,25,9.333333333333334,1687.3333333333333,660000.0,3.0
305,J. Parker,Asisa Joventut,26,8.666666666666666,1553.3333333333333,561000.0,4.0
305,J. Parker,Asisa Joventut,27,6.333333333333333,1447.3333333333333,498333.0,19.0
305,J. Parker,Asisa Joventut,28,8.666666666666666,1475.3333333333333,573083.0,2.0
305,J. Parker,Asisa Joventut,33,15.0,1103.5,603000.0,7.0
305,J. Parker,Asisa Joventut,34,12.333333333333334,1198.6666666666667,586364.0,21.0
306,Wright-Foreman,Casademont Zaragoza,23,12.5,1339.0,581900.0,5.0
306,Wright-Foreman,Casademont Zaragoza,24,10.0,1306.6666666666667,516667.0,12.0
306,Wright-Foreman,Casademont Zaragoza,25,9.666666666666666,1349.0,537500.0,1.0
306,Wright-Foreman,Casademont Zaragoza,26,6.0,1444.3333333333333,456875.0,13.0
306,Wright-Foreman,Casademont Zaragoza,27,8.666666666666666,1395.6666666666667,496667.0,18.0
306,Wright-Foreman,Casademont Zaragoza,29,15.5,1171.5,571167.0,16.0
306,Wright-Foreman,Casademont Zaragoza,30,17.0,1380.0,607500.0,-2.0
306,Wright-Foreman,Casademont Zaragoza,32,7.0,1137.5,528889.0,-4.0
306,Wright-Foreman,Casademont Zaragoza,33,-3.0,731.5,456000.0,7.0
306,Wright-Foreman,Casademont Zaragoza,34,1.5,901.5,446364.0,6.0
309,J. Rice,MoraBanc Andorra,23,20.0,1504.5,608350.0,22.0
309,J. Rice,MoraBanc Andorra,24,20.666666666666668,1650.6666666666667,699603.0,21.0
309,J. Rice,MoraBanc Andorra,25,20.333333333333332,1859.3333333333333,804543.0,10.0
309,J. Rice,MoraBanc Andorra,26,17.666666666666668,1903.3333333333333,925224.0,6.0
309,J. Rice,MoraBanc Andorra,27,12.333333333333334,1767.6666666666667,871667.0,14.0
309,J. Rice,MoraBanc Andorra,28,10.0,1700.0,847143.0,10.0
309,J. Rice,MoraBanc Andorra,29,10.0,1460.0,803750.0,9.0
309,J. Rice,MoraBanc Andorra,30,11.0,1226.6666666666667,774444.0,17.0
309,J. Rice,MoraBanc Andorra,31,12.0,1094.6666666666667,799000.0,10.0
309,J. Rice,MoraBanc Andorra,32,12.0,1169.0,771818.0,14.0
309,J. Rice,MoraBanc Andorra,33,13.666666666666666,1314.0,765833.0,18.0
309,J. Rice,MoraBanc Andorra,34,14.0,1248.0,790000.0,12.0
311,J. Taboada,Recoletas Salud San Pablo Burgos,24,-1.5,509.5,115600.0,-2.0
313,K. Brunot,Bàsquet Girona,25,0.5,589.5,93925.0,5.0
313,K. Brunot,Bàsquet Girona,26,2.0,537.0,108014.0,0.0
313,K. Brunot,Bàsquet Girona,27,2.3333333333333335,326.0,91812.0,-4.0
313,K. Brunot,Bàsquet Girona,28,0.3333333333333333,436.3333333333333,78040.0,0.0
314,C. Metu,Dreamland Gran Canaria,25,8.0,1132.0,411825.0,15.0
314,C. Metu,Dreamland Gran Canaria,26,10.333333333333334,1191.3333333333333,473599.0,16.0
314,C. Metu,Dreamland Gran Canaria,27,14.333333333333334,1391.6666666666667,544639.0,19.0
314,C. Metu,Dreamland Gran Canaria,28,16.666666666666668,1547.3333333333333,626335.0,19.0
314,C. Metu,Dreamland Gran Canaria,29,18.0,1714.6666666666667,720285.0,1.0
314,C. Metu,Dreamland Gran Canaria,31,10.0,1686.5,641429.0,12.0
314,C. Metu,Dreamland Gran Canaria,32,6.5,1421.5,651250.0,12.0
314,C. Metu,Dreamland Gran Canaria,33,12.0,1637.0,645556.0,14.0
314,C. Metu,Dreamland Gran Canaria,34,12.666666666666666,1721.0,651000.0,10.0
315,J. Edwards,Kosner Baskonia,24,1.0,705.0,317900.0,1.0
315,J. Edwards,Kosner Baskonia,25,1.0,768.3333333333334,270215.0,0.0
315,J. Edwards,Kosner Baskonia,26,1.3333333333333333,766.0,229683.0,1.0
315,J. Edwards,Kosner Baskonia,27,0.6666666666666666,660.3333333333334,195231.0,4.0
315,J. Edwards,Kosner Baskonia,28,1.6666666666666667,559.6666666666666,165946.0,9.0
315,J. Edwards,Kosner Baskonia,29,4.666666666666667,484.6666666666667,141054.0,2.0
315,J. Edwards,Kosner Baskonia,30,5.0,698.6666666666666,127500.0,3.0
315,J. Edwards,Kosner Baskonia,31,4.666666666666667,572.0,133333.0,13.0
315,J. Edwards,Kosner Baskonia,32,6.0,694.6666666666666,153333.0,12.0
315,J. Edwards,Kosner Baskonia,33,9.333333333333334,693.3333333333334,176333.0,3.0
315,J. Edwards,Kosner Baskonia,34,9.333333333333334,742.3333333333334,202783.0,-6.0
318,P. Mills,La Laguna Tenerife,25,13.5,1070.5,608350.0,13.0
318,P. Mills,La Laguna Tenerife,27,9.0,825.0,699603.0,18.0
318,P. Mills,La Laguna Tenerife,28,15.5,1132.5,804543.0,16.0
318,P. Mills,La Laguna Tenerife,29,17.0,1369.0,830000.0,12.0
318,P. Mills,La Laguna Tenerife,31,14.0,1436.5,791667.0,12.0
318,P. Mills,La Laguna Tenerife,32,12.0,1423.5,764286.0,14.0
318,P. Mills,La Laguna Tenerife,33,13.0,1469.5,756250.0,16.0
318,P. Mills,La Laguna Tenerife,34,14.0,1461.0,778889.0,4.0
320,A. Rodriguez,Hiopos Lleida,27,3.5,754.0,244375.0,0.0
320,A. Rodriguez,Hiopos Lleida,28,2.3333333333333335,560.3333333333334,207719.0,5.0
320,A. Rodriguez,Hiopos Lleida,30,2.5,322.5,176561.0,3.0
320,A. Rodriguez,Hiopos Lleida,31,4.0,546.5,168000.0,3.0
320,A. Rodriguez,Hiopos Lleida,32,3.0,648.5,165000.0,9.0
320,A. Rodriguez,Hiopos Lleida,33,5.0,713.3333333333334,189750.0,6.0
320,A. Rodriguez,Hiopos Lleida,34,6.0,860.3333333333334,218213.0,6.0
321,D. Duke Jr,Kids&Us Manresa,27,3.5,1381.5,274550.0,3.0
321,D. Duke Jr,Kids&Us Manresa,28,3.3333333333333335,1238.0,233367.0,7.0
321,D. Duke Jr,Kids&Us Manresa,29,4.0,1183.3333333333333,225000.0,4.0
321,D. Duke Jr,Kids&Us Manresa,30,4.666666666666667,1062.0,228000.0,4.0
321,D. Duke Jr,Kids&Us Manresa,31,5.0,1038.0,223333.0,17.0
321,D. Duke Jr,Kids&Us Manresa,32,8.333333333333334,1002.0,256833.0,-1.0
321,D. Duke Jr,Kids&Us Manresa,33,6.666666666666667,767.6666666666666,288750.0,24.0
321,D. Duke Jr,Kids&Us Manresa,34,13.333333333333334,814.3333333333334,332063.0,1.0
322,J. Shackelford,Recoletas Salud San Pablo Burgos,27,6.0,941.0,346800.0,-1.0
322,J. Shackelford,Recoletas Salud San Pablo Burgos,28,3.6666666666666665,703.0,294780.0,3.0
322,J. Shackelford,Recoletas Salud San Pablo Burgos,29,3.6666666666666665,738.0,250563.0,3.0
322,J. Shackelford,Recoletas Salud San Pablo Burgos,30,1.6666666666666667,463.6666666666667,212979.0,-5.0
323,C. Hildreth,Bàsquet Girona,27,1.0,506.5,216750.0,4.0
323,C. Hildreth,Bàsquet Girona,28,2.0,627.6666666666666,184237.0,12.0
323,C. Hildreth,Bàsquet Girona,29,6.333333333333333,794.0,211873.0,11.0
323,C. Hildreth,Bàsquet Girona,30,9.0,847.6666666666666,243654.0,3.0
323,C. Hildreth,Bàsquet Girona,31,8.666666666666666,841.6666666666666,280202.0,9.0
323,C. Hildreth,Bàsquet Girona,32,7.666666666666667,962.6666666666666,308571.0,9.0
323,C. Hildreth,Bàsquet Girona,33,7.0,1011.0,326250.0,11.0
323,C. Hildreth,Bàsquet Girona,34,9.666666666666666,1053.3333333333333,351111.0,4.0
324,M. Heidegger,Recoletas Salud San Pablo Burgos,29,-1.5,1075.5,260100.0,10.0
324,M. Heidegger,Recoletas Salud San Pablo Burgos,30,5.5,1046.0,221085.0,20.0
324,M. Heidegger,Recoletas Salud San Pablo Burgos,31,10.333333333333334,977.6666666666666,254248.0,4.0
324,M. Heidegger,Recoletas Salud San Pablo Burgos,32,11.333333333333334,763.0,292385.0,3.0
324,M. Heidegger,Recoletas Salud San Pablo Burgos,33,9.0,853.3333333333334,313333.0,12.0
324,M. Heidegger,Recoletas Salud San Pablo Burgos,34,6.333333333333333,983.3333333333334,354286.0,16.0
326,J. Hands,UCAM Murcia,29,2.5,809.5,357000.0,10.0
326,J. Hands,UCAM Murcia,30,5.0,957.0,303450.0,9.0
326,J. Hands,UCAM Murcia,31,5.666666666666667,938.6666666666666,340000.0,-5.0
326,J. Hands,UCAM Murcia,32,4.666666666666667,932.0,289000.0,13.0
326,J. Hands,UCAM Murcia,33,5.666666666666667,833.6666666666666,315000.0,8.0
326,J. Hands,UCAM Murcia,34,5.333333333333333,919.6666666666666,338571.0,10.0
327,J. Karnik,Bàsquet Girona,30,7.5,1035.5,343850.0,22.0
327,J. Karnik,Bàsquet Girona,31,12.333333333333334,1013.0,395428.0,-1.0
327,J. Karnik,Bàsquet Girona,32,7.666666666666667,927.6666666666666,454742.0,-2.0
327,J. Karnik,Bàsquet Girona,34,-1.5,545.5,386531.0,-3.0
329,B. Jefferson,Dreamland Gran Canaria,32,4.5,1374.0,268813.0,-4.0
329,B. Jefferson,Dreamland Gran Canaria,33,3.0,926.5,228491.0,3.0
329,B. Jefferson,Dreamland Gran Canaria,34,3.0,848.0,194217.0,0.0
331,I. Cruz,Río Breogán,34,1.5,195.0,180625.0,1.0
333,A. Olaseni,Casademont Zaragoza,34,7.0,1070.0,350000.0,7.0
