"birthdate","isBlock","injuredDays","up15","photo2","isActive","idTeam","nick","number","insertDatetime","price","height","isNational","isExitLeague","initialPrice","fullName","photo","url","fisicStatus","imageTeam","license","idPlayer","birthplace","nationality","competitionAverage","pointsJourney","numberJourney","keep","imageTeamNegative","position","isExtraCommunity","shortName","nameTeam","age","down15"
"29/04/1996",TRUE,0,158.5,"0000827883_5-6_03.jpg",TRUE,2,"Bozic",29,"20250915T142623+0000",1268235,"200",FALSE,FALSE,550000,"Luka Bozic","0000827872_5-6_03.jpg","https://www.acb.com/jugador/temporada-a-temporada/id/30003420","fit","2425CoviranGranadapositivo.png","EUR",14,"Bjelovar","Croacia",25.4,<dbl>,<int>,25.4,"https://supermanager.acb.com/files/logo/2425CoviranGranadanegativo.png",5,FALSE,"L. Bozic","Coviran Granada",30,-107.8
"07/05/1996",TRUE,0,93.1,"0000861883_5-6_03.jpg",TRUE,1,"Happ",22,"20250915T142623+0000",950400,"208",FALSE,FALSE,270000,"Ethan Happ","0000861878_5-6_03.jpg","https://www.acb.com/jugador/todos-sus-partidos/id/30001954","fit","2526SanPabloLogo.png","EUR",50,"Milan (Illinois)","Macedonia del Norte",19,<dbl>,<int>,19,"https://supermanager.acb.com/files/logo/2526SanPabloLogo.png",5,FALSE,"E. Happ","Recoletas Salud San Pablo Burgos",30,-55.1
"03/03/2002",TRUE,0,108.3,"0000832669_5-6_03.jpg",TRUE,1,"Corbalán",10,"20250918T120454+0000",887879,"193",FALSE,FALSE,380000,"Gonzalo Corbalán","0000832660_5-6_03.jpg","https://www.acb.com/jugador/todos-sus-partidos/id/30001331/temporada_id/2025/casa_fuera_id/0/victorias_derrotas_id/0/mes_id/0#cuerpo","fit","2526SanPabloLogo.png","EUR",231,"Resistencia (Chaco)","España",17.8,<dbl>,<int>,17.8,"https://supermanager.acb.com/files/logo/2526SanPabloLogo.png",3,FALSE,"G. Corbalán","Recoletas Salud San Pablo Burgos",24,-72.8
"27/08/1998",TRUE,0,58.2,"0000832711_5-6_03.jpg",TRUE,1,"Jackson",56,"20250915T142623+0000",701500,"182",FALSE,FALSE,670000,"Jhivvan Jackson","0000832702_5-6_03.jpg","https://www.acb.com/jugador/todos-sus-partidos/id/30003983","injured","2526SanPabloLogo.png","EXT",7,"Bayamón","EE.UU.",14,<NULL>,<int>,14,"https://supermanager.acb.com/files/logo/2526SanPabloLogo.png",3,TRUE,"J. Jackson","Recoletas Salud San Pablo Burgos",27,-30.2
"19/05/1992",TRUE,0,74.7,"0000832820_5-6_03.jpg",TRUE,1,"Neto",19,"20250915T142623+0000",643871,"184",FALSE,FALSE,4e+05,"Raul Neto","0000832811_5-6_03.jpg","https://www.acb.com/jugador/todos-sus-partidos/id/20209859","fit","2526SanPabloLogo.png","EUR",4,"Belo Horizonte","Italia",12.9,<dbl>,<int>,12.9,"https://supermanager.acb.com/files/logo/2526SanPabloLogo.png",1,FALSE,"R. Neto","Recoletas Salud San Pablo Burgos",34,-48.9
"12/09/2001",TRUE,0,54.8,"0000866241_5-6_03.jpg",TRUE,2,"Pérez",24,"20251219T162723+0000",596087,"190",FALSE,FALSE,4e+05,"Jassel Perez","0000866230_5-6_03.jpg",NA,"fit","2425CoviranGranadapositivo.png","COT",271,"San Cristobal","República Dominicana",11.9,<dbl>,<int>,11.9,"https://supermanager.acb.com/files/logo/2425CoviranGranadanegativo.png",3,FALSE,"J. Pérez","Coviran Granada",24,-31
"20/03/1993",TRUE,0,69.8,"0000832771_5-6_03.jpg",TRUE,1,"Meindl",23,"20250915T142623+0000",586563,"201",FALSE,FALSE,450000,"Leo Meindl","0000832763_5-6_03.jpg","http://acb.com/jugador/todos-sus-partidos/id/30000294","injured","2526SanPabloLogo.png","EUR",5,"Franca","Italia",11.7,<dbl>,<int>,11.7,"https://supermanager.acb.com/files/logo/2526SanPabloLogo.png",3,FALSE,"L. Meindl","Recoletas Salud San Pablo Burgos",33,-46.3
"13/11/1998",TRUE,0,68.9,"0000832690_5-6_03.jpg",TRUE,1,"Samuels",0,"20250915T142623+0000",551176,"197",FALSE,FALSE,510000,"Jermaine Samuels Jr","0000832684_5-6_03.jpg","https://www.acb.com/jugador/todos-sus-partidos/id/30003987","fit","2526SanPabloLogo.png","EXT",6,"Franklin (Massachusetts)","EE.UU.",11,<dbl>,<int>,11,"https://supermanager.acb.com/files/logo/2526SanPabloLogo.png",5,TRUE,"J. Samuels","Recoletas Salud San Pablo Burgos",27,-46.9
"27/02/1993",TRUE,0,56.1,"0000866223_5-6_03.jpg",TRUE,2,"Costa",15,"20250915T142624+0000",510000,"187",TRUE,FALSE,150000,"Lluís Costa","0000855417_5-6_03.jpg","https://www.acb.com/jugador/todos-sus-partidos/id/20209470","fit","2425CoviranGranadapositivo.png","JFL",133,"Sant Just Desvern","España",10.2,<dbl>,<int>,10.2,"https://supermanager.acb.com/files/logo/2425CoviranGranadanegativo.png",1,FALSE,"L. Costa","Coviran Granada",33,-35.7
"31/03/1995",TRUE,0,37.9,"0000870534_5-6_03.jpg",TRUE,2,"Alibegovic",14,"20260103T191110+0000",473158,"206",FALSE,FALSE,5e+05,"Amar Alibegovic","0000870524_5-6_03.jpg",NA,"fit","2425CoviranGranadapositivo.png","EUR",273,"Corvallis (Oregon)","Bosnia y Herzegovina",9.5,<dbl>,<int>,9.5,"https://supermanager.acb.com/files/logo/2425CoviranGranadanegativo.png",5,FALSE,"A. Alibegovic","Coviran Granada",31,-18.9
"05/06/1997",TRUE,0,15.5,"0000903894_5-6_03.jpg",TRUE,1,"Heidegger",33,"20260404T161042+0000",407429,"191",FALSE,FALSE,360000,"Max Heidegger","0000903883_5-6_03.jpg","https://www.acb.com/es/liga/jugadores/maximillian-30002514/partidos","fit","2526SanPabloLogo.png","EUR",324,"California","Austria",8.6,<dbl>,<int>,4.5,"https://supermanager.acb.com/files/logo/2526SanPabloLogo.png",1,FALSE,"M. Heidegger","Recoletas Salud San Pablo Burgos",29,-6.5
"11/06/1999",TRUE,0,31.6,"0000834298_5-6_03.jpg",TRUE,2,"Valtonen",11,"20250915T142623+0000",426471,"200",FALSE,FALSE,390000,"Elias Valtonen","0000834287_5-6_03.jpg","https://www.acb.com/jugador/todos-sus-partidos/id/30001214","fit","2425CoviranGranadapositivo.png","EUR",15,"Eura","Finlandia",8.5,<dbl>,<int>,8.5,"https://supermanager.acb.com/files/logo/2425CoviranGranadanegativo.png",3,FALSE,"E. Valtonen","Coviran Granada",27,-14.5
"07/04/1993",TRUE,0,35.5,"0000832646_5-6_03.jpg",TRUE,1,"Díez",11,"20250915T142623+0000",398636,"201",TRUE,FALSE,410000,"Dani Díez","0000832638_5-6_03.jpg","https://www.acb.com/jugador/todos-sus-partidos/id/20204156","fit","2526SanPabloLogo.png","JFL",11,"Madrid","España",8,<dbl>,<int>,8,"https://supermanager.acb.com/files/logo/2526SanPabloLogo.png",3,FALSE,"D. Díez","Recoletas Salud San Pablo Burgos",33,-19.5
"29/10/1994",TRUE,0,43.7,"0000832786_5-6_03.jpg",TRUE,1,"Fischer",40,"20250915T142623+0000",387000,"211",FALSE,FALSE,350000,"Luke Fischer","0000832778_5-6_03.jpg","https://www.acb.com/jugador/todos-sus-partidos/id/20212411","fit","2526SanPabloLogo.png","EUR",2,"Germantown","Armenia",7.7,<dbl>,<int>,7.7,"https://supermanager.acb.com/files/logo/2526SanPabloLogo.png",5,FALSE,"L. Fischer","Recoletas Salud San Pablo Burgos",31,-28.3
"25/10/1993",TRUE,0,24.7,"0000866267_5-6_03.jpg",TRUE,2,"Howard",25,"20251206T030950+0000",345000,"203",FALSE,FALSE,275000,"William Howard","0000866251_5-6_03.jpg",NA,"injured","2425CoviranGranadapositivo.png","EUR",264,"Montbrisol","Francia",7.1,<dbl>,<int>,4,"https://supermanager.acb.com/files/logo/2425CoviranGranadanegativo.png",3,FALSE,"W. Howard","Coviran Granada",32,-16.7
"31/01/1992",TRUE,0,40.9,"0000827699_5-6_03.jpg",TRUE,2,"Olumuyiwa",7,"20250915T142623+0000",335455,"203",FALSE,FALSE,250000,"Babatunde Olumuyiwa","0000827692_5-6_03.jpg","https://www.acb.com/jugador/todos-sus-partidos/id/30000213","fit","2425CoviranGranadapositivo.png","COT",13,"Los Angeles (California)","Sierra Leona",6.7,<dbl>,<int>,6.7,"https://supermanager.acb.com/files/logo/2425CoviranGranadanegativo.png",5,FALSE,"B. Olumuyiwa","Coviran Granada",34,-27.5
"11/09/2001",TRUE,0,20.5,"0000827858_5-6_03.jpg",TRUE,2,"Kljajic",3,"20250915T142623+0000",330769,"195",TRUE,FALSE,120000,"Jovan Kljajic","0000827849_5-6_03.jpg","https://www.acb.com/jugador/todos-sus-partidos/id/20212462","injured","2425CoviranGranadapositivo.png","JFL",19,"Podgorica","Montenegro",6.6,<NULL>,<int>,6.6,"https://supermanager.acb.com/files/logo/2425CoviranGranadanegativo.png",3,FALSE,"J. Kljajic","Coviran Granada",24,-7.3
"27/10/1996",TRUE,0,33.8,"0000832734_5-6_03.jpg",TRUE,1,"Gudmundsson",6,"20250915T142623+0000",299000,"195",FALSE,FALSE,280000,"Jon Axel Gudmundsson","0000832725_5-6_03.jpg","https://www.acb.com/jugador/todos-sus-partidos/id/30003978","fit","2526SanPabloLogo.png","EUR",3,"Grindavik","Islandia",6,<dbl>,<int>,6,"https://supermanager.acb.com/files/logo/2526SanPabloLogo.png",1,FALSE,"J. Gudmundsson","Recoletas Salud San Pablo Burgos",29,-21.8
"11/02/1994",TRUE,0,28.7,"0000866284_5-6_03.jpg",TRUE,2,"Brimah",37,"20251206T030950+0000",292400,"213",FALSE,FALSE,350000,"Amida Brimah","0000866272_5-6_03.jpg",NA,"fit","2425CoviranGranadapositivo.png","COT",263,"Accra","Ghana",5.8,<dbl>,<int>,5.8,"https://supermanager.acb.com/files/logo/2425CoviranGranadanegativo.png",5,FALSE,"A. Brimah","Coviran Granada",32,-17
"07/02/1990",TRUE,0,32.3,"0000827826_5-6_03.jpg",TRUE,2,"Rousselle",2,"20250915T142623+0000",258529,"192",FALSE,FALSE,330000,"Jonathan Rousselle","0000827822_5-6_03.jpg","https://www.acb.com/jugador/todos-sus-partidos/id/30000063","fit","2425CoviranGranadapositivo.png","EUR",16,"Seclin","Francia",5.2,<dbl>,<int>,5.2,"https://supermanager.acb.com/files/logo/2425CoviranGranadanegativo.png",1,FALSE,"J. Rousselle","Coviran Granada",36,-22
"06/07/1995",TRUE,0,15.6,"0000876596_5-6_03.jpg",TRUE,2,"Ngouama",93,"20260116T195024+0000",251538,"188",FALSE,FALSE,380000,"Mehdy Ngouama","0000876583_5-6_03.jpg","https://www.acb.com/jugador/todos-sus-partidos/id/30002524","fit","2425CoviranGranadapositivo.png","EUR",278,"Le Blamc -Mesnil","Francia",5,<dbl>,<int>,5,"https://supermanager.acb.com/files/logo/2425CoviranGranadanegativo.png",1,FALSE,"M. Ngouama","Coviran Granada",30,-5.5
"03/01/1994",TRUE,0,16.5,"0000827728_5-6_03.jpg",TRUE,2,"Burjanadze",77,"20250915T142623+0000",199000,"201",TRUE,FALSE,380000,"Beqa Burjanadze","0000827718_5-6_03.jpg","https://www.acb.com/jugador/todos-sus-partidos/id/20204145","injured","2425CoviranGranadapositivo.png","JFL",22,"Tbilisi","Georgia",4,<NULL>,<int>,4,"https://supermanager.acb.com/files/logo/2425CoviranGranadanegativo.png",5,FALSE,"B. Burjanadze","Coviran Granada",32,-8.6
"15/11/2003",TRUE,0,13.2,"0000832857_5-6_03.jpg",TRUE,1,"Nzosa",3,"20250915T142623+0000",123214,"208",TRUE,FALSE,3e+05,"Yannick Nzosa","0000832852_5-6_03.jpg","https://www.acb.com/jugador/todos-sus-partidos/id/30000479","fit","2526SanPabloLogo.png","JFL",9,"Kinshasa","Rep. Democrática del Congo",2.5,<dbl>,<int>,2.5,"https://supermanager.acb.com/files/logo/2526SanPabloLogo.png",5,FALSE,"Y. Nzosa","Recoletas Salud San Pablo Burgos",22,-8.3
"17/11/1995",TRUE,0,-3.7,"0000832753_5-6_03.jpg",TRUE,1,"Rubio",7,"20250915T142623+0000",87134,"197",TRUE,FALSE,140000,"Juan Rubio","0000832747_5-6_03.jpg","https://www.acb.com/jugador/todos-sus-partidos/id/20210544","fit","2526SanPabloLogo.png","JFL",10,"Murcia","España",2.2,<dbl>,<int>,-11,"https://supermanager.acb.com/files/logo/2526SanPabloLogo.png",3,FALSE,"J. Rubio","Recoletas Salud San Pablo Burgos",30,-18.3
"14/02/2001",TRUE,0,13.5,"0000903877_5-6_03.jpg",TRUE,1,"Shackelford",5,"20260401T221042+0000",153877,"191",FALSE,FALSE,480000,"Jaden Shackelford","0000903869_5-6_03.jpg",NA,"injured","2526SanPabloLogo.png","EXT",322,"Hesperia (California)","EE.UU.",2.1,<dbl>,<int>,9.8,"https://supermanager.acb.com/files/logo/2526SanPabloLogo.png",3,TRUE,"J. Shackelford","Recoletas Salud San Pablo Burgos",25,6.1
"15/01/1989",TRUE,0,6.9,"0000832807_5-6_03.jpg",TRUE,1,"Almazán",8,"20250915T142623+0000",64643,"200",TRUE,FALSE,120000,"Pablo Almazán","0000832797_5-6_03.jpg","https://www.acb.com/jugador/todos-sus-partidos/id/20204078","injured","2526SanPabloLogo.png","JFL",8,"Granada","España",1.3,<dbl>,<int>,1.3,"https://supermanager.acb.com/files/logo/2526SanPabloLogo.png",3,FALSE,"P. Almazán","Recoletas Salud San Pablo Burgos",37,-4.3
"05/09/1989",TRUE,0,2.5,"0000827966_5-6_03.jpg",TRUE,2,"Tomàs",19,"20250915T142623+0000",37857,"200",TRUE,FALSE,150000,"Pere Tomàs","0000827957_5-6_03.jpg","https://www.acb.com/jugador/todos-sus-partidos/id/20203675","fit","2425CoviranGranadapositivo.png","JFL",18,"Llucmajor (Mallorca)","España",0.8,<dbl>,<int>,0.8,"https://supermanager.acb.com/files/logo/2425CoviranGranadanegativo.png",3,FALSE,"P. Tomàs","Coviran Granada",36,-0.9
"07/01/2006",TRUE,0,2.3,"0000851000_5-6_03.jpg",TRUE,1,"Rodríguez",5,"20251221T102722+0000",1e+05,"194",FALSE,FALSE,1e+05,"Ramiro Rodríguez","0000850999_5-6_03.jpg",NA,"fit","2526SanPabloLogo.png","EUR",272,"Junin","Italia",0,<NULL>,<int>,2,"https://supermanager.acb.com/files/logo/2526SanPabloLogo.png",1,FALSE,"R. Rodríguez","Recoletas Salud San Pablo Burgos",20,1.7
"04/06/2005",TRUE,0,2.8,"0000840374_5-6_03.jpg",TRUE,2,"Cerdá",34,"20260117T195023+0000",120000,"216",TRUE,FALSE,120000,"Osi Cerdá","0000840361_5-6_03.jpg",NA,"fit","2425CoviranGranadapositivo.png","JFL",281,"Madrid","España",0,<NULL>,<int>,2.4,"https://supermanager.acb.com/files/logo/2425CoviranGranadanegativo.png",5,FALSE,"O. Cerdá","Coviran Granada",21,2
"05/06/2004",TRUE,0,2.8,"0000875985_5-6_03.jpg",TRUE,1,"Reyes",29,"20260118T135023+0000",120000,"198",TRUE,FALSE,120000,"Alonso Reyes","0000875987_5-6_03.jpg",NA,"fit","2526SanPabloLogo.png","JFL",282,"Valladolid","España",0,<NULL>,<int>,2.4,"https://supermanager.acb.com/files/logo/2526SanPabloLogo.png",3,FALSE,"A. Reyes","Recoletas Salud San Pablo Burgos",22,2
"26/03/2005",TRUE,0,2.5,"defaultBody.jpg",TRUE,2,"Fernandez",10,"20260504T153931+0000",110000,"184",TRUE,FALSE,110000,"Álvaro Fernandez","defaultFace.jpg",NA,"fit","2425CoviranGranadapositivo.png","JFL",330,"Granada","España",0,<dbl>,<int>,2.2,"https://supermanager.acb.com/files/logo/2425CoviranGranadanegativo.png",1,FALSE,"A. Fernandez","Coviran Granada",21,1.9
"05/06/2007",TRUE,0,9.8,"0000850992_5-6_03.jpg",TRUE,1,"Taboada",59,"20260308T015248+0000",83521,"195",FALSE,FALSE,160000,"Joaquín Taboada","0000850988_5-6_03.jpg",NA,"fit","2526SanPabloLogo.png","EXT",311,"Montevideo","Uruguay",-0.1,<dbl>,<int>,8.6,"https://supermanager.acb.com/files/logo/2526SanPabloLogo.png",3,TRUE,"J. Taboada","Recoletas Salud San Pablo Burgos",19,7.3
"01/05/1991",TRUE,0,14.5,"0000827757_5-6_03.jpg",TRUE,2,"Durán",16,"20250915T142623+0000",14851,"191",TRUE,FALSE,170000,"Edu Durán","0000827749_5-6_03.jpg","https://www.acb.com/jugador/todos-sus-partidos/id/20213001","fit","2425CoviranGranadapositivo.png","JFL",21,"Madrid","España",-0.6,<dbl>,<int>,13.8,"https://supermanager.acb.com/files/logo/2425CoviranGranadanegativo.png",3,FALSE,"E. Durán","Coviran Granada",35,13
"25/02/1995",TRUE,0,116.1,"0000832092_5-6_03.jpg",TRUE,14,"Hezonja",11,"20250915T142625+0000",1085357,"202",TRUE,FALSE,650000,"Mario Hezonja","0000832076_5-6_03.jpg","https://www.acb.com/jugador/todos-sus-partidos/id/20210501","fit","2324RealMadrid_Logoweb.png","JFL",172,"Dubrovnik","Croacia",21.7,<dbl>,<int>,21.7,"https://supermanager.acb.com/files/logo/RealMadridLogo202223.png",3,FALSE,"M. Hezonja","Real Madrid",31,-72.7
"22/03/1992",TRUE,0,82.4,"0000832286_5-6_03.jpg",TRUE,14,"Tavares",22,"20250915T142625+0000",958095,"220",TRUE,FALSE,8e+05,"Edy Tavares","0000832261_5-6_03.jpg","https://www.acb.com/jugador/todos-sus-partidos/id/20209407","injured","2324RealMadrid_Logoweb.png","JFL",175,"Maio","Cabo Verde",19.2,<NULL>,<int>,19.2,"https://supermanager.acb.com/files/logo/RealMadridLogo202223.png",5,FALSE,"W. Tavares","Real Madrid",34,-44.1
"05/11/1995",TRUE,0,78.5,"0000832208_5-6_03.jpg",TRUE,14,"Lyles",0,"20250917T180504+0000",801200,"206",FALSE,FALSE,440000,"Trey Lyles","0000832194_5-6_03.jpg","https://www.acb.com/jugador/todos-sus-partidos/id/30004061","fit","2324RealMadrid_Logoweb.png","EXT",230,"Saskatoon","Canadá",16,<dbl>,<int>,16,"https://supermanager.acb.com/files/logo/RealMadridLogo202223.png",5,TRUE,"T. Lyles","Real Madrid",30,-46.5
"17/12/1993",TRUE,0,89.9,"0000827265_5-6_03.jpg",TRUE,6,"Reyes",8,"20250915T142624+0000",736970,"202",TRUE,FALSE,270000,"Álex Reyes","0000827249_5-6_03.jpg","https://www.acb.com/jugador/temporada-a-temporada/id/20204133","fit","202526KidsUsManresa.png","JFL",73,"Cáceres","España",14.7,<dbl>,<int>,14.7,"https://supermanager.acb.com/files/logo/75575.png",3,FALSE,"A. Reyes","Kids&Us Manresa",32,-60.4
"25/09/1992",TRUE,0,75.3,"0000858728_5-6_03.jpg",TRUE,6,"Oriola",29,"20251120T090952+0000",724444,"208",TRUE,FALSE,380000,"Pierre Oriola","0000858720_5-6_03.jpg","https://www.acb.com/jugador/todos-sus-partidos/id/20202164","fit","202526KidsUsManresa.png","JFL",257,"Tárrega","España",14.5,<dbl>,<int>,14.5,"https://supermanager.acb.com/files/logo/75575.png",5,FALSE,"P. Oriola","Kids&Us Manresa",33,-46.4
"23/03/1991",TRUE,0,71.9,"0000831966_5-6_03.jpg",TRUE,14,"Campazzo",7,"20250915T142625+0000",672143,"181",FALSE,FALSE,740000,"Facu Campazzo","0000831948_5-6_03.jpg","https://www.acb.com/jugador/todos-sus-partidos/id/20211331","fit","2324RealMadrid_Logoweb.png","EUR",164,"Córdoba","España",13.4,<dbl>,<int>,13.4,"https://supermanager.acb.com/files/logo/RealMadridLogo202223.png",1,FALSE,"F. Campazzo","Real Madrid",35,-45
"12/06/2001",TRUE,0,69.1,"0000832184_5-6_03.jpg",TRUE,14,"Maledon",12,"20250915T142625+0000",645714,"195",FALSE,FALSE,540000,"Theo Maledon","0000832158_5-6_03.jpg","https://www.acb.com/jugador/todos-sus-partidos/id/30003979","fit","2324RealMadrid_Logoweb.png","EUR",166,"Rouen","Francia",12.9,<dbl>,<int>,12.9,"https://supermanager.acb.com/files/logo/RealMadridLogo202223.png",1,FALSE,"T. Maledon","Real Madrid",25,-43.3
"06/07/1993",TRUE,0,70.9,"0000827579_5-6_03.jpg",TRUE,6,"Obasohan",32,"20250915T142624+0000",627333,"191",FALSE,FALSE,320000,"Retin Obasohan","0000827563_5-6_03.jpg","https://www.acb.com/jugador/todos-sus-partidos/id/30003414","fit","202526KidsUsManresa.png","EUR",64,"Borgerhout","Bélgica",12.5,<dbl>,<int>,12.5,"https://supermanager.acb.com/files/logo/75575.png",1,FALSE,"R. Obasohan","Kids&Us Manresa",32,-45.8
"20/01/2001",TRUE,0,37.8,"0000827444_5-6_03.jpg",TRUE,6,"Benitez",2,"20250915T142624+0000",609231,"192",FALSE,FALSE,420000,"Hugo Benitez","0000827422_5-6_03.jpg","https://www.acb.com/jugador/todos-sus-partidos/id/30003943","injured","202526KidsUsManresa.png","EUR",67,"Perpignan","Francia",12.2,<NULL>,<int>,12.2,"https://supermanager.acb.com/files/logo/75575.png",1,FALSE,"H. Benitez","Kids&Us Manresa",25,-13.4
"19/07/2003",TRUE,0,68.6,"0000827236_5-6_03.jpg",TRUE,6,"Ubal",11,"20250915T142624+0000",590968,"198",TRUE,FALSE,210000,"Agustín Ubal","0000827220_5-6_03.jpg","https://www.acb.com/jugador/todos-sus-partidos/id/30001332","fit","202526KidsUsManresa.png","JFL",74,"Montevideo","Italia",11.8,<dbl>,<int>,11.8,"https://supermanager.acb.com/files/logo/75575.png",3,FALSE,"A. Ubal","Kids&Us Manresa",22,-44.9
"16/06/1993",TRUE,0,48.4,"0000855775_5-6_03.jpg",TRUE,14,"Len",25,"20251108T150955+0000",563333,"213",FALSE,FALSE,5e+05,"Alex Len","0000855762_5-6_03.jpg","https://www.acb.com/jugador/todos-sus-partidos/id/30004910","injured","2324RealMadrid_Logoweb.png","EUR",256,"Lugansk","Ucrania",11.3,<NULL>,<int>,11.3,"https://supermanager.acb.com/files/logo/RealMadridLogo202223.png",5,FALSE,"A. Len","Real Madrid",32,-25.9
"14/10/1998",TRUE,0,41,"0000867475_5-6_03.jpg",TRUE,6,"Brooks",24,"20251217T162724+0000",554118,"185",FALSE,FALSE,440000,"Eli Brooks","0000867466_5-6_03.jpg","https://www.acb.com/jugador/todos-sus-partidos/id/30005189","fit","202526KidsUsManresa.png","EUR",270,"South Carolina","Irlanda",11.1,<dbl>,<int>,11.1,"https://supermanager.acb.com/files/logo/75575.png",3,FALSE,"E. Brooks","Kids&Us Manresa",27,-18.8
"19/03/1998",TRUE,0,48,"0000827500_5-6_03.jpg",TRUE,6,"Olinde",19,"20250915T142624+0000",521739,"205",FALSE,FALSE,340000,"Louis Olinde","0000827475_5-6_03.jpg","https://www.acb.com/jugador/todos-sus-partidos/id/30003994","injured","202526KidsUsManresa.png","EUR",66,"Hamburg","Alemania",10.4,<dbl>,<int>,10.4,"https://supermanager.acb.com/files/logo/75575.png",5,FALSE,"L. Olinde","Kids&Us Manresa",28,-27.1
"15/07/1997",TRUE,0,53.4,"0000831794_5-6_03.jpg",TRUE,14,"Feliz",24,"20250915T142625+0000",499286,"188",FALSE,FALSE,360000,"Andrés Feliz","0000831784_5-6_03.jpg","https://www.acb.com/jugador/todos-sus-partidos/id/30001114","fit","2324RealMadrid_Logoweb.png","EUR",165,"Santo Domingo","España",10,<dbl>,<int>,10,"https://supermanager.acb.com/files/logo/RealMadridLogo202223.png",1,FALSE,"A. Feliz","Real Madrid",28,-33.5
"18/08/1998",TRUE,0,45.8,"0000831893_5-6_03.jpg",TRUE,14,"Okeke",8,"20250915T142625+0000",467600,"201",FALSE,FALSE,380000,"Chuma Okeke","0000831871_5-6_03.jpg","https://www.acb.com/jugador/todos-sus-partidos/id/30003981","fit","2324RealMadrid_Logoweb.png","EXT",170,"Atlanta (Georgia)","EE.UU.",9.4,<dbl>,<int>,9.4,"https://supermanager.acb.com/files/logo/RealMadridLogo202223.png",5,TRUE,"C. Okeke","Real Madrid",27,-27.1
"29/04/1992",TRUE,0,51.8,"0000867498_5-6_03.jpg",TRUE,6,"Bassas",6,"20250915T142625+0000",446129,"181",TRUE,FALSE,2e+05,"Ferran Bassas","0000867490_5-6_03.jpg","https://www.acb.com/jugador/todos-sus-partidos/id/20200243","fit","202526KidsUsManresa.png","JFL",212,"Barcelona","España",8.9,<dbl>,<int>,8.9,"https://supermanager.acb.com/files/logo/75575.png",1,FALSE,"F. Bassas","Kids&Us Manresa",34,-33.9
"09/03/2002",TRUE,0,42.7,"0000832248_5-6_03.jpg",TRUE,14,"Garuba",16,"20250915T142625+0000",423077,"203",TRUE,FALSE,290000,"Usman Garuba","0000832227_5-6_03.jpg","https://www.acb.com/jugador/todos-sus-partidos/id/20212174","injured","2324RealMadrid_Logoweb.png","JFL",171,"Azuqueca de Henares","España",8.5,<dbl>,<int>,8.5,"https://supermanager.acb.com/files/logo/RealMadridLogo202223.png",5,FALSE,"U. Garuba","Real Madrid",24,-25.8
"08/02/1995",TRUE,0,31.1,"0000831996_5-6_03.jpg",TRUE,14,"Deck",14,"20250915T142625+0000",420000,"198",FALSE,FALSE,370000,"Gabriel Deck","0000831980_5-6_03.jpg","https://www.acb.com/jugador/todos-sus-partidos/id/20212952","fit","2324RealMadrid_Logoweb.png","EXT",169,"Colonia Dora","Argentina",8.4,<dbl>,<int>,8.4,"https://supermanager.acb.com/files/logo/RealMadridLogo202223.png",3,TRUE,"G. Deck","Real Madrid",31,-14.3
"13/10/1999",TRUE,0,20.2,"0000913700_5-6_03.jpg",TRUE,6,"Duke Jr",3,"20260401T161045+0000",381000,"193",FALSE,FALSE,380000,"David Duke Jr","0000913686_5-6_03.jpg",NA,"fit","202526KidsUsManresa.png","EXT",321,"Rhode Island","EE.UU.",7.6,<dbl>,<int>,7.6,"https://supermanager.acb.com/files/logo/75575.png",3,TRUE,"D. Duke Jr","Kids&Us Manresa",26,-5
"18/06/1998",TRUE,0,14.3,"0000918464_5-6_03.jpg",TRUE,14,"Yurtseven",77,"20260526T160849+0000",425000,"213",FALSE,FALSE,570000,"Ömer Yurtseven","0000918463_5-6_03.jpg",NA,"fit","2324RealMadrid_Logoweb.png","EUR",336,"Taskent","Turquía",7.5,<dbl>,<int>,10.5,"https://supermanager.acb.com/files/logo/RealMadridLogo202223.png",5,FALSE,"Ö. Yurtseven","Real Madrid",27,6.7
"15/11/1987",TRUE,0,44,"0000832127_5-6_03.jpg",TRUE,14,"Llull",23,"20250915T142625+0000",360909,"190",TRUE,FALSE,3e+05,"Sergio Llull","0000832112_5-6_03.jpg","https://www.acb.com/jugador/todos-sus-partidos/id/20201774","fit","2324RealMadrid_Logoweb.png","JFL",174,"Mahón","España",7.2,<dbl>,<int>,7.2,"https://supermanager.acb.com/files/logo/RealMadridLogo202223.png",3,FALSE,"S. Llull","Real Madrid",38,-29.6
"07/10/1999",TRUE,0,43.7,"0000827470_5-6_03.jpg",TRUE,6,"Akobundu",0,"20250915T142624+0000",349706,"208",FALSE,FALSE,480000,"Kaodirichi Akobundu","0000827449_5-6_03.jpg","https://www.acb.com/jugador/todos-sus-partidos/id/30003951","fit","202526KidsUsManresa.png","COT",63,"Mbaise","Nigeria",7,<dbl>,<int>,7,"https://supermanager.acb.com/files/logo/75575.png",5,FALSE,"K. Akobundu","Kids&Us Manresa",26,-29.7
"07/06/2005",TRUE,0,26.7,"0000832053_5-6_03.jpg",TRUE,14,"Almansa",13,"20250915T142625+0000",346667,"207",TRUE,FALSE,250000,"Izan Almansa","0000832035_5-6_03.jpg","https://www.acb.com/jugador/todos-sus-partidos/id/20212616","fit","2324RealMadrid_Logoweb.png","JFL",162,"Murcia","España",6.9,<dbl>,<int>,6.9,"https://supermanager.acb.com/files/logo/RealMadridLogo202223.png",5,FALSE,"I. Almansa","Real Madrid",21,-12.8
"01/06/2002",TRUE,0,38.2,"0000832030_5-6_03.jpg",TRUE,14,"Procida",9,"20250915T142625+0000",347241,"201",FALSE,FALSE,2e+05,"Gabriele Procida","0000832004_5-6_03.jpg","https://www.acb.com/jugador/todos-sus-partidos/id/30003980","injured","2324RealMadrid_Logoweb.png","EUR",168,"Lipomo","Italia",6.9,<dbl>,<int>,6.9,"https://supermanager.acb.com/files/logo/RealMadridLogo202223.png",3,FALSE,"G. Procida","Real Madrid",24,-24.3
"14/01/1997",TRUE,0,33.3,"0000831926_5-6_03.jpg",TRUE,14,"Kramer",1,"20250915T142625+0000",320000,"196",FALSE,FALSE,260000,"David Kramer","0000831901_5-6_03.jpg","https://www.acb.com/jugador/todos-sus-partidos/id/30002716","fit","2324RealMadrid_Logoweb.png","EUR",167,"Myjava","Alemania",6.4,<dbl>,<int>,6.4,"https://supermanager.acb.com/files/logo/RealMadridLogo202223.png",3,FALSE,"D. Kramer","Real Madrid",29,-20.5
"15/12/1995",TRUE,0,31.6,"0000831776_5-6_03.jpg",TRUE,14,"Abalde",6,"20250915T142625+0000",287241,"202",TRUE,FALSE,310000,"Alberto Abalde","0000831741_5-6_03.jpg","https://www.acb.com/jugador/todos-sus-partidos/id/20210088","fit","2324RealMadrid_Logoweb.png","JFL",173,"Ferrol","España",5.7,<dbl>,<int>,5.7,"https://supermanager.acb.com/files/logo/RealMadridLogo202223.png",3,FALSE,"A. Abalde","Real Madrid",30,-20.1
"28/08/2001",TRUE,0,28.9,"0000827523_5-6_03.jpg",TRUE,6,"Steinbergs",12,"20250915T142624+0000",231471,"208",FALSE,FALSE,230000,"Marcis Steinbergs","0000827508_5-6_03.jpg","https://www.acb.com/jugador/todos-sus-partidos/id/30000133/temporada_id/2025/casa_fuera_id/0/victorias_derrotas_id/0/mes_id/0#cuerpo","fit","202526KidsUsManresa.png","EUR",65,"Riga","Letonia",4.6,<dbl>,<int>,4.6,"https://supermanager.acb.com/files/logo/75575.png",5,FALSE,"M. Steinbergs","Kids&Us Manresa",24,-19.7
"28/02/1990",TRUE,0,15.9,"0000827355_5-6_03.jpg",TRUE,6,"Pérez",55,"20250915T142624+0000",198947,"184",TRUE,FALSE,220000,"Dani Pérez","0000827340_5-6_03.jpg","https://www.acb.com/jugador/todos-sus-partidos/id/20203826","fit","202526KidsUsManresa.png","JFL",72,"L'Hospitalet de Llobregat","España",4,<dbl>,<int>,4,"https://supermanager.acb.com/files/logo/75575.png",1,FALSE,"D. Pérez","Kids&Us Manresa",36,-8
"16/04/2003",TRUE,0,18.5,"0000827412_5-6_03.jpg",TRUE,6,"Knudsen",18,"20250915T142624+0000",172857,"202",TRUE,FALSE,260000,"Gustav Knudsen","0000827393_5-6_03.jpg","https://www.acb.com/jugador/todos-sus-partidos/id/30000207","fit","202526KidsUsManresa.png","JFL",71,"Lyngby-Taarbaek","Dinamarca",3.5,<dbl>,<int>,3.5,"https://supermanager.acb.com/files/logo/75575.png",3,FALSE,"G. Knudsen","Kids&Us Manresa",23,-11.6
"03/01/2006",TRUE,0,9.7,"0000827559_5-6_03.jpg",TRUE,6,"Gaspà",4,"20251002T143757+0000",172727,"190",TRUE,FALSE,110000,"Max Gaspà","0000827536_5-6_03.jpg",NA,"fit","202526KidsUsManresa.png","JFL",240,"Barcelona","España",3.5,<NULL>,<int>,3.5,"https://supermanager.acb.com/files/logo/75575.png",3,FALSE,"M. Gaspà","Kids&Us Manresa",20,-2.8
"09/05/1997",TRUE,0,3.7,"0000878719_5-6_03.jpg",TRUE,6,"Paulicap",22,"20260117T015025+0000",49784,"203",FALSE,FALSE,350000,"Pauly Paulicap","0000878713_5-6_03.jpg",NA,"fit","202526KidsUsManresa.png","EXT",280,"Elmont (New York)","EE.UU.",0.9,<dbl>,<int>,1.7,"https://supermanager.acb.com/files/logo/75575.png",5,TRUE,"P. Paulicap","Kids&Us Manresa",29,-0.2
"22/01/2008",TRUE,0,2.5,"0000836803_5-6_03.jpg",TRUE,14,"Grinvalds",33,"20251005T105835+0000",110000,"201",TRUE,FALSE,110000,"Gunars Grinvalds","0000836799_5-6_03.jpg",NA,"fit","2324RealMadrid_Logoweb.png","JFL",249,"Jurmala","Letonia",0,<dbl>,<int>,2.2,"https://supermanager.acb.com/files/logo/RealMadridLogo202223.png",3,FALSE,"G. Grinvalds","Real Madrid",18,1.9
"11/04/2005",TRUE,0,2.5,"0000828048_5-6_03.jpg",TRUE,6,"Torreblanca",44,"20251216T102724+0000",110000,"185",TRUE,FALSE,110000,"Ferran Torreblanca","0000828046_5-6_03.jpg",NA,"fit","202526KidsUsManresa.png","JFL",268,"Manresa","España",0,<NULL>,<int>,2.2,"https://supermanager.acb.com/files/logo/75575.png",3,FALSE,"F. Torreblanca","Kids&Us Manresa",21,1.9
"23/01/2008",TRUE,0,2.8,"0000838172_5-6_03.jpg",TRUE,14,"Amosov",17,"20260124T195028+0000",120000,"203",FALSE,FALSE,120000,"Egor Amosov","0000838156_5-6_03.jpg",NA,"fit","2324RealMadrid_Logoweb.png","EUR",286,"Camapa","Rusia",0,<dbl>,<int>,2.4,"https://supermanager.acb.com/files/logo/RealMadridLogo202223.png",3,FALSE,"E. Amosov","Real Madrid",18,2
"16/11/2007",TRUE,0,7,"0000828052_5-6_03.jpg",TRUE,6,"Naspler",45,"20260305T195250+0000",86700,"195",TRUE,FALSE,120000,"Guillem Naspler","0000828051_5-6_03.jpg",NA,"fit","202526KidsUsManresa.png","JFL",307,"Artés","España",-0.5,<NULL>,<int>,6.2,"https://supermanager.acb.com/files/logo/75575.png",3,FALSE,"G. Naspler","Kids&Us Manresa",18,5.4
"23/08/2008",TRUE,0,14.9,"0000828049_5-6_03.jpg",TRUE,6,"Fernández",42,"20251207T150952+0000",15647,"184",TRUE,FALSE,110000,"Gerard Fernández","0000837366_5-6_03.jpg",NA,"fit","202526KidsUsManresa.png","JFL",266,"Manresa","España",-0.9,<dbl>,<int>,14.3,"https://supermanager.acb.com/files/logo/75575.png",1,FALSE,"G. Fernández","Kids&Us Manresa",17,13.7
"12/06/1998",TRUE,0,96.7,"0000862531_5-6_03.jpg",TRUE,4,"Forrest",11,"20250915T142623+0000",1124762,"194",FALSE,FALSE,740000,"Trent Forrest","0000833770_5-6_03.jpg","https://www.acb.com/jugador/todos-sus-partidos/id/30003408","fit","2526KosnerBaskoniaLogo.png","EXT",42,"Dotham (Alabama)","EE.UU.",22.5,<dbl>,<int>,22.5,"https://supermanager.acb.com/files/logo/2526KosnerBaskoniaLogoNegativo.png",1,TRUE,"T. Forrest","Kosner Baskonia",28,-51.7
"09/05/1995",TRUE,0,111.3,"0000862466_5-6_03.jpg",TRUE,4,"Luwawu",9,"20250915T142623+0000",984667,"198",FALSE,FALSE,390000,"Timothé Luwawu-Cabarrot","0000834509_5-6_03.jpg","https://www.acb.com/jugador/todos-sus-partidos/id/30003351","fit","2526KosnerBaskoniaLogo.png","EUR",40,"Cannes","Francia",19.7,<dbl>,<int>,19.7,"https://supermanager.acb.com/files/logo/2526KosnerBaskoniaLogoNegativo.png",3,FALSE,"Luwawu-Cabarrot","Kosner Baskonia",31,-71.9
"23/12/1992",TRUE,0,88.7,"0000826980_5-6_03.jpg",TRUE,18,"Perry",55,"20250915T142625+0000",745313,"183",FALSE,FALSE,520000,"Kendrick Perry","0000826959_5-6_03.jpg","https://www.acb.com/jugador/todos-sus-partidos/id/30001977","fit","2324UnicajaLogo.png","EUR",217,"Atlanta","Montenegro",14.9,<dbl>,<int>,14.9,"https://supermanager.acb.com/files/logo/2324UnicajaLogo.png",1,FALSE,"K. Perry","Unicaja",33,-58.9
"21/01/1997",TRUE,0,85.7,"0000862105_5-6_03.jpg",TRUE,4,"Diakite",1,"20250915T142623+0000",738710,"206",FALSE,FALSE,460000,"Mamadi Diakite","0000834401_5-6_03.jpg","https://www.acb.com/jugador/todos-sus-partidos/id/30004014","fit","2526KosnerBaskoniaLogo.png","COT",37,"Conakry","Guinea",14.8,<dbl>,<int>,14.8,"https://supermanager.acb.com/files/logo/2526KosnerBaskoniaLogoNegativo.png",5,FALSE,"M. Diakite","Kosner Baskonia",29,-56.1
"13/06/1997",TRUE,0,67.2,"0000826780_5-6_03.jpg",TRUE,18,"Duarte",27,"20250915T142625+0000",665000,"196",FALSE,FALSE,6e+05,"Chris Duarte","0000826755_5-6_03.jpg","https://www.acb.com/jugador/todos-sus-partidos/id/30003966","injured","2324UnicajaLogo.png","COT",215,"Puerto Plata","República Dominicana",13.3,<NULL>,<int>,13.3,"https://supermanager.acb.com/files/logo/2324UnicajaLogo.png",3,FALSE,"C. Duarte","Unicaja",29,-40.6
"19/11/2000",TRUE,0,77.2,"0000827098_5-6_03.jpg",TRUE,18,"Balcerowski",2,"20250915T142625+0000",649063,"216",TRUE,FALSE,240000,"Olek Balcerowski","0000827082_5-6_03.jpg","https://www.acb.com/jugador/todos-sus-partidos/id/20212243","fit","2324UnicajaLogo.png","JFL",224,"Swidnica","Polonia",13,<dbl>,<int>,13,"https://supermanager.acb.com/files/logo/2324UnicajaLogo.png",5,FALSE,"O. Balcerowski","Unicaja",25,-51.3
"04/07/1997",TRUE,0,61,"0000862045_5-6_03.jpg",TRUE,4,"Simmons",2,"20251022T105414+0000",622400,"196",FALSE,FALSE,4e+05,"Kobi Simmons","0000847417_5-6_03.jpg","https://www.acb.com/jugador/todos-sus-partidos/id/30004878","fit","2526KosnerBaskoniaLogo.png","EXT",252,"Georgia","EE.UU.",12.4,<dbl>,<int>,12.4,"https://supermanager.acb.com/files/logo/2526KosnerBaskoniaLogoNegativo.png",1,TRUE,"K. Simmons","Kosner Baskonia",28,-36.1
"03/03/1999",TRUE,0,34.5,"0000862214_5-6_03.jpg",TRUE,4,"Howard",0,"20250915T142623+0000",616364,"179",FALSE,FALSE,580000,"Markus Howard","0000833584_5-6_03.jpg","https://www.acb.com/jugador/todos-sus-partidos/id/30001957","injured","2526KosnerBaskoniaLogo.png","EXT",41,"New Jersey","EE.UU.",12.3,<NULL>,<int>,12.3,"https://supermanager.acb.com/files/logo/2526KosnerBaskoniaLogoNegativo.png",3,TRUE,"M. Howard","Kosner Baskonia",27,-9.9
"29/01/1996",TRUE,0,48.7,"0000827158_5-6_03.jpg",TRUE,18,"Tyson",0,"20250915T142625+0000",608421,"202",TRUE,FALSE,490000,"Tyson Pérez","0000827145_5-6_03.jpg","https://www.acb.com/jugador/todos-sus-partidos/id/30000053","injured","2324UnicajaLogo.png","JFL",223,"Santo Domingo","España",12.2,<NULL>,<int>,12.2,"https://supermanager.acb.com/files/logo/2324UnicajaLogo.png",5,FALSE,"T. Pérez","Unicaja",30,-24.3
"14/02/1997",TRUE,0,46.3,"0000865982_5-6_03.jpg",TRUE,4,"Omoruyi",5,"20251212T162723+0000",538095,"198",FALSE,FALSE,470000,"Eugene Omoruyi","0000865950_5-6_03.jpg","https://www.acb.com/jugador/todos-sus-partidos/id/30005186","fit","2526KosnerBaskoniaLogo.png","COT",267,"Benin City","Nigeria",10.8,<dbl>,<int>,10.8,"https://supermanager.acb.com/files/logo/2526KosnerBaskoniaLogoNegativo.png",3,FALSE,"E. Omoruyi","Kosner Baskonia",29,-24.8
"19/08/1993",TRUE,0,57.4,"0000826896_5-6_03.jpg",TRUE,18,"Webb",3,"20250915T142625+0000",521379,"203",FALSE,FALSE,460000,"James Webb III","0000826913_5-6_03.jpg","https://www.acb.com/jugador/todos-sus-partidos/id/30000954","fit","2324UnicajaLogo.png","EXT",221,"Augusta (Georgia)","EE.UU.",10.4,<dbl>,<int>,10.4,"https://supermanager.acb.com/files/logo/2324UnicajaLogo.png",5,TRUE,"J. Webb","Unicaja",32,-36.5
"10/01/2003",TRUE,0,59.1,"0000862235_5-6_03.jpg",TRUE,4,"Spagnolo",10,"20250915T142623+0000",509355,"192",TRUE,FALSE,370000,"Matteo Spagnolo","0000833621_5-6_03.jpg","https://www.acb.com/jugador/todos-sus-partidos/id/30000202","fit","2526KosnerBaskoniaLogo.png","JFL",35,"Brindisi","Italia",10.2,<dbl>,<int>,10.2,"https://supermanager.acb.com/files/logo/2526KosnerBaskoniaLogoNegativo.png",1,FALSE,"M. Spagnolo","Kosner Baskonia",23,-38.7
"23/04/1994",TRUE,0,55.1,"0000826722_5-6_03.jpg",TRUE,18,"Díaz",9,"20250915T142625+0000",500690,"190",TRUE,FALSE,390000,"Alberto Díaz","0000826701_5-6_03.jpg","https://www.acb.com/jugador/todos-sus-partidos/id/20209226","fit","2324UnicajaLogo.png","JFL",225,"Málaga","España",10,<dbl>,<int>,10,"https://supermanager.acb.com/files/logo/2324UnicajaLogo.png",1,FALSE,"A. Díaz","Unicaja",32,-35
"05/02/1998",TRUE,0,42.8,"0000862337_5-6_03.jpg",TRUE,4,"Kurucs",7,"20250915T142623+0000",450833,"203",TRUE,FALSE,450000,"Rodions Kurucs","0000833698_5-6_03.jpg","https://www.acb.com/jugador/todos-sus-partidos/id/20211797","fit","2526KosnerBaskoniaLogo.png","JFL",43,"Cesis","Letonia",9,<dbl>,<int>,9,"https://supermanager.acb.com/files/logo/2526KosnerBaskoniaLogoNegativo.png",3,FALSE,"R. Kurucs","Kosner Baskonia",28,-24.8
"17/07/1995",TRUE,0,39.1,"0000861936_5-6_03.jpg",TRUE,4,"Radzevicius",17,"20251205T150951+0000",424783,"197",FALSE,FALSE,360000,"Gytis Radzevicius","0000861931_5-6_03.jpg","https://www.acb.com/jugador/todos-sus-partidos/id/30005184","fit","2526KosnerBaskoniaLogo.png","EUR",262,"Vilnius","Lituania",8.5,<dbl>,<int>,8.5,"https://supermanager.acb.com/files/logo/2526KosnerBaskoniaLogoNegativo.png",3,FALSE,"G. Radzevicius","Kosner Baskonia",30,-22.1
"13/07/1995",TRUE,0,41.4,"0000826860_5-6_03.jpg",TRUE,18,"Sulejmanovic",19,"20250915T142625+0000",398148,"205",FALSE,FALSE,440000,"Emir Sulejmanovic","0000826847_5-6_03.jpg","https://www.acb.com/jugador/todos-sus-partidos/id/20210828","injured","2324UnicajaLogo.png","EUR",219,"Luka Zepa","Finlandia",8,<NULL>,<int>,8,"https://supermanager.acb.com/files/logo/2324UnicajaLogo.png",5,FALSE,"E. Sulejmanovic","Unicaja",30,-25.5
"16/03/1991",TRUE,0,22.2,"0000880934_5-6_03.jpg",TRUE,18,"Cobbs",11,"20260206T155857+0000",396364,"191",FALSE,FALSE,330000,"Justin Cobbs","0000880916_5-6_03.jpg","https://www.acb.com/jugador/todos-sus-partidos/id/30005249","fit","2324UnicajaLogo.png","EUR",294,"Los Angeles","Montenegro",7.9,<dbl>,<int>,7.9,"https://supermanager.acb.com/files/logo/2324UnicajaLogo.png",1,FALSE,"J. Cobbs","Unicaja",35,-6.3
"15/01/2002",TRUE,0,28.2,"0000861991_5-6_03.jpg",TRUE,4,"Diop",18,"20250915T142623+0000",366111,"215",TRUE,FALSE,250000,"Khalifa Diop","0000833540_5-6_03.jpg","https://www.acb.com/jugador/todos-sus-partidos/id/20212905","injured","2526KosnerBaskoniaLogo.png","JFL",46,"Guediawaye","Senegal",7.3,<NULL>,<int>,7.3,"https://supermanager.acb.com/files/logo/2526KosnerBaskoniaLogoNegativo.png",5,FALSE,"K. Diop","Kosner Baskonia",24,-13.5
"12/01/1990",TRUE,0,33.7,"0000827062_5-6_03.jpg",TRUE,18,"Djedovic",14,"20250915T142625+0000",366087,"197",TRUE,FALSE,2e+05,"Nihad Djedovic","0000827048_5-6_03.jpg","https://www.acb.com/jugador/todos-sus-partidos/id/20202039","fit","2324UnicajaLogo.png","JFL",214,"Visegrad","Alemania",7.3,<dbl>,<int>,7.3,"https://supermanager.acb.com/files/logo/2324UnicajaLogo.png",3,FALSE,"N. Djedovic","Unicaja",36,-19
"25/12/1999",TRUE,0,15,"0000862156_5-6_03.jpg",TRUE,4,"Nowell",3,"20250929T203756+0000",365000,"172",FALSE,FALSE,440000,"Markquis Nowell","0000834441_5-6_03.jpg","https://www.acb.com/jugador/todos-sus-partidos/id/30004081","injured","2526KosnerBaskoniaLogo.png","EXT",236,"New York","EE.UU.",7.3,<NULL>,<int>,7.3,"https://supermanager.acb.com/files/logo/2526KosnerBaskoniaLogoNegativo.png",1,TRUE,"M. Nowell","Kosner Baskonia",26,-0.4
"14/08/1989",TRUE,0,30.1,"0000860044_5-6_03.jpg",TRUE,18,"Rubit",21,"20251203T150957+0000",363000,"203",FALSE,FALSE,4e+05,"Augustine Rubit","0000860031_5-6_03.jpg","https://www.acb.com/jugador/todos-sus-partidos/id/30005177","fit","2324UnicajaLogo.png","EXT",258,"Texas","EE.UU.",7.3,<dbl>,<int>,7.3,"https://supermanager.acb.com/files/logo/2324UnicajaLogo.png",5,TRUE,"A. Rubit","Unicaja",36,-15.6
"17/01/1998",TRUE,0,20.4,"0000862414_5-6_03.jpg",TRUE,4,"Sedekerskis",8,"20250915T142623+0000",345833,"206",TRUE,FALSE,730000,"Tadas Sedekerskis","0000833743_5-6_03.jpg","https://www.acb.com/jugador/todos-sus-partidos/id/20210830","fit","2526KosnerBaskoniaLogo.png","JFL",45,"Nida","Lituania",6.9,<dbl>,<int>,6.9,"https://supermanager.acb.com/files/logo/2526KosnerBaskoniaLogoNegativo.png",3,FALSE,"T. Sedekerskis","Kosner Baskonia",28,-6.6
"12/09/1992",TRUE,0,5.9,"0000826829_5-6_03.jpg",TRUE,18,"Kravish",45,"20250915T142625+0000",281504,"208",FALSE,FALSE,310000,"David Kravish","0000826813_5-6_03.jpg","https://www.acb.com/jugador/todos-sus-partidos/id/30000023","fit","2324UnicajaLogo.png","EUR",220,"Jolliet (Illinois)","Bulgaria",6.5,<dbl>,<int>,-2.5,"https://supermanager.acb.com/files/logo/2324UnicajaLogo.png",5,FALSE,"D. Kravish","Unicaja",33,-10.9
"16/01/1997",TRUE,0,33.9,"0000826937_5-6_03.jpg",TRUE,18,"Barreiro",7,"20250915T142625+0000",291935,"203",TRUE,FALSE,150000,"Jonathan Barreiro","0000826924_5-6_03.jpg","https://www.acb.com/jugador/todos-sus-partidos/id/20200191","fit","2324UnicajaLogo.png","JFL",222,"Cerceda (A Coruña)","España",5.8,<dbl>,<int>,5.8,"https://supermanager.acb.com/files/logo/2324UnicajaLogo.png",3,FALSE,"J. Barreiro","Unicaja",29,-22.2
"19/12/1992",TRUE,0,31.2,"0000827134_5-6_03.jpg",TRUE,18,"Kalinoski",4,"20250915T142625+0000",283448,"193",FALSE,FALSE,230000,"Tyler Kalinoski","0000827116_5-6_03.jpg","https://www.acb.com/jugador/todos-sus-partidos/id/30001169","fit","2324UnicajaLogo.png","EUR",213,"Cincinatti (Ohio)","EE.UU.",5.7,<dbl>,<int>,5.7,"https://supermanager.acb.com/files/logo/2324UnicajaLogo.png",3,FALSE,"T. Kalinoski","Unicaja",33,-19.8
"05/03/1998",TRUE,0,25.4,"0000827009_5-6_03.jpg",TRUE,18,"Tillie",33,"20250915T142625+0000",259200,"208",FALSE,FALSE,3e+05,"Killian Tillie","0000826992_5-6_03.jpg","https://www.acb.com/jugador/todos-sus-partidos/id/30003424","fit","2324UnicajaLogo.png","EUR",218,"Paris","Francia",5.2,<dbl>,<int>,5.2,"https://supermanager.acb.com/files/logo/2324UnicajaLogo.png",5,FALSE,"K. Tillie","Unicaja",28,-15
"07/01/2002",TRUE,0,28,"0000861923_5-6_03.jpg",TRUE,4,"Frisch",25,"20250915T142623+0000",240968,"201",FALSE,FALSE,4e+05,"Clement Frisch","0000833468_5-6_03.jpg","https://www.acb.com/jugador/todos-sus-partidos/id/30003941","fit","2526KosnerBaskoniaLogo.png","EUR",38,"Decize","Francia",4.8,<dbl>,<int>,4.8,"https://supermanager.acb.com/files/logo/2526KosnerBaskoniaLogoNegativo.png",5,FALSE,"C. Frisch","Kosner Baskonia",24,-18.3
"09/08/2004",TRUE,0,26.5,"0000862294_5-6_03.jpg",TRUE,4,"Villar",4,"20250915T142623+0000",222812,"191",TRUE,FALSE,270000,"Rafael Villar","0000833676_5-6_03.jpg","https://www.acb.com/jugador/todos-sus-partidos/id/30001243","fit","2526KosnerBaskoniaLogo.png","JFL",44,"Barcelona","España",4.5,<dbl>,<int>,4.5,"https://supermanager.acb.com/files/logo/2526KosnerBaskoniaLogoNegativo.png",1,FALSE,"R. Villar","Kosner Baskonia",21,-17.6
"18/03/2000",TRUE,0,12.3,"0000897679_5-6_03.jpg",TRUE,4,"Edwards",14,"20260313T135249+0000",198462,"213",FALSE,FALSE,440000,"Jesse Edwards","0000897654_5-6_03.jpg","https://www.acb.com/jugador/todos-sus-partidos/id/30005323","fit","2526KosnerBaskoniaLogo.png","EUR",315,"Amsterdam","Países Bajos",4,<dbl>,<int>,4,"https://supermanager.acb.com/files/logo/2526KosnerBaskoniaLogoNegativo.png",5,FALSE,"J. Edwards","Kosner Baskonia",26,-4.4
"29/06/1999",TRUE,0,16.6,"0000861869_5-6_03.jpg",TRUE,18,"Audige",1,"20251206T150958+0000",180435,"193",FALSE,FALSE,275000,"Chase Audige","0000861852_5-6_03.jpg",NA,"fit","2324UnicajaLogo.png","COT",265,"Pensilvania","Jamaica",3.6,<dbl>,<int>,3.6,"https://supermanager.acb.com/files/logo/2324UnicajaLogo.png",3,FALSE,"C. Audige","Unicaja",26,-9.4
"16/11/2008",TRUE,0,0.6,"0000862381_5-6_03.jpg",TRUE,4,"Joksimovic",77,"20250930T143756+0000",98170,"201",FALSE,FALSE,110000,"Stefan Joksimovic","0000833725_5-6_03.jpg","https://www.acb.com/jugador/todos-sus-partidos/id/30004071","fit","2526KosnerBaskoniaLogo.png","EUR",237,"Belgrado","Eslovenia",2.4,<NULL>,<int>,-2.6,"https://supermanager.acb.com/files/logo/2526KosnerBaskoniaLogoNegativo.png",3,FALSE,"S. Joksimovic","Kosner Baskonia",17,-5.8
"08/11/2008",TRUE,0,3.1,"0000833537_5-6_03.jpg",TRUE,4,"Bol",21,"20260223T015249+0000",120000,"210",TRUE,FALSE,120000,"Juom Maker Bol","0000833531_5-6_03.jpg",NA,"fit","2526KosnerBaskoniaLogo.png","JFL",303,"Rumbek","España",2.4,<NULL>,<int>,2.4,"https://supermanager.acb.com/files/logo/2526KosnerBaskoniaLogoNegativo.png",5,FALSE,"J. Bol","Kosner Baskonia",17,1.7
"01/03/2006",TRUE,0,3.5,"0000834549_5-6_03.jpg",TRUE,4,"Hrabar",33,"20260209T105112+0000",102000,"204",FALSE,FALSE,120000,"Vit Hrabar","0000834544_5-6_03.jpg",NA,"fit","2526KosnerBaskoniaLogo.png","EUR",299,"Izola","Eslovenia",1.2,<NULL>,<int>,2.9,"https://supermanager.acb.com/files/logo/2526KosnerBaskoniaLogoNegativo.png",5,FALSE,"V. Hrabar","Kosner Baskonia",20,2.3
"27/03/2007",TRUE,0,6.8,"0000826753_5-6_03.jpg",TRUE,18,"Butajevas",56,"20251101T164818+0000",148750,"206",FALSE,FALSE,175000,"Arturas Butajevas","0000826741_5-6_03.jpg",NA,"fit","2324UnicajaLogo.png","EUR",255,"Lietuva","Lituania",0,<NULL>,<int>,6,"https://supermanager.acb.com/files/logo/2324UnicajaLogo.png",5,FALSE,"A. Butajevas","Unicaja",19,5.1
"07/11/2008",TRUE,0,2.8,"defaultBody.jpg",TRUE,4,"Khatiashvili",30,"20260322T195249+0000",120000,"192",TRUE,FALSE,120000,"Mate Khatiashvili","defaultFace.jpg",NA,"fit","2526KosnerBaskoniaLogo.png","JFL",319,"Rustavi","Georgia",0,<NULL>,<int>,2.4,"https://supermanager.acb.com/files/logo/2526KosnerBaskoniaLogoNegativo.png",1,FALSE,"M. Khatiashvili","Kosner Baskonia",17,2
"20/03/2007",TRUE,0,4.9,"0000827031_5-6_03.jpg",TRUE,18,"Trujillo",22,"20250926T201907+0000",85000,"194",TRUE,FALSE,1e+05,"Manuel Trujillo","0000827017_5-6_03.jpg",NA,"fit","2324UnicajaLogo.png","JFL",235,"Málaga","España",-1,<dbl>,<int>,4.4,"https://supermanager.acb.com/files/logo/2324UnicajaLogo.png",1,FALSE,"M. Trujillo","Unicaja",19,3.9
"09/08/1999",TRUE,0,118.9,"0000831292_5-6_03.jpg",TRUE,9,"DeJulius",5,"20250915T142624+0000",951176,"183",FALSE,FALSE,470000,"David DeJulius","0000831275_5-6_03.jpg","https://www.acb.com/jugador/todos-sus-partidos/id/30003940","fit","2425UCAMMurciapositivo.png","EUR",101,"Detroit (Michigan)","Eslovaquia",19,<dbl>,<int>,19,"https://supermanager.acb.com/files/logo/2425UCAMMurcianegativo.png",1,FALSE,"D. DeJulius","UCAM Murcia",26,-80.9
"08/04/1997",TRUE,0,93,"0000834014_5-6_03.jpg",TRUE,15,"Batemon",1,"20250915T142625+0000",781250,"185",FALSE,FALSE,7e+05,"James Batemon","0000834006_5-6_03.jpg","https://www.acb.com/jugador/todos-sus-partidos/id/30003914","fit","2425HioposLleida_positivo.png","EXT",183,"Wisconsin","EE.UU.",15.6,<dbl>,<int>,15.6,"https://supermanager.acb.com/files/logo/2425HioposLleida_positivo.png",3,TRUE,"J. Batemon","Hiopos Lleida",29,-61.7
"08/10/1996",TRUE,0,89,"0000831313_5-6_03.jpg",TRUE,9,"Cacok",0,"20250915T142624+0000",747813,"201",FALSE,FALSE,4e+05,"Devontae Cacok","0000831303_5-6_03.jpg","https://www.acb.com/jugador/todos-sus-partidos/id/30004000","fit","2425UCAMMurciapositivo.png","COT",98,"Everton","Jamaica",15,<dbl>,<int>,15,"https://supermanager.acb.com/files/logo/2425UCAMMurcianegativo.png",5,FALSE,"D. Cacok","UCAM Murcia",29,-59.1
"04/03/1991",TRUE,0,84.5,"0000834142_5-6_03.jpg",TRUE,15,"Ejim",3,"20250915T142625+0000",693030,"201",FALSE,FALSE,250000,"Melvin Ejim","0000834116_5-6_03.jpg","https://www.acb.com/jugador/todos-sus-partidos/id/30000049","fit","2425HioposLleida_positivo.png","COT",177,"Toronto","Nigeria",13.9,<dbl>,<int>,13.9,"https://supermanager.acb.com/files/logo/2425HioposLleida_positivo.png",3,FALSE,"M. Ejim","Hiopos Lleida",35,-56.8
"20/05/1994",TRUE,0,85.9,"0000834215_5-6_03.jpg",TRUE,15,"Paulí",5,"20250915T142625+0000",687059,"201",TRUE,FALSE,520000,"Oriol Paulí","0000834205_5-6_03.jpg","https://www.acb.com/jugador/todos-sus-partidos/id/20209098","fit","2425HioposLleida_positivo.png","JFL",185,"Girona","España",13.7,<dbl>,<int>,13.7,"https://supermanager.acb.com/files/logo/2425HioposLleida_positivo.png",3,FALSE,"O. Paulí","Hiopos Lleida",32,-58.4
"13/02/1991",TRUE,0,79.9,"0000831425_5-6_03.jpg",TRUE,9,"Sant-Roos",8,"20250915T142624+0000",639118,"201",FALSE,FALSE,350000,"Howard Sant-Roos","0000831415_5-6_03.jpg","https://www.acb.com/jugador/todos-sus-partidos/id/30002036","fit","2425UCAMMurciapositivo.png","EUR",106,"La Habana","Cuba",12.8,<dbl>,<int>,12.8,"https://supermanager.acb.com/files/logo/2425UCAMMurcianegativo.png",3,FALSE,"H. Sant-Roos","UCAM Murcia",35,-54.3
"26/12/1991",TRUE,0,57.9,"0000831349_5-6_03.jpg",TRUE,9,"Ennis",31,"20250915T142624+0000",590800,"188",FALSE,FALSE,750000,"Dylan Ennis","0000831337_5-6_03.jpg","https://www.acb.com/jugador/todos-sus-partidos/id/20212941","injured","2425UCAMMurciapositivo.png","EUR",104,"Toronto","Serbia",11.8,<NULL>,<int>,11.8,"https://supermanager.acb.com/files/logo/2425UCAMMurcianegativo.png",3,FALSE,"D. Ennis","UCAM Murcia",34,-34.3
"30/07/1997",TRUE,0,71.4,"0000831387_5-6_03.jpg",TRUE,9,"Cate",15,"20250915T142624+0000",570882,"207",TRUE,FALSE,480000,"Emanuel Cate","0000831377_5-6_03.jpg","https://www.acb.com/jugador/todos-sus-partidos/id/20210914","fit","2425UCAMMurciapositivo.png","JFL",111,"Bucarest","Rumanía",11.4,<dbl>,<int>,11.4,"https://supermanager.acb.com/files/logo/2425UCAMMurcianegativo.png",5,FALSE,"E. Cate","UCAM Murcia",28,-48.5
"02/04/1996",TRUE,0,51.9,"0000833974_5-6_03.jpg",TRUE,15,"Golomán",7,"20250915T142625+0000",530000,"210",FALSE,FALSE,350000,"Gyorgy Goloman","0000833958_5-6_03.jpg","https://www.acb.com/jugador/todos-sus-partidos/id/30002719","fit","2425HioposLleida_positivo.png","EUR",181,"Szombathely","Hungría",10.6,<dbl>,<int>,10.6,"https://supermanager.acb.com/files/logo/2425HioposLleida_positivo.png",5,FALSE,"G. Golomán","Hiopos Lleida",30,-30.7
"17/06/1997",TRUE,0,59.9,"0000831477_5-6_03.jpg",TRUE,9,"Radebaugh",12,"20250915T142624+0000",516774,"191",FALSE,FALSE,310000,"Jonah Radebaugh","0000831458_5-6_03.jpg","https://www.acb.com/jugador/todos-sus-partidos/id/30001917","fit","2425UCAMMurciapositivo.png","EUR",103,"Denver ","Montenegro",10.3,<dbl>,<int>,10.3,"https://supermanager.acb.com/files/logo/2425UCAMMurcianegativo.png",3,FALSE,"J. Radebaugh","UCAM Murcia",28,-39.3
"02/12/1999",TRUE,0,55,"0000831545_5-6_03.jpg",TRUE,9,"Forrest",1,"20250915T142624+0000",440294,"183",FALSE,FALSE,440000,"Michael Forrest","0000831530_5-6_03.jpg","https://www.acb.com/jugador/todos-sus-partidos/id/30003919","fit","2425UCAMMurciapositivo.png","COT",102,"Pompano Beach (Florida)","Jamaica",8.8,<dbl>,<int>,8.8,"https://supermanager.acb.com/files/logo/2425UCAMMurcianegativo.png",1,FALSE,"M. Forrest","UCAM Murcia",26,-37.4
"03/08/1995",TRUE,0,34.2,"0000874445_5-6_03.jpg",TRUE,9,"Martin",30,"20260116T195026+0000",427895,"201",FALSE,FALSE,440000,"Kelan Martin","0000874434_5-6_03.jpg","https://www.acb.com/jugador/todos-sus-partidos/id/30005200","fit","2425UCAMMurciapositivo.png","EXT",279,"Kentucky","EE.UU.",8.6,<dbl>,<int>,8.6,"https://supermanager.acb.com/files/logo/2425UCAMMurcianegativo.png",5,TRUE,"K. Martin","UCAM Murcia",30,-17.1
"30/01/1998",TRUE,0,26,"0000831266_5-6_03.jpg",TRUE,15,"García",6,"20250915T142624+0000",4e+05,"185",TRUE,FALSE,120000,"Dani García","0000897620_5-6_03.jpg","https://www.acb.com/jugador/todos-sus-partidos/id/30000015","fit","2425HioposLleida_positivo.png","JFL",110,"Mataró","España",8,<dbl>,<int>,8,"https://supermanager.acb.com/files/logo/2425HioposLleida_positivo.png",1,FALSE,"D. García","Hiopos Lleida",28,-10
"31/03/1999",TRUE,0,41.3,"0000831615_5-6_03.jpg",TRUE,9,"Raieste",2,"20250915T142624+0000",385714,"201",TRUE,FALSE,2e+05,"Sander Raieste","0000831605_5-6_03.jpg","https://www.acb.com/jugador/todos-sus-partidos/id/20212239","injured","2425UCAMMurciapositivo.png","JFL",108,"Tallín","Estonia",7.7,<dbl>,<int>,7.7,"https://supermanager.acb.com/files/logo/2425UCAMMurcianegativo.png",3,FALSE,"S. Raieste","UCAM Murcia",27,-25.8
"01/06/1999",TRUE,0,45.7,"0000831662_5-6_03.jpg",TRUE,9,"Nakic",99,"20250915T142624+0000",374545,"201",FALSE,FALSE,390000,"Toni Nakic","0000831647_5-6_03.jpg","https://www.acb.com/jugador/todos-sus-partidos/id/30001899","fit","2425UCAMMurciapositivo.png","EUR",105,"Sibenik","Croacia",7.5,<dbl>,<int>,7.5,"https://supermanager.acb.com/files/logo/2425UCAMMurcianegativo.png",5,FALSE,"T. Nakic","UCAM Murcia",27,-30.7
"21/12/1998",TRUE,0,44.5,"0000833876_5-6_03.jpg",TRUE,15,"Krutwig",25,"20250915T142625+0000",374063,"206",FALSE,FALSE,390000,"Cameron Krutwig","0000833868_5-6_03.jpg","https://www.acb.com/jugador/todos-sus-partidos/id/30003965","fit","2425HioposLleida_positivo.png","EXT",182,"Algoquin, Illinois","EE.UU.",7.5,<dbl>,<int>,7.5,"https://supermanager.acb.com/files/logo/2425HioposLleida_positivo.png",5,TRUE,"C. Krutwig","Hiopos Lleida",27,-29.6
"12/02/1999",TRUE,0,17.4,"0000906535_5-6_03.jpg",TRUE,9,"Hands",50,"20260417T123407+0000",371250,"191",FALSE,FALSE,430000,"Jaylen Hands","0000906520_5-6_03.jpg",NA,"fit","2425UCAMMurciapositivo.png","EXT",326,"California","EE.UU.",7.4,<dbl>,<int>,7.4,"https://supermanager.acb.com/files/logo/2425UCAMMurcianegativo.png",3,TRUE,"J. Hands","UCAM Murcia",27,-2.6
"30/04/1990",TRUE,0,39,"0000834049_5-6_03.jpg",TRUE,15,"Shurna",22,"20250915T142625+0000",354828,"204",FALSE,FALSE,440000,"John Shurna","0000834038_5-6_03.jpg","https://www.acb.com/jugador/todos-sus-partidos/id/20210670","fit","2425HioposLleida_positivo.png","EUR",180,"Glen Ellyn (Illinois)","Lituania",7.1,<dbl>,<int>,7.1,"https://supermanager.acb.com/files/logo/2425HioposLleida_positivo.png",5,FALSE,"J. Shurna","Hiopos Lleida",36,-24.8
"31/12/1998",TRUE,0,43.3,"0000833831_5-6_03.jpg",TRUE,15,"Diagne",12,"20250915T142625+0000",354545,"215",TRUE,FALSE,340000,"Atoumane Diagne","0000833819_5-6_03.jpg","https://www.acb.com/jugador/todos-sus-partidos/id/20211460","fit","2425HioposLleida_positivo.png","JFL",186,"Dakar","Senegal",7.1,<dbl>,<int>,7.1,"https://supermanager.acb.com/files/logo/2425HioposLleida_positivo.png",5,FALSE,"A. Diagne","Hiopos Lleida",27,-29.1
"31/08/1994",TRUE,0,35.2,"0000833848_5-6_03.jpg",TRUE,15,"Agada",4,"20250915T142625+0000",281471,"193",FALSE,FALSE,450000,"Caleb Agada","0000833839_5-6_03.jpg","https://www.acb.com/jugador/todos-sus-partidos/id/30003988","fit","2425HioposLleida_positivo.png","COT",176,"Lafia","Nigeria",5.6,<dbl>,<int>,5.6,"https://supermanager.acb.com/files/logo/2425HioposLleida_positivo.png",3,FALSE,"C. Agada","Hiopos Lleida",31,-23.9
"16/09/2002",TRUE,0,27.8,"0000834191_5-6_03.jpg",TRUE,15,"Jiménez",16,"20250915T142625+0000",259643,"199",TRUE,FALSE,170000,"Millán Jiménez","0000834177_5-6_03.jpg","https://www.acb.com/jugador/todos-sus-partidos/id/20212139","fit","2425HioposLleida_positivo.png","JFL",184,"Calahorra","España",5.2,<dbl>,<int>,5.2,"https://supermanager.acb.com/files/logo/2425HioposLleida_positivo.png",3,FALSE,"M. Jiménez","Hiopos Lleida",23,-17.4
"28/04/2003",TRUE,0,11.8,"0000902454_5-6_03.jpg",TRUE,15,"Rodriguez",13,"20260328T221049+0000",236667,"194",TRUE,FALSE,250000,"Adria Rodriguez","0000902449_5-6_03.jpg","https://www.acb.com/es/liga/jugadores/adria-rodriguez-i-30005324/partidos","fit","2425HioposLleida_positivo.png","JFL",320,"Sant Just Desvern","España",4.7,<dbl>,<int>,4.7,"https://supermanager.acb.com/files/logo/2425HioposLleida_positivo.png",1,FALSE,"A. Rodriguez","Hiopos Lleida",23,-2.4
"01/02/1999",TRUE,0,27.3,"0000834151_5-6_03.jpg",TRUE,15,"Sanz",14,"20250915T142625+0000",223636,"199",TRUE,FALSE,190000,"Mikel Sanz","0000834147_5-6_03.jpg","https://www.acb.com/jugador/todos-sus-partidos/id/20212478","fit","2425HioposLleida_positivo.png","JFL",187,"San Sebastián","España",4.5,<dbl>,<int>,4.5,"https://supermanager.acb.com/files/logo/2425HioposLleida_positivo.png",3,FALSE,"M. Sanz","Hiopos Lleida",27,-18.3
"25/06/2003",TRUE,0,16.6,"0000831675_5-6_03.jpg",TRUE,9,"Falk",13,"20250915T142624+0000",188759,"203",TRUE,FALSE,1e+05,"Wilhelm Falk","0000831669_5-6_03.jpg","https://www.acb.com/jugador/todos-sus-partidos/id/30000649","doubtful","2425UCAMMurciapositivo.png","JFL",99,"Sunnersberg","Suecia",3.9,<dbl>,<int>,-1,"https://supermanager.acb.com/files/logo/2425UCAMMurcianegativo.png",3,FALSE,"W. Falk","UCAM Murcia",22,-18.5
"05/08/1992",TRUE,0,21.5,"0000833905_5-6_03.jpg",TRUE,15,"Walden",2,"20250915T142625+0000",180313,"188",FALSE,FALSE,3e+05,"Corey Walden","0000833894_5-6_03.jpg","https://www.acb.com/jugador/todos-sus-partidos/id/30003406","injured","2425HioposLleida_positivo.png","EUR",178,"Daytona Beach (Florida)","Serbia",3.6,<dbl>,<int>,3.6,"https://supermanager.acb.com/files/logo/2425HioposLleida_positivo.png",3,FALSE,"C. Walden","Hiopos Lleida",33,-14.2
"06/03/1994",TRUE,0,12.6,"0000831562_5-6_03.jpg",TRUE,9,"Diagné",21,"20250915T142624+0000",157368,"211",TRUE,FALSE,220000,"Moussa Diagne","0000831552_5-6_03.jpg","https://www.acb.com/jugador/todos-sus-partidos/id/20210278","fit","2425UCAMMurciapositivo.png","JFL",109,"Guediawaye","España",3.1,<dbl>,<int>,3.1,"https://supermanager.acb.com/files/logo/2425UCAMMurcianegativo.png",5,FALSE,"M. Diagné","UCAM Murcia",32,-6.3
"11/07/2006",TRUE,0,2.9,"0000833997_5-6_03.jpg",TRUE,15,"Dabo",52,"20251004T225836+0000",1e+05,"205",TRUE,FALSE,120000,"Ibou Dabo","0000833986_5-6_03.jpg","https://www.acb.com/jugador/todos-sus-partidos/id/30003465","fit","2425HioposLleida_positivo.png","JFL",247,"Tambacounda","Senegal",2,<NULL>,<int>,2,"https://supermanager.acb.com/files/logo/2425HioposLleida_positivo.png",5,FALSE,"I. Dabo","Hiopos Lleida",19,1.1
"13/03/2002",TRUE,0,1.2,"0000831589_5-6_03.jpg",TRUE,9,"López",16,"20250915T142624+0000",56129,"201",TRUE,FALSE,110000,"Rubén López De La Torre","0000831579_5-6_03.jpg","https://www.acb.com/jugador/todos-sus-partidos/id/30000132","fit","2425UCAMMurciapositivo.png","JFL",107,"Madrid","España",1.3,<dbl>,<int>,0.1,"https://supermanager.acb.com/files/logo/2425UCAMMurcianegativo.png",5,FALSE,"R. López","UCAM Murcia",24,-1.1
"08/11/1996",TRUE,0,9.7,"0000831500_5-6_03.jpg",TRUE,9,"Gates",4,"20250915T142624+0000",420000,"201",FALSE,FALSE,420000,"Kaiser Gates","0000831483_5-6_03.jpg","https://www.acb.com/jugador/todos-sus-partidos/id/30003422","injured","2425UCAMMurciapositivo.png","EXT",100,"Georgia","EE.UU.",0,<NULL>,<int>,8.4,"https://supermanager.acb.com/files/logo/2425UCAMMurcianegativo.png",5,TRUE,"K. Gates","UCAM Murcia",28,7.1
"24/12/2007",TRUE,0,2.5,"defaultBody.jpg",TRUE,15,"Torrens",55,"20260201T155854+0000",110000,"190",TRUE,FALSE,110000,"Pau Torrens","0000858514_5-6_03.jpg",NA,"fit","2425HioposLleida_positivo.png","JFL",292,"Palma de Mallorca","España",0,<NULL>,<int>,2.2,"https://supermanager.acb.com/files/logo/2425HioposLleida_positivo.png",1,FALSE,"P. Torrens","Hiopos Lleida",18,1.9
"30/07/2004",TRUE,0,5.3,"0000834241_5-6_03.jpg",TRUE,15,"Rios",50,"20260125T135029+0000",93500,"190",TRUE,FALSE,110000,"Pol Rios","0000834248_5-6_03.jpg",NA,"fit","2425HioposLleida_positivo.png","JFL",288,"Badalona","España",-1,<NULL>,<int>,4.7,"https://supermanager.acb.com/files/logo/2425HioposLleida_positivo.png",1,FALSE,"P. Rios","Hiopos Lleida",21,4.2
"28/04/1997",TRUE,0,99,"0000826212_5-6_03.jpg",TRUE,10,"Yusta",4,"20250915T142624+0000",876333,"200",TRUE,FALSE,440000,"Santi Yusta","0000826197_5-6_03.jpg","https://www.acb.com/jugador/todos-sus-partidos/id/20210918","fit","2425CasademontZaragoza.png","JFL",121,"Madrid","España",17.5,<dbl>,<int>,17.5,"https://supermanager.acb.com/files/logo/2425CasademontZaragoza.png",3,FALSE,"S. Yusta","Casademont Zaragoza",29,-64
"07/03/1995",TRUE,0,97.2,"0000825891_5-6_03.jpg",TRUE,10,"Robinson",0,"20250915T142624+0000",860000,"203",FALSE,FALSE,550000,"Devin Robinson","0000825868_5-6_03.jpg","https://www.acb.com/jugador/todos-sus-partidos/id/30002444","fit","2425CasademontZaragoza.png","EXT",120,"Chesterfield (Virginia)","EE.UU.",17.2,<dbl>,<int>,17.2,"https://supermanager.acb.com/files/logo/2425CasademontZaragoza.png",5,TRUE,"D. Robinson","Casademont Zaragoza",31,-62.8
"05/09/1995",TRUE,0,64.3,"0000826249_5-6_03.jpg",TRUE,10,"Bell-Haynes",2,"20250915T142624+0000",774500,"188",FALSE,FALSE,720000,"Trae Bell-Haynes","0000826234_5-6_03.jpg","https://www.acb.com/jugador/todos-sus-partidos/id/30001171","fit","2425CasademontZaragoza.png","COT",112,"Toronto","Jamaica",15.5,<dbl>,<int>,15.5,"https://supermanager.acb.com/files/logo/2425CasademontZaragoza.png",1,FALSE,"T. Bell-Haynes","Casademont Zaragoza",30,-33.3
"25/05/1996",TRUE,0,94.2,"0000832518_5-6_03.jpg",TRUE,7,"Alonso",10,"20250915T142624+0000",753529,"191",TRUE,FALSE,250000,"Francis Alonso","0000832509_5-6_03.jpg","https://www.acb.com/jugador/todos-sus-partidos/id/20210585","fit","breogan_00.png","JFL",84,"Málaga","España",15.1,<dbl>,<int>,15.1,"https://supermanager.acb.com/files/logo/breogan_00.png",3,FALSE,"F. Alonso","Río Breogán",30,-64.1
"05/11/2000",TRUE,0,88.1,"0000832392_5-6_03.jpg",TRUE,7,"Brankovic",22,"20250915T142624+0000",704412,"217",FALSE,FALSE,420000,"Danko Brankovic","0000832382_5-6_03.jpg","https://www.acb.com/jugador/todos-sus-partidos/id/30004004","fit","breogan_00.png","EUR",78,"Zagreb","Croacia",14.1,<dbl>,<int>,14.1,"https://supermanager.acb.com/files/logo/breogan_00.png",5,FALSE,"D. Brankovic","Río Breogán",25,-59.9
"24/10/1991",TRUE,0,63.7,"0000825838_5-6_03.jpg",TRUE,10,"Dubljevic",14,"20250915T142624+0000",630385,"205",FALSE,FALSE,650000,"Bojan Dubljevic","0000825835_5-6_03.jpg","https://www.acb.com/jugador/todos-sus-partidos/id/20210254","fit","2425CasademontZaragoza.png","EUR",115,"Niksic","Montenegro",12.6,<dbl>,<int>,12.6,"https://supermanager.acb.com/files/logo/2425CasademontZaragoza.png",5,FALSE,"B. Dubljevic","Casademont Zaragoza",34,-38.5
"15/06/1994",TRUE,0,72.5,"0000832447_5-6_03.jpg",TRUE,7,"Mavra",19,"20250915T142624+0000",580294,"195",FALSE,FALSE,440000,"Dominik Mavra","0000832439_5-6_03.jpg","https://www.acb.com/jugador/todos-sus-partidos/id/20212431","fit","breogan_00.png","EUR",80,"Zadar","Croacia",11.6,<dbl>,<int>,11.6,"https://supermanager.acb.com/files/logo/breogan_00.png",1,FALSE,"D. Mavra","Río Breogán",32,-49.3
"10/02/1994",TRUE,0,56.2,"0000832428_5-6_03.jpg",TRUE,7,"Russell",4,"20250915T142624+0000",484194,"180",FALSE,FALSE,390000,"DeWayne Russell","0000832418_5-6_03.jpg","https://www.acb.com/jugador/todos-sus-partidos/id/30004003","fit","breogan_00.png","EXT",82,"Peoria (Arizona)","EE.UU.",9.7,<dbl>,<int>,9.7,"https://supermanager.acb.com/files/logo/breogan_00.png",1,TRUE,"D. Russell","Río Breogán",32,-36.8
"14/06/1999",TRUE,0,54.8,"0000826052_5-6_03.jpg",TRUE,10,"Rodríguez",15,"20250915T142624+0000",484667,"194",FALSE,FALSE,190000,"Joaquín Rodríguez","0000826038_5-6_03.jpg","https://www.acb.com/jugador/todos-sus-partidos/id/30003403","fit","2425CasademontZaragoza.png","EUR",117,"Mercedes","España",9.7,<dbl>,<int>,9.7,"https://supermanager.acb.com/files/logo/2425CasademontZaragoza.png",3,FALSE,"J. Rodríguez","Casademont Zaragoza",27,-35.4
"04/01/1994",TRUE,0,54.4,"0000836095_5-6_03.jpg",TRUE,7,"Andric",37,"20251003T023757+0000",481333,"201",FALSE,FALSE,220000,"Mihajlo Andric","0000836087_5-6_03.jpg","https://www.acb.com/jugador/todos-sus-partidos/id/30002695","fit","breogan_00.png","EUR",244,"Kragujevac","Serbia",9.6,<dbl>,<int>,9.6,"https://supermanager.acb.com/files/logo/breogan_00.png",5,FALSE,"M. Andric","Río Breogán",32,-35.1
"24/01/1998",TRUE,0,58.7,"0000832326_5-6_03.jpg",TRUE,7,"Aranitovic",17,"20250915T142624+0000",469412,"195",FALSE,FALSE,270000,"Aleksandar Aranitovic","0000832318_5-6_03.jpg","https://www.acb.com/jugador/todos-sus-partidos/id/30003394","fit","breogan_00.png","EUR",77,"Belgrado","Croacia",9.4,<dbl>,<int>,9.4,"https://supermanager.acb.com/files/logo/breogan_00.png",3,FALSE,"A. Aranitovic","Río Breogán",28,-39.9
"05/02/1995",TRUE,0,49.5,"0000836025_5-6_03.jpg",TRUE,10,"Spissu",0,"20250915T142624+0000",438000,"184",FALSE,FALSE,410000,"Marco Spissu","0000836014_5-6_03.jpg","https://www.acb.com/jugador/todos-sus-partidos/id/30001155/temporada_id/2025/casa_fuera_id/0/victorias_derrotas_id/0/mes_id/0#cuerpo","fit","2425CasademontZaragoza.png","EUR",116,"Sassari","Italia",8.8,<dbl>,<int>,8.8,"https://supermanager.acb.com/files/logo/2425CasademontZaragoza.png",1,FALSE,"M. Spissu","Casademont Zaragoza",31,-32
"27/10/1997",TRUE,0,25.9,"0000890781_5-6_03.jpg",TRUE,10,"Wright-F.",3,"20260305T135252+0000",439167,"183",FALSE,FALSE,440000,"Justin Wright-Foreman","0000890771_5-6_03.jpg","https://www.acb.com/jugador/todos-sus-partidos/id/30005316","fit","2425CasademontZaragoza.png","EXT",306,"New York","EE.UU.",8.8,<dbl>,<int>,8.8,"https://supermanager.acb.com/files/logo/2425CasademontZaragoza.png",1,TRUE,"Wright-Foreman","Casademont Zaragoza",28,-8.3
"23/10/2001",TRUE,0,47.9,"0000832375_5-6_03.jpg",TRUE,7,"Dibba",0,"20250915T142624+0000",412581,"206",FALSE,FALSE,380000,"Bakary Dibba","0000832365_5-6_03.jpg","https://www.acb.com/jugador/todos-sus-partidos/id/30004002","fit","breogan_00.png","EUR",79,"Copenhage","Dinamarca",8.3,<dbl>,<int>,8.3,"https://supermanager.acb.com/files/logo/breogan_00.png",5,FALSE,"B. Dibba","Río Breogán",24,-31.4
"04/04/1997",TRUE,0,44.2,"0000832539_5-6_03.jpg",TRUE,7,"Sakho",18,"20250915T142624+0000",402069,"207",TRUE,FALSE,410000,"Jordan Sakho","0000832530_5-6_03.jpg","https://www.acb.com/jugador/todos-sus-partidos/id/20212244","injured","breogan_00.png","JFL",83,"Kinshasa","Rep. Democrática del Congo",8,<NULL>,<int>,8,"https://supermanager.acb.com/files/logo/breogan_00.png",5,FALSE,"J. Sakho","Río Breogán",29,-28.1
"29/12/1991",TRUE,0,11.9,"0000917516_5-6_03.jpg",TRUE,10,"Olaseni",11,"20260515T160846+0000",373333,"208",FALSE,FALSE,375000,"Gabriel Olaseni","0000917501_5-6_03.jpg",NA,"fit","2425CasademontZaragoza.png","EUR",333,"Plaistow","Reino Unido",7.5,<dbl>,<int>,7.5,"https://supermanager.acb.com/files/logo/2425CasademontZaragoza.png",5,FALSE,"A. Olaseni","Casademont Zaragoza",34,3
"19/12/1990",TRUE,0,25.1,"0000825934_5-6_03.jpg",TRUE,10,"Stephens",20,"20250915T142624+0000",313158,"198",FALSE,FALSE,210000,"DJ Stephens","0000825912_5-6_03.jpg","https://www.acb.com/jugador/todos-sus-partidos/id/30003817","fit","2425CasademontZaragoza.png","EUR",118,"Killeen (Texas)","EE.UU.",6.3,<dbl>,<int>,6.3,"https://supermanager.acb.com/files/logo/2425CasademontZaragoza.png",3,FALSE,"D.J. Stephens","Casademont Zaragoza",35,-12.5
"20/03/1999",TRUE,0,26.8,"0000826151_5-6_03.jpg",TRUE,10,"González",7,"20250915T142624+0000",237000,"203",TRUE,FALSE,250000,"Miguel González","0000826130_5-6_03.jpg","https://www.acb.com/jugador/todos-sus-partidos/id/20212476","fit","2425CasademontZaragoza.png","JFL",122,"Valladolid","España",4.7,<dbl>,<int>,4.7,"https://supermanager.acb.com/files/logo/2425CasademontZaragoza.png",3,FALSE,"M. González","Casademont Zaragoza",27,-17.3
"03/10/1995",TRUE,0,27.2,"0000832468_5-6_03.jpg",TRUE,7,"Apic",8,"20250915T142624+0000",223333,"206",FALSE,FALSE,260000,"Dragan Apic","0000832459_5-6_03.jpg","https://www.acb.com/jugador/todos-sus-partidos/id/30000194","fit","breogan_00.png","EUR",75,"Novi Sad","Serbia",4.5,<dbl>,<int>,4.5,"https://supermanager.acb.com/files/logo/breogan_00.png",5,FALSE,"D. Apic","Río Breogán",30,-18.3
"19/01/2000",TRUE,0,25.9,"0000832356_5-6_03.jpg",TRUE,7,"Kurucs",47,"20250915T142624+0000",207353,"193",TRUE,FALSE,280000,"Arturs Kurucs","0000832348_5-6_03.jpg","https://www.acb.com/jugador/todos-sus-partidos/id/20211887","fit","breogan_00.png","JFL",86,"Cesis","Letonia",4.1,<dbl>,<int>,4.1,"https://supermanager.acb.com/files/logo/breogan_00.png",3,FALSE,"A. Kurucs","Río Breogán",26,-17.6
"07/07/1996",TRUE,0,11.4,"0000861513_5-6_03.jpg",TRUE,10,"Koumadje",21,"20251203T210953+0000",160000,"224",FALSE,FALSE,360000,"Christ Koumadje","0000861499_5-6_03.jpg","https://www.acb.com/jugador/todos-sus-partidos/id/30000550","injured","2425CasademontZaragoza.png","COT",259,"Ville de N'D","Chad",3.2,<NULL>,<int>,3.2,"https://supermanager.acb.com/files/logo/2425CasademontZaragoza.png",5,FALSE,"C. Koumadje","Casademont Zaragoza",29,-5
"15/07/2000",TRUE,0,13.4,"0000826002_5-6_03.jpg",TRUE,10,"Fernández",10,"20250915T142624+0000",136400,"206",TRUE,FALSE,150000,"Jaime Fernández","0000825985_5-6_03.jpg","https://www.acb.com/jugador/todos-sus-partidos/id/20212348","fit","2425CasademontZaragoza.png","JFL",124,"Zaragoza","España",2.7,<dbl>,<int>,2.7,"https://supermanager.acb.com/files/logo/2425CasademontZaragoza.png",5,FALSE,"J. Fernández","Casademont Zaragoza",25,-7.9
"17/08/1991",TRUE,0,9.5,"0000832496_5-6_03.jpg",TRUE,7,"Quintela",23,"20250915T142624+0000",123889,"186",TRUE,FALSE,130000,"Erik Quintela","0000832488_5-6_03.jpg","https://www.acb.com/jugador/todos-sus-partidos/id/30001182","fit","breogan_00.png","JFL",85,"Lugo","España",2.5,<dbl>,<int>,2.5,"https://supermanager.acb.com/files/logo/breogan_00.png",1,FALSE,"E. Quintela","Río Breogán",34,-4.6
"24/10/1991",TRUE,0,10.1,"0000915009_5-6_03.jpg",TRUE,7,"Cruz",33,"20260513T160845+0000",153531,"208",TRUE,FALSE,250000,"Iván Cruz","0000915003_5-6_03.jpg",NA,"fit","breogan_00.png","JFL",331,"Madrid","España",1.3,<dbl>,<int>,8.3,"https://supermanager.acb.com/files/logo/breogan_00.png",5,FALSE,"I. Cruz","Río Breogán",34,6.4
"26/12/2006",TRUE,0,5.3,"0000898907_5-6_03.jpg",TRUE,10,"Traoré",23,"20251028T155033+0000",33292,"205",TRUE,FALSE,120000,"Youssouf Traoré","0000898896_5-6_03.jpg",NA,"fit","2425CasademontZaragoza.png","JFL",253,"Bamako","Malí",0.4,<dbl>,<int>,3.9,"https://supermanager.acb.com/files/logo/2425CasademontZaragoza.png",5,FALSE,"Y. Traoré","Casademont Zaragoza",19,2.5
"04/01/2005",TRUE,0,2.5,"0000837691_5-6_03.jpg",TRUE,10,"Alías",17,"20260113T015027+0000",110000,"199",TRUE,FALSE,110000,"Carlos Alías","0000837676_5-6_03.jpg",NA,"fit","2425CasademontZaragoza.png","JFL",274,"Zaragoza","España",0,<NULL>,<int>,2.2,"https://supermanager.acb.com/files/logo/2425CasademontZaragoza.png",3,FALSE,"C. Alías","Casademont Zaragoza",21,1.9
"19/10/2009",TRUE,0,3,"0000901997_5-6_03.jpg",TRUE,10,NA,9,"20260113T195027+0000",130000,"202",FALSE,FALSE,130000,"Matija Lukic","0000901992_5-6_03.jpg",NA,"fit","2425CasademontZaragoza.png","EUR",276,"Capelle aan den Ijssel","Países Bajos",0,<NULL>,<int>,2.6,"https://supermanager.acb.com/files/logo/2425CasademontZaragoza.png",3,FALSE,"M. Lukic","Casademont Zaragoza",16,2.2
"20/06/2005",TRUE,0,2.8,"defaultBody.jpg",TRUE,10,"Savkov",18,"20260407T161047+0000",120000,"208",TRUE,FALSE,120000,"Aleksandr Savkov","0000837601_5-6_03.jpg",NA,"fit","2425CasademontZaragoza.png","JFL",325,"Mokba","Rusia",0,<NULL>,<int>,2.4,"https://supermanager.acb.com/files/logo/2425CasademontZaragoza.png",3,FALSE,"A. Savkov","Casademont Zaragoza",20,2
"19/10/1997",TRUE,0,23.6,"0000910095_5-6_03.jpg",TRUE,7,"Walker",2,"20260424T151550+0000",187922,"186",FALSE,FALSE,360000,"Jordan Walker","0000910088_5-6_03.jpg",NA,"fit","breogan_00.png","EXT",328,"Indiana","EE.UU.",-0.5,<dbl>,<int>,20.8,"https://supermanager.acb.com/files/logo/breogan_00.png",1,TRUE,"J. Walker","Río Breogán",28,18
"03/01/2001",TRUE,0,100.8,"0000832999_5-6_03.jpg",TRUE,5,"Pradilla",4,"20250915T142623+0000",942143,"202",TRUE,FALSE,520000,"Jaime Pradilla","0000832987_5-6_03.jpg","https://www.acb.com/jugador/todos-sus-partidos/id/20211129","fit","1654748673.png","JFL",61,"Zaragoza","España",18.8,<dbl>,<int>,18.8,"https://supermanager.acb.com/files/logo/1654748673.png",5,FALSE,"J. Pradilla","Valencia Basket",25,-63.1
"03/07/2003",TRUE,0,83.9,"0000851967_5-6_03.jpg",TRUE,5,"Montero",8,"20250915T142623+0000",911739,"188",FALSE,FALSE,850000,"Jean Montero","0000833008_5-6_03.jpg","https://www.acb.com/jugador/todos-sus-partidos/id/30000514","fit","1654748673.png","COT",53,"Santo Domingo","República Dominicana",18.2,<dbl>,<int>,18.2,"https://supermanager.acb.com/files/logo/1654748673.png",1,FALSE,"J. Montero","Valencia Basket",22,-47.4
"05/10/1994",TRUE,0,65.3,"0000833056_5-6_03.jpg",TRUE,5,"Taylor",1,"20250915T142623+0000",734091,"198",FALSE,FALSE,450000,"Kameron Taylor","0000833045_5-6_03.jpg","https://www.acb.com/jugador/todos-sus-partidos/id/30001981","fit","1654748673.png","EXT",58,"Maryland","EE.UU.",14.7,<dbl>,<int>,14.7,"https://supermanager.acb.com/files/logo/1654748673.png",3,TRUE,"K. Taylor","Valencia Basket",31,-36
"04/12/2005",TRUE,0,67.7,"0000833217_5-6_03.jpg",TRUE,5,"De Larrea ",5,"20250915T142623+0000",691200,"198",TRUE,FALSE,420000,"Sergio de Larrea","0000833211_5-6_03.jpg","https://www.acb.com/jugador/todos-sus-partidos/id/30001360","fit","1654748673.png","JFL",49,"Valladolid","España",13.8,<dbl>,<int>,13.8,"https://supermanager.acb.com/files/logo/1654748673.png",1,FALSE,"S. de Larrea","Valencia Basket",20,-40.1
"02/03/1993",TRUE,0,77.2,"0000826633_5-6_03.jpg",TRUE,12,"Brussino",9,"20250915T142624+0000",665161,"205",FALSE,FALSE,620000,"Nico Brussino","0000826622_5-6_03.jpg","https://www.acb.com/jugador/todos-sus-partidos/id/20212648","fit","75611.png","EUR",142,"Las Parejas","Italia",13.3,<dbl>,<int>,13.3,"https://supermanager.acb.com/files/logo/75557.png",3,FALSE,"N. Brussino","Dreamland Gran Canaria",33,-50.6
"28/01/2001",TRUE,0,75.8,"0000826449_5-6_03.jpg",TRUE,12,"Wong",2,"20250915T142624+0000",653226,"190",FALSE,FALSE,3e+05,"Isaiah Wong","0000826437_5-6_03.jpg","https://www.acb.com/jugador/todos-sus-partidos/id/30003992","fit","75611.png","EXT",140,"New Jersey","EE.UU.",13.1,<dbl>,<int>,13.1,"https://supermanager.acb.com/files/logo/75557.png",3,TRUE,"I. Wong","Dreamland Gran Canaria",25,-49.6
"22/03/1997",TRUE,0,35.7,"0000891723_5-6_03.jpg",TRUE,12,"Metu",25,"20260310T135253+0000",637273,"208",FALSE,FALSE,570000,"Chimezie Metu","0000891722_5-6_03.jpg","https://www.acb.com/jugador/todos-sus-partidos/id/30003392","fit","75611.png","COT",314,"Los Ángeles (California)","Nigeria",12.7,<dbl>,<int>,12.7,"https://supermanager.acb.com/files/logo/75557.png",5,FALSE,"C. Metu","Dreamland Gran Canaria",29,-10.2
"18/09/2000",TRUE,0,61.5,"0000833179_5-6_03.jpg",TRUE,5,"Moore",10,"20250915T142623+0000",574643,"198",FALSE,FALSE,460000,"Omari Moore","0000833164_5-6_03.jpg","https://www.acb.com/jugador/todos-sus-partidos/id/30003991","fit","1654748673.png","EUR",47,"Pasadena (California)","Macedonia del Norte",11.5,<dbl>,<int>,11.5,"https://supermanager.acb.com/files/logo/1654748673.png",3,FALSE,"O. Moore","Valencia Basket",25,-38.5
"16/08/1992",TRUE,0,64.2,"0000826661_5-6_03.jpg",TRUE,12,"Pelos",13,"20250915T142624+0000",553871,"205",FALSE,FALSE,310000,"Pierre Pelos","0000826644_5-6_03.jpg","https://www.acb.com/jugador/todos-sus-partidos/id/30002718","fit","75611.png","EUR",141,"Noire","Francia",11.1,<dbl>,<int>,11.1,"https://supermanager.acb.com/files/logo/75557.png",5,FALSE,"P. Pelos","Dreamland Gran Canaria",33,-42.1
"10/10/1994",TRUE,0,59.6,"0000826559_5-6_03.jpg",TRUE,12,"Tobey",18,"20250915T142624+0000",542069,"213",FALSE,FALSE,520000,"Mike Tobey","0000826550_5-6_03.jpg","https://www.acb.com/jugador/todos-sus-partidos/id/20212399","fit","75611.png","EUR",143,"Monroe (Nueva York)","Eslovenia",10.8,<dbl>,<int>,10.8,"https://supermanager.acb.com/files/logo/75557.png",5,FALSE,"M. Tobey","Dreamland Gran Canaria",31,-37.9
"19/05/1997",TRUE,0,34.2,"0000833234_5-6_03.jpg",TRUE,5,"López-A.",6,"20250915T142623+0000",502667,"200",TRUE,FALSE,320000,"Xabi López-Arostegui","0000833231_5-6_03.jpg","https://www.acb.com/jugador/todos-sus-partidos/id/20211660","injured","1654748673.png","JFL",62,"Getxo","España",10.1,<NULL>,<int>,10.1,"https://supermanager.acb.com/files/logo/1654748673.png",3,FALSE,"López-Arostegui","Valencia Basket",29,-14.1
"30/09/1998",TRUE,0,56.5,"0000833104_5-6_03.jpg",TRUE,5,"Reuvers",3,"20250915T142623+0000",500333,"211",FALSE,FALSE,210000,"Nate Reuvers","0000833095_5-6_03.jpg","https://www.acb.com/jugador/todos-sus-partidos/id/30002724","injured","1654748673.png","EUR",54,"Minnesota","Hungría",10,<dbl>,<int>,10,"https://supermanager.acb.com/files/logo/1654748673.png",5,FALSE,"N. Reuvers","Valencia Basket",27,-36.5
"05/08/1993",TRUE,0,52.1,"0000833075_5-6_03.jpg",TRUE,5,"Costello",24,"20250915T142623+0000",487143,"208",FALSE,FALSE,580000,"Matt Costello","0000833069_5-6_03.jpg","https://www.acb.com/jugador/todos-sus-partidos/id/30000032","fit","1654748673.png","COT",51,"Linwood (Míchigan)","Costa de Marfil",9.7,<dbl>,<int>,9.7,"https://supermanager.acb.com/files/logo/1654748673.png",5,FALSE,"M. Costello","Valencia Basket",32,-32.6
"17/02/1999",TRUE,0,53.5,"0000832913_5-6_03.jpg",TRUE,5,"Badio",0,"20250915T142623+0000",486552,"191",FALSE,FALSE,380000,"Brancou Badio","0000832893_5-6_03.jpg","https://www.acb.com/jugador/todos-sus-partidos/id/30000107","fit","1654748673.png","COT",52,"Rufisque","Senegal",9.7,<dbl>,<int>,9.7,"https://supermanager.acb.com/files/logo/1654748673.png",3,FALSE,"B. Badio","Valencia Basket",27,-34.1
"04/05/1995",TRUE,0,50.4,"0000832932_5-6_03.jpg",TRUE,5,"Thompson",13,"20250915T142623+0000",484444,"193",FALSE,FALSE,430000,"Darius Thompson","0000832924_5-6_03.jpg","https://www.acb.com/jugador/todos-sus-partidos/id/30001900","injured","1654748673.png","EUR",55,"Murfreesboro (Tennessee)","Italia",9.7,<dbl>,<int>,9.7,"https://supermanager.acb.com/files/logo/1654748673.png",1,FALSE,"D. Thompson","Valencia Basket",31,-31
"13/08/1998",TRUE,0,41.5,"0000833147_5-6_03.jpg",TRUE,5,"Sako",12,"20250915T142623+0000",423600,"210",FALSE,FALSE,330000,"Neal Sako","0000833132_5-6_03.jpg","https://www.acb.com/jugador/todos-sus-partidos/id/30003973","fit","1654748673.png","EUR",56,"Aubergenville","Francia",8.5,<dbl>,<int>,8.5,"https://supermanager.acb.com/files/logo/1654748673.png",5,FALSE,"N. Sako","Valencia Basket",27,-24.6
"12/08/1998",TRUE,0,41.6,"0000826488_5-6_03.jpg",TRUE,12,"Kuath",23,"20250915T142624+0000",411923,"208",FALSE,FALSE,480000,"Kur Kuath","0000826466_5-6_03.jpg","https://www.acb.com/jugador/todos-sus-partidos/id/30003949","injured","75611.png","EXT",139,"Jartum","EE.UU.",8.2,<NULL>,<int>,8.2,"https://supermanager.acb.com/files/logo/75557.png",5,TRUE,"K. Kuath","Dreamland Gran Canaria",27,-25.1
"14/02/1997",TRUE,0,33,"0000851946_5-6_03.jpg",TRUE,5,"Key",7,"20251101T164814+0000",398000,"203",FALSE,FALSE,350000,"Braxton Key","0000851938_5-6_03.jpg",NA,"fit","1654748673.png","EXT",254,"Pennsylvania","EE.UU.",8,<dbl>,<int>,8,"https://supermanager.acb.com/files/logo/1654748673.png",5,TRUE,"B. Key","Valencia Basket",29,-17.1
"08/03/1999",TRUE,0,30.4,"0000833035_5-6_03.jpg",TRUE,5,"Puerto",2,"20250915T142623+0000",320000,"199",TRUE,FALSE,310000,"Josep Puerto","0000833024_5-6_03.jpg","https://www.acb.com/jugador/todos-sus-partidos/id/20210392","injured","1654748673.png","JFL",60,"Almussafes","España",6.4,<NULL>,<int>,6.4,"https://supermanager.acb.com/files/logo/1654748673.png",3,FALSE,"J. Puerto","Valencia Basket",27,-17.6
"03/11/1994",TRUE,0,23.1,"0000826580_5-6_03.jpg",TRUE,12,"Salvó",10,"20250915T142624+0000",299444,"205",TRUE,FALSE,240000,"Miquel Salvó","0000826571_5-6_03.jpg","https://www.acb.com/jugador/todos-sus-partidos/id/20212441","injured","75611.png","JFL",146,"Vilanova i la Geltrú","España",6,<NULL>,<int>,6,"https://supermanager.acb.com/files/logo/75557.png",3,FALSE,"M. Salvó","Dreamland Gran Canaria",31,-11.1
"21/03/1990",TRUE,0,30.9,"0000826279_5-6_03.jpg",TRUE,12,"Albicy",6,"20250915T142624+0000",280690,"178",FALSE,FALSE,4e+05,"Andrew Albicy","0000826260_5-6_03.jpg","https://www.acb.com/jugador/todos-sus-partidos/id/20212190","fit","75611.png","EUR",145,"Sévres","Francia",5.6,<dbl>,<int>,5.6,"https://supermanager.acb.com/files/logo/75557.png",1,FALSE,"A. Albicy","Dreamland Gran Canaria",36,-19.6
"20/04/1994",TRUE,0,16.1,"0000877366_5-6_03.jpg",TRUE,12,"Robertson",30,"20260122T195028+0000",226250,"190",FALSE,FALSE,490000,"Kassius Robertson","0000877363_5-6_03.jpg","https://www.acb.com/jugador/todos-sus-partidos/id/30000287","fit","75611.png","COT",285,"Toronto","Jamaica",4.5,<dbl>,<int>,4.5,"https://supermanager.acb.com/files/logo/75557.png",3,FALSE,"K. Robertson","Dreamland Gran Canaria",32,-7
"30/12/2000",TRUE,0,14.4,"0000826339_5-6_03.jpg",TRUE,12,"Alocén",12,"20250915T142624+0000",203125,"194",TRUE,FALSE,340000,"Carlos Alocén","0000826320_5-6_03.jpg","https://www.acb.com/jugador/todos-sus-partidos/id/20210357","fit","75611.png","JFL",149,"Zaragoza","España",4.1,<dbl>,<int>,4.1,"https://supermanager.acb.com/files/logo/75557.png",1,FALSE,"C. Alocén","Dreamland Gran Canaria",25,-6.3
"26/01/2001",TRUE,0,21,"0000826684_5-6_03.jpg",TRUE,12,"Samar",5,"20250915T142624+0000",180645,"197",TRUE,FALSE,2e+05,"Ziga Samar","0000826673_5-6_03.jpg","https://www.acb.com/jugador/todos-sus-partidos/id/30000291","fit","75611.png","JFL",147,"Jesenice","Eslovenia",3.6,<dbl>,<int>,3.6,"https://supermanager.acb.com/files/logo/75557.png",1,FALSE,"Z. Samar","Dreamland Gran Canaria",25,-13.7
"28/07/1996",TRUE,0,13.7,"0000852004_5-6_03.jpg",TRUE,5,"Sima",77,"20250915T142623+0000",175055,"211",TRUE,FALSE,2e+05,"Yankuba Sima","0000833247_5-6_03.jpg","https://www.acb.com/jugador/todos-sus-partidos/id/20213230","fit","1654748673.png","JFL",59,"Girona","España",3.5,<dbl>,<int>,3.2,"https://supermanager.acb.com/files/logo/1654748673.png",5,FALSE,"Y. Sima","Valencia Basket",29,-7.3
"13/12/2008",TRUE,0,5,"0000851603_5-6_03.jpg",TRUE,12,"Miteo",27,"20251204T210954+0000",167296,"206",FALSE,FALSE,110000,"Mervedi Miteo","0000851591_5-6_03.jpg",NA,"fit","75611.png","COT",261,"Kinshasa","Rep. Democrática del Congo",3.5,<dbl>,<int>,3,"https://supermanager.acb.com/files/logo/75557.png",5,FALSE,"M. Miteo","Dreamland Gran Canaria",17,1
"15/05/1998",TRUE,0,12,"0000826396_5-6_03.jpg",TRUE,12,"Vila",4,"20250915T142624+0000",130435,"209",TRUE,FALSE,180000,"Eric Vila","0000826387_5-6_03.jpg","https://www.acb.com/jugador/todos-sus-partidos/id/20211456","fit","75611.png","JFL",148,"Girona","España",2.6,<dbl>,<int>,2.6,"https://supermanager.acb.com/files/logo/75557.png",5,FALSE,"E. Vila","Dreamland Gran Canaria",28,-6.8
"25/11/1991",TRUE,0,12.8,"defaultBody.jpg",TRUE,12,"Jefferson",21,"20260430T153936+0000",165084,"175",FALSE,FALSE,275000,"Brandon Jefferson","defaultFace.jpg",NA,"fit","75611.png","EXT",329,"Texas","EE.UU.",2,<dbl>,<int>,9.8,"https://supermanager.acb.com/files/logo/75557.png",1,TRUE,"B. Jefferson","Dreamland Gran Canaria",34,6.8
"10/02/2004",TRUE,0,3.7,"0000832978_5-6_03.jpg",TRUE,5,"Nogués",32,"20250915T142623+0000",74111,"196",TRUE,FALSE,190000,"Isaac Nogués","0000832964_5-6_03.jpg","https://www.acb.com/jugador/todos-sus-partidos/id/30004053","fit","1654748673.png","JFL",48,"Barcelona","España",1.6,<dbl>,<int>,-0.8,"https://supermanager.acb.com/files/logo/1654748673.png",3,FALSE,"I. Nogués","Valencia Basket",22,-5.2
"06/03/2006",TRUE,0,3.5,"0000826533_5-6_03.jpg",TRUE,12,"Maniema",1,"20260113T195028+0000",78571,"193",TRUE,FALSE,120000,"Lucas Maniema","0000826518_5-6_03.jpg",NA,"fit","75611.png","JFL",277,"Geneve","Suiza",1.6,<NULL>,<int>,1.6,"https://supermanager.acb.com/files/logo/75557.png",1,FALSE,"L. Maniema","Dreamland Gran Canaria",20,-0.3
"29/04/2002",TRUE,0,11.1,"0000918456_5-6_03.jpg",TRUE,5,"Cárdenas",23,"20260515T160843+0000",180625,"187",TRUE,FALSE,250000,"Álvaro Cárdenas","0000918435_5-6_03.jpg",NA,"fit","1654748673.png","JFL",332,"Granada","España",0.7,<dbl>,<int>,9.4,"https://supermanager.acb.com/files/logo/1654748673.png",1,FALSE,"A. Cárdenas","Valencia Basket",24,7.8
"28/12/1998",TRUE,0,50.5,"0000890653_5-6_03.jpg",TRUE,17,"Rice",10,"20260306T195255+0000",776429,"191",FALSE,FALSE,460000,"Sir'Jabari Rice","0000890652_5-6_03.jpg","https://www.acb.com/jugador/todos-sus-partidos/id/30005318","fit","75593.png","EXT",309,"Texas","EE.UU.",15.5,<dbl>,<int>,15.5,"https://supermanager.acb.com/files/logo/75539.png",3,TRUE,"J. Rice","MoraBanc Andorra",27,-19.4
"19/07/1994",TRUE,0,91.3,"0000828942_5-6_03.jpg",TRUE,17,"Evans",0,"20250915T142625+0000",767500,"185",FALSE,FALSE,640000,"Shannon Evans","0000828925_5-6_03.jpg","https://www.acb.com/jugador/todos-sus-partidos/id/30001134","fit","75593.png","COT",203,"Connecticut","Guinea",15.4,<dbl>,<int>,15.4,"https://supermanager.acb.com/files/logo/75539.png",1,FALSE,"S. Evans","MoraBanc Andorra",31,-60.6
"25/06/1992",TRUE,0,95.4,"0000828698_5-6_03.jpg",TRUE,17,"Pustovyi",99,"20250915T142625+0000",762941,"219",FALSE,FALSE,650000,"Artem Pustovyi","0000828683_5-6_03.jpg","https://www.acb.com/jugador/todos-sus-partidos/id/20211643","fit","75593.png","EUR",206,"Sofiyivka","Ucrania",15.3,<dbl>,<int>,15.3,"https://supermanager.acb.com/files/logo/75539.png",5,FALSE,"A. Pustovyi","MoraBanc Andorra",33,-64.9
"05/10/1991",TRUE,0,80.9,"0000829814_5-6_03.jpg",TRUE,16,"Shengelia",23,"20250916T090117+0000",735862,"206",TRUE,FALSE,750000,"Tornike Shengelia","0000829802_5-6_03.jpg","https://www.acb.com/jugador/todos-sus-partidos/id/20203955","fit","2324BarcaLogoweb.png","JFL",226,"Tbilisi","Georgia",14.7,<dbl>,<int>,14.7,"https://supermanager.acb.com/files/logo/2324BarcaLogoweb.png",5,FALSE,"T. Shengelia","Barça",34,-51.5
"17/05/1990",TRUE,0,60.7,"0000829849_5-6_03.jpg",TRUE,16,"Clyburn",21,"20250915T142625+0000",731000,"201",FALSE,FALSE,5e+05,"Will Clyburn","0000829828_5-6_03.jpg","https://www.acb.com/jugador/todos-sus-partidos/id/30003977","injured","2324BarcaLogoweb.png","EXT",196,"Detroit (Míchigan)","EE.UU.",14.6,<NULL>,<int>,14.6,"https://supermanager.acb.com/files/logo/2324BarcaLogoweb.png",3,TRUE,"W. Clyburn","Barça",36,-31.4
"25/06/1993",TRUE,0,81.8,"0000829676_5-6_03.jpg",TRUE,16,"Punter",0,"20250915T142625+0000",705161,"193",FALSE,FALSE,620000,"Kevin Punter","0000829661_5-6_03.jpg","https://www.acb.com/jugador/todos-sus-partidos/id/30003361","fit","2324BarcaLogoweb.png","EUR",189,"New York","Serbia",14.1,<dbl>,<int>,14.1,"https://supermanager.acb.com/files/logo/2324BarcaLogoweb.png",3,FALSE,"K. Punter","Barça",32,-53.6
"27/05/1994",TRUE,0,86.2,"0000829876_5-6_03.jpg",TRUE,16,"Hernangómez",14,"20250915T142625+0000",706667,"210",TRUE,FALSE,610000,"Willy Hernangómez","0000829851_5-6_03.jpg","https://www.acb.com/jugador/todos-sus-partidos/id/20209187","fit","2324BarcaLogoweb.png","JFL",200,"Madrid","España",14.1,<dbl>,<int>,14.1,"https://supermanager.acb.com/files/logo/2324BarcaLogoweb.png",5,FALSE,"W. Hernangómez","Barça",32,-57.9
"04/04/2000",TRUE,0,80.8,"0000829609_5-6_03.jpg",TRUE,16,"Parra",44,"20250915T142625+0000",679375,"202",TRUE,FALSE,480000,"Joel Parra","0000829599_5-6_03.jpg","https://www.acb.com/jugador/todos-sus-partidos/id/20212265","fit","2324BarcaLogoweb.png","JFL",197,"Barcelona","España",13.6,<dbl>,<int>,13.6,"https://supermanager.acb.com/files/logo/2324BarcaLogoweb.png",3,FALSE,"J. Parra","Barça",26,-53.7
"31/01/1990",TRUE,0,40.3,"0000829757_5-6_03.jpg",TRUE,16,"Laprovittola",20,"20250915T142625+0000",620714,"190",FALSE,FALSE,390000,"Nico Laprovittola","0000829747_5-6_03.jpg","https://www.acb.com/jugador/todos-sus-partidos/id/20211947","fit","2324BarcaLogoweb.png","EUR",192,"Castelar","Italia",12.4,<dbl>,<int>,12.4,"https://supermanager.acb.com/files/logo/2324BarcaLogoweb.png",1,FALSE,"N. Laprovittola","Barça",36,-15.5
"25/08/1989",TRUE,0,69.1,"0000828811_5-6_03.jpg",TRUE,17,"Kuric",24,"20250915T142625+0000",580313,"193",FALSE,FALSE,3e+05,"Kyle Kuric","0000828802_5-6_03.jpg","https://www.acb.com/jugador/todos-sus-partidos/id/20210232","fit","75593.png","EUR",208,"Evansville (Indiana)","Eslovaquia",11.6,<dbl>,<int>,11.6,"https://supermanager.acb.com/files/logo/75539.png",3,FALSE,"K. Kuric","MoraBanc Andorra",36,-45.8
"12/01/1995",TRUE,0,50.6,"0000829893_5-6_03.jpg",TRUE,16,"Fall",19,"20250915T142625+0000",550435,"221",FALSE,FALSE,250000,"Youssoupha Fall","0000829884_5-6_03.jpg","https://www.acb.com/jugador/todos-sus-partidos/id/30000037","fit","2324BarcaLogoweb.png","EUR",190,"Dakar","Francia",11,<dbl>,<int>,11,"https://supermanager.acb.com/files/logo/2324BarcaLogoweb.png",5,FALSE,"Y. Fall","Barça",31,-28.6
"30/10/1991",TRUE,0,47.9,"0000829792_5-6_03.jpg",TRUE,16,"Satoransky",13,"20250915T142625+0000",520870,"201",FALSE,FALSE,440000,"Tomas Satoransky","0000829779_5-6_03.jpg","https://www.acb.com/jugador/todos-sus-partidos/id/20202163","injured","2324BarcaLogoweb.png","EUR",191,"Praga","Chequia",10.4,<NULL>,<int>,10.4,"https://supermanager.acb.com/files/logo/2324BarcaLogoweb.png",1,FALSE,"T. Satoransky","Barça",34,-27.1
"24/04/1990",TRUE,0,43.7,"0000829581_5-6_03.jpg",TRUE,16,"Vesely",6,"20250915T142625+0000",459583,"210",FALSE,FALSE,380000,"Jan Vesely","0000829566_5-6_03.jpg","https://www.acb.com/jugador/todos-sus-partidos/id/30001949","fit","2324BarcaLogoweb.png","EUR",188,"Ostrava","Chequia",9.2,<dbl>,<int>,9.2,"https://supermanager.acb.com/files/logo/2324BarcaLogoweb.png",5,FALSE,"J. Vesely","Barça",36,-25.3
"15/04/2000",TRUE,0,36.7,"0000829711_5-6_03.jpg",TRUE,16,"Norris",5,"20250915T142625+0000",458947,"206",FALSE,FALSE,450000,"Miles Norris","0000829698_5-6_03.jpg","https://www.acb.com/jugador/todos-sus-partidos/id/30004050","fit","2324BarcaLogoweb.png","EXT",194,"San Francisco (California)","EE.UU.",9.2,<dbl>,<int>,9.2,"https://supermanager.acb.com/files/logo/2324BarcaLogoweb.png",5,TRUE,"M. Norris","Barça",26,-18.4
"11/02/1992",TRUE,0,47.7,"0000828890_5-6_03.jpg",TRUE,17,"Luz",5,"20250915T142625+0000",445714,"188",TRUE,FALSE,240000,"Rafa Luz","0000828872_5-6_03.jpg","https://www.acb.com/jugador/todos-sus-partidos/id/20200274","fit","75593.png","JFL",209,"Araçatuba","España",8.9,<dbl>,<int>,8.9,"https://supermanager.acb.com/files/logo/75539.png",1,FALSE,"R. Luz","MoraBanc Andorra",34,-29.9
"10/04/1991",TRUE,0,43.8,"0000828973_5-6_03.jpg",TRUE,17,"Okoye",11,"20250915T142625+0000",409643,"198",FALSE,FALSE,220000,"Stan Okoye","0000828957_5-6_03.jpg","https://www.acb.com/jugador/todos-sus-partidos/id/20212966","fit","75593.png","COT",205,"Raleigh (Carolina del Norte)","Nigeria",8.2,<dbl>,<int>,8.2,"https://supermanager.acb.com/files/logo/75539.png",3,FALSE,"S. Okoye","MoraBanc Andorra",35,-27.4
"04/06/2004",TRUE,0,13.7,"0000829633_5-6_03.jpg",TRUE,16,"Núñez",17,"20250915T142625+0000",370567,"191",TRUE,FALSE,3e+05,"Juan Núñez","0000829621_5-6_03.jpg","https://www.acb.com/jugador/todos-sus-partidos/id/30000093","fit","2324BarcaLogoweb.png","JFL",199,"Madrid","España",7.9,<dbl>,<int>,3.7,"https://supermanager.acb.com/files/logo/2324BarcaLogoweb.png",1,FALSE,"J. Núñez","Barça",22,-6.3
"08/11/1994",TRUE,0,43.7,"0000829548_5-6_03.jpg",TRUE,16,"Brizuela",8,"20250915T142625+0000",377097,"188",TRUE,FALSE,4e+05,"Darío Brizuela","0000829534_5-6_03.jpg","https://www.acb.com/jugador/todos-sus-partidos/id/20209919","fit","2324BarcaLogoweb.png","JFL",198,"San Sebastián","España",7.5,<dbl>,<int>,7.5,"https://supermanager.acb.com/files/logo/2324BarcaLogoweb.png",3,FALSE,"D. Brizuela","Barça",31,-28.7
"05/03/1999",TRUE,0,36.6,"0000829728_5-6_03.jpg",TRUE,16,"Cale",3,"20250915T142625+0000",352222,"198",FALSE,FALSE,420000,"Myles Cale","0000829716_5-6_03.jpg","https://www.acb.com/jugador/todos-sus-partidos/id/30003948","fit","2324BarcaLogoweb.png","EXT",195,"Middletown (Delaware)","EE.UU.",7,<dbl>,<int>,7,"https://supermanager.acb.com/files/logo/2324BarcaLogoweb.png",3,TRUE,"M. Cale","Barça",27,-22.5
"01/09/1992",TRUE,0,40,"0000828636_5-6_03.jpg",TRUE,17,"Best",3,"20250915T142625+0000",327576,"193",FALSE,FALSE,470000,"Aaron Best","0000828623_5-6_03.jpg","https://www.acb.com/jugador/todos-sus-partidos/id/30003968","fit","75593.png","COT",202,"Toronto","Barbados",6.6,<dbl>,<int>,6.6,"https://supermanager.acb.com/files/logo/75539.png",3,FALSE,"A. Best","MoraBanc Andorra",33,-26.9
"07/01/2001",TRUE,0,37.5,"0000828792_5-6_03.jpg",TRUE,17,"McKoy",22,"20250915T142625+0000",315313,"203",FALSE,FALSE,490000,"Justin Mckoy","0000828776_5-6_03.jpg","https://www.acb.com/jugador/todos-sus-partidos/id/30003969","fit","75593.png","EXT",201,"Raleigh (Carolina del Norte)","EE.UU.",6.3,<dbl>,<int>,6.3,"https://supermanager.acb.com/files/logo/75539.png",5,TRUE,"J. McKoy","MoraBanc Andorra",25,-24.9
"07/05/1999",TRUE,0,35.1,"0000829011_5-6_03.jpg",TRUE,17,"Pons",35,"20250915T142625+0000",311000,"200",FALSE,FALSE,230000,"Yves Pons","0000828989_5-6_03.jpg","https://www.acb.com/jugador/todos-sus-partidos/id/30002671","fit","75593.png","EUR",207,"Puerto Príncipe","Francia",6.2,<dbl>,<int>,6.2,"https://supermanager.acb.com/files/logo/75539.png",5,FALSE,"Y. Pons","MoraBanc Andorra",27,-22.7
"06/07/2000",TRUE,0,31.9,"0000829653_5-6_03.jpg",TRUE,16,"Marcos",2,"20250915T142625+0000",282667,"190",FALSE,FALSE,2e+05,"Juani Marcos","0000829638_5-6_03.jpg","https://www.acb.com/jugador/todos-sus-partidos/id/30000108","fit","2324BarcaLogoweb.png","EUR",193,"Rosario","Italia",5.7,<dbl>,<int>,5.7,"https://supermanager.acb.com/files/logo/2324BarcaLogoweb.png",1,FALSE,"J. Marcos","Barça",25,-20.6
"25/03/2003",TRUE,0,23.1,"0000866306_5-6_03.jpg",TRUE,17,"Kostadinov",15,"20250915T142624+0000",222222,"203",TRUE,FALSE,130000,"Kostas Kostadinov","0000903862_5-6_03.jpg","https://www.acb.com/jugador/todos-sus-partidos/id/30003367","fit","75593.png","JFL",134,"Burgas","Bulgaria",4.4,<dbl>,<int>,4.4,"https://supermanager.acb.com/files/logo/75539.png",5,FALSE,"K. Kostadinov","MoraBanc Andorra",23,-14.2
"26/03/2000",TRUE,0,6,"0000827194_5-6_03.jpg",TRUE,17,"Castañeda",1,"20250915T142625+0000",194448,"184",FALSE,FALSE,480000,"Xavier Castañeda","0000903864_5-6_03.jpg","https://www.acb.com/jugador/todos-sus-partidos/id/30003967","injured","75593.png","EUR",216,"Chicago (Illinois)","Bosnia y Herzegovina",4.4,<NULL>,<int>,-2.2,"https://supermanager.acb.com/files/logo/75539.png",1,FALSE,"X. Castañeda","MoraBanc Andorra",26,-10.3
"30/04/2009",TRUE,0,-5.4,"0000837156_5-6_03.jpg",TRUE,16,"Kusturica",43,"20251005T225836+0000",119025,"203",FALSE,FALSE,1e+05,"Nikola Kusturica","0000837143_5-6_03.jpg",NA,"fit","2324BarcaLogoweb.png","EUR",250,"Novi Sad","Serbia",3.8,<NULL>,<int>,-8.6,"https://supermanager.acb.com/files/logo/2324BarcaLogoweb.png",3,FALSE,"N. Kusturica","Barça",17,-11.8
"22/10/1995",TRUE,0,19.3,"0000828918_5-6_03.jpg",TRUE,17,"Guerrero",32,"20250915T142625+0000",162188,"213",TRUE,FALSE,150000,"Rubén Guerrero","0000828899_5-6_03.jpg","https://www.acb.com/jugador/todos-sus-partidos/id/20210707","fit","75593.png","JFL",210,"Marbella","España",3.2,<dbl>,<int>,3.2,"https://supermanager.acb.com/files/logo/75539.png",5,FALSE,"R. Guerrero","MoraBanc Andorra",30,-12.8
"13/08/1997",TRUE,0,16,"0000828738_5-6_03.jpg",TRUE,17,"Ortega",13,"20250915T142625+0000",131212,"190",TRUE,FALSE,190000,"Chumi Ortega","0000828718_5-6_03.jpg","https://www.acb.com/jugador/todos-sus-partidos/id/20210959","fit","75593.png","JFL",211,"Yecla","España",2.6,<dbl>,<int>,2.6,"https://supermanager.acb.com/files/logo/75539.png",3,FALSE,"C. Ortega","MoraBanc Andorra",28,-10.8
"01/03/2008",TRUE,0,5.6,"0000850682_5-6_03.jpg",TRUE,16,"Keita",41,"20251019T165834+0000",45258,"212",TRUE,FALSE,120000,"Sayon Keita","0000837247_5-6_03.jpg","https://www.acb.com/jugador/todos-sus-partidos/id/30003348","fit","2324BarcaLogoweb.png","JFL",251,"Bamako","Malí",0.5,<dbl>,<int>,4.3,"https://supermanager.acb.com/files/logo/2324BarcaLogoweb.png",5,FALSE,"S. Keita","Barça",18,3.1
"28/02/2007",TRUE,0,6,"defaultBody.jpg",TRUE,16,"González",47,"20251216T102729+0000",62641,"190",TRUE,FALSE,110000,"Dani González","0000836912_5-6_03.jpg",NA,"fit","2324BarcaLogoweb.png","JFL",269,"Villaobispo de las Regueras","España",0.5,<dbl>,<int>,4.9,"https://supermanager.acb.com/files/logo/2324BarcaLogoweb.png",3,FALSE,"D. González","Barça",19,3.8
"25/03/2004",TRUE,0,9.7,"0000828667_5-6_03.jpg",TRUE,17,"Ganal",8,"20250930T143801+0000",41487,"185",TRUE,FALSE,110000,"Aaron Ganal","0000828655_5-6_03.jpg",NA,"fit","75593.png","JFL",238,"Andorra la Vella","Andorra",-0.5,<NULL>,<int>,8.8,"https://supermanager.acb.com/files/logo/75539.png",1,FALSE,"A. Ganal","MoraBanc Andorra",22,7.9
"02/04/1989",TRUE,0,111.6,"0000831010_5-6_03.jpg",TRUE,11,"Shermadini",19,"20250915T142624+0000",1014828,"217",FALSE,FALSE,8e+05,"Giorgi Shermadini","0000831003_5-6_03.jpg","https://www.acb.com/jugador/todos-sus-partidos/id/20210659","injured","2425LaLagunaTenerifeLogo.png","EUR",127,"Mtskheta","Georgia",20.3,<dbl>,<int>,20.3,"https://supermanager.acb.com/files/logo/2425LaLagunaTenerifeLogoneg.png",5,FALSE,"G. Shermadini","La Laguna Tenerife",37,-71
"10/04/2000",TRUE,0,110.9,"0000835904_5-6_03.jpg",TRUE,13,"Pantzar",19,"20250915T142624+0000",955806,"190",TRUE,FALSE,630000,"Melwin Pantzar","0000835895_5-6_03.jpg","https://www.acb.com/jugador/todos-sus-partidos/id/20212357","fit","logo_surnebb_pos.png","JFL",158,"Valsta","Suecia",19.1,<dbl>,<int>,19.1,"https://supermanager.acb.com/files/logo/logo_surnebb_neg.png",1,FALSE,"M. Pantzar","Surne Bilbao",26,-72.6
"25/05/1983",TRUE,0,100.3,"0000831121_5-6_03.jpg",TRUE,11,"Huertas",9,"20250915T142624+0000",912069,"191",FALSE,FALSE,820000,"Marcelinho Huertas","0000831109_5-6_03.jpg","https://www.acb.com/jugador/todos-sus-partidos/id/20201760","fit","2425LaLagunaTenerifeLogo.png","EUR",129,"Sao Paulo","Italia",18.2,<dbl>,<int>,18.2,"https://supermanager.acb.com/files/logo/2425LaLagunaTenerifeLogoneg.png",1,FALSE,"M. Huertas","La Laguna Tenerife",43,-63.8
"28/10/1997",TRUE,0,104.2,"0000835969_5-6_03.jpg",TRUE,13,"Hlinason",32,"20250915T142624+0000",875625,"215",FALSE,FALSE,640000,"Tryggvi Hlinason","0000835957_5-6_03.jpg","https://www.acb.com/jugador/todos-sus-partidos/id/20212461","fit","logo_surnebb_pos.png","EUR",153,"Akureyri","Islandia",17.5,<dbl>,<int>,17.5,"https://supermanager.acb.com/files/logo/logo_surnebb_neg.png",5,FALSE,"T. Hlinason","Surne Bilbao",28,-69.2
"11/08/1988",TRUE,0,38.2,"0000898921_5-6_03.jpg",TRUE,11,"Mills",88,"20260320T135252+0000",721000,"183",FALSE,FALSE,460000,"Patty Mills","0000898914_5-6_03.jpg","https://www.acb.com/jugador/todos-sus-partidos/id/30005322","fit","2425LaLagunaTenerifeLogo.png","EXT",318,"Camberra","Australia",14.4,<dbl>,<int>,14.4,"https://supermanager.acb.com/files/logo/2425LaLagunaTenerifeLogoneg.png",1,TRUE,"P. Mills","La Laguna Tenerife",37,-9.4
"04/06/1993",TRUE,0,72.2,"0000831050_5-6_03.jpg",TRUE,11,"Fernández",3,"20250915T142624+0000",622581,"186",TRUE,FALSE,250000,"Jaime Fernández","0000831035_5-6_03.jpg","https://www.acb.com/jugador/todos-sus-partidos/id/20204124","fit","2425LaLagunaTenerifeLogo.png","JFL",136,"Madrid","España",12.5,<dbl>,<int>,12.5,"https://supermanager.acb.com/files/logo/2425LaLagunaTenerifeLogoneg.png",3,FALSE,"J. Fernández","La Laguna Tenerife",33,-47.3
"13/04/1993",TRUE,0,63.5,"0000835758_5-6_03.jpg",TRUE,13,"Hilliard",11,"20250915T142624+0000",562000,"198",FALSE,FALSE,520000,"Darrun Hilliard","0000835743_5-6_03.jpg","https://www.acb.com/jugador/todos-sus-partidos/id/20212984","fit","logo_surnebb_pos.png","EXT",157,"Bethlehem (Pennsylvania)","EE.UU.",11.2,<dbl>,<int>,11.2,"https://supermanager.acb.com/files/logo/logo_surnebb_neg.png",3,TRUE,"D. Hilliard","Surne Bilbao",33,-41
"10/03/1995",TRUE,0,58.3,"0000835889_5-6_03.jpg",TRUE,13,"Krampelj",10,"20250915T142624+0000",490000,"206",FALSE,FALSE,4e+05,"Martin Krampelj","0000835873_5-6_03.jpg","https://www.acb.com/jugador/todos-sus-partidos/id/30000192","fit","logo_surnebb_pos.png","EUR",152,"Ljubljana","Eslovenia",9.8,<dbl>,<int>,9.8,"https://supermanager.acb.com/files/logo/logo_surnebb_neg.png",5,FALSE,"M. Krampelj","Surne Bilbao",31,-38.7
"26/09/1991",TRUE,0,57.8,"0000831172_5-6_03.jpg",TRUE,11,"Scrubb",11,"20250915T142624+0000",473636,"198",FALSE,FALSE,380000,"Thomas Scrubb","0000831161_5-6_03.jpg","https://www.acb.com/jugador/todos-sus-partidos/id/30001166","fit","2425LaLagunaTenerifeLogo.png","EUR",126,"Montreal","Reino Unido",9.5,<dbl>,<int>,9.5,"https://supermanager.acb.com/files/logo/2425LaLagunaTenerifeLogoneg.png",3,FALSE,"T. Scrubb","La Laguna Tenerife",34,-38.8
"23/12/1992",TRUE,0,56.2,"0000830991_5-6_03.jpg",TRUE,11,"Guerra",35,"20250915T142624+0000",472500,"214",TRUE,FALSE,590000,"Fran Guerra","0000830977_5-6_03.jpg","https://www.acb.com/jugador/todos-sus-partidos/id/20209934","fit","2425LaLagunaTenerifeLogo.png","JFL",138,"Las Palmas de Gran Canaria","España",9.5,<dbl>,<int>,9.4,"https://supermanager.acb.com/files/logo/2425LaLagunaTenerifeLogoneg.png",5,FALSE,"F. Guerra","La Laguna Tenerife",33,-37.3
"16/08/1992",TRUE,0,50.9,"0000831151_5-6_03.jpg",TRUE,11,"Giedraitis",31,"20250915T142624+0000",462759,"200",FALSE,FALSE,330000,"Rokas Giedraitis","0000831145_5-6_03.jpg","https://www.acb.com/jugador/todos-sus-partidos/id/30000306","injured","2425LaLagunaTenerifeLogo.png","EUR",128,"Taurage","Lituania",9.3,<NULL>,<int>,9.3,"https://supermanager.acb.com/files/logo/2425LaLagunaTenerifeLogoneg.png",3,FALSE,"R. Giedraitis","La Laguna Tenerife",33,-32.4
"11/11/1994",TRUE,0,9.6,"0000918515_5-6_03.jpg",TRUE,11,"Fridriksson",10,"20260522T160848+0000",396750,"183",FALSE,FALSE,3e+05,"Elvar Fridriksson","0000918504_5-6_03.jpg",NA,"fit","2425LaLagunaTenerifeLogo.png","EUR",335,"Njardvik","Islandia",8.9,<dbl>,<int>,6,"https://supermanager.acb.com/files/logo/2425LaLagunaTenerifeLogoneg.png",1,FALSE,"E. Fridriksson","La Laguna Tenerife",31,2.4
"27/05/1997",TRUE,0,46.1,"0000835792_5-6_03.jpg",TRUE,13,"Frey",3,"20250915T142624+0000",430714,"188",FALSE,FALSE,380000,"Harald Frey","0000835775_5-6_03.jpg","https://www.acb.com/jugador/todos-sus-partidos/id/30003398","fit","logo_surnebb_pos.png","EUR",151,"Oslo","Noruega",8.6,<dbl>,<int>,8.6,"https://supermanager.acb.com/files/logo/logo_surnebb_neg.png",1,FALSE,"H. Frey","Surne Bilbao",29,-28.9
"05/12/1985",TRUE,0,49.5,"0000830931_5-6_03.jpg",TRUE,11,"Doornekamp",42,"20250915T142624+0000",427097,"201",FALSE,FALSE,340000,"Aaron Doornekamp","0000830913_5-6_03.jpg","https://www.acb.com/jugador/todos-sus-partidos/id/20212189","fit","2425LaLagunaTenerifeLogo.png","EUR",131,"Napanee","Países Bajos",8.5,<dbl>,<int>,8.5,"https://supermanager.acb.com/files/logo/2425LaLagunaTenerifeLogoneg.png",5,FALSE,"A. Doornekamp","La Laguna Tenerife",40,-32.5
"17/09/1989",TRUE,0,49.5,"0000831186_5-6_03.jpg",TRUE,11,"Abromaitis",21,"20250915T142624+0000",405758,"203",FALSE,FALSE,310000,"Tim Abromaitis","0000831180_5-6_03.jpg","https://www.acb.com/jugador/todos-sus-partidos/id/20211625","fit","2425LaLagunaTenerifeLogo.png","EUR",125,"Waterbury (Connecticut)","EE.UU.",8.1,<dbl>,<int>,8.1,"https://supermanager.acb.com/files/logo/2425LaLagunaTenerifeLogoneg.png",5,FALSE,"T. Abromaitis","La Laguna Tenerife",36,-33.3
"22/01/1996",TRUE,0,36.2,"0000831206_5-6_03.jpg",TRUE,11,"Van Beck",4,"20250915T142624+0000",393913,"192",FALSE,FALSE,410000,"Wesley Van Beck","0000831198_5-6_03.jpg","https://www.acb.com/jugador/todos-sus-partidos/id/30003999","fit","2425LaLagunaTenerifeLogo.png","EXT",132,"Houston (Texas)","EE.UU.",7.9,<dbl>,<int>,7.9,"https://supermanager.acb.com/files/logo/2425LaLagunaTenerifeLogoneg.png",3,TRUE,"W. Van Beck","La Laguna Tenerife",30,-20.5
"27/10/1996",TRUE,0,46.7,"0000835870_5-6_03.jpg",TRUE,13,"Normantas",2,"20250915T142624+0000",392500,"194",FALSE,FALSE,250000,"Margiris Normantas","0000835850_5-6_03.jpg","https://www.acb.com/jugador/todos-sus-partidos/id/30004013","fit","logo_surnebb_pos.png","EUR",154,"Vilna","Lituania",7.9,<dbl>,<int>,7.8,"https://supermanager.acb.com/files/logo/logo_surnebb_neg.png",3,FALSE,"M. Normantas","Surne Bilbao",29,-31
"21/06/1999",TRUE,0,45.1,"0000835816_5-6_03.jpg",TRUE,13,"Jaworski",7,"20250915T142624+0000",378750,"190",FALSE,FALSE,410000,"Justin Jaworski","0000835803_5-6_03.jpg","https://www.acb.com/jugador/todos-sus-partidos/id/30003944","fit","logo_surnebb_pos.png","EXT",156,"Schwenksville (Pennsylvania)","EE.UU.",7.6,<dbl>,<int>,7.6,"https://supermanager.acb.com/files/logo/logo_surnebb_neg.png",3,TRUE,"J. Jaworski","Surne Bilbao",26,-29.9
"02/08/1991",TRUE,0,43.5,"0000830945_5-6_03.jpg",TRUE,11,"Fitipaldo",6,"20250915T142624+0000",365312,"183",FALSE,FALSE,420000,"Bruno Fitipaldo","0000830934_5-6_03.jpg","https://www.acb.com/jugador/todos-sus-partidos/id/20212972","injured","2425LaLagunaTenerifeLogo.png","EUR",130,"Montevideo","Italia",7.3,<dbl>,<int>,7.3,"https://supermanager.acb.com/files/logo/2425LaLagunaTenerifeLogoneg.png",1,FALSE,"B. Fitipaldo","La Laguna Tenerife",34,-28.9
"17/08/1995",TRUE,0,43.5,"0000835845_5-6_03.jpg",TRUE,13,"Petrasek",18,"20250915T142624+0000",365938,"208",FALSE,FALSE,3e+05,"Luke Petrasek","0000835832_5-6_03.jpg","https://www.acb.com/jugador/todos-sus-partidos/id/30003947","fit","logo_surnebb_pos.png","EUR",155,"Northport (Nueva York)","Polonia",7.3,<dbl>,<int>,7.3,"https://supermanager.acb.com/files/logo/logo_surnebb_neg.png",5,FALSE,"L. Petrasek","Surne Bilbao",30,-28.9
"10/09/2006",TRUE,0,33.5,"0000835726_5-6_03.jpg",TRUE,13,"Bagayoko",13,"20250915T142624+0000",304138,"207",TRUE,FALSE,2e+05,"Bassala Bagayoko","0000835716_5-6_03.jpg","https://www.acb.com/jugador/todos-sus-partidos/id/20213102","fit","logo_surnebb_pos.png","JFL",159,"Bamako","Malí",6.1,<dbl>,<int>,6.1,"https://supermanager.acb.com/files/logo/logo_surnebb_neg.png",5,FALSE,"B. Bagayoko","Surne Bilbao",19,-21.3
"14/03/1996",TRUE,0,16.7,"0000918535_5-6_03.jpg",TRUE,11,"Yebo",25,"20260527T100847+0000",450500,"207",FALSE,FALSE,530000,"Kevin Yebo","0000918527_5-6_03.jpg",NA,"fit","2425LaLagunaTenerifeLogo.png","EUR",337,"Bonn","Alemania",4,<dbl>,<int>,14,"https://supermanager.acb.com/files/logo/2425LaLagunaTenerifeLogoneg.png",5,FALSE,"K. Yebo","La Laguna Tenerife",30,11.3
"10/12/1991",TRUE,0,16.6,"0000831068_5-6_03.jpg",TRUE,11,"Sastre",15,"20250915T142624+0000",175000,"201",TRUE,FALSE,2e+05,"Joan Sastre","0000831055_5-6_03.jpg","https://www.acb.com/jugador/todos-sus-partidos/id/20203882","fit","2425LaLagunaTenerifeLogo.png","JFL",135,"Inca","España",3.5,<dbl>,<int>,3.5,"https://supermanager.acb.com/files/logo/2425LaLagunaTenerifeLogoneg.png",3,FALSE,"J. Sastre","La Laguna Tenerife",34,-9.6
"01/10/2001",TRUE,0,11.1,"0000835706_5-6_03.jpg",TRUE,13,"Sylla",20,"20250915T142624+0000",156250,"206",TRUE,FALSE,150000,"Amar Sylla","0000835694_5-6_03.jpg","https://www.acb.com/jugador/todos-sus-partidos/id/30002005","fit","logo_surnebb_pos.png","JFL",161,"Dakar","Senegal",3.1,<dbl>,<int>,3.1,"https://supermanager.acb.com/files/logo/logo_surnebb_neg.png",5,FALSE,"A. Sylla","Surne Bilbao",24,-4.8
"20/08/1996",TRUE,0,13.2,"0000835944_5-6_03.jpg",TRUE,13,"Lazarevic",73,"20250915T142624+0000",134400,"198",FALSE,FALSE,460000,"Stefan Lazarevic","0000835933_5-6_03.jpg","https://www.acb.com/jugador/todos-sus-partidos/id/30004012","fit","logo_surnebb_pos.png","EUR",150,"Belgrado","Serbia",2.7,<dbl>,<int>,2.7,"https://supermanager.acb.com/files/logo/logo_surnebb_neg.png",3,FALSE,"S. Lazarevic","Surne Bilbao",29,-7.8
"11/03/1998",TRUE,0,-3.2,"0000835675_5-6_03.jpg",TRUE,13,"Font",22,"20250915T142624+0000",75790,"194",TRUE,FALSE,130000,"Aleix Font","0000835664_5-6_03.jpg","https://www.acb.com/jugador/todos-sus-partidos/id/20210147","fit","logo_surnebb_pos.png","JFL",160,"Barcelona","España",1.9,<dbl>,<int>,-9.8,"https://supermanager.acb.com/files/logo/logo_surnebb_neg.png",3,FALSE,"A. Font","Surne Bilbao",28,-16.4
"06/03/2002",TRUE,0,3.5,"0000831032_5-6_03.jpg",TRUE,11,"Alderete",33,"20250915T142624+0000",47059,"203",TRUE,FALSE,180000,"Héctor Alderete","0000831022_5-6_03.jpg","https://www.acb.com/jugador/todos-sus-partidos/id/20212488","fit","2425LaLagunaTenerifeLogo.png","JFL",137,"Madrid","España",0.9,<dbl>,<int>,0.9,"https://supermanager.acb.com/files/logo/2425LaLagunaTenerifeLogoneg.png",3,FALSE,"H. Alderete","La Laguna Tenerife",24,-1.6
"01/05/2006",TRUE,0,4.7,"0000835690_5-6_03.jpg",TRUE,13,"Zecevic",12,"20251004T165835+0000",102000,"208",FALSE,FALSE,120000,"Aleksandar Zecevic","0000835686_5-6_03.jpg",NA,"fit","logo_surnebb_pos.png","EUR",246,"Prokuplje","Serbia",0,<NULL>,<int>,4.1,"https://supermanager.acb.com/files/logo/logo_surnebb_neg.png",5,FALSE,"A. Zecevic","Surne Bilbao",20,3.5
"30/07/2007",TRUE,0,5.5,"defaultBody.jpg",TRUE,13,"Errasti",5,"20251203T210955+0000",79475,"190",TRUE,FALSE,110000,"Bingen Errasti","defaultFace.jpg",NA,"fit","logo_surnebb_pos.png","JFL",260,"Arrasate (Gipuzkoa)","España",0,<NULL>,<int>,4.8,"https://supermanager.acb.com/files/logo/logo_surnebb_neg.png",1,FALSE,"B. Errasti","Surne Bilbao",18,4.1
"11/09/2005",TRUE,0,2.5,"defaultBody.jpg",TRUE,13,NA,9,"20260125T015028+0000",110000,"201",TRUE,FALSE,110000,"Urko Madariaga","0000851921_5-6_03.jpg",NA,"fit","logo_surnebb_pos.png","JFL",287,"Portugalete","España",0,<NULL>,<int>,2.2,"https://supermanager.acb.com/files/logo/logo_surnebb_neg.png",5,FALSE,"U. Madariaga","Surne Bilbao",20,1.9
"16/10/2007",TRUE,0,2.8,"defaultBody.jpg",TRUE,13,"Mintegui",6,"20260306T135254+0000",120000,"191",TRUE,FALSE,120000,"Aimar Mintegui","0000851783_5-6_03.jpg",NA,"fit","logo_surnebb_pos.png","JFL",308,"Barakaldo","España",0,<NULL>,<int>,2.4,"https://supermanager.acb.com/files/logo/logo_surnebb_neg.png",3,FALSE,"A. Mintegui","Surne Bilbao",18,2
"07/04/2007",TRUE,0,3.2,"0000897615_5-6_03.jpg",TRUE,11,"Sangare",24,"20260314T195253+0000",140000,"204",TRUE,FALSE,140000,"Mohamed Sangare","0000897607_5-6_03.jpg",NA,"fit","2425LaLagunaTenerifeLogo.png","JFL",317,"Bamako","Malí",0,<NULL>,<int>,2.8,"https://supermanager.acb.com/files/logo/2425LaLagunaTenerifeLogoneg.png",5,FALSE,"M. Sangare","La Laguna Tenerife",19,2.4
"16/10/2004",TRUE,0,8.9,"0000830971_5-6_03.jpg",TRUE,11,"Bordón",16,"20250918T180459+0000",38469,"191",FALSE,FALSE,120000,"Dylan Bordón","0000830960_5-6_03.jpg","https://www.acb.com/jugador/todos-sus-partidos/id/30002042/temporada_id/2025/casa_fuera_id/0/victorias_derrotas_id/0/mes_id/0#cuerpo","fit","2425LaLagunaTenerifeLogo.png","EUR",232,"Corrientes","Italia",-0.3,<dbl>,<int>,8,"https://supermanager.acb.com/files/logo/2425LaLagunaTenerifeLogoneg.png",1,FALSE,"D. Bordón","La Laguna Tenerife",21,7
"21/10/1990",TRUE,0,105.6,"0000882552_5-6_03.jpg",TRUE,8,"Rubio",9,"20250915T142624+0000",959655,"189",TRUE,FALSE,540000,"Ricky Rubio","0000882539_5-6_03.jpg","https://www.acb.com/jugador/todos-sus-partidos/id/20201871","fit","202526AsisaJoventutLogoPosisitvo.png","JFL",95,"El Masnou (Barcelona)","España",19.2,<dbl>,<int>,19.2,"https://supermanager.acb.com/files/logo/202526AsisaJoventutLogoNegativo.png",1,FALSE,"R. Rubio","Asisa Joventut",35,-67.2
"17/02/1987",TRUE,0,87.8,"0000882259_5-6_03.jpg",TRUE,8,"Tomic",44,"20250915T142624+0000",954348,"217",FALSE,FALSE,9e+05,"Ante Tomic","0000882239_5-6_03.jpg","https://www.acb.com/jugador/todos-sus-partidos/id/20202172","injured","202526AsisaJoventutLogoPosisitvo.png","EUR",88,"Dubrovnik","Croacia",19.1,<NULL>,<int>,19.1,"https://supermanager.acb.com/files/logo/202526AsisaJoventutLogoNegativo.png",5,FALSE,"A. Tomic","Asisa Joventut",39,-49.6
"25/08/1997",TRUE,0,92.6,"0000882282_5-6_03.jpg",TRUE,8,"Hunt",24,"20250915T142624+0000",798065,"191",FALSE,FALSE,550000,"Cameron Hunt","0000882274_5-6_03.jpg","https://www.acb.com/jugador/todos-sus-partidos/id/30003415","fit","202526AsisaJoventutLogoPosisitvo.png","EXT",91,"Nebraska","EE.UU.",16,<dbl>,<int>,16,"https://supermanager.acb.com/files/logo/202526AsisaJoventutLogoNegativo.png",3,TRUE,"C. Hunt","Asisa Joventut",28,-60.7
"20/10/1994",TRUE,0,92.6,"0000830082_5-6_03.jpg",TRUE,3,"Geben",12,"20250915T142623+0000",741176,"208",FALSE,FALSE,560000,"Martinas Geben","0000830071_5-6_03.jpg","https://www.acb.com/jugador/todos-sus-partidos/id/30002443","fit","BASQUET-GIRONA-Logonegativo2223.png","EUR",25,"Vilnus","Lituania",14.8,<dbl>,<int>,14.8,"https://supermanager.acb.com/files/logo/BASQUET-GIRONA-Logonegativo2223.png",5,FALSE,"M. Geben","Bàsquet Girona",31,-63
"12/10/1996",TRUE,0,88.1,"0000830194_5-6_03.jpg",TRUE,3,"Livingston",11,"20250915T142623+0000",704706,"181",FALSE,FALSE,570000,"Otis Livingston","0000830179_5-6_03.jpg","https://www.acb.com/jugador/todos-sus-partidos/id/30003939","fit","BASQUET-GIRONA-Logonegativo2223.png","EXT",27,"Illinois","EE.UU.",14.1,<dbl>,<int>,14.1,"https://supermanager.acb.com/files/logo/BASQUET-GIRONA-Logonegativo2223.png",1,TRUE,"O. Livingston","Bàsquet Girona",29,-59.9
"15/03/1995",TRUE,0,36.9,"0000889680_5-6_03.jpg",TRUE,8,"Parker",11,"20260305T135251+0000",625000,"203",FALSE,FALSE,620000,"Jabari Parker","0000889649_5-6_03.jpg","https://www.acb.com/jugador/todos-sus-partidos/id/30002721","fit","202526AsisaJoventutLogoPosisitvo.png","EXT",305,"Chicago (Illinois)","EE.UU.",12.5,<dbl>,<int>,12.5,"https://supermanager.acb.com/files/logo/202526AsisaJoventutLogoNegativo.png",5,TRUE,"J. Parker","Asisa Joventut",31,-11.9
"23/10/1997",TRUE,0,60.5,"0000882593_5-6_03.jpg",TRUE,8,"Birgander",35,"20250915T142624+0000",581852,"209",FALSE,FALSE,4e+05,"Simon Birgander","0000882579_5-6_03.jpg","https://www.acb.com/jugador/todos-sus-partidos/id/20212423","fit","202526AsisaJoventutLogoPosisitvo.png","EUR",87,"Kvistofta","Suecia",11.6,<dbl>,<int>,11.6,"https://supermanager.acb.com/files/logo/202526AsisaJoventutLogoNegativo.png",5,FALSE,"S. Birgander","Asisa Joventut",28,-37.2
"21/11/2002",TRUE,0,45.3,"0000830032_5-6_03.jpg",TRUE,3,"Fernández",21,"20250915T142623+0000",546000,"210",TRUE,FALSE,450000,"Juan Fernández","0000830024_5-6_03.jpg","https://www.acb.com/jugador/todos-sus-partidos/id/30000138","fit","BASQUET-GIRONA-Logonegativo2223.png","JFL",31,"Santa Fe","España",10.9,<dbl>,<int>,10.9,"https://supermanager.acb.com/files/logo/BASQUET-GIRONA-Logonegativo2223.png",5,FALSE,"J. Fernández","Bàsquet Girona",23,-23.5
"02/03/1999",TRUE,0,59.6,"0000830210_5-6_03.jpg",TRUE,3,"Busquets",4,"20250915T142623+0000",476765,"201",TRUE,FALSE,3e+05,"Pep Busquets","0000830205_5-6_03.jpg","https://www.acb.com/jugador/todos-sus-partidos/id/20211754","fit","BASQUET-GIRONA-Logonegativo2223.png","JFL",32,"Granollers","España",9.5,<dbl>,<int>,9.5,"https://supermanager.acb.com/files/logo/BASQUET-GIRONA-Logonegativo2223.png",3,FALSE,"P. Busquets","Bàsquet Girona",27,-40.5
"10/05/1999",TRUE,0,54.1,"0000830253_5-6_03.jpg",TRUE,3,"Martínez",23,"20250915T142623+0000",466774,"202",TRUE,FALSE,250000,"Sergi Martínez","0000830245_5-6_03.jpg","https://www.acb.com/jugador/todos-sus-partidos/id/20210335","injured","BASQUET-GIRONA-Logonegativo2223.png","JFL",29,"Rubí","España",9.3,<dbl>,<int>,9.3,"https://supermanager.acb.com/files/logo/BASQUET-GIRONA-Logonegativo2223.png",3,FALSE,"S. Martínez","Bàsquet Girona",27,-35.5
"04/10/2006",TRUE,0,48.2,"0000882484_5-6_03.jpg",TRUE,8,"Ruzic",23,"20250915T142624+0000",463333,"206",FALSE,FALSE,180000,"Michael Ruzic","0000882472_5-6_03.jpg","https://www.acb.com/jugador/todos-sus-partidos/id/30002869","fit","202526AsisaJoventutLogoPosisitvo.png","EUR",89,"Besancon","Croacia",9.3,<dbl>,<int>,9.3,"https://supermanager.acb.com/files/logo/202526AsisaJoventutLogoNegativo.png",5,FALSE,"M. Ruzic","Asisa Joventut",19,-29.7
"15/02/1997",TRUE,0,53.6,"0000830058_5-6_03.jpg",TRUE,3,"Hughes",8,"20250915T142623+0000",429118,"199",FALSE,FALSE,430000,"Mark Hughes","0000830052_5-6_03.jpg","https://www.acb.com/jugador/todos-sus-partidos/id/30004008","fit","BASQUET-GIRONA-Logonegativo2223.png","EXT",28,"Youngstown (Ohio)","EE.UU.",8.6,<dbl>,<int>,8.6,"https://supermanager.acb.com/files/logo/BASQUET-GIRONA-Logonegativo2223.png",3,TRUE,"M. Hughes","Bàsquet Girona",29,-36.5
"20/10/1990",TRUE,0,54,"0000829969_5-6_03.jpg",TRUE,3,"Needham",5,"20250915T142623+0000",432353,"180",FALSE,FALSE,480000,"Derek Needham","0000829958_5-6_03.jpg","https://www.acb.com/jugador/todos-sus-partidos/id/30003946","fit","BASQUET-GIRONA-Logonegativo2223.png","EUR",34,"Harvey","Montenegro",8.6,<dbl>,<int>,8.6,"https://supermanager.acb.com/files/logo/BASQUET-GIRONA-Logonegativo2223.png",1,FALSE,"D. Needham","Bàsquet Girona",35,-36.7
"16/10/2002",TRUE,0,50.9,"0000882623_5-6_03.jpg",TRUE,8,"Kraag",1,"20250915T142624+0000",427813,"202",TRUE,FALSE,250000,"Yannick Kraag","0000882607_5-6_03.jpg","https://www.acb.com/jugador/todos-sus-partidos/id/30000095","fit","202526AsisaJoventutLogoPosisitvo.png","JFL",94,"Amsterdam","Países Bajos",8.6,<dbl>,<int>,8.6,"https://supermanager.acb.com/files/logo/202526AsisaJoventutLogoNegativo.png",3,FALSE,"Y. Kraag","Asisa Joventut",23,-33.8
"12/04/1989",TRUE,0,49.3,"0000882224_5-6_03.jpg",TRUE,8,"Hanga",88,"20250915T142624+0000",425161,"201",FALSE,FALSE,3e+05,"Adam Hanga","0000882205_5-6_03.jpg","https://www.acb.com/jugador/todos-sus-partidos/id/20209836","fit","202526AsisaJoventutLogoPosisitvo.png","EUR",90,"Budapest","Hungría",8.5,<dbl>,<int>,8.5,"https://supermanager.acb.com/files/logo/202526AsisaJoventutLogoNegativo.png",3,FALSE,"A. Hanga","Asisa Joventut",37,-32.3
"22/03/1996",TRUE,0,48.2,"0000882456_5-6_03.jpg",TRUE,8,"Hakanson",12,"20250915T142624+0000",415484,"189",TRUE,FALSE,370000,"Ludde Hakanson","0000829272_5-6_03.jpg","https://www.acb.com/jugador/todos-sus-partidos/id/20210498","fit","202526AsisaJoventutLogoPosisitvo.png","JFL",96,"Matteus (Estocolmo)","Suecia",8.3,<dbl>,<int>,8.3,"https://supermanager.acb.com/files/logo/202526AsisaJoventutLogoNegativo.png",1,FALSE,"L. Hakanson","Asisa Joventut",30,-31.6
"19/12/1998",TRUE,0,39.5,"0000830145_5-6_03.jpg",TRUE,3,"Maric",25,"20250915T142623+0000",349333,"206",TRUE,FALSE,260000,"Nikola Maric","0000830141_5-6_03.jpg","https://www.acb.com/jugador/todos-sus-partidos/id/20211466","injured","BASQUET-GIRONA-Logonegativo2223.png","JFL",30,"Trebinje","Bosnia y Herzegovina",7,<dbl>,<int>,7,"https://supermanager.acb.com/files/logo/BASQUET-GIRONA-Logonegativo2223.png",5,FALSE,"N. Maric","Bàsquet Girona",27,-25.5
"18/09/2002",TRUE,0,18,"0000902444_5-6_03.jpg",TRUE,3,"Hildreth",6,"20260402T161043+0000",340000,"195",FALSE,FALSE,3e+05,"Cameron Hildreth","0000902442_5-6_03.jpg",NA,"fit","BASQUET-GIRONA-Logonegativo2223.png","EUR",323,"Worthing","Reino Unido",6.8,<dbl>,<int>,6.8,"https://supermanager.acb.com/files/logo/BASQUET-GIRONA-Logonegativo2223.png",3,FALSE,"C. Hildreth","Bàsquet Girona",23,-4.4
"15/01/1996",TRUE,0,33.6,"0000830230_5-6_03.jpg",TRUE,3,"Vildoza",10,"20250915T142623+0000",282500,"190",FALSE,FALSE,350000,"Pepe Vildoza","0000830223_5-6_03.jpg","https://www.acb.com/jugador/todos-sus-partidos/id/30003990","fit","BASQUET-GIRONA-Logonegativo2223.png","EUR",26,"Cordoba","Italia",5.6,<dbl>,<int>,5.7,"https://supermanager.acb.com/files/logo/BASQUET-GIRONA-Logonegativo2223.png",1,FALSE,"P. Vildoza","Bàsquet Girona",30,-22.3
"22/02/1995",TRUE,0,32.5,"0000830126_5-6_03.jpg",TRUE,3,"Susinskas",29,"20250915T142623+0000",266667,"204",FALSE,FALSE,2e+05,"Mindaugas Susinskas","0000830114_5-6_03.jpg","https://www.acb.com/jugador/todos-sus-partidos/id/30002674","fit","BASQUET-GIRONA-Logonegativo2223.png","EUR",23,"Alytus","Lituania",5.3,<dbl>,<int>,5.3,"https://supermanager.acb.com/files/logo/BASQUET-GIRONA-Logonegativo2223.png",5,FALSE,"M. Susinskas","Bàsquet Girona",31,-21.9
"17/07/1998",TRUE,0,21.5,"0000910114_5-6_03.jpg",TRUE,3,"Karnik",13,"20260424T151547+0000",328551,"206",FALSE,FALSE,260000,"James Karnik","0000910105_5-6_03.jpg",NA,"fit","BASQUET-GIRONA-Logonegativo2223.png","EUR",327,"New Westminster","Chequia",5.2,<dbl>,<int>,14.6,"https://supermanager.acb.com/files/logo/BASQUET-GIRONA-Logonegativo2223.png",5,FALSE,"J. Karnik","Bàsquet Girona",27,7.7
"25/04/2000",TRUE,0,27.6,"0000882388_5-6_03.jpg",TRUE,8,"Drell",0,"20251001T083758+0000",232188,"206",FALSE,FALSE,230000,"Henri Drell","0000882377_5-6_03.jpg","https://www.acb.com/jugador/todos-sus-partidos/id/30003922","fit","202526AsisaJoventutLogoPosisitvo.png","EUR",239,"Tallin","Estonia",4.6,<dbl>,<int>,4.6,"https://supermanager.acb.com/files/logo/202526AsisaJoventutLogoNegativo.png",5,FALSE,"H. Drell","Asisa Joventut",26,-18.3
"25/11/1997",TRUE,0,12.1,"0000830099_5-6_03.jpg",TRUE,3,"Fjellerup",2,"20250915T142623+0000",270215,"198",FALSE,FALSE,440000,"Maxi Fjellerup","0000830093_5-6_03.jpg","acb.com/jugador/temporada-a-temporada/id/30001997","injured","BASQUET-GIRONA-Logonegativo2223.png","EUR",24,"Tres Arroyos","Argentina",4.3,<NULL>,<int>,8.8,"https://supermanager.acb.com/files/logo/BASQUET-GIRONA-Logonegativo2223.png",3,FALSE,"M. Fjellerup","Bàsquet Girona",28,5.6
"16/06/1993",TRUE,0,20.7,"0000882365_5-6_03.jpg",TRUE,8,"Vives",16,"20250915T142624+0000",199259,"192",TRUE,FALSE,2e+05,"Guillem Vives","0000882351_5-6_03.jpg","https://www.acb.com/jugador/todos-sus-partidos/id/20204158","fit","202526AsisaJoventutLogoPosisitvo.png","JFL",97,"Barcelona","España",4,<dbl>,<int>,4,"https://supermanager.acb.com/files/logo/202526AsisaJoventutLogoNegativo.png",1,FALSE,"G. Vives","Asisa Joventut",32,-12.8
"12/09/2006",TRUE,0,2.9,"0000904573_5-6_03.jpg",TRUE,8,"Torres",20,"20251005T105831+0000",115000,"203",TRUE,FALSE,1e+05,"Adrián Torres","0000904551_5-6_03.jpg",NA,"fit","202526AsisaJoventutLogoPosisitvo.png","JFL",248,"Bunyola","España",2.4,<dbl>,<int>,2.2,"https://supermanager.acb.com/files/logo/202526AsisaJoventutLogoNegativo.png",3,FALSE,"A. Torres","Asisa Joventut",19,1.5
"31/08/1993",TRUE,0,15.2,"0000917597_5-6_03.jpg",TRUE,8,"Morin",25,"20260520T160845+0000",283475,"208",FALSE,FALSE,290000,"Yannis Morin","0000917596_5-6_03.jpg",NA,"fit","202526AsisaJoventutLogoPosisitvo.png","EUR",334,"Fort-De-France","Francia",2.2,<dbl>,<int>,12.6,"https://supermanager.acb.com/files/logo/202526AsisaJoventutLogoNegativo.png",5,FALSE,"Y. Morin","Asisa Joventut",32,10.1
"08/01/2002",TRUE,0,8.9,"0000830009_5-6_03.jpg",TRUE,3,"Ferrando",9,"20250915T142623+0000",93750,"184",TRUE,FALSE,180000,"Guillem Ferrando","0000830002_5-6_03.jpg","https://www.acb.com/jugador/todos-sus-partidos/id/20212102","fit","BASQUET-GIRONA-Logonegativo2223.png","JFL",33,"Benifairo de la Valldigna","España",1.9,<dbl>,<int>,1.9,"https://supermanager.acb.com/files/logo/BASQUET-GIRONA-Logonegativo2223.png",1,FALSE,"G. Ferrando","Bàsquet Girona",24,-5.2
"10/05/2003",TRUE,0,6.6,"0000882522_5-6_03.jpg",TRUE,8,"Allen",21,"20250915T142624+0000",76190,"205",TRUE,FALSE,130000,"Miguel Allen","0000882505_5-6_03.jpg","https://www.acb.com/jugador/todos-sus-partidos/id/20212073","fit","202526AsisaJoventutLogoPosisitvo.png","JFL",93,"La Aldea de San Nicolás","España",1.5,<dbl>,<int>,1.5,"https://supermanager.acb.com/files/logo/202526AsisaJoventutLogoNegativo.png",3,FALSE,"M. Allen","Asisa Joventut",23,-3.5
"11/01/2007",TRUE,0,4,"0000829988_5-6_03.jpg",TRUE,3,"Sanmartín",17,"20260308T135249+0000",86700,"199",TRUE,FALSE,120000,"Enric Sanmartín","0000829982_5-6_03.jpg",NA,"fit","BASQUET-GIRONA-Logonegativo2223.png","JFL",312,"Barcelona","España",1,<NULL>,<int>,3.2,"https://supermanager.acb.com/files/logo/BASQUET-GIRONA-Logonegativo2223.png",3,FALSE,"E. Sanmartín","Bàsquet Girona",19,2.4
"20/08/2006",TRUE,0,6.4,"0000894251_5-6_03.jpg",TRUE,3,"Brunot",20,"20260308T195249+0000",56384,"198",FALSE,FALSE,130000,"Khory Brunot","0000894250_5-6_03.jpg",NA,"fit","BASQUET-GIRONA-Logonegativo2223.png","EUR",313,"Marseille","Francia",0.6,<dbl>,<int>,5,"https://supermanager.acb.com/files/logo/BASQUET-GIRONA-Logonegativo2223.png",3,FALSE,"K. Brunot","Bàsquet Girona",19,3.7
"18/03/2006",TRUE,0,2.5,"0000890645_5-6_03.jpg",TRUE,3,"Soler",16,"20260215T215852+0000",110000,"197",TRUE,FALSE,110000,"Izan Soler","0000890642_5-6_03.jpg",NA,"fit","BASQUET-GIRONA-Logonegativo2223.png","JFL",302,"Lliça d'Amunt","España",0,<NULL>,<int>,2.2,"https://supermanager.acb.com/files/logo/BASQUET-GIRONA-Logonegativo2223.png",5,FALSE,"I. Soler","Bàsquet Girona",20,1.9
"30/09/2007",TRUE,0,6.5,"0000904588_5-6_03.jpg",TRUE,8,"Mauri",32,"20260113T195026+0000",79475,"191",TRUE,FALSE,110000,"Ferran Mauri","0000904572_5-6_03.jpg",NA,"fit","202526AsisaJoventutLogoPosisitvo.png","JFL",275,"Lleida","España",-0.5,<NULL>,<int>,5.8,"https://supermanager.acb.com/files/logo/202526AsisaJoventutLogoNegativo.png",1,FALSE,"F. Mauri","Asisa Joventut",18,5.1
"18/01/2008",TRUE,0,14.5,"0000882326_5-6_03.jpg",TRUE,8,"Niebla",34,"20260131T215852+0000",66034,"202",TRUE,FALSE,110000,"Diego Niebla","0000882318_5-6_03.jpg",NA,"fit","202526AsisaJoventutLogoPosisitvo.png","JFL",291,"Ferrol","España",-1.1,<dbl>,<int>,13.3,"https://supermanager.acb.com/files/logo/202526AsisaJoventutLogoNegativo.png",3,FALSE,"D. Niebla","Asisa Joventut",18,12.1
